{"0":{"player_id":3276,"player_name":"Olivier Giroud","vaep_value":0.1710610883,"offensive_value":0.1119084773,"defensive_value":0.059152611,"count":68},"1":{"player_id":3682,"player_name":"Antoine Griezmann","vaep_value":-0.0746035097,"offensive_value":-0.1007571983,"defensive_value":0.0261536886,"count":28},"2":{"player_id":6165,"player_name":"N'Golo Kant\u00e9","vaep_value":-0.0930385216,"offensive_value":-0.0636272228,"defensive_value":-0.0294112988,"count":23},"3":{"player_id":7855,"player_name":"Laurent Koscielny","vaep_value":0.1220675885,"offensive_value":0.0448200833,"defensive_value":0.0772475052,"count":52},"4":{"player_id":7858,"player_name":"Patrice Evra","vaep_value":0.0861521051,"offensive_value":0.0863550206,"defensive_value":-0.0002029155,"count":73},"5":{"player_id":7915,"player_name":"Ionu\u021b Cristian S\u0103punaru","vaep_value":-0.0393652825,"offensive_value":0.2581811626,"defensive_value":-0.2975464451,"count":67},"6":{"player_id":7936,"player_name":"Ionu\u021b Cristian S\u0103punaru","vaep_value":-0.055734288,"offensive_value":-0.129597245,"defensive_value":0.073862957,"count":81},"7":{"player_id":20596,"player_name":"Blaise Matuidi","vaep_value":0.0068965435,"offensive_value":0.0110325629,"defensive_value":-0.0041360194,"count":6},"8":{"player_id":25381,"player_name":"Anton Ciprian T\u0103t\u0103ru\u0219anu","vaep_value":0.0933393681,"offensive_value":0.1112170143,"defensive_value":-0.0178776461,"count":23},"9":{"player_id":25437,"player_name":"Anton Ciprian T\u0103t\u0103ru\u0219anu","vaep_value":0.082918542,"offensive_value":-0.0074420644,"defensive_value":0.0903606064,"count":74},"10":{"player_id":25714,"player_name":"Anton Ciprian T\u0103t\u0103ru\u0219anu","vaep_value":1.1689679543,"offensive_value":1.2233040999,"defensive_value":-0.0543361455,"count":86},"11":{"player_id":25804,"player_name":"R\u0103zvan Dinc\u0103 Ra\u021b","vaep_value":-0.0286300615,"offensive_value":0.008387761,"defensive_value":-0.0370178225,"count":7},"12":{"player_id":26010,"player_name":"Adil Rami","vaep_value":0.6963663787,"offensive_value":0.6839780784,"defensive_value":0.0123883002,"count":35},"13":{"player_id":31528,"player_name":"Drago\u0219 Grigore","vaep_value":0.2235491523,"offensive_value":0.2322793936,"defensive_value":-0.0087302413,"count":104},"14":{"player_id":33235,"player_name":"Ovidiu \u015etefan Hoban","vaep_value":-0.0555849579,"offensive_value":0.0909215496,"defensive_value":-0.1465065075,"count":40},"15":{"player_id":38598,"player_name":"Mihai Doru Pintilii","vaep_value":0.0456713965,"offensive_value":0.0349125974,"defensive_value":0.0107587992,"count":12},"16":{"player_id":70090,"player_name":"Vlad Iulian Chiriche\u0219","vaep_value":0.0928606788,"offensive_value":0.2288980696,"defensive_value":-0.1360373908,"count":50},"17":{"player_id":83574,"player_name":"Ionu\u021b Cristian S\u0103punaru","vaep_value":0.1197625539,"offensive_value":0.1567259907,"defensive_value":-0.0369634368,"count":37},"18":{"player_id":83575,"player_name":"Dimitri  Payet","vaep_value":0.0789629264,"offensive_value":0.0815833332,"defensive_value":-0.0026204068,"count":37},"19":{"player_id":83590,"player_name":"Ionu\u021b Cristian S\u0103punaru","vaep_value":0.0977670233,"offensive_value":0.0088316442,"defensive_value":0.0889353791,"count":18},"20":{"player_id":83753,"player_name":"Laurent Koscielny","vaep_value":0.158278173,"offensive_value":0.1779094013,"defensive_value":-0.0196312283,"count":27},"21":{"player_id":83824,"player_name":"Laurent Koscielny","vaep_value":0.1802424249,"offensive_value":0.0707323857,"defensive_value":0.1095100392,"count":69},"22":{"player_id":83953,"player_name":"Nicolae Claudiu Stanciu","vaep_value":0.0225588089,"offensive_value":0.0630992081,"defensive_value":-0.0405403992,"count":37},"23":{"player_id":84017,"player_name":"Mihai Doru Pintilii","vaep_value":-0.0477488691,"offensive_value":-0.0159056267,"defensive_value":-0.0318432424,"count":27},"24":{"player_id":84536,"player_name":"Patrice Evra","vaep_value":0.1830989969,"offensive_value":0.099223644,"defensive_value":0.0838753529,"count":35},"25":{"player_id":105330,"player_name":"R\u0103zvan Dinc\u0103 Ra\u021b","vaep_value":0.2031412479,"offensive_value":0.3811247575,"defensive_value":-0.1779835096,"count":81},"26":{"player_id":134513,"player_name":"Anton Ciprian T\u0103t\u0103ru\u0219anu","vaep_value":-0.0018194779,"offensive_value":0.0026747882,"defensive_value":-0.0044942661,"count":9},"27":{"player_id":231139,"player_name":"Vlad Iulian Chiriche\u0219","vaep_value":0.0818482825,"offensive_value":0.0811692534,"defensive_value":0.0006790291,"count":25}}