{"0":{"player_id":36,"player_name":"Romelu Lukaku Menama","vaep_value":0.2568420946,"offensive_value":0.1768661095,"defensive_value":0.0799759852,"count":80},"1":{"player_id":48,"player_name":"Axel  Witsel","vaep_value":0.0124045053,"offensive_value":0.0972768565,"defensive_value":-0.0848723513,"count":60},"2":{"player_id":122,"player_name":"Axel  Witsel","vaep_value":-0.0523406886,"offensive_value":0.0007255722,"defensive_value":-0.0530662608,"count":19},"3":{"player_id":261,"player_name":"Jan Vertonghen","vaep_value":0.1267209946,"offensive_value":0.1279293597,"defensive_value":-0.0012083651,"count":16},"4":{"player_id":3429,"player_name":"Vincent Kompany","vaep_value":0.0994429059,"offensive_value":0.140099442,"defensive_value":-0.0406565361,"count":46},"5":{"player_id":7860,"player_name":"Toby Alderweireld","vaep_value":0.0504077969,"offensive_value":0.0252489822,"defensive_value":0.0251588147,"count":24},"6":{"player_id":7905,"player_name":"Toby Alderweireld","vaep_value":0.0859596733,"offensive_value":0.1019524455,"defensive_value":-0.0159927722,"count":19},"7":{"player_id":7918,"player_name":"Thomas Meunier","vaep_value":0.1860390061,"offensive_value":0.0480817914,"defensive_value":0.1379572147,"count":81},"8":{"player_id":7934,"player_name":"Youri Tielemans","vaep_value":0.2958427115,"offensive_value":0.3224530621,"defensive_value":-0.0266103506,"count":45},"9":{"player_id":8292,"player_name":"Toby Alderweireld","vaep_value":0.0413086542,"offensive_value":-0.0009796075,"defensive_value":0.0422882616,"count":32},"10":{"player_id":8307,"player_name":"Vincent Kompany","vaep_value":0.0977783398,"offensive_value":0.0398407195,"defensive_value":0.0579376202,"count":51},"11":{"player_id":8464,"player_name":"Jan Vertonghen","vaep_value":0.1676173284,"offensive_value":0.0639853003,"defensive_value":0.1036320282,"count":92},"12":{"player_id":8653,"player_name":"Thibaut Courtois","vaep_value":0.0638497547,"offensive_value":0.0139410764,"defensive_value":0.0499086784,"count":73},"13":{"player_id":8717,"player_name":"Toby Alderweireld","vaep_value":0.0236514367,"offensive_value":0.0111781305,"defensive_value":0.0124733062,"count":22},"14":{"player_id":8945,"player_name":"Fabian Delph","vaep_value":0.2795804033,"offensive_value":0.3933207242,"defensive_value":-0.113740321,"count":109},"15":{"player_id":9380,"player_name":"Fabian Delph","vaep_value":0.1788198486,"offensive_value":0.1349075248,"defensive_value":0.0439123238,"count":108},"16":{"player_id":10131,"player_name":"Kevin De Bruyne","vaep_value":-0.0820068833,"offensive_value":0.0083377359,"defensive_value":-0.0903446192,"count":23},"17":{"player_id":11066,"player_name":"Thomas Meunier","vaep_value":0.0670680341,"offensive_value":0.0625309034,"defensive_value":0.0045371307,"count":31},"18":{"player_id":11152,"player_name":"Thomas Meunier","vaep_value":0.1136482285,"offensive_value":0.0224933098,"defensive_value":0.0911549187,"count":12},"19":{"player_id":13484,"player_name":"Danny Rose","vaep_value":-0.0014799198,"offensive_value":0.0066398834,"defensive_value":-0.0081198032,"count":7},"20":{"player_id":25707,"player_name":"Danny Rose","vaep_value":1.1244213832,"offensive_value":1.1610406522,"defensive_value":-0.0366192689,"count":78},"21":{"player_id":37824,"player_name":"Fabian Delph","vaep_value":0.7236463311,"offensive_value":0.7969494539,"defensive_value":-0.0733031228,"count":47},"22":{"player_id":38021,"player_name":"Eric  Dier","vaep_value":0.051264501,"offensive_value":0.0761975548,"defensive_value":-0.0249330538,"count":77},"23":{"player_id":70123,"player_name":"Phil Jones","vaep_value":0.0643489648,"offensive_value":0.0657323049,"defensive_value":-0.0013833401,"count":64},"24":{"player_id":210044,"player_name":"John Stones","vaep_value":0.1295557452,"offensive_value":0.0767700378,"defensive_value":0.0527857074,"count":95},"25":{"player_id":235555,"player_name":"Eric  Dier","vaep_value":-0.1292330126,"offensive_value":-0.1260301732,"defensive_value":-0.0032028394,"count":57},"26":{"player_id":263802,"player_name":"John Stones","vaep_value":-0.0246596503,"offensive_value":0.0033914403,"defensive_value":-0.0280510905,"count":58},"27":{"player_id":397178,"player_name":"Harry  Maguire","vaep_value":-0.000461357,"offensive_value":-0.0042689529,"defensive_value":0.0038075959,"count":29}}