{"0":{"player_id":0,"player_name":"Andrea Petagna","vaep_value":0.0560791836,"offensive_value":0.1028436041,"defensive_value":-0.0467644205,"count":14},"1":{"player_id":122,"player_name":"Remo Freuler","vaep_value":0.8223987476,"offensive_value":0.8163681171,"defensive_value":0.0060306304,"count":56},"2":{"player_id":625,"player_name":"Rafael Tol\u00f3i","vaep_value":0.0330296219,"offensive_value":0.0043629986,"defensive_value":0.0286666233,"count":26},"3":{"player_id":3300,"player_name":"Hans Hateboer","vaep_value":0.2562192876,"offensive_value":0.13478825,"defensive_value":0.1214310377,"count":91},"4":{"player_id":3313,"player_name":"Josip Ili\u010di\u0107","vaep_value":-0.0179896984,"offensive_value":0.0035935035,"defensive_value":-0.0215832019,"count":49},"5":{"player_id":7949,"player_name":"Andrea Petagna","vaep_value":0.1328163212,"offensive_value":0.0768148786,"defensive_value":0.0560014426,"count":41},"6":{"player_id":20404,"player_name":"Bryan Cristante","vaep_value":0.9500914681,"offensive_value":0.934738131,"defensive_value":0.015353337,"count":39},"7":{"player_id":20820,"player_name":"Alejandro Dar\u00edo G\u00f3mez","vaep_value":0.0388127278,"offensive_value":0.0343715638,"defensive_value":0.0044411641,"count":52},"8":{"player_id":20841,"player_name":"Robin Gosens","vaep_value":0.2769114858,"offensive_value":0.1299091602,"defensive_value":0.1470023256,"count":63},"9":{"player_id":21077,"player_name":"Alejandro Dar\u00edo G\u00f3mez","vaep_value":-0.05826998,"offensive_value":-0.1119509959,"defensive_value":0.053681016,"count":58},"10":{"player_id":21171,"player_name":"Remo Freuler","vaep_value":-0.0343604655,"offensive_value":-0.0799954358,"defensive_value":0.0456349703,"count":60},"11":{"player_id":21173,"player_name":"Andrea Masiello","vaep_value":0.0801534373,"offensive_value":0.0681613556,"defensive_value":0.0119920818,"count":70},"12":{"player_id":21315,"player_name":"Jos\u00e9 Luis Palomino","vaep_value":0.0826700999,"offensive_value":0.1168162795,"defensive_value":-0.0341461796,"count":60},"13":{"player_id":21385,"player_name":"Jos\u00e9 Mar\u00eda Callej\u00f3n Bueno","vaep_value":0.360723468,"offensive_value":0.3467763313,"defensive_value":0.0139471367,"count":82},"14":{"player_id":21620,"player_name":"Christian Maggio","vaep_value":0.050120589,"offensive_value":0.0827940754,"defensive_value":-0.0326734864,"count":16},"15":{"player_id":25726,"player_name":"Robin Gosens","vaep_value":0.0755922341,"offensive_value":0.0965266332,"defensive_value":-0.0209343991,"count":47},"16":{"player_id":25849,"player_name":"Andrea Petagna","vaep_value":0.1208390062,"offensive_value":0.1128607908,"defensive_value":0.0079782153,"count":119},"17":{"player_id":40726,"player_name":"Marek Ham\u0161\u00edk","vaep_value":0.076675317,"offensive_value":0.0480146313,"defensive_value":0.0286606858,"count":24},"18":{"player_id":41034,"player_name":"Marek Ham\u0161\u00edk","vaep_value":0.2039097474,"offensive_value":0.1753425405,"defensive_value":0.0285672069,"count":69},"19":{"player_id":49991,"player_name":"Jos\u00e9 Manuel  Reina P\u00e1ez","vaep_value":0.2345511433,"offensive_value":0.16450647,"defensive_value":0.0700446733,"count":47},"20":{"player_id":50849,"player_name":"Faouzi Ghoulam","vaep_value":0.0769300718,"offensive_value":0.1256388187,"defensive_value":-0.0487087469,"count":31},"21":{"player_id":86366,"player_name":"Faouzi Ghoulam","vaep_value":0.0184841774,"offensive_value":0.0776438032,"defensive_value":-0.0591596258,"count":43},"22":{"player_id":99902,"player_name":"Marek Ham\u0161\u00edk","vaep_value":0.9526249341,"offensive_value":0.9668041676,"defensive_value":-0.0141792335,"count":45},"23":{"player_id":135150,"player_name":"Bryan Cristante","vaep_value":0.0008476262,"offensive_value":0.0047435942,"defensive_value":-0.003895968,"count":1},"24":{"player_id":246175,"player_name":"Faouzi Ghoulam","vaep_value":-0.0062104866,"offensive_value":-0.0163711314,"defensive_value":0.0101606448,"count":19},"25":{"player_id":280419,"player_name":"Remo Freuler","vaep_value":0.004743262,"offensive_value":0.0010383005,"defensive_value":0.0037049615,"count":54},"26":{"player_id":284315,"player_name":"Kalidou Koulibaly","vaep_value":0.8830407993,"offensive_value":0.88230404,"defensive_value":0.0007367593,"count":12},"27":{"player_id":295176,"player_name":"Faouzi Ghoulam","vaep_value":0.0546553427,"offensive_value":0.0361425919,"defensive_value":0.0185127509,"count":63},"28":{"player_id":374013,"player_name":"Lorenzo Insigne","vaep_value":0.0153578823,"offensive_value":0.0311655952,"defensive_value":-0.0158077129,"count":18}}