{"0":{"player_id":0,"player_name":"Gonzalo Castro Randon","vaep_value":0.2460746355,"offensive_value":0.2812875365,"defensive_value":-0.035212901,"count":4},"1":{"player_id":3320,"player_name":"Javier Mart\u00ednez Aginaga","vaep_value":0.0971356379,"offensive_value":0.1185659045,"defensive_value":-0.0214302666,"count":18},"2":{"player_id":3345,"player_name":"Marcel Schmelzer","vaep_value":0.0543415741,"offensive_value":0.0473759584,"defensive_value":0.0069656157,"count":28},"3":{"player_id":3416,"player_name":"Gonzalo Castro Randon","vaep_value":0.2475931401,"offensive_value":0.1449041624,"defensive_value":0.1026889777,"count":83},"4":{"player_id":14687,"player_name":"Javier Mart\u00ednez Aginaga","vaep_value":0.1100081031,"offensive_value":0.1284549534,"defensive_value":-0.0184468504,"count":52},"5":{"player_id":14716,"player_name":"Mats  Hummels","vaep_value":0.2857330175,"offensive_value":0.1959613243,"defensive_value":0.0897716932,"count":96},"6":{"player_id":14718,"player_name":"David Olatukunbo Alaba","vaep_value":0.2618439813,"offensive_value":0.0940043572,"defensive_value":0.167839624,"count":81},"7":{"player_id":14724,"player_name":"Sven Ulreich","vaep_value":0.167643922,"offensive_value":0.1648748941,"defensive_value":0.002769028,"count":39},"8":{"player_id":14726,"player_name":null,"vaep_value":1.4774425604,"offensive_value":1.4247615838,"defensive_value":0.0526809766,"count":69},"9":{"player_id":14727,"player_name":"Arjen Robben","vaep_value":0.0555934546,"offensive_value":0.0516739922,"defensive_value":0.0039194624,"count":74},"10":{"player_id":14732,"player_name":"Thomas M\u00fcller","vaep_value":1.0771271574,"offensive_value":1.0616366058,"defensive_value":0.0154905517,"count":66},"11":{"player_id":14736,"player_name":"Arjen Robben","vaep_value":0.1935158857,"offensive_value":0.0747877087,"defensive_value":0.118728177,"count":36},"12":{"player_id":14770,"player_name":"M\u00e1rcio Rafael Ferreira de Souza","vaep_value":0.039487761,"offensive_value":0.0307092469,"defensive_value":0.0087785141,"count":30},"13":{"player_id":14789,"player_name":"J\u00e9r\u00f4me Boateng","vaep_value":-0.0666876694,"offensive_value":-0.1285081453,"defensive_value":0.0618204759,"count":43},"14":{"player_id":14795,"player_name":"Mats  Hummels","vaep_value":0.1275916607,"offensive_value":0.0440324286,"defensive_value":0.083559232,"count":79},"15":{"player_id":14798,"player_name":"James David Rodr\u00edguez Rubio","vaep_value":0.0349173129,"offensive_value":0.0779961392,"defensive_value":-0.0430788263,"count":61},"16":{"player_id":14800,"player_name":"Franck Bilal Rib\u00e9ry","vaep_value":0.0283378507,"offensive_value":0.0410600835,"defensive_value":-0.0127222328,"count":73},"17":{"player_id":14806,"player_name":"David Olatukunbo Alaba","vaep_value":0.0869720688,"offensive_value":0.0636982762,"defensive_value":0.0232737926,"count":42},"18":{"player_id":14817,"player_name":"Sokratis Papastathopoulos","vaep_value":1.8983289222,"offensive_value":1.8949746189,"defensive_value":0.0033543033,"count":40},"19":{"player_id":15811,"player_name":"Mahmoud Dahoud","vaep_value":-0.019843775,"offensive_value":-0.0139747499,"defensive_value":-0.0058690251,"count":11},"20":{"player_id":19392,"player_name":"Marcel Schmelzer","vaep_value":0.0874508955,"offensive_value":0.0769687407,"defensive_value":0.0104821548,"count":8},"21":{"player_id":38093,"player_name":"David Olatukunbo Alaba","vaep_value":-0.0941278695,"offensive_value":-0.0758908417,"defensive_value":-0.0182370278,"count":14},"22":{"player_id":49968,"player_name":"Marcel Schmelzer","vaep_value":0.8048748678,"offensive_value":0.0762169628,"defensive_value":0.728657905,"count":38},"23":{"player_id":70096,"player_name":"Mats  Hummels","vaep_value":1.05347938,"offensive_value":1.0634760081,"defensive_value":-0.0099966281,"count":89},"24":{"player_id":224593,"player_name":"J\u00e9r\u00f4me Boateng","vaep_value":0.7239955766,"offensive_value":0.7046425063,"defensive_value":0.0193530702,"count":54},"25":{"player_id":224677,"player_name":"Sven Ulreich","vaep_value":0.1871525795,"offensive_value":0.2794393738,"defensive_value":-0.0922867942,"count":63},"26":{"player_id":272363,"player_name":"Mats  Hummels","vaep_value":0.2700342254,"offensive_value":0.1068875517,"defensive_value":0.1631466737,"count":60},"27":{"player_id":297957,"player_name":"David Olatukunbo Alaba","vaep_value":0.1832906742,"offensive_value":0.1488895247,"defensive_value":0.0344011495,"count":54},"28":{"player_id":391530,"player_name":"\u0141ukasz Piszczek","vaep_value":0.0842516775,"offensive_value":0.0781046922,"defensive_value":0.0061469853,"count":36}}