{"0":{"player_id":0,"player_name":"Jonathas Cristian de Jesus","vaep_value":0.0240781561,"offensive_value":0.0361755933,"defensive_value":-0.0120974372,"count":5},"1":{"player_id":77,"player_name":"Marvin Bakalorz","vaep_value":0.2559923155,"offensive_value":0.1008206545,"defensive_value":0.1551716609,"count":64},"2":{"player_id":11095,"player_name":"Florian H\u00fcbner","vaep_value":0.2230702149,"offensive_value":0.0863756381,"defensive_value":0.1366945768,"count":36},"3":{"player_id":14692,"player_name":"Pirmin Schwegler","vaep_value":0.309631451,"offensive_value":0.2121772913,"defensive_value":0.0974541598,"count":48},"4":{"player_id":14696,"player_name":"Salif San\u00e9","vaep_value":0.6079329752,"offensive_value":0.6056949758,"defensive_value":0.0022379993,"count":50},"5":{"player_id":14705,"player_name":"Milos Veljkovic","vaep_value":-0.0096541729,"offensive_value":-0.017871825,"defensive_value":0.0082176521,"count":7},"6":{"player_id":14760,"player_name":"Michael Esser","vaep_value":0.039203192,"offensive_value":0.029068982,"defensive_value":0.01013421,"count":29},"7":{"player_id":14802,"player_name":"Florian H\u00fcbner","vaep_value":0.181299543,"offensive_value":0.1631273562,"defensive_value":0.0181721868,"count":43},"8":{"player_id":14821,"player_name":"Pirmin Schwegler","vaep_value":0.5544073745,"offensive_value":0.2815464848,"defensive_value":0.2728608897,"count":39},"9":{"player_id":14988,"player_name":"Florian H\u00fcbner","vaep_value":0.0521158972,"offensive_value":0.1533539065,"defensive_value":-0.1012380093,"count":73},"10":{"player_id":15050,"player_name":"Pirmin Schwegler","vaep_value":0.0283408455,"offensive_value":0.0314603905,"defensive_value":-0.0031195451,"count":14},"11":{"player_id":15225,"player_name":"Florian H\u00fcbner","vaep_value":0.0144329258,"offensive_value":0.0181544102,"defensive_value":-0.0037214843,"count":37},"12":{"player_id":15256,"player_name":"Niklas Moisander","vaep_value":0.3183333084,"offensive_value":0.2611617467,"defensive_value":0.0571715616,"count":82},"13":{"player_id":15456,"player_name":"Pirmin Schwegler","vaep_value":-0.2555347981,"offensive_value":-0.1947878759,"defensive_value":-0.0607469223,"count":63},"14":{"player_id":16025,"player_name":"Florian H\u00fcbner","vaep_value":2.6270833361,"offensive_value":2.6821154109,"defensive_value":-0.0550320747,"count":63},"15":{"player_id":16027,"player_name":"Florian H\u00fcbner","vaep_value":0.9936999526,"offensive_value":0.992887767,"defensive_value":0.0008121856,"count":59},"16":{"player_id":17136,"player_name":"Felix Klaus","vaep_value":0.2608943885,"offensive_value":0.2564580245,"defensive_value":0.004436364,"count":12},"17":{"player_id":18581,"player_name":"Hans Carl Ludwig Augustinsson","vaep_value":0.2512156557,"offensive_value":0.1124618255,"defensive_value":0.1387538302,"count":64},"18":{"player_id":20692,"player_name":"Pirmin Schwegler","vaep_value":-0.201757374,"offensive_value":-0.2041747449,"defensive_value":0.0024173709,"count":8},"19":{"player_id":20728,"player_name":"Michael Esser","vaep_value":0.0783676739,"offensive_value":0.0607014799,"defensive_value":0.017666194,"count":21},"20":{"player_id":26115,"player_name":"Salif San\u00e9","vaep_value":0.3639500508,"offensive_value":0.1717131744,"defensive_value":0.1922368763,"count":96},"21":{"player_id":50800,"player_name":"Miiko Mart\u00edn Albornoz Inola","vaep_value":0.0242086489,"offensive_value":-0.0114663047,"defensive_value":0.0356749536,"count":64},"22":{"player_id":51217,"player_name":"Salif San\u00e9","vaep_value":0.0927455649,"offensive_value":0.0390980982,"defensive_value":0.0536474668,"count":71},"23":{"player_id":55990,"player_name":"Pirmin Schwegler","vaep_value":0.0389676986,"offensive_value":0.0014863978,"defensive_value":0.0374813008,"count":56},"24":{"player_id":65055,"player_name":"Salif San\u00e9","vaep_value":-0.0136989796,"offensive_value":-0.0134067917,"defensive_value":-0.0002921879,"count":3},"25":{"player_id":82340,"player_name":"Salif San\u00e9","vaep_value":0.3853701709,"offensive_value":0.2989816396,"defensive_value":0.0863885314,"count":94},"26":{"player_id":224801,"player_name":"Theodor Gebre Selassie","vaep_value":0.0339120984,"offensive_value":-0.0033747653,"defensive_value":0.0372868637,"count":9},"27":{"player_id":253822,"player_name":"Miiko Mart\u00edn Albornoz Inola","vaep_value":0.1897403766,"offensive_value":0.1391627413,"defensive_value":0.0505776354,"count":45},"28":{"player_id":272440,"player_name":"Jonathas Cristian de Jesus","vaep_value":0.2717282452,"offensive_value":0.2090815245,"defensive_value":0.0626467207,"count":50}}