{"0":{"player_id":0,"player_name":"James Edward Lea Siliki","vaep_value":0.0313290441,"offensive_value":0.0411221092,"defensive_value":-0.009793065,"count":7},"1":{"player_id":3450,"player_name":"Wahbi Khazri","vaep_value":0.1159095811,"offensive_value":0.1652763189,"defensive_value":-0.0493667378,"count":22},"2":{"player_id":20677,"player_name":"Isma\u00efla Sarr","vaep_value":0.1702391733,"offensive_value":0.0843503998,"defensive_value":0.0858887736,"count":46},"3":{"player_id":20948,"player_name":"Isma\u00efla Sarr","vaep_value":-0.0489954657,"offensive_value":-0.0019784549,"defensive_value":-0.0470170109,"count":27},"4":{"player_id":21097,"player_name":"Andrea Raggi","vaep_value":0.1509623829,"offensive_value":-0.000082011,"defensive_value":0.1510443939,"count":66},"5":{"player_id":25470,"player_name":"Ludovic Baal","vaep_value":0.2616891537,"offensive_value":0.242225399,"defensive_value":0.0194637547,"count":57},"6":{"player_id":25625,"player_name":"J\u00e9r\u00e9my Gelin","vaep_value":0.3051891541,"offensive_value":0.1970152105,"defensive_value":0.1081739435,"count":74},"7":{"player_id":25637,"player_name":"Joris Gnagnon","vaep_value":0.1536989977,"offensive_value":0.1605773276,"defensive_value":-0.0068783299,"count":88},"8":{"player_id":25776,"player_name":"J\u00e9r\u00e9my Gelin","vaep_value":0.1607015805,"offensive_value":0.1505262033,"defensive_value":0.0101753772,"count":62},"9":{"player_id":25826,"player_name":"Romain Danz\u00e9","vaep_value":0.1132946544,"offensive_value":0.062220857,"defensive_value":0.0510737974,"count":104},"10":{"player_id":26196,"player_name":"Andrea Raggi","vaep_value":0.1997384343,"offensive_value":0.1805971946,"defensive_value":0.0191412398,"count":70},"11":{"player_id":26610,"player_name":"J\u00e9r\u00e9my Gelin","vaep_value":-0.0422579269,"offensive_value":-0.0271772929,"defensive_value":-0.015080634,"count":15},"12":{"player_id":28117,"player_name":"Tom\u00e1\u0161 Koubek","vaep_value":-0.0810838805,"offensive_value":0.0063435859,"defensive_value":-0.0874274664,"count":15},"13":{"player_id":28922,"player_name":"J\u00e9r\u00e9my Gelin","vaep_value":0.0906501327,"offensive_value":0.1219146877,"defensive_value":-0.0312645551,"count":50},"14":{"player_id":82690,"player_name":"Isma\u00efla Sarr","vaep_value":0.0574771781,"offensive_value":0.0990598479,"defensive_value":-0.0415826698,"count":32},"15":{"player_id":135747,"player_name":"Romain Danz\u00e9","vaep_value":0.1933841866,"offensive_value":0.152394518,"defensive_value":0.0409896686,"count":49},"16":{"player_id":135913,"player_name":"Isma\u00efla Sarr","vaep_value":1.0070443093,"offensive_value":1.0326829776,"defensive_value":-0.0256386683,"count":33},"17":{"player_id":207143,"player_name":"Romain Danz\u00e9","vaep_value":0.1671976844,"offensive_value":0.0783913194,"defensive_value":0.088806365,"count":61},"18":{"player_id":228981,"player_name":"Benjamin Bourigeaud","vaep_value":0.2786195416,"offensive_value":0.3833085225,"defensive_value":-0.1046889809,"count":85},"19":{"player_id":229124,"player_name":"Benjamin Bourigeaud","vaep_value":-0.3745050353,"offensive_value":-0.3852475298,"defensive_value":0.0107424945,"count":9},"20":{"player_id":255320,"player_name":"Ludovic Baal","vaep_value":-0.0068138468,"offensive_value":-0.0052083225,"defensive_value":-0.0016055242,"count":3},"21":{"player_id":263766,"player_name":"Sanjin Prci\u0107","vaep_value":0.0203940995,"offensive_value":-0.0093602395,"defensive_value":0.029754339,"count":67},"22":{"player_id":276978,"player_name":"Benjamin Bourigeaud","vaep_value":-0.0863509384,"offensive_value":-0.0400022892,"defensive_value":-0.0463486492,"count":21},"23":{"player_id":301013,"player_name":"Wahbi Khazri","vaep_value":0.1074143092,"offensive_value":0.0341694742,"defensive_value":0.073244835,"count":61},"24":{"player_id":325781,"player_name":"Danijel Suba\u0161i\u0107","vaep_value":0.0645134768,"offensive_value":0.0891253238,"defensive_value":-0.024611847,"count":28},"25":{"player_id":331923,"player_name":"Jemerson de Jesus Nascimento","vaep_value":0.1157301704,"offensive_value":0.072857538,"defensive_value":0.0428726324,"count":68},"26":{"player_id":366581,"player_name":"Kevin N'Doram","vaep_value":0.8254574592,"offensive_value":0.8343304486,"defensive_value":-0.0088729894,"count":44},"27":{"player_id":448079,"player_name":"Kamil Glik","vaep_value":0.2139918604,"offensive_value":0.1702984669,"defensive_value":0.0436933935,"count":38}}