{"0":{"player_id":0,"player_name":"Stefan Ilsanker","vaep_value":-0.0250809494,"offensive_value":-0.0085376612,"defensive_value":-0.0165432882,"count":5},"1":{"player_id":9611,"player_name":"Marcel Halstenberg","vaep_value":0.0879075642,"offensive_value":0.0569827744,"defensive_value":0.0309247898,"count":44},"2":{"player_id":14731,"player_name":"Dayotchanculle Upamecano","vaep_value":0.000320493,"offensive_value":-0.0222836931,"defensive_value":0.0226041861,"count":17},"3":{"player_id":14938,"player_name":"Dayotchanculle Upamecano","vaep_value":0.350949101,"offensive_value":0.302441975,"defensive_value":0.0485071259,"count":68},"4":{"player_id":15129,"player_name":"Stefan Ilsanker","vaep_value":0.0717238855,"offensive_value":0.0936984203,"defensive_value":-0.0219745347,"count":47},"5":{"player_id":15191,"player_name":"Timo Werner","vaep_value":0.1039722071,"offensive_value":0.1428842307,"defensive_value":-0.0389120237,"count":50},"6":{"player_id":15775,"player_name":"Marcel Halstenberg","vaep_value":0.4746775211,"offensive_value":0.2181987856,"defensive_value":0.2564787355,"count":51},"7":{"player_id":15795,"player_name":"Timo Werner","vaep_value":0.016307269,"offensive_value":0.1265739178,"defensive_value":-0.1102666488,"count":59},"8":{"player_id":15810,"player_name":"Timo Werner","vaep_value":-0.0119240186,"offensive_value":-0.0127322674,"defensive_value":0.0008082488,"count":4},"9":{"player_id":15937,"player_name":"Marcel Halstenberg","vaep_value":0.0445119769,"offensive_value":0.0425631437,"defensive_value":0.0019488332,"count":15},"10":{"player_id":16110,"player_name":"Timo Werner","vaep_value":0.1495599356,"offensive_value":0.180403488,"defensive_value":-0.0308435524,"count":51},"11":{"player_id":18579,"player_name":"Armindo Tu\u00e9 Na Bangna","vaep_value":0.6811405632,"offensive_value":0.7663672139,"defensive_value":-0.0852266507,"count":70},"12":{"player_id":18974,"player_name":"Armindo Tu\u00e9 Na Bangna","vaep_value":0.0752116487,"offensive_value":0.0148838143,"defensive_value":0.0603278344,"count":62},"13":{"player_id":25861,"player_name":"Naby Deco Ke\u00efta","vaep_value":0.1403188242,"offensive_value":0.1372745443,"defensive_value":0.0030442799,"count":66},"14":{"player_id":56274,"player_name":"Armindo Tu\u00e9 Na Bangna","vaep_value":-0.0098736892,"offensive_value":0.0305103159,"defensive_value":-0.0403840051,"count":53},"15":{"player_id":65027,"player_name":"Dayotchanculle Upamecano","vaep_value":0.4596072801,"offensive_value":0.4044750257,"defensive_value":0.0551322544,"count":75},"16":{"player_id":70975,"player_name":"Armindo Tu\u00e9 Na Bangna","vaep_value":0.2735900455,"offensive_value":0.2878606353,"defensive_value":-0.0142705898,"count":58},"17":{"player_id":134708,"player_name":"P\u00e9ter Gul\u00e1csi","vaep_value":-0.253826648,"offensive_value":-0.245887758,"defensive_value":-0.00793889,"count":12},"18":{"player_id":173214,"player_name":"Dayotchanculle Upamecano","vaep_value":-0.1471241721,"offensive_value":-0.1322393343,"defensive_value":-0.0148848378,"count":50},"19":{"player_id":228639,"player_name":"P\u00e9ter Gul\u00e1csi","vaep_value":0.2808541199,"offensive_value":0.2415806381,"defensive_value":0.0392734818,"count":46},"20":{"player_id":258252,"player_name":"Yannick Gerhardt","vaep_value":-0.0652817637,"offensive_value":-0.0898635541,"defensive_value":0.0245817904,"count":49},"21":{"player_id":282804,"player_name":"Josuha Guilavogui","vaep_value":-0.0201862399,"offensive_value":-0.0179688733,"defensive_value":-0.0022173666,"count":6},"22":{"player_id":289711,"player_name":"Ohis Felix Uduokhai","vaep_value":0.261199537,"offensive_value":0.1919826244,"defensive_value":0.0692169126,"count":83},"23":{"player_id":337682,"player_name":"Yussuf Yurary Poulsen","vaep_value":0.0421672174,"offensive_value":0.0741275665,"defensive_value":-0.0319603492,"count":52},"24":{"player_id":343685,"player_name":"John Anthony Brooks","vaep_value":0.023869566,"offensive_value":0.1376907403,"defensive_value":-0.1138211743,"count":59},"25":{"player_id":352988,"player_name":"Ohis Felix Uduokhai","vaep_value":0.1273018244,"offensive_value":0.1172797977,"defensive_value":0.0100220267,"count":56},"26":{"player_id":393247,"player_name":"Paul Verhaegh","vaep_value":-0.1420279839,"offensive_value":0.1598108679,"defensive_value":-0.3018388518,"count":49},"27":{"player_id":403273,"player_name":"Marcel Halstenberg","vaep_value":-0.0032537153,"offensive_value":0.0009926297,"defensive_value":-0.004246345,"count":2}}