{"0":{"player_id":0,"player_name":"Oscar Hiljemark","vaep_value":0.2109448486,"offensive_value":0.2231600676,"defensive_value":-0.012215219,"count":8},"1":{"player_id":122,"player_name":"Davide Biraschi","vaep_value":-0.1181585538,"offensive_value":-0.1031015865,"defensive_value":-0.0150569674,"count":43},"2":{"player_id":3300,"player_name":"Davide Biraschi","vaep_value":1.1385879619,"offensive_value":1.099827606,"defensive_value":0.0387603559,"count":86},"3":{"player_id":3313,"player_name":"Andrey Galabinov","vaep_value":-0.2534318909,"offensive_value":-0.2230346698,"defensive_value":-0.0303972211,"count":45},"4":{"player_id":3548,"player_name":"Andrea Bertolacci","vaep_value":0.0329435049,"offensive_value":-0.0049999158,"defensive_value":0.0379434207,"count":5},"5":{"player_id":7949,"player_name":"Aleandro Rosi","vaep_value":0.1399968686,"offensive_value":0.0817373439,"defensive_value":0.0582595246,"count":49},"6":{"player_id":9080,"player_name":"Aleandro Rosi","vaep_value":0.0479443892,"offensive_value":0.0411854552,"defensive_value":0.006758934,"count":17},"7":{"player_id":20434,"player_name":"Darko Lazovi\u0107","vaep_value":-0.0000093925,"offensive_value":0.0433730768,"defensive_value":-0.0433824693,"count":30},"8":{"player_id":20655,"player_name":"M\u00e1rio Rui Silva Duarte","vaep_value":-0.0121361077,"offensive_value":-0.0288387233,"defensive_value":0.0167026157,"count":7},"9":{"player_id":20749,"player_name":"Oscar Hiljemark","vaep_value":0.0724456348,"offensive_value":0.0531162318,"defensive_value":0.0193294029,"count":66},"10":{"player_id":21001,"player_name":"Ra\u00fal Albiol Tortajada","vaep_value":0.0753989626,"offensive_value":0.04963522,"defensive_value":0.0257637426,"count":86},"11":{"player_id":21072,"player_name":"Aleandro Rosi","vaep_value":0.0002576783,"offensive_value":-0.028060099,"defensive_value":0.0283177773,"count":43},"12":{"player_id":21171,"player_name":"Oscar Hiljemark","vaep_value":-0.0027289119,"offensive_value":0.0091271913,"defensive_value":-0.0118561032,"count":22},"13":{"player_id":21177,"player_name":"Allan Marques Loureiro","vaep_value":-0.0948253633,"offensive_value":-0.1048819246,"defensive_value":0.0100565613,"count":19},"14":{"player_id":21315,"player_name":"Ervin Zukanovi\u0107","vaep_value":0.6414834302,"offensive_value":0.6240914087,"defensive_value":0.0173920215,"count":128},"15":{"player_id":21385,"player_name":"Diego Sebasti\u00e1n Laxalt Su\u00e1rez","vaep_value":-0.1073388833,"offensive_value":-0.0921684753,"defensive_value":-0.0151704079,"count":81},"16":{"player_id":21468,"player_name":"Jos\u00e9 Manuel  Reina P\u00e1ez","vaep_value":0.1805232175,"offensive_value":0.2064662605,"defensive_value":-0.0259430429,"count":62},"17":{"player_id":22020,"player_name":"Marek Ham\u0161\u00edk","vaep_value":-0.0494203228,"offensive_value":-0.0021644244,"defensive_value":-0.0472558984,"count":39},"18":{"player_id":22107,"player_name":"Kalidou Koulibaly","vaep_value":0.2851262714,"offensive_value":0.2476167054,"defensive_value":0.0375095661,"count":116},"19":{"player_id":25726,"player_name":"Marek Ham\u0161\u00edk","vaep_value":0.3013916552,"offensive_value":0.2797484405,"defensive_value":0.0216432147,"count":95},"20":{"player_id":38532,"player_name":"M\u00e1rio Rui Silva Duarte","vaep_value":0.2010354389,"offensive_value":0.0432244689,"defensive_value":0.15781097,"count":60},"21":{"player_id":40726,"player_name":"Kalidou Koulibaly","vaep_value":-0.2188258758,"offensive_value":-0.2585435039,"defensive_value":0.0397176282,"count":61},"22":{"player_id":51145,"player_name":"Elseid G\u00ebzim Hysaj","vaep_value":0.1418607287,"offensive_value":0.1081749477,"defensive_value":0.0336857809,"count":62},"23":{"player_id":99452,"player_name":"Oscar Hiljemark","vaep_value":0.0504988889,"offensive_value":0.045616566,"defensive_value":0.004882323,"count":6},"24":{"player_id":99902,"player_name":"Ervin Zukanovi\u0107","vaep_value":-0.0559478764,"offensive_value":-0.0606383402,"defensive_value":0.0046904638,"count":87},"25":{"player_id":116269,"player_name":"Andrea Bertolacci","vaep_value":0.0027510196,"offensive_value":0.1293806357,"defensive_value":-0.1266296161,"count":67},"26":{"player_id":127534,"player_name":"Diego Sebasti\u00e1n Laxalt Su\u00e1rez","vaep_value":-0.0587212935,"offensive_value":-0.0629282398,"defensive_value":0.0042069464,"count":24},"27":{"player_id":206318,"player_name":"Andrey Galabinov","vaep_value":-0.0195487167,"offensive_value":0.0569266556,"defensive_value":-0.0764753723,"count":44},"28":{"player_id":284315,"player_name":"Andrey Galabinov","vaep_value":-0.000790209,"offensive_value":-0.0005785166,"defensive_value":-0.0002116924,"count":1}}