{"0":{"player_id":0,"player_name":"Sergio Leonel Ag\u00fcero del Castillo","vaep_value":0.0192678315,"offensive_value":0.0326102669,"defensive_value":-0.0133424355,"count":5},"1":{"player_id":3582,"player_name":"Fabian Delph","vaep_value":-0.1241428708,"offensive_value":0.1412961583,"defensive_value":-0.2654390291,"count":43},"2":{"player_id":8277,"player_name":"Danilo Luiz da Silva","vaep_value":0.4973189876,"offensive_value":0.4574094386,"defensive_value":0.0399095491,"count":107},"3":{"player_id":8313,"player_name":"Fabian Delph","vaep_value":0.1735041692,"offensive_value":0.085681311,"defensive_value":0.0878228582,"count":36},"4":{"player_id":8317,"player_name":"Danilo Luiz da Silva","vaep_value":0.7685961385,"offensive_value":0.7866692456,"defensive_value":-0.0180731071,"count":113},"5":{"player_id":8325,"player_name":"David Josu\u00e9 Jim\u00e9nez Silva","vaep_value":0.348480567,"offensive_value":0.2213128837,"defensive_value":0.1271676833,"count":39},"6":{"player_id":8464,"player_name":"Eliaquim Mangala","vaep_value":-0.1474122701,"offensive_value":-0.1428871013,"defensive_value":-0.0045251688,"count":112},"7":{"player_id":8582,"player_name":"Danilo Luiz da Silva","vaep_value":0.3783732382,"offensive_value":0.1988826822,"defensive_value":0.179490556,"count":37},"8":{"player_id":8677,"player_name":"Sergio Leonel Ag\u00fcero del Castillo","vaep_value":-0.1485483049,"offensive_value":-0.2317804589,"defensive_value":0.083232154,"count":30},"9":{"player_id":11066,"player_name":"Sergio Leonel Ag\u00fcero del Castillo","vaep_value":-0.0586188402,"offensive_value":-0.0533815541,"defensive_value":-0.0052372861,"count":67},"10":{"player_id":14703,"player_name":"Fabian Delph","vaep_value":0.1532020883,"offensive_value":0.1790581986,"defensive_value":-0.0258561103,"count":12},"11":{"player_id":20620,"player_name":"Danilo Luiz da Silva","vaep_value":0.1513282785,"offensive_value":0.1320326482,"defensive_value":0.0192956303,"count":40},"12":{"player_id":21100,"player_name":"David Josu\u00e9 Jim\u00e9nez Silva","vaep_value":1.3098015334,"offensive_value":0.8814139706,"defensive_value":0.4283875627,"count":18},"13":{"player_id":25572,"player_name":"Sergio Leonel Ag\u00fcero del Castillo","vaep_value":-0.0008699645,"offensive_value":-0.000915634,"defensive_value":0.0000456695,"count":1},"14":{"player_id":26499,"player_name":"Sergio Leonel Ag\u00fcero del Castillo","vaep_value":0.5915190176,"offensive_value":0.5526684348,"defensive_value":0.0388505828,"count":58},"15":{"player_id":26610,"player_name":"Arthur Masuaku","vaep_value":-0.1543167174,"offensive_value":-0.1524492502,"defensive_value":-0.0018674672,"count":14},"16":{"player_id":37725,"player_name":"Kevin De Bruyne","vaep_value":0.224974734,"offensive_value":0.2187992018,"defensive_value":0.0061755322,"count":16},"17":{"player_id":38021,"player_name":"Raheem Shaquille Sterling","vaep_value":1.0433779428,"offensive_value":1.0535048603,"defensive_value":-0.0101269175,"count":131},"18":{"player_id":41174,"player_name":"David Josu\u00e9 Jim\u00e9nez Silva","vaep_value":0.15667972,"offensive_value":0.0971913133,"defensive_value":0.0594884068,"count":46},"19":{"player_id":70083,"player_name":"Fabian Delph","vaep_value":0.1250768618,"offensive_value":0.1224204527,"defensive_value":0.0026564092,"count":47},"20":{"player_id":70085,"player_name":"Danilo Luiz da Silva","vaep_value":0.1231092162,"offensive_value":0.1223961309,"defensive_value":0.0007130853,"count":62},"21":{"player_id":70086,"player_name":"Fabian Delph","vaep_value":0.8541859634,"offensive_value":0.8182865239,"defensive_value":0.0358994395,"count":105},"22":{"player_id":71654,"player_name":"Kyle Walker","vaep_value":0.4542002139,"offensive_value":0.0605948623,"defensive_value":0.3936053516,"count":32},"23":{"player_id":105339,"player_name":"Kevin De Bruyne","vaep_value":-0.0006606198,"offensive_value":0.0012761457,"defensive_value":-0.0019367655,"count":11},"24":{"player_id":245364,"player_name":"Kyle Walker","vaep_value":-0.0667740593,"offensive_value":-0.0510876232,"defensive_value":-0.0156864361,"count":70},"25":{"player_id":265318,"player_name":"David Josu\u00e9 Jim\u00e9nez Silva","vaep_value":0.157133321,"offensive_value":0.0630088073,"defensive_value":0.0941245138,"count":29},"26":{"player_id":265673,"player_name":"Fabian Delph","vaep_value":-0.0111339721,"offensive_value":-0.009605838,"defensive_value":-0.0015281341,"count":1},"27":{"player_id":340386,"player_name":"Danilo Luiz da Silva","vaep_value":0.4130856514,"offensive_value":0.4153421656,"defensive_value":-0.0022565143,"count":34},"28":{"player_id":379209,"player_name":"Sergio Leonel Ag\u00fcero del Castillo","vaep_value":-0.0446147873,"offensive_value":0.0100025139,"defensive_value":-0.0546173012,"count":38}}