{"0":{"player_id":0,"player_name":"Maximiliano G\u00f3mez Gonz\u00e1lez","vaep_value":0.1219579664,"offensive_value":0.1535278399,"defensive_value":-0.0315698736,"count":10},"1":{"player_id":151,"player_name":"Andreu Font\u00e0s Prat","vaep_value":-0.0107403379,"offensive_value":-0.0055721225,"defensive_value":-0.0051682154,"count":3},"2":{"player_id":3286,"player_name":"Gustavo Daniel Cabral C\u00e1ceres","vaep_value":0.6399803943,"offensive_value":0.5647038888,"defensive_value":0.0752765056,"count":74},"3":{"player_id":3337,"player_name":"Hugo Mallo Novegil","vaep_value":0.1284842384,"offensive_value":0.12954724,"defensive_value":-0.0010630016,"count":88},"4":{"player_id":3339,"player_name":"R\u00faben Miguel Nunes Vezo","vaep_value":0.1116501284,"offensive_value":0.0744253243,"defensive_value":0.0372248041,"count":62},"5":{"player_id":3822,"player_name":"Norberto Murara Neto","vaep_value":0.0200680464,"offensive_value":0.1185201732,"defensive_value":-0.0984521268,"count":46},"6":{"player_id":3827,"player_name":"Andreas Hoelgebaum Pereira","vaep_value":-0.3333856567,"offensive_value":0.1907094006,"defensive_value":-0.5240950573,"count":114},"7":{"player_id":3840,"player_name":"Andreas Hoelgebaum Pereira","vaep_value":0.8364266495,"offensive_value":0.7867344387,"defensive_value":0.0496922107,"count":49},"8":{"player_id":3916,"player_name":"Simone Zaza","vaep_value":0.1704141953,"offensive_value":0.1596926653,"defensive_value":0.01072153,"count":73},"9":{"player_id":4424,"player_name":"Carlos Soler Barrag\u00e1n","vaep_value":0.0416135521,"offensive_value":0.0160412248,"defensive_value":0.0255723273,"count":75},"10":{"player_id":4892,"player_name":"Geoffrey Kondogbia","vaep_value":0.0872971623,"offensive_value":0.1067229502,"defensive_value":-0.019425788,"count":58},"11":{"player_id":20922,"player_name":"Daniel Parejo Mu\u00f1oz","vaep_value":0.1193941133,"offensive_value":0.1074990404,"defensive_value":0.0118950729,"count":30},"12":{"player_id":22202,"player_name":"Jos\u00e9 Luis Gay\u00e1 Pe\u00f1a","vaep_value":0.7678848954,"offensive_value":0.7778092152,"defensive_value":-0.0099243198,"count":31},"13":{"player_id":25623,"player_name":"Andreas Hoelgebaum Pereira","vaep_value":0.2748047763,"offensive_value":0.1693482461,"defensive_value":0.1054565302,"count":68},"14":{"player_id":26652,"player_name":"Rodrigo Moreno Machado","vaep_value":-0.2440418694,"offensive_value":0.0863341966,"defensive_value":-0.3303760659,"count":77},"15":{"player_id":41363,"player_name":"Jonathan Castro Otto","vaep_value":0.1753790248,"offensive_value":0.0657385769,"defensive_value":0.1096404479,"count":37},"16":{"player_id":70129,"player_name":"Jonathan Castro Otto","vaep_value":-0.2676618911,"offensive_value":-0.2607952128,"defensive_value":-0.0068666783,"count":35},"17":{"player_id":167641,"player_name":"Daniel Parejo Mu\u00f1oz","vaep_value":0.18198799,"offensive_value":0.1696923329,"defensive_value":0.0122956572,"count":104},"18":{"player_id":211853,"player_name":"R\u00faben Miguel Nunes Vezo","vaep_value":0.2258543392,"offensive_value":0.1026219839,"defensive_value":0.1232323553,"count":47},"19":{"player_id":240445,"player_name":"R\u00faben Miguel Nunes Vezo","vaep_value":0.1349772702,"offensive_value":0.1046315284,"defensive_value":0.0303457418,"count":53},"20":{"player_id":241945,"player_name":"Daniel Wass","vaep_value":-0.0045865806,"offensive_value":0.0063027909,"defensive_value":-0.0108893715,"count":53},"21":{"player_id":250885,"player_name":"Mart\u00edn Montoya Torralbo","vaep_value":0.0965259735,"offensive_value":0.0936170197,"defensive_value":0.0029089538,"count":12},"22":{"player_id":265864,"player_name":"Rub\u00e9n Blanco Veiga","vaep_value":0.0015760018,"offensive_value":-0.0001849146,"defensive_value":0.0017609163,"count":1},"23":{"player_id":269060,"player_name":"Rub\u00e9n Blanco Veiga","vaep_value":0.0742553305,"offensive_value":0.0352978782,"defensive_value":0.0389574523,"count":64},"24":{"player_id":281255,"player_name":"Stanislav Lobotka","vaep_value":0.052637496,"offensive_value":0.0152976811,"defensive_value":0.0373398149,"count":2},"25":{"player_id":293862,"player_name":"Hugo Mallo Novegil","vaep_value":-0.0209185039,"offensive_value":0.001404406,"defensive_value":-0.0223229099,"count":14},"26":{"player_id":372752,"player_name":"Stanislav Lobotka","vaep_value":-0.1373943305,"offensive_value":-0.1380677043,"defensive_value":0.0006733738,"count":25},"27":{"player_id":395636,"player_name":"Andreu Font\u00e0s Prat","vaep_value":0.0056790155,"offensive_value":0.0225898256,"defensive_value":-0.01691081,"count":30}}