{"0":{"player_id":123,"player_name":"Emil Forsberg","vaep_value":0.840222856,"offensive_value":0.8099088836,"defensive_value":0.0303139724,"count":21},"1":{"player_id":151,"player_name":"Andreas Granqvist","vaep_value":-0.0190074213,"offensive_value":-0.0081906663,"defensive_value":-0.010816755,"count":7},"2":{"player_id":8529,"player_name":"Julian Draxler","vaep_value":0.4655271203,"offensive_value":0.1883843082,"defensive_value":0.2771428121,"count":45},"3":{"player_id":14712,"player_name":"Toni Kroos","vaep_value":0.0848742074,"offensive_value":0.0938100189,"defensive_value":-0.0089358115,"count":40},"4":{"player_id":14716,"player_name":"Jonas Hector","vaep_value":0.463185222,"offensive_value":0.4465928688,"defensive_value":0.0165923532,"count":127},"5":{"player_id":14723,"player_name":"Antonio R\u00fcdiger","vaep_value":1.3490820614,"offensive_value":1.3343061516,"defensive_value":0.0147759097,"count":150},"6":{"player_id":14731,"player_name":"J\u00e9r\u00f4me Boateng","vaep_value":0.0457276427,"offensive_value":0.0483538646,"defensive_value":-0.0026262219,"count":8},"7":{"player_id":14732,"player_name":"Joshua Kimmich","vaep_value":0.0475277199,"offensive_value":-0.0392119485,"defensive_value":0.0867396683,"count":55},"8":{"player_id":14748,"player_name":"J\u00e9r\u00f4me Boateng","vaep_value":0.2084054221,"offensive_value":0.0892270517,"defensive_value":0.1191783704,"count":92},"9":{"player_id":14808,"player_name":"Toni Kroos","vaep_value":0.1240716946,"offensive_value":0.1299009412,"defensive_value":-0.0058292465,"count":60},"10":{"player_id":14862,"player_name":"Sebastian Rudy","vaep_value":-0.2616446867,"offensive_value":-0.249615824,"defensive_value":-0.0120288628,"count":36},"11":{"player_id":14908,"player_name":"Antonio R\u00fcdiger","vaep_value":0.0599205256,"offensive_value":0.0409999646,"defensive_value":0.0189205611,"count":24},"12":{"player_id":15024,"player_name":"J\u00e9r\u00f4me Boateng","vaep_value":0.8055544738,"offensive_value":0.8056935846,"defensive_value":-0.0001391108,"count":69},"13":{"player_id":15811,"player_name":"J\u00e9r\u00f4me Boateng","vaep_value":0.0260118698,"offensive_value":0.0129574463,"defensive_value":0.0130544235,"count":20},"14":{"player_id":18669,"player_name":"Jonas Hector","vaep_value":0.0042130912,"offensive_value":-0.0122242252,"defensive_value":0.0164373164,"count":56},"15":{"player_id":20876,"player_name":"Toni Kroos","vaep_value":0.161043486,"offensive_value":0.0550578755,"defensive_value":0.1059856105,"count":31},"16":{"player_id":21275,"player_name":"Julian Draxler","vaep_value":0.2374901727,"offensive_value":0.0832116932,"defensive_value":0.1542784795,"count":31},"17":{"player_id":50798,"player_name":"Toni Kroos","vaep_value":0.2837561831,"offensive_value":0.2776252232,"defensive_value":0.00613096,"count":37},"18":{"player_id":50812,"player_name":"Marco Reus","vaep_value":-0.1241600583,"offensive_value":0.034959077,"defensive_value":-0.1591191354,"count":11},"19":{"player_id":51132,"player_name":"Toni Kroos","vaep_value":-0.0042448982,"offensive_value":-0.0061122079,"defensive_value":0.0018673097,"count":32},"20":{"player_id":51144,"player_name":"Thomas M\u00fcller","vaep_value":0.3851083651,"offensive_value":0.2729430882,"defensive_value":0.1121652769,"count":31},"21":{"player_id":51217,"player_name":"Hans Carl Ludwig Augustinsson","vaep_value":0.3290310481,"offensive_value":0.3121246562,"defensive_value":0.0169063919,"count":37},"22":{"player_id":51262,"player_name":"Sebastian Rudy","vaep_value":0.0025929386,"offensive_value":0.0029233326,"defensive_value":-0.000330394,"count":3},"23":{"player_id":61949,"player_name":"Sebastian Rudy","vaep_value":0.0958575889,"offensive_value":0.1287337821,"defensive_value":-0.0328761932,"count":45},"24":{"player_id":71703,"player_name":"Timo Werner","vaep_value":0.2269778742,"offensive_value":0.0289410559,"defensive_value":0.1980368183,"count":29},"25":{"player_id":146583,"player_name":"Timo Werner","vaep_value":0.0309670178,"offensive_value":0.0343287205,"defensive_value":-0.0033617028,"count":7},"26":{"player_id":173214,"player_name":"Marco Reus","vaep_value":0.3750654538,"offensive_value":0.23100104,"defensive_value":0.1440644138,"count":45},"27":{"player_id":224593,"player_name":"Toni Kroos","vaep_value":0.6393692571,"offensive_value":0.668683939,"defensive_value":-0.0293146819,"count":106}}