{"0":{"player_id":0,"player_name":"Keita Bald\u00e9 Diao","vaep_value":0.0623482345,"offensive_value":0.0812342428,"defensive_value":-0.0188860083,"count":9},"1":{"player_id":7986,"player_name":"Jo\u00e3o Filipe Iria Santos Moutinho","vaep_value":0.0788472366,"offensive_value":-0.0003386873,"defensive_value":0.0791859239,"count":72},"2":{"player_id":20677,"player_name":"Youri Tielemans","vaep_value":0.1143130146,"offensive_value":0.1251079486,"defensive_value":-0.0107949339,"count":61},"3":{"player_id":21097,"player_name":"Kamil Glik","vaep_value":0.4251256953,"offensive_value":1.0646192,"defensive_value":-0.6394935047,"count":63},"4":{"player_id":25524,"player_name":"Jemerson de Jesus Nascimento","vaep_value":0.2387495509,"offensive_value":0.1181059605,"defensive_value":0.1206435903,"count":72},"5":{"player_id":25704,"player_name":"Andrea Raggi","vaep_value":0.0514023455,"offensive_value":0.0299559664,"defensive_value":0.0214463791,"count":39},"6":{"player_id":26024,"player_name":"F\u00e1bio Henrique Tavares","vaep_value":-0.0001474486,"offensive_value":-0.0035829961,"defensive_value":0.0034355475,"count":6},"7":{"player_id":26100,"player_name":"Djibril Sidib\u00e9","vaep_value":0.1170656921,"offensive_value":0.1543894681,"defensive_value":-0.0373237761,"count":61},"8":{"player_id":26124,"player_name":"Jo\u00e3o Filipe Iria Santos Moutinho","vaep_value":0.0927444584,"offensive_value":-0.0110668743,"defensive_value":0.1038113326,"count":12},"9":{"player_id":26196,"player_name":"Thomas Lemar","vaep_value":0.3445577133,"offensive_value":0.3448005752,"defensive_value":-0.0002428619,"count":80},"10":{"player_id":26311,"player_name":"Thomas Lemar","vaep_value":0.1215818366,"offensive_value":0.0621674068,"defensive_value":0.0594144298,"count":53},"11":{"player_id":26365,"player_name":"Papiss Mison Djilobodji","vaep_value":0.077467399,"offensive_value":0.0610265285,"defensive_value":0.0164408705,"count":41},"12":{"player_id":27354,"player_name":"Na\u00efm Sliti","vaep_value":-0.199684406,"offensive_value":-0.1537545274,"defensive_value":-0.0459298786,"count":17},"13":{"player_id":28117,"player_name":"Na\u00efm Sliti","vaep_value":0.1711127409,"offensive_value":0.1726333336,"defensive_value":-0.0015205927,"count":18},"14":{"player_id":28922,"player_name":"Danijel Suba\u0161i\u0107","vaep_value":0.0952863564,"offensive_value":0.1048452153,"defensive_value":-0.0095588589,"count":65},"15":{"player_id":70093,"player_name":"Kamil Glik","vaep_value":0.0742110124,"offensive_value":0.0331697374,"defensive_value":0.041041275,"count":46},"16":{"player_id":120717,"player_name":"Djibril Sidib\u00e9","vaep_value":0.3328941404,"offensive_value":0.3003338065,"defensive_value":0.0325603338,"count":73},"17":{"player_id":135747,"player_name":"Djibril Sidib\u00e9","vaep_value":0.0142814772,"offensive_value":0.0865112116,"defensive_value":-0.0722297344,"count":30},"18":{"player_id":135913,"player_name":"Thomas Lemar","vaep_value":1.0452485052,"offensive_value":1.0404315442,"defensive_value":0.004816961,"count":14},"19":{"player_id":149054,"player_name":"Youri Tielemans","vaep_value":-0.0511191927,"offensive_value":-0.0728345336,"defensive_value":0.0217153409,"count":14},"20":{"player_id":207143,"player_name":"F\u00e1bio Henrique Tavares","vaep_value":0.329444615,"offensive_value":0.2130048106,"defensive_value":0.1164398044,"count":48},"21":{"player_id":215036,"player_name":"Jemerson de Jesus Nascimento","vaep_value":-0.8483940616,"offensive_value":0.0138100318,"defensive_value":-0.8622040934,"count":68},"22":{"player_id":256084,"player_name":"Valentin Rosier","vaep_value":-0.0055508701,"offensive_value":-0.0022122314,"defensive_value":-0.0033386387,"count":30},"23":{"player_id":256480,"player_name":"Valentin Rosier","vaep_value":0.8052004258,"offensive_value":0.8074624292,"defensive_value":-0.0022620034,"count":16},"24":{"player_id":263766,"player_name":"F\u00e1bio Henrique Tavares","vaep_value":0.0748209173,"offensive_value":0.0547790714,"defensive_value":0.020041846,"count":49},"25":{"player_id":263802,"player_name":"Danijel Suba\u0161i\u0107","vaep_value":0.1024007971,"offensive_value":0.1177186911,"defensive_value":-0.0153178941,"count":58},"26":{"player_id":276978,"player_name":"Jemerson de Jesus Nascimento","vaep_value":-0.093734635,"offensive_value":-0.094641726,"defensive_value":0.000907091,"count":22},"27":{"player_id":393214,"player_name":"F\u00e1bio Henrique Tavares","vaep_value":0.0413289854,"offensive_value":0.0278857123,"defensive_value":0.013443273,"count":73},"28":{"player_id":481329,"player_name":"Papiss Mison Djilobodji","vaep_value":0.0142290276,"offensive_value":0.012211117,"defensive_value":0.0020179106,"count":3}}