{"0":{"player_id":0,"player_name":"Aaron Hunt","vaep_value":-0.0288288858,"offensive_value":-0.0005067979,"defensive_value":-0.0283220878,"count":9},"1":{"player_id":14706,"player_name":"Ville Matti Steinmann","vaep_value":0.0533603863,"offensive_value":0.0272754785,"defensive_value":0.0260849078,"count":54},"2":{"player_id":14749,"player_name":"Gideon Jung","vaep_value":0.3421969314,"offensive_value":0.1755524478,"defensive_value":0.1666444836,"count":74},"3":{"player_id":14842,"player_name":"Julian Pollersbeck","vaep_value":0.1874373677,"offensive_value":0.0875605685,"defensive_value":0.0998767993,"count":43},"4":{"player_id":14864,"player_name":"Rick van Drongelen","vaep_value":0.1544328283,"offensive_value":0.0727052982,"defensive_value":0.0817275301,"count":87},"5":{"player_id":14979,"player_name":"Rick van Drongelen","vaep_value":0.0233084641,"offensive_value":0.1829114349,"defensive_value":-0.1596029708,"count":65},"6":{"player_id":15012,"player_name":"H\u00e5vard Nordtveit","vaep_value":0.1635034555,"offensive_value":0.1493277003,"defensive_value":0.0141757552,"count":35},"7":{"player_id":15200,"player_name":"Oliver Baumann","vaep_value":0.5025115104,"offensive_value":0.5188748846,"defensive_value":-0.0163633742,"count":36},"8":{"player_id":15719,"player_name":"Kevin Vogt","vaep_value":0.1146425094,"offensive_value":-0.0237037017,"defensive_value":0.1383462111,"count":40},"9":{"player_id":15812,"player_name":"Oliver Baumann","vaep_value":0.0195161122,"offensive_value":-0.0068715113,"defensive_value":0.0263876235,"count":26},"10":{"player_id":15942,"player_name":"Pavel Kade\u0159\u00e1bek","vaep_value":0.051844266,"offensive_value":-0.0089347733,"defensive_value":0.0607790393,"count":11},"11":{"player_id":18982,"player_name":"Pavel Kade\u0159\u00e1bek","vaep_value":0.8957999704,"offensive_value":0.7767722497,"defensive_value":0.1190277206,"count":63},"12":{"player_id":20876,"player_name":"\u00c1d\u00e1m Szalai","vaep_value":0.1616570855,"offensive_value":0.1092433335,"defensive_value":0.0524137521,"count":51},"13":{"player_id":69411,"player_name":"Florian Grillitsch","vaep_value":0.5095991241,"offensive_value":0.5275951238,"defensive_value":-0.0179959998,"count":52},"14":{"player_id":82487,"player_name":"Nico Schulz","vaep_value":0.0701299228,"offensive_value":0.092277972,"defensive_value":-0.0221480493,"count":74},"15":{"player_id":127796,"player_name":"Gotoku Sakai","vaep_value":0.102160665,"offensive_value":0.0810343002,"defensive_value":0.0211263648,"count":45},"16":{"player_id":134392,"player_name":"Gotoku Sakai","vaep_value":0.0238134275,"offensive_value":0.0371316164,"defensive_value":-0.0133181889,"count":8},"17":{"player_id":134397,"player_name":"Nico Schulz","vaep_value":0.944774701,"offensive_value":0.8722831578,"defensive_value":0.0724915431,"count":37},"18":{"player_id":135561,"player_name":"Julian Pollersbeck","vaep_value":0.3188544933,"offensive_value":0.2658770885,"defensive_value":0.0529774048,"count":41},"19":{"player_id":143566,"player_name":"Ville Matti Steinmann","vaep_value":0.0919067783,"offensive_value":0.1880583228,"defensive_value":-0.0961515445,"count":80},"20":{"player_id":221333,"player_name":"Julian Pollersbeck","vaep_value":0.0927971435,"offensive_value":0.1100948406,"defensive_value":-0.0172976971,"count":9},"21":{"player_id":221376,"player_name":"Gotoku Sakai","vaep_value":-0.0181169367,"offensive_value":0.0091619813,"defensive_value":-0.027278918,"count":21},"22":{"player_id":241957,"player_name":"Gotoku Sakai","vaep_value":0.1628818751,"offensive_value":0.0726990048,"defensive_value":0.0901828703,"count":60},"23":{"player_id":241966,"player_name":"Kevin Vogt","vaep_value":-0.2921745525,"offensive_value":0.0985709288,"defensive_value":-0.3907454812,"count":76},"24":{"player_id":258254,"player_name":"Gotoku Sakai","vaep_value":0.071415551,"offensive_value":0.0810703364,"defensive_value":-0.0096547854,"count":25},"25":{"player_id":263614,"player_name":"Gian-Luca Waldschmidt","vaep_value":-0.1067545899,"offensive_value":-0.05970668,"defensive_value":-0.0470479099,"count":44},"26":{"player_id":365441,"player_name":"Benjamin H\u00fcbner","vaep_value":0.0965914271,"offensive_value":0.0256122539,"defensive_value":0.0709791732,"count":62},"27":{"player_id":391606,"player_name":"Gotoku Sakai","vaep_value":0.104333695,"offensive_value":0.1120865492,"defensive_value":-0.0077528541,"count":51},"28":{"player_id":491365,"player_name":"Serge  Gnabry","vaep_value":-0.0519571875,"offensive_value":-0.0511153176,"defensive_value":-0.00084187,"count":6}}