{"0":{"player_id":0,"player_name":"Luis Fernando Muriel Fruto","vaep_value":0.1444862071,"offensive_value":0.158483409,"defensive_value":-0.0139972019,"count":19},"1":{"player_id":3280,"player_name":"Gabriel Iv\u00e1n Mercado","vaep_value":0.3150052997,"offensive_value":0.3483077144,"defensive_value":-0.0333024147,"count":114},"2":{"player_id":3433,"player_name":"\u0160ime Vrsaljko","vaep_value":0.0386718843,"offensive_value":-0.0328910977,"defensive_value":0.071562982,"count":33},"3":{"player_id":3434,"player_name":"Carlos Joaqu\u00edn Correa","vaep_value":1.0371259837,"offensive_value":0.9991458363,"defensive_value":0.0379801473,"count":74},"4":{"player_id":3441,"player_name":"\u00c9ver Maximiliano David Banega","vaep_value":0.2560706628,"offensive_value":0.2142370184,"defensive_value":0.0418336444,"count":65},"5":{"player_id":3443,"player_name":"Steven N'Kemboanza Mike Christopher N'Zonzi","vaep_value":1.1113620905,"offensive_value":1.0396231065,"defensive_value":0.071738984,"count":64},"6":{"player_id":3458,"player_name":"Jes\u00fas Navas Gonz\u00e1lez","vaep_value":-0.0696885483,"offensive_value":0.0380619471,"defensive_value":-0.1077504954,"count":29},"7":{"player_id":3474,"player_name":"Jes\u00fas Navas Gonz\u00e1lez","vaep_value":0.0110531605,"offensive_value":0.0152267837,"defensive_value":-0.0041736232,"count":24},"8":{"player_id":3682,"player_name":"Sergio Escudero Palomo","vaep_value":2.7699237051,"offensive_value":2.5168327577,"defensive_value":0.2530909474,"count":72},"9":{"player_id":4015,"player_name":"Sa\u00fal \u00d1\u00edguez Esclapez","vaep_value":1.0816281616,"offensive_value":0.9054863123,"defensive_value":0.1761418493,"count":65},"10":{"player_id":4338,"player_name":"Jorge Resurrecci\u00f3n Merodio","vaep_value":0.8135038713,"offensive_value":0.8351211059,"defensive_value":-0.0216172346,"count":31},"11":{"player_id":4375,"player_name":"Jorge Resurrecci\u00f3n Merodio","vaep_value":-0.0719069921,"offensive_value":-0.0450862232,"defensive_value":-0.026820769,"count":21},"12":{"player_id":4488,"player_name":"Sergio Rico Gonz\u00e1lez","vaep_value":0.0576080939,"offensive_value":0.0894738816,"defensive_value":-0.0318657877,"count":65},"13":{"player_id":8200,"player_name":"Sergio Rico Gonz\u00e1lez","vaep_value":0.171119619,"offensive_value":0.1112444876,"defensive_value":0.0598751315,"count":96},"14":{"player_id":14852,"player_name":"Sergio Rico Gonz\u00e1lez","vaep_value":0.482442116,"offensive_value":0.5050128928,"defensive_value":-0.0225707768,"count":119},"15":{"player_id":20764,"player_name":"Jes\u00fas Navas Gonz\u00e1lez","vaep_value":-0.0568171337,"offensive_value":-0.0094802343,"defensive_value":-0.0473368994,"count":52},"16":{"player_id":20823,"player_name":"Pablo Sarabia Garc\u00eda","vaep_value":-0.1035441587,"offensive_value":-0.1067695064,"defensive_value":0.0032253476,"count":40},"17":{"player_id":25445,"player_name":"Jes\u00fas Navas Gonz\u00e1lez","vaep_value":-0.1493907294,"offensive_value":-0.1500784028,"defensive_value":0.0006876735,"count":4},"18":{"player_id":25795,"player_name":"Sergio Rico Gonz\u00e1lez","vaep_value":-0.003188346,"offensive_value":0.0228394121,"defensive_value":-0.0260277581,"count":8},"19":{"player_id":69409,"player_name":"Cl\u00e9ment Lenglet","vaep_value":0.1830421423,"offensive_value":0.0555207484,"defensive_value":0.1275213939,"count":50},"20":{"player_id":70125,"player_name":"Sergio Escudero Palomo","vaep_value":1.382419222,"offensive_value":1.3763833954,"defensive_value":0.0060358266,"count":19},"21":{"player_id":70273,"player_name":"Gabriel Fern\u00e1ndez Arenas","vaep_value":0.2969188862,"offensive_value":0.3121909862,"defensive_value":-0.0152721,"count":28},"22":{"player_id":86220,"player_name":"Carlos Joaqu\u00edn Correa","vaep_value":0.5654315451,"offensive_value":0.109321006,"defensive_value":0.4561105391,"count":65},"23":{"player_id":112366,"player_name":"Steven N'Kemboanza Mike Christopher N'Zonzi","vaep_value":0.3141768575,"offensive_value":0.0760172959,"defensive_value":0.2381595615,"count":56},"24":{"player_id":134503,"player_name":"\u00c9ver Maximiliano David Banega","vaep_value":0.2311728051,"offensive_value":0.1543778506,"defensive_value":0.0767949545,"count":86},"25":{"player_id":207001,"player_name":"Jes\u00fas Navas Gonz\u00e1lez","vaep_value":-0.0155633497,"offensive_value":-0.0690185941,"defensive_value":0.0534552444,"count":51},"26":{"player_id":217031,"player_name":"Jes\u00fas Navas Gonz\u00e1lez","vaep_value":0.2276382352,"offensive_value":0.0943593147,"defensive_value":0.1332789205,"count":47},"27":{"player_id":227894,"player_name":"Jes\u00fas Navas Gonz\u00e1lez","vaep_value":0.3763614777,"offensive_value":0.1701065246,"defensive_value":0.2062549531,"count":51},"28":{"player_id":254408,"player_name":"Franco Dami\u00e1n V\u00e1zquez","vaep_value":-0.0602950439,"offensive_value":-0.0697365613,"defensive_value":0.0094415174,"count":18}}