{"0":{"player_id":0,"player_name":"Giampaolo Pazzini","vaep_value":0.0691640163,"offensive_value":0.1080769717,"defensive_value":-0.0389129554,"count":12},"1":{"player_id":3286,"player_name":"Sa\u0161a Luki\u0107","vaep_value":0.4157470202,"offensive_value":0.4051509848,"defensive_value":0.0105960355,"count":105},"2":{"player_id":3330,"player_name":"Antonio Manuel Luna Rodr\u00edguez","vaep_value":0.2052703253,"offensive_value":0.1508392766,"defensive_value":0.0544310487,"count":36},"3":{"player_id":3339,"player_name":"Gabriel Armando de Abreu","vaep_value":0.2196433845,"offensive_value":0.2671667384,"defensive_value":-0.0475233539,"count":81},"4":{"player_id":3460,"player_name":"Mart\u00edn Montoya Torralbo","vaep_value":0.2611186923,"offensive_value":0.1556943152,"defensive_value":0.1054243771,"count":53},"5":{"player_id":3464,"player_name":"Jos\u00e9 \u00c1ngel G\u00f3mez Campa\u00f1a","vaep_value":-0.3616885942,"offensive_value":0.0581830658,"defensive_value":-0.4198716601,"count":56},"6":{"player_id":3470,"player_name":"Jos\u00e9 \u00c1ngel G\u00f3mez Campa\u00f1a","vaep_value":0.0906882,"offensive_value":0.0635264152,"defensive_value":0.0271617848,"count":63},"7":{"player_id":3496,"player_name":"Jos\u00e9 \u00c1ngel G\u00f3mez Campa\u00f1a","vaep_value":0.9076029182,"offensive_value":0.973233371,"defensive_value":-0.0656304528,"count":44},"8":{"player_id":3937,"player_name":"Jos\u00e9 \u00c1ngel G\u00f3mez Campa\u00f1a","vaep_value":-0.0799748879,"offensive_value":-0.0780884651,"defensive_value":-0.0018864227,"count":2},"9":{"player_id":4892,"player_name":"Antonio Manuel Luna Rodr\u00edguez","vaep_value":0.377031847,"offensive_value":0.3511217741,"defensive_value":0.025910073,"count":78},"10":{"player_id":7864,"player_name":"Giampaolo Pazzini","vaep_value":0.0382122811,"offensive_value":0.0294599647,"defensive_value":0.0087523164,"count":20},"11":{"player_id":20536,"player_name":"Giampaolo Pazzini","vaep_value":-0.0459928525,"offensive_value":-0.0445739639,"defensive_value":-0.0014188887,"count":19},"12":{"player_id":20922,"player_name":null,"vaep_value":0.1201714997,"offensive_value":0.049152717,"defensive_value":0.0710187827,"count":15},"13":{"player_id":22202,"player_name":"Jos\u00e9 Luis Gay\u00e1 Pe\u00f1a","vaep_value":-0.0351692184,"offensive_value":-0.0357520962,"defensive_value":0.0005828778,"count":3},"14":{"player_id":25623,"player_name":"Geoffrey Kondogbia","vaep_value":0.113011513,"offensive_value":0.1217615821,"defensive_value":-0.0087500691,"count":53},"15":{"player_id":26032,"player_name":"Gabriel Armando de Abreu","vaep_value":0.0422513968,"offensive_value":-0.0335175088,"defensive_value":0.0757689056,"count":36},"16":{"player_id":41363,"player_name":"Daniel Parejo Mu\u00f1oz","vaep_value":0.2122244695,"offensive_value":0.2376828059,"defensive_value":-0.0254583363,"count":77},"17":{"player_id":86307,"player_name":"R\u00faben Miguel Nunes Vezo","vaep_value":0.8503616967,"offensive_value":0.8612206709,"defensive_value":-0.0108589742,"count":26},"18":{"player_id":211853,"player_name":"Gabriel Armando de Abreu","vaep_value":0.1411096968,"offensive_value":0.0991968722,"defensive_value":0.0419128246,"count":58},"19":{"player_id":225089,"player_name":"Mart\u00edn Montoya Torralbo","vaep_value":-0.1355380209,"offensive_value":-0.0765231702,"defensive_value":-0.0590148506,"count":41},"20":{"player_id":237034,"player_name":"Gabriel Armando de Abreu","vaep_value":0.3487727607,"offensive_value":0.3557145298,"defensive_value":-0.0069417691,"count":52},"21":{"player_id":237269,"player_name":"Jorge And\u00fajar Moreno","vaep_value":0.0834999108,"offensive_value":0.021991143,"defensive_value":0.0615087678,"count":42},"22":{"player_id":250885,"player_name":"Oier Olaz\u00e1bal Paredes","vaep_value":0.3838262359,"offensive_value":0.4104108962,"defensive_value":-0.0265846603,"count":55},"23":{"player_id":254189,"player_name":"Antonio Manuel Luna Rodr\u00edguez","vaep_value":-0.0254844761,"offensive_value":-0.0376479163,"defensive_value":0.0121634402,"count":50},"24":{"player_id":265864,"player_name":"Antonio Manuel Luna Rodr\u00edguez","vaep_value":-0.0038357037,"offensive_value":-0.0045124181,"defensive_value":0.0006767143,"count":2},"25":{"player_id":280383,"player_name":"Norberto Murara Neto","vaep_value":-0.0205652553,"offensive_value":-0.0298236197,"defensive_value":0.0092583644,"count":14},"26":{"player_id":338201,"player_name":"R\u00faben Miguel Nunes Vezo","vaep_value":-0.026080911,"offensive_value":0.0017180117,"defensive_value":-0.0277989227,"count":3},"27":{"player_id":372752,"player_name":"Jos\u00e9 Luis Gay\u00e1 Pe\u00f1a","vaep_value":-0.1785149791,"offensive_value":-0.2414673511,"defensive_value":0.062952372,"count":69},"28":{"player_id":410055,"player_name":"Geoffrey Kondogbia","vaep_value":-0.4644028882,"offensive_value":0.0446150254,"defensive_value":-0.5090179136,"count":37}}