{"0":{"player_id":0,"player_name":"Paulo Bruno Exequiel Dybala","vaep_value":0.0717353657,"offensive_value":0.087775012,"defensive_value":-0.0160396463,"count":10},"1":{"player_id":3318,"player_name":"Claudio Marchisio","vaep_value":1.0328374837,"offensive_value":0.9870849892,"defensive_value":0.0457524945,"count":55},"2":{"player_id":3323,"player_name":"Blaise Matuidi","vaep_value":-0.1335795365,"offensive_value":-0.1275146832,"defensive_value":-0.0060648533,"count":20},"3":{"player_id":20455,"player_name":"Kwadwo Asamoah","vaep_value":-0.0153305264,"offensive_value":0.0111180254,"defensive_value":-0.0264485518,"count":14},"4":{"player_id":20458,"player_name":"Alex Sandro Lobo Silva","vaep_value":0.1877555366,"offensive_value":0.1496315384,"defensive_value":0.0381239982,"count":103},"5":{"player_id":20465,"player_name":"Alex Sandro Lobo Silva","vaep_value":0.0283827245,"offensive_value":0.0466078373,"defensive_value":-0.0182251128,"count":32},"6":{"player_id":20470,"player_name":"Kwadwo Asamoah","vaep_value":0.0384002028,"offensive_value":0.0437592177,"defensive_value":-0.005359015,"count":82},"7":{"player_id":20483,"player_name":"Sami Khedira","vaep_value":0.0804434872,"offensive_value":0.1243681024,"defensive_value":-0.0439246153,"count":34},"8":{"player_id":20526,"player_name":"Andrea Barzagli","vaep_value":0.1633819441,"offensive_value":0.1446648466,"defensive_value":0.0187170975,"count":46},"9":{"player_id":20529,"player_name":"Kwadwo Asamoah","vaep_value":0.0362244806,"offensive_value":0.0006580274,"defensive_value":0.0355664532,"count":37},"10":{"player_id":20588,"player_name":"Andrea Poli","vaep_value":0.272036606,"offensive_value":0.1818554532,"defensive_value":0.0901811528,"count":136},"11":{"player_id":20707,"player_name":"Alex Sandro Lobo Silva","vaep_value":0.2238065865,"offensive_value":0.2202601121,"defensive_value":0.0035464744,"count":59},"12":{"player_id":20751,"player_name":"Kwadwo Asamoah","vaep_value":0.0328397681,"offensive_value":0.2200700205,"defensive_value":-0.1872302524,"count":71},"13":{"player_id":20796,"player_name":"Gianluigi Buffon","vaep_value":-0.0602598555,"offensive_value":-0.0573314568,"defensive_value":-0.0029283987,"count":7},"14":{"player_id":21123,"player_name":"Kwadwo Asamoah","vaep_value":0.3285241142,"offensive_value":0.3273814094,"defensive_value":0.0011427047,"count":39},"15":{"player_id":21296,"player_name":"Kwadwo Asamoah","vaep_value":-0.0402095114,"offensive_value":-0.031245044,"defensive_value":-0.0089644674,"count":23},"16":{"player_id":21373,"player_name":"Kwadwo Asamoah","vaep_value":0.1084062384,"offensive_value":0.0793721323,"defensive_value":0.0290341061,"count":50},"17":{"player_id":22377,"player_name":"Juan Guillermo Cuadrado Bello","vaep_value":-0.0362280525,"offensive_value":-0.0182199529,"defensive_value":-0.0180080995,"count":50},"18":{"player_id":25437,"player_name":"Blaise Matuidi","vaep_value":-0.0866739061,"offensive_value":-0.1212254786,"defensive_value":0.0345515725,"count":30},"19":{"player_id":51064,"player_name":"Blaise Matuidi","vaep_value":-0.0542606813,"offensive_value":-0.0365869035,"defensive_value":-0.0176737778,"count":26},"20":{"player_id":70084,"player_name":"Blaise Matuidi","vaep_value":-0.0536765484,"offensive_value":-0.047126675,"defensive_value":-0.0065498734,"count":95},"21":{"player_id":89186,"player_name":"Kwadwo Asamoah","vaep_value":0.8962552007,"offensive_value":0.9177980105,"defensive_value":-0.0215428098,"count":67},"22":{"player_id":92908,"player_name":"Alex Sandro Lobo Silva","vaep_value":0.0941804989,"offensive_value":0.0930210178,"defensive_value":0.001159481,"count":21},"23":{"player_id":105334,"player_name":"Andrea Barzagli","vaep_value":0.0698157756,"offensive_value":0.0788107901,"defensive_value":-0.0089950146,"count":53},"24":{"player_id":134427,"player_name":"Juan Guillermo Cuadrado Bello","vaep_value":-0.2966466472,"offensive_value":0.1006053681,"defensive_value":-0.3972520153,"count":92},"25":{"player_id":149848,"player_name":"Kwadwo Asamoah","vaep_value":-0.0052298452,"offensive_value":0.0032005326,"defensive_value":-0.0084303778,"count":27},"26":{"player_id":246061,"player_name":"Gonzalo Gerardo Higua\u00edn","vaep_value":-0.0092727673,"offensive_value":0.0097675712,"defensive_value":-0.0190403386,"count":11},"27":{"player_id":299557,"player_name":"Blaise Matuidi","vaep_value":0.0483834527,"offensive_value":-0.0178824645,"defensive_value":0.0662659172,"count":28},"28":{"player_id":361779,"player_name":"Alex Sandro Lobo Silva","vaep_value":-0.0491214811,"offensive_value":-0.053990085,"defensive_value":0.0048686039,"count":37}}