{"0":{"player_id":0,"player_name":"Radamel Falcao Garc\u00eda Z\u00e1rate","vaep_value":0.065643092,"offensive_value":0.0977772477,"defensive_value":-0.0321341556,"count":12},"1":{"player_id":3450,"player_name":"Jo\u00e3o Filipe Iria Santos Moutinho","vaep_value":2.4063263775,"offensive_value":2.3854087382,"defensive_value":0.0209176394,"count":24},"2":{"player_id":21097,"player_name":"Djibril Sidib\u00e9","vaep_value":0.2608320651,"offensive_value":0.1510935775,"defensive_value":0.1097384876,"count":72},"3":{"player_id":25835,"player_name":"Radamel Falcao Garc\u00eda Z\u00e1rate","vaep_value":-0.0517485341,"offensive_value":0.0159928176,"defensive_value":-0.0677413517,"count":14},"4":{"player_id":26100,"player_name":"\u00c1d\u00e1m Lang","vaep_value":0.0998886515,"offensive_value":0.2001134012,"defensive_value":-0.1002247498,"count":56},"5":{"player_id":26196,"player_name":"Arnold Bouka Moutou","vaep_value":-0.018360423,"offensive_value":-0.0123686793,"defensive_value":-0.0059917438,"count":83},"6":{"player_id":26311,"player_name":"\u00c1d\u00e1m Lang","vaep_value":0.1219984334,"offensive_value":0.1018436986,"defensive_value":0.0201547347,"count":57},"7":{"player_id":26365,"player_name":"Baptiste Reynet","vaep_value":0.1515022253,"offensive_value":0.1121098879,"defensive_value":0.0393923374,"count":39},"8":{"player_id":26374,"player_name":"C\u00e9dric Yamber\u00e9","vaep_value":0.296560992,"offensive_value":0.0350345358,"defensive_value":0.2615264562,"count":48},"9":{"player_id":28922,"player_name":"C\u00e9dric Yamber\u00e9","vaep_value":0.6521177976,"offensive_value":0.6868194295,"defensive_value":-0.034701632,"count":49},"10":{"player_id":29748,"player_name":"Thomas Lemar","vaep_value":0.2605407131,"offensive_value":0.2733426155,"defensive_value":-0.0128019024,"count":27},"11":{"player_id":29843,"player_name":"Jemerson de Jesus Nascimento","vaep_value":0.0787711939,"offensive_value":0.1607589271,"defensive_value":-0.0819877333,"count":45},"12":{"player_id":30427,"player_name":"Kamil Glik","vaep_value":0.1953111989,"offensive_value":0.0944803214,"defensive_value":0.1008308775,"count":58},"13":{"player_id":70093,"player_name":"Djibril Sidib\u00e9","vaep_value":0.286558489,"offensive_value":0.3235463629,"defensive_value":-0.0369878738,"count":68},"14":{"player_id":76201,"player_name":"Marcos Paulo Mesquita Lopes","vaep_value":-0.0785023051,"offensive_value":-0.0093403265,"defensive_value":-0.0691619786,"count":24},"15":{"player_id":86239,"player_name":"Djibril Sidib\u00e9","vaep_value":-0.0211489145,"offensive_value":-0.0158398729,"defensive_value":-0.0053090416,"count":3},"16":{"player_id":120717,"player_name":"Jo\u00e3o Filipe Iria Santos Moutinho","vaep_value":-0.1427074885,"offensive_value":-0.0257779125,"defensive_value":-0.116929576,"count":32},"17":{"player_id":135747,"player_name":"Kamil Glik","vaep_value":0.2340132816,"offensive_value":0.3061714226,"defensive_value":-0.0721581409,"count":38},"18":{"player_id":135913,"player_name":"Jemerson de Jesus Nascimento","vaep_value":0.1411092733,"offensive_value":0.1251839483,"defensive_value":0.015925325,"count":40},"19":{"player_id":149054,"player_name":"Valentin Rosier","vaep_value":0.6790580954,"offensive_value":0.7343755561,"defensive_value":-0.0553174607,"count":26},"20":{"player_id":207143,"player_name":"Jordan Mari\u00e9","vaep_value":0.024004714,"offensive_value":-0.0522037495,"defensive_value":0.0762084635,"count":56},"21":{"player_id":215036,"player_name":"Jorge Marco de Oliveira Moraes","vaep_value":0.0335187773,"offensive_value":-0.0247701441,"defensive_value":0.0582889215,"count":57},"22":{"player_id":256084,"player_name":"Valentin Rosier","vaep_value":0.004301372,"offensive_value":0.0086713948,"defensive_value":-0.0043700228,"count":42},"23":{"player_id":263766,"player_name":"Jorge Marco de Oliveira Moraes","vaep_value":0.9149118362,"offensive_value":0.976297847,"defensive_value":-0.0613860108,"count":69},"24":{"player_id":263802,"player_name":"Jemerson de Jesus Nascimento","vaep_value":0.0296251015,"offensive_value":0.019927192,"defensive_value":0.0096979095,"count":16},"25":{"player_id":276978,"player_name":"Kamil Glik","vaep_value":-0.1814331164,"offensive_value":-0.1742546591,"defensive_value":-0.0071784573,"count":21},"26":{"player_id":300784,"player_name":"F\u00e1bio Henrique Tavares","vaep_value":0.098099352,"offensive_value":0.0899313979,"defensive_value":0.008167954,"count":58},"27":{"player_id":338249,"player_name":"Jemerson de Jesus Nascimento","vaep_value":-0.0210547126,"offensive_value":-0.0173155665,"defensive_value":-0.0037391461,"count":3},"28":{"player_id":393214,"player_name":"Jo\u00e3o Filipe Iria Santos Moutinho","vaep_value":-0.0534194233,"offensive_value":0.0658218302,"defensive_value":-0.1192412535,"count":41}}