{"0":{"player_id":0,"player_name":"Edinson Roberto Cavani G\u00f3mez","vaep_value":0.0424670179,"offensive_value":0.0650890302,"defensive_value":-0.0226220123,"count":6},"1":{"player_id":123,"player_name":"Thiago Motta","vaep_value":0.0066804694,"offensive_value":-0.0189971142,"defensive_value":0.0256775835,"count":20},"2":{"player_id":3314,"player_name":"Marco Verratti","vaep_value":0.0212038742,"offensive_value":0.0021492452,"defensive_value":0.019054629,"count":82},"3":{"player_id":3334,"player_name":"Thiago Emiliano da Silva","vaep_value":0.3301696518,"offensive_value":0.3230207073,"defensive_value":0.0071489445,"count":95},"4":{"player_id":14862,"player_name":"Presnel Kimpembe","vaep_value":-0.0523736671,"offensive_value":-0.0424230311,"defensive_value":-0.009950636,"count":6},"5":{"player_id":20394,"player_name":"Adrien Rabiot","vaep_value":0.1725976194,"offensive_value":0.0703914276,"defensive_value":0.1022061917,"count":61},"6":{"player_id":21174,"player_name":"Presnel Kimpembe","vaep_value":-0.0474537248,"offensive_value":-0.0364475126,"defensive_value":-0.0110062122,"count":23},"7":{"player_id":21383,"player_name":"Thiago Motta","vaep_value":0.3737801027,"offensive_value":0.3915748468,"defensive_value":-0.0177947441,"count":110},"8":{"player_id":25418,"player_name":"Presnel Kimpembe","vaep_value":0.0741343024,"offensive_value":0.0906648204,"defensive_value":-0.016530518,"count":20},"9":{"player_id":25439,"player_name":"Thiago Emiliano da Silva","vaep_value":0.2368563832,"offensive_value":0.1742550052,"defensive_value":0.062601378,"count":94},"10":{"player_id":25440,"player_name":"Daniel Alves da Silva","vaep_value":0.9195487328,"offensive_value":0.9308189913,"defensive_value":-0.0112702585,"count":17},"11":{"player_id":25745,"player_name":"Marco Verratti","vaep_value":-0.5773371855,"offensive_value":-0.1162314428,"defensive_value":-0.4611057427,"count":35},"12":{"player_id":25860,"player_name":"Thiago Emiliano da Silva","vaep_value":1.1070035888,"offensive_value":1.0244913361,"defensive_value":0.0825122527,"count":31},"13":{"player_id":40810,"player_name":"Marco Verratti","vaep_value":1.9353050736,"offensive_value":1.9981634997,"defensive_value":-0.0628584262,"count":92},"14":{"player_id":43196,"player_name":"Thiago Motta","vaep_value":0.2725302497,"offensive_value":0.0736894851,"defensive_value":0.1988407646,"count":50},"15":{"player_id":49919,"player_name":"Marco Verratti","vaep_value":0.1581912887,"offensive_value":0.1834965169,"defensive_value":-0.0253052282,"count":44},"16":{"player_id":50812,"player_name":"\u00c1ngel Fabi\u00e1n di Mar\u00eda Hern\u00e1ndez","vaep_value":0.0119796933,"offensive_value":0.0207170644,"defensive_value":-0.0087373711,"count":23},"17":{"player_id":134512,"player_name":"Jacques Fran\u00e7ois Moubandje","vaep_value":0.0740372356,"offensive_value":0.0941134618,"defensive_value":-0.0200762262,"count":27},"18":{"player_id":134540,"player_name":"\u00c1ngel Fabi\u00e1n di Mar\u00eda Hern\u00e1ndez","vaep_value":0.885926127,"offensive_value":0.8884295417,"defensive_value":-0.0025034148,"count":72},"19":{"player_id":144884,"player_name":"Alban Lafont","vaep_value":-0.0044985893,"offensive_value":0.0258334873,"defensive_value":-0.0303320766,"count":29},"20":{"player_id":209117,"player_name":"Alban Lafont","vaep_value":1.3154506215,"offensive_value":1.2279548115,"defensive_value":0.08749581,"count":89},"21":{"player_id":231138,"player_name":"Layvin Kurzawa","vaep_value":0.0909134352,"offensive_value":0.164249795,"defensive_value":-0.0733363598,"count":55},"22":{"player_id":253333,"player_name":"Adrien Rabiot","vaep_value":0.2053903698,"offensive_value":0.0409281508,"defensive_value":0.164462219,"count":22},"23":{"player_id":286380,"player_name":"Ola Toivonen","vaep_value":0.1596752122,"offensive_value":0.0097863002,"defensive_value":0.149888912,"count":40},"24":{"player_id":286382,"player_name":"Marco Verratti","vaep_value":-0.0503142636,"offensive_value":0.0261571623,"defensive_value":-0.0764714258,"count":12},"25":{"player_id":288423,"player_name":"Layvin Kurzawa","vaep_value":-0.0406396348,"offensive_value":-0.0057416469,"defensive_value":-0.034897988,"count":8},"26":{"player_id":352986,"player_name":"Neymar da Silva Santos Junior","vaep_value":0.0481871538,"offensive_value":0.1422729611,"defensive_value":-0.0940858073,"count":47},"27":{"player_id":356237,"player_name":"Thiago Motta","vaep_value":0.0488313982,"offensive_value":0.0446750261,"defensive_value":0.0041563722,"count":6},"28":{"player_id":404213,"player_name":"Neymar da Silva Santos Junior","vaep_value":0.2325712675,"offensive_value":0.1969347894,"defensive_value":0.0356364781,"count":39}}