{"0":{"player_id":0,"player_name":"Tammy Abraham","vaep_value":0.0563214092,"offensive_value":0.0715933973,"defensive_value":-0.0152719881,"count":5},"1":{"player_id":262,"player_name":"Sam Clucas","vaep_value":-0.0971296006,"offensive_value":0.0138243166,"defensive_value":-0.1109539171,"count":48},"2":{"player_id":284,"player_name":"Alfie Mawson","vaep_value":0.2157185634,"offensive_value":0.0836486337,"defensive_value":0.1320699297,"count":54},"3":{"player_id":454,"player_name":"Mike van der Hoorn","vaep_value":-0.0529791034,"offensive_value":-0.0345399433,"defensive_value":-0.0184391601,"count":38},"4":{"player_id":7847,"player_name":"Kyle Naughton","vaep_value":0.1989523544,"offensive_value":0.2580372214,"defensive_value":-0.059084867,"count":38},"5":{"player_id":7958,"player_name":"Leroy Fer","vaep_value":0.0734904059,"offensive_value":0.0766479559,"defensive_value":-0.00315755,"count":38},"6":{"player_id":7988,"player_name":"Kyle Naughton","vaep_value":0.1778689795,"offensive_value":0.1766516145,"defensive_value":0.001217365,"count":49},"7":{"player_id":8049,"player_name":"James Tomkins","vaep_value":0.0176784039,"offensive_value":-0.0004162349,"defensive_value":0.0180946388,"count":33},"8":{"player_id":8142,"player_name":"Kyle Naughton","vaep_value":0.1464516459,"offensive_value":0.1329137923,"defensive_value":0.0135378536,"count":54},"9":{"player_id":8186,"player_name":"Alfie Mawson","vaep_value":0.2602979288,"offensive_value":0.1855547677,"defensive_value":0.0747431611,"count":56},"10":{"player_id":8192,"player_name":"Tom Carroll","vaep_value":0.02436003,"offensive_value":0.0145977878,"defensive_value":0.0097622422,"count":39},"11":{"player_id":8221,"player_name":"Martin Olsson","vaep_value":0.120134557,"offensive_value":0.1438828376,"defensive_value":-0.0237482806,"count":73},"12":{"player_id":8336,"player_name":"Alfie Mawson","vaep_value":0.1754267626,"offensive_value":0.1436057594,"defensive_value":0.0318210032,"count":77},"13":{"player_id":8425,"player_name":"\u0141ukasz Fabia\u0144ski","vaep_value":0.0231586023,"offensive_value":0.0826457018,"defensive_value":-0.0594870995,"count":30},"14":{"player_id":8471,"player_name":"Joel Ward","vaep_value":0.0674869017,"offensive_value":0.0979225023,"defensive_value":-0.0304356007,"count":50},"15":{"player_id":8554,"player_name":"James McArthur","vaep_value":0.0554991385,"offensive_value":0.0360469875,"defensive_value":0.019452151,"count":28},"16":{"player_id":8623,"player_name":"James Tomkins","vaep_value":-0.024661051,"offensive_value":-0.0292268387,"defensive_value":0.0045657877,"count":54},"17":{"player_id":8976,"player_name":"Patrick  van Aanholt","vaep_value":-0.032436254,"offensive_value":0.0161512317,"defensive_value":-0.0485874857,"count":59},"18":{"player_id":10252,"player_name":"James Tomkins","vaep_value":0.1824089599,"offensive_value":0.1014544981,"defensive_value":0.0809544618,"count":62},"19":{"player_id":21164,"player_name":"Federico Fern\u00e1ndez","vaep_value":0.0260347211,"offensive_value":0.1330619692,"defensive_value":-0.1070272481,"count":59},"20":{"player_id":25571,"player_name":"Kyle Naughton","vaep_value":0.8509782983,"offensive_value":0.8189395699,"defensive_value":0.0320387284,"count":33},"21":{"player_id":38031,"player_name":"Jason Puncheon","vaep_value":0.0556093534,"offensive_value":0.0728244581,"defensive_value":-0.0172151048,"count":20},"22":{"player_id":77541,"player_name":"James Tomkins","vaep_value":0.0215629412,"offensive_value":0.0137258768,"defensive_value":0.0078370644,"count":3},"23":{"player_id":77557,"player_name":"Luka Milivojevi\u0107","vaep_value":0.0062151436,"offensive_value":-0.0103681316,"defensive_value":0.0165832752,"count":17},"24":{"player_id":127537,"player_name":"Scott Dann","vaep_value":0.1476211658,"offensive_value":0.0297695255,"defensive_value":0.1178516403,"count":44},"25":{"player_id":246866,"player_name":"Kyle Naughton","vaep_value":0.1828168341,"offensive_value":0.1179461181,"defensive_value":0.064870716,"count":94},"26":{"player_id":288865,"player_name":"Tammy Abraham","vaep_value":0.0120787608,"offensive_value":-0.0027622404,"defensive_value":0.0148410012,"count":8},"27":{"player_id":343951,"player_name":"Kyle Naughton","vaep_value":0.8599125778,"offensive_value":0.8686649827,"defensive_value":-0.0087524049,"count":30},"28":{"player_id":397168,"player_name":"Leroy Fer","vaep_value":-0.0077556709,"offensive_value":0.1271712532,"defensive_value":-0.1349269241,"count":70}}