{"0":{"player_id":0,"player_name":"Luca Cigarini","vaep_value":0.0431502535,"offensive_value":0.057451535,"defensive_value":-0.0143012815,"count":5},"1":{"player_id":3885,"player_name":"Fabio Pisacane","vaep_value":-0.0042669772,"offensive_value":0.0442640042,"defensive_value":-0.0485309814,"count":48},"2":{"player_id":11156,"player_name":"Federico Ceccherini","vaep_value":-0.0445027039,"offensive_value":-0.038734376,"defensive_value":-0.0057683279,"count":22},"3":{"player_id":16922,"player_name":"Nicol\u00f2 Barella","vaep_value":-0.0107847406,"offensive_value":-0.0149740987,"defensive_value":0.0041893581,"count":15},"4":{"player_id":20472,"player_name":"Luca Cigarini","vaep_value":-0.0557588682,"offensive_value":-0.0364805199,"defensive_value":-0.0192783483,"count":63},"5":{"player_id":20636,"player_name":"Nicol\u00f2 Barella","vaep_value":0.4228289607,"offensive_value":0.3617297518,"defensive_value":0.0610992089,"count":74},"6":{"player_id":20815,"player_name":"Simone Padoin","vaep_value":0.145256469,"offensive_value":0.1439375796,"defensive_value":0.0013188894,"count":41},"7":{"player_id":20850,"player_name":"Marco Andreolli","vaep_value":0.3845121254,"offensive_value":0.3693937356,"defensive_value":0.0151183899,"count":89},"8":{"player_id":20875,"player_name":"Fabio Pisacane","vaep_value":-0.0671833082,"offensive_value":-0.0917239434,"defensive_value":0.0245406352,"count":48},"9":{"player_id":21280,"player_name":"Marco Capuano","vaep_value":0.1195011389,"offensive_value":0.0748968337,"defensive_value":0.0446043052,"count":63},"10":{"player_id":21370,"player_name":"Marcus Christer Rohd\u00e9n","vaep_value":0.0501063919,"offensive_value":0.1566933035,"defensive_value":-0.1065869116,"count":66},"11":{"player_id":21494,"player_name":"Nicol\u00f2 Barella","vaep_value":0.284745438,"offensive_value":0.186144792,"defensive_value":0.098600646,"count":44},"12":{"player_id":21528,"player_name":"Fabio Pisacane","vaep_value":-0.0204142409,"offensive_value":0.0401777196,"defensive_value":-0.0605919604,"count":51},"13":{"player_id":21655,"player_name":"Marco Andreolli","vaep_value":0.0317754004,"offensive_value":0.0311561853,"defensive_value":0.0006192152,"count":51},"14":{"player_id":21865,"player_name":"Fabio Pisacane","vaep_value":0.7766318818,"offensive_value":0.7851503864,"defensive_value":-0.0085185046,"count":38},"15":{"player_id":22185,"player_name":"Marco Andreolli","vaep_value":0.1297108784,"offensive_value":0.1186108971,"defensive_value":0.0110999813,"count":49},"16":{"player_id":22732,"player_name":"Leonardo Pavoletti","vaep_value":0.0696199051,"offensive_value":0.0856674251,"defensive_value":-0.01604752,"count":81},"17":{"player_id":22933,"player_name":"Simone Padoin","vaep_value":-0.002096419,"offensive_value":-0.0102441665,"defensive_value":0.0081477475,"count":48},"18":{"player_id":23314,"player_name":"Simone Padoin","vaep_value":-0.0000883239,"offensive_value":0.0000606032,"defensive_value":-0.0001489271,"count":12},"19":{"player_id":50073,"player_name":"Bruno Martella","vaep_value":0.0882355281,"offensive_value":0.0524194217,"defensive_value":0.0358161064,"count":18},"20":{"player_id":51151,"player_name":"Luca Cigarini","vaep_value":0.1731174114,"offensive_value":0.0767941338,"defensive_value":0.0963232777,"count":29},"21":{"player_id":69513,"player_name":"Nicol\u00f2 Barella","vaep_value":-0.1260869675,"offensive_value":-0.1118754455,"defensive_value":-0.0142115221,"count":42},"22":{"player_id":116171,"player_name":"Simone Padoin","vaep_value":-0.1794613404,"offensive_value":-0.1456317869,"defensive_value":-0.0338295535,"count":40},"23":{"player_id":134413,"player_name":"Adrian Marius Stoian","vaep_value":0.1322907733,"offensive_value":0.1657480889,"defensive_value":-0.0334573155,"count":39},"24":{"player_id":220359,"player_name":"Marco Capuano","vaep_value":0.0274806714,"offensive_value":-0.0086767825,"defensive_value":0.0361574539,"count":11},"25":{"player_id":286223,"player_name":"Nicol\u00f2 Barella","vaep_value":0.2306963786,"offensive_value":0.1939601642,"defensive_value":0.0367362144,"count":80},"26":{"player_id":302799,"player_name":"Simone Padoin","vaep_value":0.1661828126,"offensive_value":0.0931682247,"defensive_value":0.0730145879,"count":43},"27":{"player_id":347026,"player_name":"Luca Cigarini","vaep_value":0.0412967388,"offensive_value":0.0183219345,"defensive_value":0.0229748043,"count":21},"28":{"player_id":368642,"player_name":"Simone Padoin","vaep_value":0.0221075095,"offensive_value":-0.0023277375,"defensive_value":0.0244352471,"count":10}}