{"0":{"player_id":0,"player_name":"Carlos Joaqu\u00edn Correa","vaep_value":0.0131426605,"offensive_value":0.0268400698,"defensive_value":-0.0136974093,"count":8},"1":{"player_id":3280,"player_name":"Steven N'Kemboanza Mike Christopher N'Zonzi","vaep_value":-0.0424650566,"offensive_value":-0.0930813353,"defensive_value":0.0506162787,"count":33},"2":{"player_id":3474,"player_name":"Simon Thorup Kj\u00e6r","vaep_value":-0.0357994747,"offensive_value":-0.0323639463,"defensive_value":-0.0034355284,"count":14},"3":{"player_id":3934,"player_name":"Cl\u00e9ment Lenglet","vaep_value":0.0850237367,"offensive_value":0.0887278178,"defensive_value":-0.0037040811,"count":19},"4":{"player_id":3963,"player_name":"Sergio Escudero Palomo","vaep_value":0.1892336793,"offensive_value":0.2062611331,"defensive_value":-0.0170274538,"count":39},"5":{"player_id":4013,"player_name":"Gabriel Appelt Pires","vaep_value":0.1248254057,"offensive_value":0.1191305213,"defensive_value":0.0056948843,"count":35},"6":{"player_id":4015,"player_name":"Gabriel Appelt Pires","vaep_value":0.9901301483,"offensive_value":0.9829761942,"defensive_value":0.0071539541,"count":48},"7":{"player_id":4683,"player_name":"Rub\u00e9n Salvador P\u00e9rez Del M\u00e1rmol","vaep_value":0.2054150148,"offensive_value":0.2095332326,"defensive_value":-0.0041182177,"count":44},"8":{"player_id":6281,"player_name":"Iv\u00e1n Cu\u00e9llar Sacrist\u00e1n","vaep_value":0.2459050961,"offensive_value":0.2333983548,"defensive_value":0.0125067412,"count":45},"9":{"player_id":6370,"player_name":"Simon Thorup Kj\u00e6r","vaep_value":-0.1312675017,"offensive_value":-0.0960448529,"defensive_value":-0.0352226488,"count":27},"10":{"player_id":6513,"player_name":"Guido Hern\u00e1n Pizarro","vaep_value":0.212510821,"offensive_value":0.3058703944,"defensive_value":-0.0933595734,"count":77},"11":{"player_id":8200,"player_name":"Michael Krohn-Dehli","vaep_value":-0.0335246081,"offensive_value":-0.0693479792,"defensive_value":0.035823371,"count":84},"12":{"player_id":14852,"player_name":"Joseba Zald\u00faa Bengoetxea","vaep_value":0.1392228515,"offensive_value":0.1382192667,"defensive_value":0.0010035849,"count":77},"13":{"player_id":20433,"player_name":"Cl\u00e9ment Lenglet","vaep_value":0.1519547061,"offensive_value":0.1230892472,"defensive_value":0.0288654589,"count":72},"14":{"player_id":25452,"player_name":"Sergio Escudero Palomo","vaep_value":-0.0557519344,"offensive_value":0.1996443019,"defensive_value":-0.2553962363,"count":43},"15":{"player_id":25795,"player_name":"Sergio Escudero Palomo","vaep_value":0.9570757964,"offensive_value":0.9657071156,"defensive_value":-0.0086313192,"count":38},"16":{"player_id":26167,"player_name":"Carlos Joaqu\u00edn Correa","vaep_value":-0.0587830901,"offensive_value":-0.0309433199,"defensive_value":-0.0278397702,"count":23},"17":{"player_id":32968,"player_name":"Carlos Joaqu\u00edn Correa","vaep_value":0.0471553596,"offensive_value":-0.0596953848,"defensive_value":0.1068507445,"count":29},"18":{"player_id":43051,"player_name":"Sergio Escudero Palomo","vaep_value":-0.0056756828,"offensive_value":0.1259465114,"defensive_value":-0.1316221942,"count":59},"19":{"player_id":56025,"player_name":"Cl\u00e9ment Lenglet","vaep_value":-0.0037529469,"offensive_value":-0.0150412754,"defensive_value":0.0112883286,"count":34},"20":{"player_id":70125,"player_name":"Simon Thorup Kj\u00e6r","vaep_value":-0.251588256,"offensive_value":-0.2524052265,"defensive_value":0.0008169705,"count":31},"21":{"player_id":86716,"player_name":"Guido Hern\u00e1n Pizarro","vaep_value":0.0986250484,"offensive_value":0.1314474546,"defensive_value":-0.0328224062,"count":38},"22":{"player_id":86828,"player_name":"Simon Thorup Kj\u00e6r","vaep_value":0.17538129,"offensive_value":0.1175650519,"defensive_value":0.0578162381,"count":78},"23":{"player_id":93003,"player_name":"Steven N'Kemboanza Mike Christopher N'Zonzi","vaep_value":-0.0168492841,"offensive_value":0.0241091199,"defensive_value":-0.040958404,"count":50},"24":{"player_id":127928,"player_name":"Simon Thorup Kj\u00e6r","vaep_value":0.1387077038,"offensive_value":0.0812096038,"defensive_value":0.0574981,"count":24},"25":{"player_id":134503,"player_name":"Cl\u00e9ment Lenglet","vaep_value":0.2978208619,"offensive_value":0.188610948,"defensive_value":0.1092099138,"count":84},"26":{"player_id":207001,"player_name":"Sergio Escudero Palomo","vaep_value":0.0437008288,"offensive_value":0.0413623957,"defensive_value":0.0023384331,"count":29},"27":{"player_id":265807,"player_name":"Cl\u00e9ment Lenglet","vaep_value":-0.0973422125,"offensive_value":-0.0987354529,"defensive_value":0.0013932404,"count":7},"28":{"player_id":278320,"player_name":"Steven N'Kemboanza Mike Christopher N'Zonzi","vaep_value":0.0600804314,"offensive_value":0.1188157175,"defensive_value":-0.0587352861,"count":38}}