{"0":{"player_id":3318,"player_name":"Mesut \u00d6zil","vaep_value":0.0608266112,"offensive_value":0.0320464263,"defensive_value":0.0287801849,"count":96},"1":{"player_id":3319,"player_name":"J\u00e9r\u00f4me Boateng","vaep_value":0.1978235202,"offensive_value":0.1863602975,"defensive_value":0.0114632227,"count":67},"2":{"player_id":14712,"player_name":"Toni Kroos","vaep_value":0.1990201098,"offensive_value":0.2452653249,"defensive_value":-0.0462452151,"count":46},"3":{"player_id":14716,"player_name":"Jonas Hector","vaep_value":0.4958177149,"offensive_value":0.4935749169,"defensive_value":0.002242798,"count":117},"4":{"player_id":14723,"player_name":"Shkodran Mustafi","vaep_value":0.3899912771,"offensive_value":0.4368893449,"defensive_value":-0.0468980677,"count":128},"5":{"player_id":14728,"player_name":"J\u00e9r\u00f4me Boateng","vaep_value":0.8088864393,"offensive_value":0.8154043276,"defensive_value":-0.0065178883,"count":5},"6":{"player_id":14732,"player_name":"Andriy Pyatov","vaep_value":0.314881796,"offensive_value":0.2936675231,"defensive_value":0.0212142729,"count":62},"7":{"player_id":14789,"player_name":"Shkodran Mustafi","vaep_value":0.0302870731,"offensive_value":0.0207149796,"defensive_value":0.0095720935,"count":7},"8":{"player_id":14806,"player_name":"Shkodran Mustafi","vaep_value":-0.0855962439,"offensive_value":-0.0664929367,"defensive_value":-0.0191033072,"count":42},"9":{"player_id":14855,"player_name":"Manuel Neuer","vaep_value":0.0538988188,"offensive_value":0.0530750457,"defensive_value":0.0008237731,"count":51},"10":{"player_id":14862,"player_name":"J\u00e9r\u00f4me Boateng","vaep_value":-0.0787247429,"offensive_value":-0.1159910525,"defensive_value":0.0372663095,"count":59},"11":{"player_id":18669,"player_name":"Shkodran Mustafi","vaep_value":-0.0209594128,"offensive_value":-0.0180597195,"defensive_value":-0.0028996933,"count":75},"12":{"player_id":20612,"player_name":"J\u00e9r\u00f4me Boateng","vaep_value":1.0258484794,"offensive_value":0.9883959118,"defensive_value":0.0374525676,"count":87},"13":{"player_id":105320,"player_name":"Sami Khedira","vaep_value":0.1607673657,"offensive_value":0.1576529387,"defensive_value":0.003114427,"count":40},"14":{"player_id":105329,"player_name":"J\u00e9r\u00f4me Boateng","vaep_value":0.2046453173,"offensive_value":0.1425019152,"defensive_value":0.0621434021,"count":59},"15":{"player_id":105331,"player_name":"Sami Khedira","vaep_value":0.2165600917,"offensive_value":-0.0878672661,"defensive_value":0.3044273579,"count":52},"16":{"player_id":105341,"player_name":"J\u00e9r\u00f4me Boateng","vaep_value":-0.0026798323,"offensive_value":-0.0499702527,"defensive_value":0.0472904204,"count":28},"17":{"player_id":105344,"player_name":"Mesut \u00d6zil","vaep_value":0.0327976465,"offensive_value":0.0242543565,"defensive_value":0.00854329,"count":10},"18":{"player_id":105378,"player_name":"Thomas M\u00fcller","vaep_value":-0.3374346201,"offensive_value":-0.2184693902,"defensive_value":-0.1189652298,"count":52},"19":{"player_id":105380,"player_name":"Benedikt H\u00f6wedes","vaep_value":0.0035993013,"offensive_value":0.0061238816,"defensive_value":-0.0025245802,"count":5},"20":{"player_id":105503,"player_name":"J\u00e9r\u00f4me Boateng","vaep_value":0.1616143364,"offensive_value":0.1259627478,"defensive_value":0.0356515886,"count":28},"21":{"player_id":105518,"player_name":"Manuel Neuer","vaep_value":0.1889094197,"offensive_value":0.1280703102,"defensive_value":0.0608391094,"count":46},"22":{"player_id":105595,"player_name":"Toni Kroos","vaep_value":-0.0330634794,"offensive_value":-0.0228236158,"defensive_value":-0.0102398636,"count":37},"23":{"player_id":105622,"player_name":"J\u00e9r\u00f4me Boateng","vaep_value":0.1509861342,"offensive_value":0.0372423402,"defensive_value":0.1137437941,"count":48},"24":{"player_id":241564,"player_name":"Shkodran Mustafi","vaep_value":0.0198823845,"offensive_value":0.0380235498,"defensive_value":-0.0181411653,"count":8},"25":{"player_id":241566,"player_name":"Toni Kroos","vaep_value":0.0612336498,"offensive_value":-0.0138921206,"defensive_value":0.0751257704,"count":22}}