{"0":{"player_id":0,"player_name":"Arnaldo Antonio Sanabria Ayala","vaep_value":0.0646031207,"offensive_value":0.0856006978,"defensive_value":-0.0209975771,"count":11},"1":{"player_id":254,"player_name":"Francisco Javier  Garc\u00eda Fern\u00e1ndez","vaep_value":0.2863753005,"offensive_value":0.2517204189,"defensive_value":0.0346548817,"count":55},"2":{"player_id":3270,"player_name":"A\u00efssa Mandi","vaep_value":-0.0090158,"offensive_value":0.1486611873,"defensive_value":-0.1576769872,"count":67},"3":{"player_id":3358,"player_name":"H\u00e9ctor Junior Firpo Adames","vaep_value":-0.0167082554,"offensive_value":-0.0210466618,"defensive_value":0.0043384064,"count":11},"4":{"player_id":3384,"player_name":"A\u00efssa Mandi","vaep_value":0.0789380723,"offensive_value":0.01815138,"defensive_value":0.0607866923,"count":23},"5":{"player_id":3571,"player_name":"Jordi Amat Maas","vaep_value":0.0148020635,"offensive_value":0.0448472012,"defensive_value":-0.0300451377,"count":57},"6":{"player_id":3705,"player_name":"A\u00efssa Mandi","vaep_value":-0.0342767434,"offensive_value":-0.1059956832,"defensive_value":0.0717189398,"count":54},"7":{"player_id":3719,"player_name":"Ignasi Miquel i Pons","vaep_value":0.1050925999,"offensive_value":0.1120203717,"defensive_value":-0.0069277718,"count":21},"8":{"player_id":3779,"player_name":"Diego Gonz\u00e1lez Polanco","vaep_value":-0.1275106492,"offensive_value":-0.1487742986,"defensive_value":0.0212636495,"count":4},"9":{"player_id":3788,"player_name":"Roberto Jim\u00e9nez Gago","vaep_value":0.1489641757,"offensive_value":0.0904566771,"defensive_value":0.0585074986,"count":84},"10":{"player_id":4009,"player_name":"Jordi Amat Maas","vaep_value":0.2451331544,"offensive_value":0.1705751379,"defensive_value":0.0745580165,"count":63},"11":{"player_id":5472,"player_name":"Roberto Jim\u00e9nez Gago","vaep_value":0.3346783107,"offensive_value":0.2827492029,"defensive_value":0.0519291078,"count":45},"12":{"player_id":6577,"player_name":"Youssef En-Nesyri","vaep_value":0.4072097808,"offensive_value":0.2073471555,"defensive_value":0.1998626252,"count":52},"13":{"player_id":7857,"player_name":"Youssef En-Nesyri","vaep_value":0.2567721106,"offensive_value":0.3075651508,"defensive_value":-0.0507930402,"count":65},"14":{"player_id":25461,"player_name":"Jordi Amat Maas","vaep_value":-0.0048506849,"offensive_value":-0.0644622149,"defensive_value":0.05961153,"count":43},"15":{"player_id":26307,"player_name":"Pedro L\u00f3pez Galisteo","vaep_value":0.4693834584,"offensive_value":0.1723435976,"defensive_value":0.2970398607,"count":102},"16":{"player_id":37836,"player_name":"Roberto Jos\u00e9 Rosales Altuve","vaep_value":0.0510219729,"offensive_value":0.1296780909,"defensive_value":-0.078656118,"count":48},"17":{"player_id":56009,"player_name":"Isaac  Ajayi Success","vaep_value":0.9372188452,"offensive_value":0.9514765537,"defensive_value":-0.0142577085,"count":63},"18":{"player_id":70120,"player_name":"A\u00efssa Mandi","vaep_value":0.1703911878,"offensive_value":0.0772816146,"defensive_value":0.0931095731,"count":68},"19":{"player_id":105616,"player_name":"Ryad Boudebouz","vaep_value":-0.0136498975,"offensive_value":-0.0089693723,"defensive_value":-0.0046805253,"count":2},"20":{"player_id":116283,"player_name":"H\u00e9ctor Junior Firpo Adames","vaep_value":0.0761578549,"offensive_value":0.0549487224,"defensive_value":0.0212091325,"count":46},"21":{"player_id":225946,"player_name":"H\u00e9ctor Junior Firpo Adames","vaep_value":-0.1828164401,"offensive_value":-0.1689716685,"defensive_value":-0.0138447717,"count":25},"22":{"player_id":247169,"player_name":"Riza Durmisi","vaep_value":0.2242977761,"offensive_value":0.0596461855,"defensive_value":0.1646515906,"count":35},"23":{"player_id":275293,"player_name":"H\u00e9ctor Junior Firpo Adames","vaep_value":0.0201462028,"offensive_value":0.0073270365,"defensive_value":0.0128191663,"count":5},"24":{"player_id":285509,"player_name":"Jordi Amat Maas","vaep_value":0.0458613796,"offensive_value":0.0338323873,"defensive_value":0.0120289923,"count":38},"25":{"player_id":346195,"player_name":"A\u00efssa Mandi","vaep_value":1.1056248895,"offensive_value":1.075858628,"defensive_value":0.0297662615,"count":81},"26":{"player_id":364820,"player_name":"Jordi Amat Maas","vaep_value":0.114222861,"offensive_value":0.0970144405,"defensive_value":0.0172084206,"count":18},"27":{"player_id":364850,"player_name":"Joaqu\u00edn S\u00e1nchez Rodr\u00edguez","vaep_value":0.0155482084,"offensive_value":0.0210123667,"defensive_value":-0.0054641583,"count":66},"28":{"player_id":447821,"player_name":"Jordi Amat Maas","vaep_value":0.9634733023,"offensive_value":1.0164758964,"defensive_value":-0.053002594,"count":35}}