{"0":{"player_id":0,"player_name":"Alessandro Murgia","vaep_value":0.0079557862,"offensive_value":0.0442705615,"defensive_value":-0.0363147754,"count":8},"1":{"player_id":130,"player_name":"Stefan de Vrij","vaep_value":0.0052873779,"offensive_value":-0.0075407224,"defensive_value":0.0128281002,"count":18},"2":{"player_id":3484,"player_name":"Sergej Milinkovi\u0107-Savi\u0107","vaep_value":2.0963863875,"offensive_value":2.0517783296,"defensive_value":0.0446080578,"count":101},"3":{"player_id":7965,"player_name":"Sergej Milinkovi\u0107-Savi\u0107","vaep_value":0.4284040547,"offensive_value":0.3499414069,"defensive_value":0.0784626479,"count":72},"4":{"player_id":20460,"player_name":"Ciro Immobile","vaep_value":1.1154495659,"offensive_value":1.057286536,"defensive_value":0.05816303,"count":54},"5":{"player_id":20561,"player_name":"Bryan Dabo","vaep_value":0.117001185,"offensive_value":0.0751774167,"defensive_value":0.0418237683,"count":21},"6":{"player_id":21025,"player_name":"Germ\u00e1n Alejandro Pezzella","vaep_value":-0.0128463664,"offensive_value":-0.0132969824,"defensive_value":0.000450616,"count":15},"7":{"player_id":21384,"player_name":"Giovanni Pablo Simeone","vaep_value":-0.2220003352,"offensive_value":-0.2323855497,"defensive_value":0.0103852145,"count":47},"8":{"player_id":21842,"player_name":"Giovanni Pablo Simeone","vaep_value":0.3760338929,"offensive_value":0.3552045997,"defensive_value":0.0208292932,"count":66},"9":{"player_id":21861,"player_name":"Gil Basti\u00e3o Dias","vaep_value":0.0503552244,"offensive_value":0.0327393474,"defensive_value":0.017615877,"count":8},"10":{"player_id":23705,"player_name":"Gil Basti\u00e3o Dias","vaep_value":-0.0433664869,"offensive_value":0.0379186783,"defensive_value":-0.0812851652,"count":4},"11":{"player_id":25541,"player_name":"Adam Maru\u0161i\u0107","vaep_value":2.3381586353,"offensive_value":2.2651195765,"defensive_value":0.0730390588,"count":67},"12":{"player_id":26000,"player_name":"Adam Maru\u0161i\u0107","vaep_value":0.2043307378,"offensive_value":0.1493275147,"defensive_value":0.0550032231,"count":57},"13":{"player_id":37745,"player_name":"Alessandro Murgia","vaep_value":0.0565857446,"offensive_value":0.0637581444,"defensive_value":-0.0071723998,"count":46},"14":{"player_id":40806,"player_name":"Vitor Hugo Franchescoli de Souza","vaep_value":1.2167872826,"offensive_value":1.1920186417,"defensive_value":0.0247686409,"count":67},"15":{"player_id":44510,"player_name":"Nikola Milenkovi\u0107","vaep_value":0.2304294722,"offensive_value":0.1353503719,"defensive_value":0.0950791003,"count":60},"16":{"player_id":86328,"player_name":"Bryan Dabo","vaep_value":0.0884801978,"offensive_value":0.0036695286,"defensive_value":0.0848106692,"count":49},"17":{"player_id":101635,"player_name":"Jordan Zacharie Lukaku Menama Mokelenge","vaep_value":-0.0005232927,"offensive_value":-0.028518067,"defensive_value":0.0279947743,"count":6},"18":{"player_id":166534,"player_name":"Luis Alberto Romero Alconchel","vaep_value":0.1011250741,"offensive_value":0.1103536536,"defensive_value":-0.0092285795,"count":35},"19":{"player_id":228928,"player_name":"Bryan Dabo","vaep_value":0.0768718596,"offensive_value":0.0300665133,"defensive_value":0.0468053462,"count":65},"20":{"player_id":265431,"player_name":"Jos\u00e9 Mart\u00edn C\u00e1ceres Silva","vaep_value":0.1565991588,"offensive_value":0.0621788751,"defensive_value":0.0944202837,"count":18},"21":{"player_id":265865,"player_name":"Bryan Dabo","vaep_value":0.1839457389,"offensive_value":0.1374179939,"defensive_value":0.046527745,"count":67},"22":{"player_id":269152,"player_name":"Stefan de Vrij","vaep_value":-0.1232382752,"offensive_value":-0.1042868595,"defensive_value":-0.0189514157,"count":29},"23":{"player_id":338249,"player_name":"Stefan de Vrij","vaep_value":0.0815455846,"offensive_value":0.0722782419,"defensive_value":0.0092673427,"count":31},"24":{"player_id":346908,"player_name":"Stefan de Vrij","vaep_value":-0.0638526503,"offensive_value":-0.0286893795,"defensive_value":-0.0351632709,"count":9},"25":{"player_id":376362,"player_name":"Lucas  Pezzini Leiva","vaep_value":-0.3212847228,"offensive_value":0.0872137458,"defensive_value":-0.4084984686,"count":62},"26":{"player_id":424241,"player_name":"Luis Alberto Romero Alconchel","vaep_value":0.0690022258,"offensive_value":0.082778267,"defensive_value":-0.0137760412,"count":41},"27":{"player_id":447804,"player_name":"Sergej Milinkovi\u0107-Savi\u0107","vaep_value":0.2630746256,"offensive_value":0.1747693084,"defensive_value":0.0883053172,"count":65}}