{"0":{"player_id":0,"player_name":"Hamza Choudhury","vaep_value":0.0634430227,"offensive_value":0.0803791182,"defensive_value":-0.0169360955,"count":9},"1":{"player_id":454,"player_name":"Harry  Maguire","vaep_value":1.1374839529,"offensive_value":1.1421230594,"defensive_value":-0.0046391065,"count":65},"2":{"player_id":7988,"player_name":"Demarai Gray","vaep_value":0.1565710736,"offensive_value":0.1170853162,"defensive_value":0.0394857574,"count":59},"3":{"player_id":8013,"player_name":"Demarai Gray","vaep_value":0.1554795888,"offensive_value":0.1158190185,"defensive_value":0.0396605703,"count":61},"4":{"player_id":8049,"player_name":"Harry  Maguire","vaep_value":-0.0251771583,"offensive_value":-0.0238215453,"defensive_value":-0.001355613,"count":3},"5":{"player_id":8066,"player_name":"Demarai Gray","vaep_value":0.0111724647,"offensive_value":0.0567500455,"defensive_value":-0.0455775808,"count":30},"6":{"player_id":8221,"player_name":"Wes Morgan","vaep_value":0.252062779,"offensive_value":0.2223540823,"defensive_value":0.0297086968,"count":56},"7":{"player_id":8422,"player_name":"Marc Albrighton","vaep_value":1.088330413,"offensive_value":1.112824983,"defensive_value":-0.02449457,"count":57},"8":{"player_id":8425,"player_name":"Kelechi Promise Iheanacho","vaep_value":0.1277195926,"offensive_value":0.1050639374,"defensive_value":0.0226556552,"count":24},"9":{"player_id":8471,"player_name":"Jamie Vardy","vaep_value":0.4244030667,"offensive_value":0.4186347822,"defensive_value":0.0057682845,"count":58},"10":{"player_id":8488,"player_name":"Patrick  van Aanholt","vaep_value":0.388062911,"offensive_value":0.0293252884,"defensive_value":0.3587376226,"count":45},"11":{"player_id":8501,"player_name":"Wayne  Hennessey","vaep_value":-0.08090724,"offensive_value":-0.0779661732,"defensive_value":-0.0029410668,"count":9},"12":{"player_id":8554,"player_name":"Onyinye Wilfred Ndidi","vaep_value":-0.0862935922,"offensive_value":-0.0450614935,"defensive_value":-0.0412320987,"count":29},"13":{"player_id":8623,"player_name":"James McArthur","vaep_value":0.6429565995,"offensive_value":0.7772575221,"defensive_value":-0.1343009226,"count":42},"14":{"player_id":8653,"player_name":"Yohan Cabaye","vaep_value":-0.2838462357,"offensive_value":0.0880192687,"defensive_value":-0.3718655044,"count":75},"15":{"player_id":12829,"player_name":"Joel Ward","vaep_value":-0.1843537758,"offensive_value":-0.2191109769,"defensive_value":0.0347572011,"count":11},"16":{"player_id":25430,"player_name":"James McArthur","vaep_value":0.3067500424,"offensive_value":0.3272071069,"defensive_value":-0.0204570644,"count":55},"17":{"player_id":26150,"player_name":"Joel Ward","vaep_value":-0.0644990803,"offensive_value":0.091083023,"defensive_value":-0.1555821033,"count":58},"18":{"player_id":38031,"player_name":"Wayne  Hennessey","vaep_value":0.1176352299,"offensive_value":0.124977548,"defensive_value":-0.0073423181,"count":5},"19":{"player_id":49859,"player_name":"Mamadou Sakho","vaep_value":0.0771681614,"offensive_value":0.0461281902,"defensive_value":0.0310399712,"count":31},"20":{"player_id":70403,"player_name":"Wayne  Hennessey","vaep_value":0.2577213269,"offensive_value":0.2118825879,"defensive_value":0.045838739,"count":27},"21":{"player_id":127537,"player_name":"Luka Milivojevi\u0107","vaep_value":0.3474613812,"offensive_value":0.3317485684,"defensive_value":0.0157128128,"count":73},"22":{"player_id":235555,"player_name":"James McArthur","vaep_value":1.0356033816,"offensive_value":1.0585457645,"defensive_value":-0.022942383,"count":66},"23":{"player_id":265366,"player_name":"Andros Townsend","vaep_value":0.1532903942,"offensive_value":0.0185311654,"defensive_value":0.1347592288,"count":37},"24":{"player_id":277002,"player_name":"Andros Townsend","vaep_value":0.0293024757,"offensive_value":0.0738415469,"defensive_value":-0.0445390712,"count":25},"25":{"player_id":283142,"player_name":"James McArthur","vaep_value":0.0079267533,"offensive_value":-0.0107139237,"defensive_value":0.018640677,"count":37},"26":{"player_id":285508,"player_name":"Ben Hamer","vaep_value":0.098045603,"offensive_value":0.0692942215,"defensive_value":0.0287513816,"count":22},"27":{"player_id":350976,"player_name":"Ben Hamer","vaep_value":0.0003006634,"offensive_value":0.1203585585,"defensive_value":-0.1200578951,"count":83},"28":{"player_id":419784,"player_name":"Harry  Maguire","vaep_value":0.0210412724,"offensive_value":0.003191261,"defensive_value":0.0178500115,"count":22}}