{"0":{"player_id":0,"player_name":"Joshua King","vaep_value":-0.0046865188,"offensive_value":0.0031547591,"defensive_value":-0.0078412779,"count":1},"1":{"player_id":93,"player_name":"Andrew Surman","vaep_value":0.2781229356,"offensive_value":0.1796961322,"defensive_value":0.0984268034,"count":47},"2":{"player_id":8125,"player_name":"Charlie Daniels","vaep_value":0.300964372,"offensive_value":0.1647565812,"defensive_value":0.1362077908,"count":48},"3":{"player_id":8296,"player_name":"Marc Pugh","vaep_value":0.0440063835,"offensive_value":0.0543923639,"defensive_value":-0.0103859804,"count":9},"4":{"player_id":8351,"player_name":"Charlie Daniels","vaep_value":0.2373054395,"offensive_value":0.1703503884,"defensive_value":0.066955051,"count":88},"5":{"player_id":8433,"player_name":"James  Tarkowski","vaep_value":0.0909881319,"offensive_value":0.0391594785,"defensive_value":0.0518286534,"count":58},"6":{"player_id":8516,"player_name":"Johann  Berg Gu\u00f0munds\u00adson","vaep_value":0.3020995079,"offensive_value":0.145659263,"defensive_value":0.1564402449,"count":54},"7":{"player_id":8726,"player_name":"Nathan Ak\u00e9","vaep_value":0.0559612128,"offensive_value":0.0675422226,"defensive_value":-0.0115810097,"count":30},"8":{"player_id":8925,"player_name":"Nathan Ak\u00e9","vaep_value":0.0112745991,"offensive_value":0.0009231521,"defensive_value":0.010351447,"count":3},"9":{"player_id":8944,"player_name":"Steve Cook","vaep_value":0.1659235157,"offensive_value":0.1883039606,"defensive_value":-0.0223804449,"count":41},"10":{"player_id":8980,"player_name":"Robbie Brady","vaep_value":0.0491659315,"offensive_value":0.0322206463,"defensive_value":0.0169452853,"count":24},"11":{"player_id":9123,"player_name":"Stephen Ward","vaep_value":0.0117224704,"offensive_value":0.0055061558,"defensive_value":0.0062163146,"count":3},"12":{"player_id":9127,"player_name":"Ben Mee","vaep_value":-0.0007701295,"offensive_value":0.0024352367,"defensive_value":-0.0032053662,"count":1},"13":{"player_id":9206,"player_name":"Steven Defour","vaep_value":0.6642524732,"offensive_value":0.7054651027,"defensive_value":-0.0412126295,"count":40},"14":{"player_id":9277,"player_name":"Nick Pope","vaep_value":0.0601982978,"offensive_value":0.1082587212,"defensive_value":-0.0480604233,"count":76},"15":{"player_id":9279,"player_name":"Nathan Ak\u00e9","vaep_value":0.3024250549,"offensive_value":0.2896065582,"defensive_value":0.0128184967,"count":100},"16":{"player_id":9283,"player_name":"Robbie Brady","vaep_value":0.0758335617,"offensive_value":0.0752916153,"defensive_value":0.0005419464,"count":39},"17":{"player_id":9285,"player_name":"Stephen Ward","vaep_value":0.1630781494,"offensive_value":0.2220105527,"defensive_value":-0.0589324033,"count":91},"18":{"player_id":9293,"player_name":"Robbie Brady","vaep_value":0.1743427784,"offensive_value":0.1736341978,"defensive_value":0.0007085806,"count":38},"19":{"player_id":9433,"player_name":"Ben Mee","vaep_value":0.0438783923,"offensive_value":0.0131026825,"defensive_value":0.0307757098,"count":46},"20":{"player_id":9623,"player_name":"James  Tarkowski","vaep_value":0.8468148859,"offensive_value":0.8809613726,"defensive_value":-0.0341464867,"count":68},"21":{"player_id":9637,"player_name":"Nick Pope","vaep_value":0.9629347216,"offensive_value":0.99812962,"defensive_value":-0.0351948985,"count":51},"22":{"player_id":9739,"player_name":"Nathan Ak\u00e9","vaep_value":0.1175028362,"offensive_value":0.0669052419,"defensive_value":0.0505975944,"count":62},"23":{"player_id":11669,"player_name":"Stephen Ward","vaep_value":-0.2269364072,"offensive_value":-0.2165897703,"defensive_value":-0.0103466369,"count":36},"24":{"player_id":12242,"player_name":"Ben Mee","vaep_value":0.3091510581,"offensive_value":0.2175095698,"defensive_value":0.0916414883,"count":42},"25":{"player_id":62224,"player_name":"Jack Cork","vaep_value":-0.0025579378,"offensive_value":-0.0034697792,"defensive_value":0.0009118414,"count":18},"26":{"player_id":70092,"player_name":"Steven Defour","vaep_value":0.0438032637,"offensive_value":-0.0086567962,"defensive_value":0.0524600599,"count":38},"27":{"player_id":134102,"player_name":"Phil Bardsley","vaep_value":0.1165146905,"offensive_value":0.0870049017,"defensive_value":0.0295097888,"count":85},"28":{"player_id":302518,"player_name":"Nathan Ak\u00e9","vaep_value":0.1630054527,"offensive_value":0.1538794326,"defensive_value":0.0091260201,"count":36}}