{"0":{"player_id":0,"player_name":"Adel Taarabt","vaep_value":0.0159261359,"offensive_value":0.0365504161,"defensive_value":-0.0206242802,"count":6},"1":{"player_id":130,"player_name":"Isaac Cofie","vaep_value":0.1923340779,"offensive_value":0.2054765235,"defensive_value":-0.0131424456,"count":79},"2":{"player_id":3484,"player_name":"Ervin Zukanovi\u0107","vaep_value":0.4874319158,"offensive_value":0.473159325,"defensive_value":0.0142725908,"count":99},"3":{"player_id":7965,"player_name":"Nicol\u00e1s Federico Spolli","vaep_value":0.076482302,"offensive_value":0.0732295556,"defensive_value":0.0032527464,"count":63},"4":{"player_id":9080,"player_name":"Luca Rossettini","vaep_value":0.1892386881,"offensive_value":0.135524167,"defensive_value":0.0537145211,"count":59},"5":{"player_id":20434,"player_name":"\u015etefan Daniel Radu","vaep_value":0.0574551177,"offensive_value":-0.0787651922,"defensive_value":0.1362203099,"count":51},"6":{"player_id":20550,"player_name":"Aleandro Rosi","vaep_value":0.5417979754,"offensive_value":0.5294618701,"defensive_value":0.0123361053,"count":93},"7":{"player_id":20561,"player_name":"Alessandro Murgia","vaep_value":0.0738075082,"offensive_value":0.0920079802,"defensive_value":-0.018200472,"count":65},"8":{"player_id":20575,"player_name":"Luis Alberto Romero Alconchel","vaep_value":-0.0855998941,"offensive_value":-0.0507989489,"defensive_value":-0.0348009452,"count":42},"9":{"player_id":20776,"player_name":"Alessandro Murgia","vaep_value":0.0967071606,"offensive_value":0.1024772092,"defensive_value":-0.0057700486,"count":68},"10":{"player_id":21072,"player_name":"Sergej Milinkovi\u0107-Savi\u0107","vaep_value":0.0817009048,"offensive_value":0.0399806929,"defensive_value":0.0417202119,"count":41},"11":{"player_id":21288,"player_name":"Sergej Milinkovi\u0107-Savi\u0107","vaep_value":0.2861635708,"offensive_value":0.2543387818,"defensive_value":0.031824789,"count":78},"12":{"player_id":21384,"player_name":"Luca Rossettini","vaep_value":1.3365032721,"offensive_value":1.3061612927,"defensive_value":0.0303419793,"count":56},"13":{"player_id":21468,"player_name":"Thomas Strakosha","vaep_value":0.110034804,"offensive_value":0.052792129,"defensive_value":0.057242675,"count":39},"14":{"player_id":22158,"player_name":"\u015etefan Daniel Radu","vaep_value":0.0988930996,"offensive_value":0.0728852925,"defensive_value":0.0260078071,"count":39},"15":{"player_id":26336,"player_name":"\u015etefan Daniel Radu","vaep_value":0.0463227415,"offensive_value":0.0535917643,"defensive_value":-0.0072690228,"count":23},"16":{"player_id":37745,"player_name":"Miguel Lu\u00eds Pinto Veloso","vaep_value":0.3765503233,"offensive_value":0.4030965487,"defensive_value":-0.0265462255,"count":29},"17":{"player_id":38532,"player_name":"Luca Rossettini","vaep_value":0.2243156265,"offensive_value":0.1297773834,"defensive_value":0.0945382431,"count":92},"18":{"player_id":69658,"player_name":"Federico Ricci","vaep_value":0.0832480738,"offensive_value":0.0331419487,"defensive_value":0.0501061251,"count":25},"19":{"player_id":101635,"player_name":"Federico Ricci","vaep_value":0.0009678116,"offensive_value":-0.0000962811,"defensive_value":0.0010640926,"count":16},"20":{"player_id":116269,"player_name":"Bartolomeu Jacinto Quissanga","vaep_value":0.004366919,"offensive_value":0.0180779495,"defensive_value":-0.0137110305,"count":44},"21":{"player_id":166534,"player_name":"Stefan de Vrij","vaep_value":0.1091708582,"offensive_value":0.0568881257,"defensive_value":0.0522827324,"count":34},"22":{"player_id":208865,"player_name":"Thomas Strakosha","vaep_value":1.2027234046,"offensive_value":1.1638574153,"defensive_value":0.0388659893,"count":82},"23":{"player_id":213387,"player_name":"Ciro Immobile","vaep_value":0.0377021327,"offensive_value":-0.0057297797,"defensive_value":0.0434319124,"count":21},"24":{"player_id":228928,"player_name":"Miguel Lu\u00eds Pinto Veloso","vaep_value":0.1484943553,"offensive_value":0.0152112264,"defensive_value":0.1332831288,"count":10},"25":{"player_id":250956,"player_name":null,"vaep_value":0.3670164288,"offensive_value":0.0815320272,"defensive_value":0.2854844016,"count":36},"26":{"player_id":265865,"player_name":"Stefan de Vrij","vaep_value":0.26930331,"offensive_value":0.1815250134,"defensive_value":0.0877782966,"count":94},"27":{"player_id":346908,"player_name":"Stefan de Vrij","vaep_value":-0.0110504614,"offensive_value":0.0122940739,"defensive_value":-0.0233445354,"count":37},"28":{"player_id":481329,"player_name":"\u015etefan Daniel Radu","vaep_value":1.8631164314,"offensive_value":1.8400230802,"defensive_value":0.0230933512,"count":15}}