{"0":{"player_id":0,"player_name":"Alen Halilovi\u0107","vaep_value":0.085929393,"offensive_value":0.1143218772,"defensive_value":-0.0283924843,"count":10},"1":{"player_id":3704,"player_name":"Alejandro G\u00e1lvez Jimena","vaep_value":0.0057670157,"offensive_value":0.0048386464,"defensive_value":0.0009283694,"count":2},"2":{"player_id":3708,"player_name":"Jonathan Calleri","vaep_value":-0.0214466433,"offensive_value":-0.0368648968,"defensive_value":0.0154182535,"count":18},"3":{"player_id":3843,"player_name":"Rub\u00e9n Pe\u00f1a Jim\u00e9nez","vaep_value":-0.072787678,"offensive_value":-0.0599442828,"defensive_value":-0.0128433953,"count":50},"4":{"player_id":3970,"player_name":"Joaqu\u00edn Navarro Jim\u00e9nez","vaep_value":0.1891677401,"offensive_value":0.1254704683,"defensive_value":0.0636972717,"count":70},"5":{"player_id":4094,"player_name":"Rub\u00e9n Pe\u00f1a Jim\u00e9nez","vaep_value":0.053510119,"offensive_value":0.0587953515,"defensive_value":-0.0052852326,"count":8},"6":{"player_id":4180,"player_name":"Dani Castellano Betancor","vaep_value":0.1272178055,"offensive_value":0.1361348112,"defensive_value":-0.0089170057,"count":48},"7":{"player_id":4238,"player_name":"Marko Dmitrovi\u0107","vaep_value":0.0044263403,"offensive_value":0.0426640749,"defensive_value":-0.0382377346,"count":83},"8":{"player_id":4272,"player_name":"Alejandro G\u00e1lvez Jimena","vaep_value":-0.0977355601,"offensive_value":0.0133517995,"defensive_value":-0.1110873596,"count":51},"9":{"player_id":4361,"player_name":"Rub\u00e9n Pe\u00f1a Jim\u00e9nez","vaep_value":0.1014636802,"offensive_value":0.0388629939,"defensive_value":0.0626006862,"count":53},"10":{"player_id":4362,"player_name":"Papakouli Diop","vaep_value":-0.0429310842,"offensive_value":0.0017344008,"defensive_value":-0.044665485,"count":14},"11":{"player_id":4363,"player_name":"Rub\u00e9n Pe\u00f1a Jim\u00e9nez","vaep_value":0.0167536217,"offensive_value":-0.0267572626,"defensive_value":0.0435108844,"count":47},"12":{"player_id":4371,"player_name":"Fabi\u00e1n Ariel Orellana Valenzuela","vaep_value":0.0918407695,"offensive_value":0.1596610866,"defensive_value":-0.0678203171,"count":65},"13":{"player_id":4805,"player_name":"Joaqu\u00edn Navarro Jim\u00e9nez","vaep_value":0.0453970027,"offensive_value":0.0235169567,"defensive_value":0.021880046,"count":8},"14":{"player_id":5542,"player_name":"Rub\u00e9n Pe\u00f1a Jim\u00e9nez","vaep_value":0.2467483137,"offensive_value":0.1461292375,"defensive_value":0.1006190762,"count":45},"15":{"player_id":14836,"player_name":"Fabi\u00e1n Ariel Orellana Valenzuela","vaep_value":0.0284938981,"offensive_value":0.0529790337,"defensive_value":-0.0244851356,"count":37},"16":{"player_id":20436,"player_name":"Rub\u00e9n Pe\u00f1a Jim\u00e9nez","vaep_value":0.1402216275,"offensive_value":0.1965776656,"defensive_value":-0.0563560381,"count":69},"17":{"player_id":38094,"player_name":"Fabi\u00e1n Ariel Orellana Valenzuela","vaep_value":0.0362043463,"offensive_value":0.0326790304,"defensive_value":0.0035253159,"count":9},"18":{"player_id":70507,"player_name":"Paulo Andr\u00e9 Rodrigues de Oliveira","vaep_value":0.0720063413,"offensive_value":0.038176987,"defensive_value":0.0338293543,"count":47},"19":{"player_id":86319,"player_name":"David Rodr\u00edguez Lomb\u00e1n","vaep_value":0.024299897,"offensive_value":0.1040084895,"defensive_value":-0.0797085925,"count":60},"20":{"player_id":140046,"player_name":"Jos\u00e9 \u00c1ngel Vald\u00e9s D\u00edaz","vaep_value":0.1994639521,"offensive_value":0.2384142305,"defensive_value":-0.0389502784,"count":42},"21":{"player_id":212644,"player_name":"Marko Dmitrovi\u0107","vaep_value":-0.0490694226,"offensive_value":-0.0618012503,"defensive_value":0.0127318277,"count":63},"22":{"player_id":225948,"player_name":"Javi Castellano Betancor","vaep_value":-0.0642037377,"offensive_value":0.0024058741,"defensive_value":-0.0666096118,"count":86},"23":{"player_id":228902,"player_name":"Javi Castellano Betancor","vaep_value":-0.1313312839,"offensive_value":-0.0993687864,"defensive_value":-0.0319624975,"count":46},"24":{"player_id":234527,"player_name":"Paulo Andr\u00e9 Rodrigues de Oliveira","vaep_value":0.0405853944,"offensive_value":0.1003624064,"defensive_value":-0.059777012,"count":35},"25":{"player_id":247207,"player_name":"Alejandro G\u00e1lvez Jimena","vaep_value":0.2008971396,"offensive_value":0.1856160455,"defensive_value":0.0152810941,"count":57},"26":{"player_id":293862,"player_name":"Marko Dmitrovi\u0107","vaep_value":0.0994674298,"offensive_value":0.0606016087,"defensive_value":0.0388658211,"count":58},"27":{"player_id":385273,"player_name":"Marko Dmitrovi\u0107","vaep_value":0.5279409597,"offensive_value":0.5378213702,"defensive_value":-0.0098804105,"count":24},"28":{"player_id":489417,"player_name":"Marko Dmitrovi\u0107","vaep_value":-0.019731085,"offensive_value":-0.0137270563,"defensive_value":-0.0060040287,"count":3}}