{"0":{"player_id":0,"player_name":"Alexis Blin","vaep_value":0.0184228093,"offensive_value":0.060840775,"defensive_value":-0.0424179657,"count":15},"1":{"player_id":123,"player_name":"Issa Diop","vaep_value":-0.0364921427,"offensive_value":-0.0438335014,"defensive_value":0.0073413587,"count":20},"2":{"player_id":4786,"player_name":"Iv\u00e1n Balliu Campeny","vaep_value":0.3984018213,"offensive_value":0.2765614806,"defensive_value":0.1218403407,"count":81},"3":{"player_id":25716,"player_name":"Jacques Fran\u00e7ois Moubandje","vaep_value":0.8605115404,"offensive_value":0.8725678201,"defensive_value":-0.0120562797,"count":34},"4":{"player_id":25745,"player_name":"Iv\u00e1n Balliu Campeny","vaep_value":-0.2044735738,"offensive_value":-0.2426627309,"defensive_value":0.038189157,"count":36},"5":{"player_id":25764,"player_name":"Max-Alain Gradel","vaep_value":0.102548162,"offensive_value":0.064772203,"defensive_value":0.037775959,"count":48},"6":{"player_id":25809,"player_name":"Nolan Roux","vaep_value":-0.12718503,"offensive_value":-0.1190029578,"defensive_value":-0.0081820722,"count":32},"7":{"player_id":25860,"player_name":"Nolan Roux","vaep_value":0.3068077874,"offensive_value":0.2718486017,"defensive_value":0.0349591858,"count":66},"8":{"player_id":25919,"player_name":"Ger\u00f3nimo Gast\u00f3n Poblete","vaep_value":0.1825144734,"offensive_value":0.1565311045,"defensive_value":0.025983369,"count":39},"9":{"player_id":26138,"player_name":"Yannick Cahuzac","vaep_value":0.0153444324,"offensive_value":0.0450604412,"defensive_value":-0.0297160088,"count":44},"10":{"player_id":26508,"player_name":"Max-Alain Gradel","vaep_value":0.1004640956,"offensive_value":0.0867498745,"defensive_value":0.0137142211,"count":72},"11":{"player_id":26512,"player_name":"Julian Palmieri","vaep_value":0.084106219,"offensive_value":0.0993075788,"defensive_value":-0.0152013598,"count":64},"12":{"player_id":28965,"player_name":"Moussa Niakhat\u00e9","vaep_value":-0.0076176284,"offensive_value":-0.0060525751,"defensive_value":-0.0015650534,"count":1},"13":{"player_id":37796,"player_name":"Kelvin Amian Adou","vaep_value":0.1201169006,"offensive_value":0.0974095631,"defensive_value":0.0227073375,"count":37},"14":{"player_id":37896,"player_name":"Kelvin Amian Adou","vaep_value":0.110823468,"offensive_value":0.2151724664,"defensive_value":-0.1043489984,"count":37},"15":{"player_id":49919,"player_name":"Alexis Blin","vaep_value":0.0381380402,"offensive_value":0.0926345479,"defensive_value":-0.0544965076,"count":63},"16":{"player_id":50812,"player_name":"Danijel Mili\u010devi\u0107","vaep_value":0.0997416017,"offensive_value":0.1401892712,"defensive_value":-0.0404476696,"count":40},"17":{"player_id":86486,"player_name":"Julian Palmieri","vaep_value":0.1783720593,"offensive_value":0.1311293798,"defensive_value":0.0472426794,"count":61},"18":{"player_id":134512,"player_name":"Danijel Mili\u010devi\u0107","vaep_value":0.1123063978,"offensive_value":0.1047788773,"defensive_value":0.0075275204,"count":29},"19":{"player_id":144884,"player_name":"Danijel Mili\u010devi\u0107","vaep_value":0.0314604584,"offensive_value":0.0064194445,"defensive_value":0.025041014,"count":73},"20":{"player_id":253333,"player_name":"Emmanuel Rivi\u00e8re","vaep_value":-0.018054156,"offensive_value":0.014197291,"defensive_value":-0.032251447,"count":32},"21":{"player_id":264989,"player_name":"Emmanuel Rivi\u00e8re","vaep_value":0.0368151911,"offensive_value":0.0346562364,"defensive_value":0.0021589547,"count":10},"22":{"player_id":286380,"player_name":"Christopher Jullien","vaep_value":0.1293496854,"offensive_value":0.1072149407,"defensive_value":0.0221347447,"count":73},"23":{"player_id":290119,"player_name":"Danijel Mili\u010devi\u0107","vaep_value":0.0464844594,"offensive_value":0.0086763971,"defensive_value":0.0378080623,"count":59},"24":{"player_id":352986,"player_name":"Andy Delort","vaep_value":1.1606046592,"offensive_value":1.1113267251,"defensive_value":0.0492779341,"count":85},"25":{"player_id":375001,"player_name":"Corentin Jean","vaep_value":0.103753661,"offensive_value":0.0662419847,"defensive_value":0.0375116763,"count":80},"26":{"player_id":404213,"player_name":"Max-Alain Gradel","vaep_value":0.1546523198,"offensive_value":0.0797345997,"defensive_value":0.0749177202,"count":21},"27":{"player_id":487983,"player_name":"Max-Alain Gradel","vaep_value":0.2480372152,"offensive_value":0.1310017959,"defensive_value":0.1170354193,"count":28},"28":{"player_id":498357,"player_name":"Ger\u00f3nimo Gast\u00f3n Poblete","vaep_value":-0.1315963086,"offensive_value":-0.1146915536,"defensive_value":-0.0169047549,"count":14}}