{"0":{"player_id":0,"player_name":"Musa Barrow","vaep_value":0.0101793368,"offensive_value":0.0412565781,"defensive_value":-0.0310772413,"count":10},"1":{"player_id":625,"player_name":"Remo Freuler","vaep_value":0.1451143517,"offensive_value":0.0963758171,"defensive_value":0.0487385346,"count":60},"2":{"player_id":3548,"player_name":"Andrea Masiello","vaep_value":-0.121837962,"offensive_value":-0.1163531779,"defensive_value":-0.005484784,"count":26},"3":{"player_id":20404,"player_name":"Robin Gosens","vaep_value":0.9794837445,"offensive_value":0.9794262026,"defensive_value":0.0000575419,"count":58},"4":{"player_id":20749,"player_name":"Mattia Caldara","vaep_value":0.2685313353,"offensive_value":0.103463111,"defensive_value":0.1650682243,"count":79},"5":{"player_id":20776,"player_name":"Marten de Roon","vaep_value":-0.0035422056,"offensive_value":0.0165872778,"defensive_value":-0.0201294833,"count":62},"6":{"player_id":20820,"player_name":"Rafael Tol\u00f3i","vaep_value":1.2099290596,"offensive_value":1.2080892334,"defensive_value":0.0018398262,"count":29},"7":{"player_id":20841,"player_name":"Luca Rossettini","vaep_value":0.2890486317,"offensive_value":0.1607048882,"defensive_value":0.1283437436,"count":81},"8":{"player_id":21077,"player_name":"Rafael Tol\u00f3i","vaep_value":-0.1330050567,"offensive_value":-0.1053863702,"defensive_value":-0.0276186866,"count":69},"9":{"player_id":21177,"player_name":"Mattia Perin","vaep_value":0.1885585327,"offensive_value":0.1400324957,"defensive_value":0.048526037,"count":32},"10":{"player_id":21288,"player_name":"Ervin Zukanovi\u0107","vaep_value":1.0721120251,"offensive_value":0.9625674686,"defensive_value":0.1095445565,"count":56},"11":{"player_id":21468,"player_name":"Remo Freuler","vaep_value":0.1388896125,"offensive_value":0.1160707317,"defensive_value":0.0228188809,"count":47},"12":{"player_id":22381,"player_name":"Davide Biraschi","vaep_value":0.047049862,"offensive_value":0.0578401834,"defensive_value":-0.0107903214,"count":21},"13":{"player_id":22559,"player_name":"Marten de Roon","vaep_value":0.0144214767,"offensive_value":0.015194145,"defensive_value":-0.0007726683,"count":14},"14":{"player_id":38532,"player_name":"Timothy Castagne","vaep_value":0.2063845735,"offensive_value":0.0709258912,"defensive_value":0.1354586823,"count":62},"15":{"player_id":41034,"player_name":"Bryan Cristante","vaep_value":0.3524504114,"offensive_value":0.3023989014,"defensive_value":0.0500515099,"count":79},"16":{"player_id":49991,"player_name":"Timothy Castagne","vaep_value":0.2847236149,"offensive_value":0.2197394804,"defensive_value":0.0649841345,"count":82},"17":{"player_id":50849,"player_name":"Timothy Castagne","vaep_value":0.2850205562,"offensive_value":0.0946567517,"defensive_value":0.1903638045,"count":35},"18":{"player_id":51145,"player_name":"Luca Rossettini","vaep_value":0.1437469621,"offensive_value":0.1204468241,"defensive_value":0.023300138,"count":71},"19":{"player_id":70974,"player_name":"Timothy Castagne","vaep_value":0.1324757608,"offensive_value":0.0941713251,"defensive_value":0.0383044357,"count":29},"20":{"player_id":86366,"player_name":"Andrea Bertolacci","vaep_value":0.0004105131,"offensive_value":0.0246051366,"defensive_value":-0.0241946235,"count":5},"21":{"player_id":115933,"player_name":"Mattia Perin","vaep_value":-0.1811809331,"offensive_value":-0.1543879989,"defensive_value":-0.0267929343,"count":21},"22":{"player_id":127534,"player_name":"Rafael Tol\u00f3i","vaep_value":0.0251341938,"offensive_value":0.094057542,"defensive_value":-0.0689233482,"count":74},"23":{"player_id":206318,"player_name":"Bryan Cristante","vaep_value":0.2915911387,"offensive_value":0.1312738652,"defensive_value":0.1603172735,"count":76},"24":{"player_id":263803,"player_name":"Musa Barrow","vaep_value":0.2029187625,"offensive_value":0.1901227948,"defensive_value":0.0127959676,"count":56},"25":{"player_id":280419,"player_name":"Bryan Cristante","vaep_value":0.1202419212,"offensive_value":0.0736826283,"defensive_value":0.0465592929,"count":15},"26":{"player_id":288663,"player_name":"Bryan Cristante","vaep_value":-0.0461940075,"offensive_value":0.0935794034,"defensive_value":-0.1397734109,"count":47},"27":{"player_id":295176,"player_name":"Rafael Tol\u00f3i","vaep_value":0.327156537,"offensive_value":0.3387167768,"defensive_value":-0.0115602398,"count":66},"28":{"player_id":491409,"player_name":"Mattia Perin","vaep_value":0.5954399821,"offensive_value":0.6058922131,"defensive_value":-0.0104522309,"count":30}}