{"0":{"player_id":0,"player_name":"V\u00edctor L\u00f3pez Ib\u00e1\u00f1ez","vaep_value":-0.0126973281,"offensive_value":0.0118019243,"defensive_value":-0.0244992524,"count":5},"1":{"player_id":151,"player_name":"Rodrigo Ely","vaep_value":-0.0151823453,"offensive_value":-0.0215214209,"defensive_value":0.0063390756,"count":26},"2":{"player_id":254,"player_name":"Andr\u00e9s Tom\u00e1s Prieto Albert","vaep_value":0.9020624206,"offensive_value":0.7279032012,"defensive_value":0.1741592194,"count":71},"3":{"player_id":3299,"player_name":"Youssef En-Nesyri","vaep_value":0.187248575,"offensive_value":0.2262600441,"defensive_value":-0.0390114691,"count":30},"4":{"player_id":3423,"player_name":"Adri\u00e1n Di\u00e9guez Grande","vaep_value":1.3681517261,"offensive_value":1.3227376077,"defensive_value":0.0454141183,"count":64},"5":{"player_id":3466,"player_name":"Roberto Jos\u00e9 Rosales Altuve","vaep_value":0.1178764895,"offensive_value":0.1428763288,"defensive_value":-0.0249998393,"count":37},"6":{"player_id":3538,"player_name":"Fernando Pacheco Flores","vaep_value":-0.0064096737,"offensive_value":0.0401940627,"defensive_value":-0.0466037365,"count":14},"7":{"player_id":3705,"player_name":"Guillermo Alfonso Marip\u00e1n Loaysa","vaep_value":0.1192927577,"offensive_value":0.0825434905,"defensive_value":0.0367492673,"count":59},"8":{"player_id":3779,"player_name":"Andr\u00e9s Tom\u00e1s Prieto Albert","vaep_value":-0.1720187806,"offensive_value":-0.1775303178,"defensive_value":0.0055115372,"count":9},"9":{"player_id":3866,"player_name":"Ignasi Miquel i Pons","vaep_value":0.0421868059,"offensive_value":0.1031601526,"defensive_value":-0.0609733467,"count":14},"10":{"player_id":3875,"player_name":"Mehdi Lacen","vaep_value":-0.0927140493,"offensive_value":-0.0744119474,"defensive_value":-0.0183021019,"count":16},"11":{"player_id":4009,"player_name":"Ermedin Demirovi\u0107","vaep_value":0.1178325529,"offensive_value":0.1019261808,"defensive_value":0.0159063721,"count":42},"12":{"player_id":5472,"player_name":"Manuel Alejandro Garc\u00eda S\u00e1nchez","vaep_value":0.2435181177,"offensive_value":0.1468712239,"defensive_value":0.0966468938,"count":56},"13":{"player_id":7585,"player_name":"Ibai G\u00f3mez P\u00e9rez","vaep_value":0.8405353617,"offensive_value":0.8410135529,"defensive_value":-0.0004781912,"count":67},"14":{"player_id":7857,"player_name":"Manuel Alejandro Garc\u00eda S\u00e1nchez","vaep_value":0.2532221831,"offensive_value":0.067155437,"defensive_value":0.1860667461,"count":56},"15":{"player_id":37836,"player_name":"Guillermo Alfonso Marip\u00e1n Loaysa","vaep_value":-0.0196199297,"offensive_value":0.0842302979,"defensive_value":-0.1038502275,"count":60},"16":{"player_id":91064,"player_name":"Daniel Alejandro Torres Rojas","vaep_value":0.2101175238,"offensive_value":0.0412122456,"defensive_value":0.1689052782,"count":58},"17":{"player_id":105616,"player_name":"Alexis Ruano Delgado","vaep_value":-0.0158889722,"offensive_value":-0.0105825285,"defensive_value":-0.0053064437,"count":7},"18":{"player_id":116283,"player_name":"V\u00edctor L\u00f3pez Ib\u00e1\u00f1ez","vaep_value":0.2781329551,"offensive_value":0.1914908484,"defensive_value":0.0866421066,"count":48},"19":{"player_id":208694,"player_name":"Manuel Alejandro Garc\u00eda S\u00e1nchez","vaep_value":0.1675187969,"offensive_value":0.1347970001,"defensive_value":0.0327217968,"count":46},"20":{"player_id":224080,"player_name":"Manuel Alejandro Garc\u00eda S\u00e1nchez","vaep_value":0.1737566829,"offensive_value":0.1460789524,"defensive_value":0.0276777305,"count":41},"21":{"player_id":226005,"player_name":"Luis Hern\u00e1ndez Rodr\u00edguez","vaep_value":0.0964712851,"offensive_value":0.1020105388,"defensive_value":-0.0055392537,"count":13},"22":{"player_id":247169,"player_name":"Ermedin Demirovi\u0107","vaep_value":0.1549800995,"offensive_value":0.1658413212,"defensive_value":-0.0108612217,"count":51},"23":{"player_id":247173,"player_name":"Luis Hern\u00e1ndez Rodr\u00edguez","vaep_value":0.0907961619,"offensive_value":0.1058494879,"defensive_value":-0.015053326,"count":25},"24":{"player_id":352328,"player_name":"Roberto Jos\u00e9 Rosales Altuve","vaep_value":0.619914379,"offensive_value":0.6453716736,"defensive_value":-0.0254572947,"count":28},"25":{"player_id":364870,"player_name":"Manuel Alejandro Garc\u00eda S\u00e1nchez","vaep_value":0.1891882723,"offensive_value":0.1527845673,"defensive_value":0.036403705,"count":32},"26":{"player_id":404285,"player_name":"Adri\u00e1n Di\u00e9guez Grande","vaep_value":0.2017301564,"offensive_value":0.0526902464,"defensive_value":0.1490399099,"count":29},"27":{"player_id":447821,"player_name":"Manuel Alejandro Garc\u00eda S\u00e1nchez","vaep_value":-0.4427218322,"offensive_value":-0.4284932201,"defensive_value":-0.0142286121,"count":38},"28":{"player_id":489488,"player_name":"Daniel Alejandro Torres Rojas","vaep_value":0.2969687473,"offensive_value":0.2647173607,"defensive_value":0.0322513866,"count":29}}