{"0":{"player_id":0,"player_name":"Carlos Arturo Bacca Ahumada","vaep_value":0.034314602,"offensive_value":0.0663027826,"defensive_value":-0.0319881806,"count":10},"1":{"player_id":3270,"player_name":"Rodrigo Hern\u00e1ndez Cascante","vaep_value":-0.2966302224,"offensive_value":0.1243880619,"defensive_value":-0.4210182843,"count":84},"2":{"player_id":3277,"player_name":"Manuel Trigueros Mu\u00f1oz","vaep_value":0.1049552087,"offensive_value":0.09681969,"defensive_value":0.0081355188,"count":66},"3":{"player_id":3296,"player_name":"Daniele Bonera","vaep_value":0.0624355804,"offensive_value":0.1212894213,"defensive_value":-0.0588538409,"count":39},"4":{"player_id":3335,"player_name":"Zouhair Feddal","vaep_value":0.1726821606,"offensive_value":0.1356336242,"defensive_value":0.0370485365,"count":58},"5":{"player_id":3384,"player_name":"Samuel  Castillejo Azuaga","vaep_value":0.212035885,"offensive_value":0.1671944315,"defensive_value":0.0448414534,"count":64},"6":{"player_id":3428,"player_name":"Zouhair Feddal","vaep_value":0.172750927,"offensive_value":0.121248672,"defensive_value":0.051502255,"count":35},"7":{"player_id":3529,"player_name":"Manuel Trigueros Mu\u00f1oz","vaep_value":0.1866035087,"offensive_value":0.2228370002,"defensive_value":-0.0362334915,"count":70},"8":{"player_id":3534,"player_name":"Jaume Vicent Costa Jord\u00e1","vaep_value":0.1569650546,"offensive_value":0.2085955851,"defensive_value":-0.0516305305,"count":60},"9":{"player_id":3542,"player_name":"V\u00edctor Ru\u00edz Torre","vaep_value":0.1493483669,"offensive_value":0.1514250697,"defensive_value":-0.0020767028,"count":52},"10":{"player_id":3604,"player_name":"Sergio  Asenjo Andr\u00e9s","vaep_value":-0.0030521671,"offensive_value":-0.0048380564,"defensive_value":0.0017858893,"count":16},"11":{"player_id":3695,"player_name":"Riza Durmisi","vaep_value":-0.0248854832,"offensive_value":-0.1283402311,"defensive_value":0.1034547479,"count":38},"12":{"player_id":3788,"player_name":"Zouhair Feddal","vaep_value":0.108765369,"offensive_value":0.1193457833,"defensive_value":-0.0105804142,"count":48},"13":{"player_id":3791,"player_name":"Lorenzo Jes\u00fas Mor\u00f3n Garc\u00eda","vaep_value":0.0972268212,"offensive_value":0.1119401975,"defensive_value":-0.0147133763,"count":61},"14":{"player_id":4332,"player_name":"Lorenzo Jes\u00fas Mor\u00f3n Garc\u00eda","vaep_value":0.0856941214,"offensive_value":0.0243115092,"defensive_value":0.0613826122,"count":11},"15":{"player_id":4513,"player_name":"Riza Durmisi","vaep_value":0.0021494465,"offensive_value":0.0079936273,"defensive_value":-0.0058441808,"count":10},"16":{"player_id":5268,"player_name":"Marc Bartra Aregall","vaep_value":-0.0455515173,"offensive_value":-0.0416156589,"defensive_value":-0.0039358584,"count":11},"17":{"player_id":20393,"player_name":"Antonio Barrag\u00e1n Fern\u00e1ndez","vaep_value":0.0022425894,"offensive_value":0.0168729823,"defensive_value":-0.0146303929,"count":22},"18":{"player_id":26307,"player_name":"Fabi\u00e1n Ruiz Pe\u00f1a","vaep_value":0.1019769654,"offensive_value":0.1048444224,"defensive_value":-0.002867457,"count":51},"19":{"player_id":37831,"player_name":"Antonio Barrag\u00e1n Fern\u00e1ndez","vaep_value":0.1525644082,"offensive_value":0.1651969288,"defensive_value":-0.0126325205,"count":22},"20":{"player_id":56009,"player_name":"Fabi\u00e1n Ruiz Pe\u00f1a","vaep_value":-0.0866392677,"offensive_value":-0.0229302458,"defensive_value":-0.0637090218,"count":76},"21":{"player_id":70120,"player_name":"Jos\u00e9 Andr\u00e9s Guardado Hern\u00e1ndez","vaep_value":0.1100745988,"offensive_value":0.0192518493,"defensive_value":0.0908227495,"count":12},"22":{"player_id":134174,"player_name":"Jordi Amat Maas","vaep_value":-0.2150298251,"offensive_value":-0.1094942586,"defensive_value":-0.1055355665,"count":46},"23":{"player_id":247219,"player_name":"Marc Bartra Aregall","vaep_value":0.0326972464,"offensive_value":0.0356886867,"defensive_value":-0.0029914402,"count":19},"24":{"player_id":274435,"player_name":"Zouhair Feddal","vaep_value":-0.0434977754,"offensive_value":-0.0286730016,"defensive_value":-0.0148247739,"count":14},"25":{"player_id":346195,"player_name":"Riza Durmisi","vaep_value":0.0816572304,"offensive_value":0.0744620508,"defensive_value":0.0071951796,"count":80},"26":{"player_id":364820,"player_name":"Zouhair Feddal","vaep_value":1.8495218604,"offensive_value":1.8610053933,"defensive_value":-0.011483533,"count":35},"27":{"player_id":364860,"player_name":"Jos\u00e9 Andr\u00e9s Guardado Hern\u00e1ndez","vaep_value":0.0166585337,"offensive_value":-0.0236618466,"defensive_value":0.0403203804,"count":88},"28":{"player_id":399676,"player_name":"Jos\u00e9 Andr\u00e9s Guardado Hern\u00e1ndez","vaep_value":-0.0391063376,"offensive_value":-0.0591480396,"defensive_value":0.020041702,"count":46}}