{"0":{"player_id":0,"player_name":"Julien F\u00e9ret","vaep_value":0.0363681928,"offensive_value":0.0550978081,"defensive_value":-0.0187296154,"count":7},"1":{"player_id":382,"player_name":"Damien Da Silva","vaep_value":0.9613448936,"offensive_value":0.9627748625,"defensive_value":-0.001429969,"count":7},"2":{"player_id":15004,"player_name":"Ivan Santini","vaep_value":0.7134978966,"offensive_value":0.7410184776,"defensive_value":-0.027520581,"count":43},"3":{"player_id":25384,"player_name":"Charles Traor\u00e9","vaep_value":0.5612382246,"offensive_value":0.4940359113,"defensive_value":0.0672023133,"count":36},"4":{"player_id":25521,"player_name":"Fr\u00e9d\u00e9ric Guilbert","vaep_value":0.1430746475,"offensive_value":0.2079257728,"defensive_value":-0.0648511252,"count":42},"5":{"player_id":25532,"player_name":"Erwin Zelazny","vaep_value":0.3215330669,"offensive_value":0.1430884002,"defensive_value":0.1784446667,"count":72},"6":{"player_id":25616,"player_name":"Jimmy Giraudon","vaep_value":0.0624586446,"offensive_value":0.0828180845,"defensive_value":-0.0203594399,"count":32},"7":{"player_id":25647,"player_name":"Christopher H\u00e9relle","vaep_value":0.0106326124,"offensive_value":-0.0047844218,"defensive_value":0.0154170343,"count":37},"8":{"player_id":25715,"player_name":"Jimmy Giraudon","vaep_value":-0.1341144755,"offensive_value":-0.1378020237,"defensive_value":0.0036875482,"count":28},"9":{"player_id":25891,"player_name":"Karim Azamoum","vaep_value":0.9207980524,"offensive_value":0.9330647989,"defensive_value":-0.0122667465,"count":40},"10":{"player_id":25937,"player_name":"Karim Azamoum","vaep_value":-0.0085860244,"offensive_value":-0.0105164456,"defensive_value":0.0019304212,"count":4},"11":{"player_id":25947,"player_name":"Ba\u00efssama Sankoh","vaep_value":0.2244883035,"offensive_value":0.1637690249,"defensive_value":0.0607192786,"count":62},"12":{"player_id":26399,"player_name":"Ivan Santini","vaep_value":0.1547314298,"offensive_value":0.1266724337,"defensive_value":0.0280589961,"count":71},"13":{"player_id":26433,"player_name":"Ivan Santini","vaep_value":0.4674729772,"offensive_value":0.4252194504,"defensive_value":0.0422535269,"count":75},"14":{"player_id":26528,"player_name":"Karim Azamoum","vaep_value":0.0124262187,"offensive_value":0.0310819396,"defensive_value":-0.0186557209,"count":33},"15":{"player_id":28314,"player_name":"Fr\u00e9d\u00e9ric Guilbert","vaep_value":0.0394754549,"offensive_value":0.0678095066,"defensive_value":-0.0283340516,"count":37},"16":{"player_id":28866,"player_name":"Ba\u00efssama Sankoh","vaep_value":0.1492983584,"offensive_value":0.167757034,"defensive_value":-0.0184586756,"count":52},"17":{"player_id":28908,"player_name":"Fr\u00e9d\u00e9ric Guilbert","vaep_value":0.028478038,"offensive_value":0.0661643244,"defensive_value":-0.0376862864,"count":81},"18":{"player_id":29291,"player_name":"Alexander Djiku","vaep_value":0.2129484593,"offensive_value":0.1817041761,"defensive_value":0.0312442832,"count":55},"19":{"player_id":29641,"player_name":"Damien Da Silva","vaep_value":0.0514837026,"offensive_value":0.0845680559,"defensive_value":-0.0330843533,"count":38},"20":{"player_id":131321,"player_name":"Youssef A\u00eft Bennasser","vaep_value":0.3605668116,"offensive_value":-0.062287725,"defensive_value":0.4228545367,"count":19},"21":{"player_id":149053,"player_name":"Ba\u00efssama Sankoh","vaep_value":0.1255868779,"offensive_value":0.0089510533,"defensive_value":0.1166358247,"count":49},"22":{"player_id":219350,"player_name":"Youssef A\u00eft Bennasser","vaep_value":-0.4100564983,"offensive_value":-0.4033432988,"defensive_value":-0.0067131994,"count":16},"23":{"player_id":229427,"player_name":"Fr\u00e9d\u00e9ric Guilbert","vaep_value":0.2429404437,"offensive_value":0.1369150878,"defensive_value":0.1060253559,"count":91},"24":{"player_id":275032,"player_name":"Alexander Djiku","vaep_value":0.0822952192,"offensive_value":0.0929054553,"defensive_value":-0.0106102361,"count":5},"25":{"player_id":289359,"player_name":"Ba\u00efssama Sankoh","vaep_value":0.1116440882,"offensive_value":0.0640760912,"defensive_value":0.047567997,"count":96},"26":{"player_id":295761,"player_name":"Damien Da Silva","vaep_value":0.5461305227,"offensive_value":0.4783680118,"defensive_value":0.067762511,"count":50},"27":{"player_id":393284,"player_name":"Julien F\u00e9ret","vaep_value":0.0958849641,"offensive_value":0.1424856719,"defensive_value":-0.0466007078,"count":71},"28":{"player_id":437636,"player_name":"Alexander Djiku","vaep_value":0.1560357428,"offensive_value":0.1776782434,"defensive_value":-0.0216425005,"count":36}}