{"0":{"player_id":0,"player_name":"Raffael Caetano de Ara\u00fajo","vaep_value":0.0083532149,"offensive_value":0.0187140203,"defensive_value":-0.0103608053,"count":4},"1":{"player_id":14758,"player_name":"Christoph Kramer","vaep_value":0.1748585009,"offensive_value":0.1081900143,"defensive_value":0.0666684866,"count":68},"2":{"player_id":14838,"player_name":"Matthias Ginter","vaep_value":0.3755896894,"offensive_value":0.1930950778,"defensive_value":0.1824946116,"count":106},"3":{"player_id":14991,"player_name":"Jannik Vestergaard","vaep_value":0.3550481717,"offensive_value":0.14215899,"defensive_value":0.2128891817,"count":84},"4":{"player_id":15014,"player_name":"Matthias Ginter","vaep_value":0.1767020191,"offensive_value":0.2321466696,"defensive_value":-0.0554446506,"count":61},"5":{"player_id":15018,"player_name":"Jannik Vestergaard","vaep_value":0.0237936765,"offensive_value":0.0285189838,"defensive_value":-0.0047253073,"count":8},"6":{"player_id":15039,"player_name":"Denis Lemi Zakaria Lako Lado","vaep_value":0.1496877433,"offensive_value":0.0715444335,"defensive_value":0.0781433098,"count":22},"7":{"player_id":15051,"player_name":"Jannik Vestergaard","vaep_value":0.0724280775,"offensive_value":0.0817448096,"defensive_value":-0.0093167321,"count":77},"8":{"player_id":15107,"player_name":"Matthias Ginter","vaep_value":0.0345922668,"offensive_value":0.0160880494,"defensive_value":0.0185042174,"count":42},"9":{"player_id":15194,"player_name":"Nico Elvedi","vaep_value":-0.0628931212,"offensive_value":-0.064639115,"defensive_value":0.0017459939,"count":24},"10":{"player_id":15253,"player_name":"Ibrahima Traor\u00e9","vaep_value":0.3551567836,"offensive_value":0.2019653792,"defensive_value":0.1531914044,"count":79},"11":{"player_id":15265,"player_name":"Konstantin Rausch","vaep_value":0.1791244476,"offensive_value":0.1616289902,"defensive_value":0.0174954574,"count":46},"12":{"player_id":15317,"player_name":"Leonardo Bittencourt","vaep_value":-0.1078355275,"offensive_value":-0.1114591471,"defensive_value":0.0036236196,"count":36},"13":{"player_id":15543,"player_name":"Leonardo Bittencourt","vaep_value":-0.0329315244,"offensive_value":-0.0052936639,"defensive_value":-0.0276378605,"count":10},"14":{"player_id":15806,"player_name":"Matthias Ginter","vaep_value":-0.0322628227,"offensive_value":-0.0482899228,"defensive_value":0.0160271,"count":76},"15":{"player_id":16843,"player_name":"Jhon Andr\u00e9s C\u00f3rdoba Copete","vaep_value":0.3370838948,"offensive_value":0.1525631695,"defensive_value":0.1845207253,"count":78},"16":{"player_id":18591,"player_name":"Leonardo Bittencourt","vaep_value":0.1036284949,"offensive_value":0.061944156,"defensive_value":0.0416843389,"count":4},"17":{"player_id":18669,"player_name":"Milo\u0161 Joji\u0107","vaep_value":0.3119093687,"offensive_value":0.1972993553,"defensive_value":0.1146100134,"count":82},"18":{"player_id":20680,"player_name":"Ibrahima Traor\u00e9","vaep_value":0.0938501466,"offensive_value":0.1493108943,"defensive_value":-0.0554607477,"count":89},"19":{"player_id":25622,"player_name":"Matthias Ginter","vaep_value":0.2132369915,"offensive_value":0.186034121,"defensive_value":0.0272028705,"count":53},"20":{"player_id":49855,"player_name":"Matthias Ginter","vaep_value":-0.3689138928,"offensive_value":0.1030658097,"defensive_value":-0.4719797025,"count":43},"21":{"player_id":49907,"player_name":"Yann Sommer","vaep_value":0.0203340764,"offensive_value":0.023420345,"defensive_value":-0.0030862687,"count":3},"22":{"player_id":91519,"player_name":"Jannik Vestergaard","vaep_value":-0.3261940978,"offensive_value":-0.2772699539,"defensive_value":-0.0489241439,"count":38},"23":{"player_id":127685,"player_name":"Christoph Kramer","vaep_value":0.2038248991,"offensive_value":0.2260622947,"defensive_value":-0.0222373956,"count":56},"24":{"player_id":236528,"player_name":"Jannik Vestergaard","vaep_value":1.0985782014,"offensive_value":1.0297709159,"defensive_value":0.0688072855,"count":56},"25":{"player_id":263490,"player_name":"Christoph Kramer","vaep_value":-0.0305003726,"offensive_value":-0.0307731815,"defensive_value":0.0002728088,"count":11},"26":{"player_id":272338,"player_name":"Matthias Ginter","vaep_value":0.1421313401,"offensive_value":0.1781795742,"defensive_value":-0.0360482341,"count":67},"27":{"player_id":284524,"player_name":"Christoph Kramer","vaep_value":0.1709189075,"offensive_value":0.2213896464,"defensive_value":-0.0504707389,"count":46},"28":{"player_id":360992,"player_name":"Jannik Vestergaard","vaep_value":0.1495919719,"offensive_value":0.0751810186,"defensive_value":0.0744109533,"count":63}}