{"0":{"player_id":0,"player_name":"Yannick Cahuzac","vaep_value":0.04605319,"offensive_value":0.1096224436,"defensive_value":-0.0635692535,"count":17},"1":{"player_id":123,"player_name":"Christopher Jullien","vaep_value":0.1148749994,"offensive_value":0.0977144827,"defensive_value":0.0171605167,"count":24},"2":{"player_id":25562,"player_name":"Ramy Bensebaini","vaep_value":-0.4881940285,"offensive_value":0.0992723714,"defensive_value":-0.5874663999,"count":38},"3":{"player_id":25625,"player_name":"Yannick Cahuzac","vaep_value":0.0176822072,"offensive_value":0.023789702,"defensive_value":-0.0061074948,"count":16},"4":{"player_id":25745,"player_name":"Benjamin Andr\u00e9","vaep_value":-0.0250764742,"offensive_value":-0.0272926427,"defensive_value":0.0022161686,"count":42},"5":{"player_id":25764,"player_name":"Benjamin Andr\u00e9","vaep_value":0.0308606995,"offensive_value":-0.0307864675,"defensive_value":0.061647167,"count":39},"6":{"player_id":25826,"player_name":"Yannick Cahuzac","vaep_value":0.0942358084,"offensive_value":0.0925406956,"defensive_value":0.0016951128,"count":65},"7":{"player_id":25860,"player_name":"Edson Andr\u00e9 Sitoe","vaep_value":0.0045511883,"offensive_value":-0.0322243375,"defensive_value":0.0367755258,"count":40},"8":{"player_id":43196,"player_name":"Kelvin Amian Adou","vaep_value":0.159467363,"offensive_value":0.0925876539,"defensive_value":0.0668797091,"count":37},"9":{"player_id":49919,"player_name":"Yannick Cahuzac","vaep_value":0.1532080957,"offensive_value":0.1729885669,"defensive_value":-0.0197804712,"count":49},"10":{"player_id":50812,"player_name":"Benjamin Andr\u00e9","vaep_value":0.5371248686,"offensive_value":0.5780778266,"defensive_value":-0.0409529581,"count":39},"11":{"player_id":70711,"player_name":"Edson Andr\u00e9 Sitoe","vaep_value":-0.0752015704,"offensive_value":0.0034928089,"defensive_value":-0.0786943793,"count":33},"12":{"player_id":134512,"player_name":"Hamari Traor\u00e9","vaep_value":0.0417562074,"offensive_value":0.0442573479,"defensive_value":-0.0025011406,"count":9},"13":{"player_id":139295,"player_name":"Max-Alain Gradel","vaep_value":0.0728979304,"offensive_value":0.1132241695,"defensive_value":-0.0403262391,"count":26},"14":{"player_id":144884,"player_name":"Hamari Traor\u00e9","vaep_value":0.1328482714,"offensive_value":0.0446529841,"defensive_value":0.0881952873,"count":46},"15":{"player_id":228963,"player_name":"Jacques Fran\u00e7ois Moubandje","vaep_value":0.1885493904,"offensive_value":0.2485007623,"defensive_value":-0.0599513719,"count":71},"16":{"player_id":228981,"player_name":"Firmin Ndombe Mubele","vaep_value":-0.5053931752,"offensive_value":0.1983874951,"defensive_value":-0.7037806703,"count":63},"17":{"player_id":253333,"player_name":"Isma\u00efla Sarr","vaep_value":-0.0115153948,"offensive_value":-0.0119234619,"defensive_value":0.0004080671,"count":3},"18":{"player_id":264989,"player_name":"Isma\u00efla Sarr","vaep_value":0.8018930579,"offensive_value":0.7881337688,"defensive_value":0.0137592891,"count":44},"19":{"player_id":286380,"player_name":"Morgan Amalfitano","vaep_value":0.9689443294,"offensive_value":0.902130821,"defensive_value":0.0668135084,"count":36},"20":{"player_id":325781,"player_name":"Ramy Bensebaini","vaep_value":-0.0494955429,"offensive_value":-0.0171543277,"defensive_value":-0.0323412152,"count":21},"21":{"player_id":334720,"player_name":"Ramy Bensebaini","vaep_value":-0.3200980569,"offensive_value":0.0879423982,"defensive_value":-0.4080404551,"count":74},"22":{"player_id":352986,"player_name":"Christ Emmanuel Faitout Maouassa","vaep_value":0.0731218195,"offensive_value":0.0322489968,"defensive_value":0.0408728227,"count":33},"23":{"player_id":366571,"player_name":"Morgan Amalfitano","vaep_value":-0.0000931382,"offensive_value":0.0087525414,"defensive_value":-0.0088456796,"count":15},"24":{"player_id":366581,"player_name":"Kelvin Amian Adou","vaep_value":0.2300269481,"offensive_value":0.0636239543,"defensive_value":0.1664029938,"count":22},"25":{"player_id":367146,"player_name":"Ramy Bensebaini","vaep_value":0.0064459878,"offensive_value":0.0077134967,"defensive_value":-0.0012675088,"count":13},"26":{"player_id":404213,"player_name":"Kelvin Amian Adou","vaep_value":0.1298159682,"offensive_value":0.1400068414,"defensive_value":-0.0101908732,"count":37},"27":{"player_id":448079,"player_name":"Yannick Cahuzac","vaep_value":1.1415330886,"offensive_value":1.1561359514,"defensive_value":-0.0146028628,"count":50}}