{"0":{"player_id":0,"player_name":"Angelo Fulgini","vaep_value":0.0639323427,"offensive_value":0.0704805797,"defensive_value":-0.0065482371,"count":6},"1":{"player_id":25605,"player_name":"Romain Thomas","vaep_value":0.2720246701,"offensive_value":0.2530120088,"defensive_value":0.0190126613,"count":40},"2":{"player_id":25846,"player_name":"Andrei Girotto","vaep_value":0.271979912,"offensive_value":0.3201324784,"defensive_value":-0.0481525664,"count":84},"3":{"player_id":26044,"player_name":"Mateo Pavlovi\u0107","vaep_value":0.1647893104,"offensive_value":0.1476318396,"defensive_value":0.0171574708,"count":27},"4":{"player_id":26068,"player_name":"L\u00e9o Dubois","vaep_value":0.1910465612,"offensive_value":0.1351368509,"defensive_value":0.0559097104,"count":45},"5":{"player_id":26086,"player_name":"Santy Ngom","vaep_value":0.1638466724,"offensive_value":-0.0233530574,"defensive_value":0.1871997298,"count":57},"6":{"player_id":26245,"player_name":"L\u00e9o Dubois","vaep_value":0.1356192145,"offensive_value":0.1344237598,"defensive_value":0.0011954547,"count":30},"7":{"player_id":26276,"player_name":"Jules Iloki","vaep_value":0.0487150784,"offensive_value":0.0672046848,"defensive_value":-0.0184896064,"count":26},"8":{"player_id":26368,"player_name":"Santy Ngom","vaep_value":0.1495465481,"offensive_value":0.023602463,"defensive_value":0.1259440852,"count":80},"9":{"player_id":26547,"player_name":"Pierrick Capelle","vaep_value":0.0019437269,"offensive_value":0.0044299867,"defensive_value":-0.0024862598,"count":4},"10":{"player_id":26638,"player_name":"Angelo Fulgini","vaep_value":-0.059359423,"offensive_value":-0.0283113872,"defensive_value":-0.0310480358,"count":50},"11":{"player_id":27646,"player_name":"Andrei Girotto","vaep_value":0.1606809256,"offensive_value":0.1143859453,"defensive_value":0.0462949803,"count":81},"12":{"player_id":28073,"player_name":"Yoann Andreu","vaep_value":0.3032693129,"offensive_value":0.3034023945,"defensive_value":-0.0001330816,"count":30},"13":{"player_id":29474,"player_name":"L\u00e9o Dubois","vaep_value":-0.4241443024,"offensive_value":0.002912565,"defensive_value":-0.4270568674,"count":54},"14":{"player_id":40301,"player_name":"Emiliano Sala","vaep_value":0.4089451907,"offensive_value":0.5118777944,"defensive_value":-0.1029326037,"count":74},"15":{"player_id":43515,"player_name":"Santy Ngom","vaep_value":0.1765539497,"offensive_value":0.0363557835,"defensive_value":0.1401981662,"count":52},"16":{"player_id":69525,"player_name":"Abdoulaye Bamba","vaep_value":0.3417818891,"offensive_value":0.1168547333,"defensive_value":0.2249271558,"count":65},"17":{"player_id":83574,"player_name":"Abdoulaye Tour\u00e9","vaep_value":0.1291551677,"offensive_value":0.102852169,"defensive_value":0.0263029988,"count":25},"18":{"player_id":209028,"player_name":null,"vaep_value":0.2553645043,"offensive_value":0.0282138404,"defensive_value":0.2271506638,"count":21},"19":{"player_id":209209,"player_name":"Lucas Pedro Alves De Lima","vaep_value":-0.0503904498,"offensive_value":-0.0168412599,"defensive_value":-0.0335491899,"count":63},"20":{"player_id":217872,"player_name":"Abdoulaye Bamba","vaep_value":0.0352793616,"offensive_value":0.0516813511,"defensive_value":-0.0164019895,"count":37},"21":{"player_id":217874,"player_name":"Abdoulaye Bamba","vaep_value":0.0354247475,"offensive_value":0.0176832428,"defensive_value":0.0177415047,"count":47},"22":{"player_id":229697,"player_name":"Emiliano Sala","vaep_value":-0.1897537224,"offensive_value":-0.1715008953,"defensive_value":-0.0182528271,"count":31},"23":{"player_id":242446,"player_name":"Emiliano Sala","vaep_value":0.1181502635,"offensive_value":0.0828621497,"defensive_value":0.0352881138,"count":61},"24":{"player_id":256992,"player_name":"Flavien Tait","vaep_value":0.0625225596,"offensive_value":-0.0007620792,"defensive_value":0.0632846388,"count":87},"25":{"player_id":260002,"player_name":"L\u00e9o Dubois","vaep_value":0.0700164103,"offensive_value":0.0093549907,"defensive_value":0.0606614196,"count":8},"26":{"player_id":270866,"player_name":"Lucas Pedro Alves De Lima","vaep_value":0.1288752635,"offensive_value":0.1246884898,"defensive_value":0.0041867737,"count":37},"27":{"player_id":275032,"player_name":"Mateo Pavlovi\u0107","vaep_value":-0.1220287525,"offensive_value":-0.113564481,"defensive_value":-0.0084642714,"count":30},"28":{"player_id":364772,"player_name":"Abdoulaye Bamba","vaep_value":0.0499831521,"offensive_value":0.0429279087,"defensive_value":0.0070552434,"count":12}}