{"0":{"player_id":0,"player_name":"Alfre\u00f0 Finnbogason","vaep_value":0.0470685682,"offensive_value":0.0778468,"defensive_value":-0.0307782318,"count":9},"1":{"player_id":159,"player_name":"Kevin Danso","vaep_value":-0.0050860401,"offensive_value":0.0047947143,"defensive_value":-0.0098807544,"count":44},"2":{"player_id":3281,"player_name":"Caiuby Francisco da Silva","vaep_value":0.0881297246,"offensive_value":0.0714807361,"defensive_value":0.0166489885,"count":42},"3":{"player_id":3416,"player_name":"Michael Gregoritsch","vaep_value":0.2362385171,"offensive_value":0.1261540205,"defensive_value":0.1100844966,"count":84},"4":{"player_id":8537,"player_name":"Michael Gregoritsch","vaep_value":-0.0706739055,"offensive_value":-0.0748318569,"defensive_value":0.0041579513,"count":5},"5":{"player_id":14718,"player_name":"Daniel Baier","vaep_value":0.0924304179,"offensive_value":0.0905592233,"defensive_value":0.0018711946,"count":91},"6":{"player_id":14724,"player_name":"Philipp Max","vaep_value":-0.0554170368,"offensive_value":-0.0500265807,"defensive_value":-0.0053904561,"count":10},"7":{"player_id":14727,"player_name":"M\u00e1rcio Rafael Ferreira de Souza","vaep_value":-0.0437023955,"offensive_value":-0.0443297104,"defensive_value":0.0006273149,"count":62},"8":{"player_id":14736,"player_name":"Kevin Danso","vaep_value":0.0156683002,"offensive_value":0.0647733739,"defensive_value":-0.0491050737,"count":39},"9":{"player_id":14795,"player_name":"Juan Bernat Velasco","vaep_value":0.3508752668,"offensive_value":0.28116537,"defensive_value":0.0697098968,"count":101},"10":{"player_id":14817,"player_name":"Arjen Robben","vaep_value":1.7213396532,"offensive_value":1.7299480066,"defensive_value":-0.0086083533,"count":34},"11":{"player_id":14914,"player_name":"James David Rodr\u00edguez Rubio","vaep_value":0.4452219578,"offensive_value":0.0839663085,"defensive_value":0.3612556492,"count":39},"12":{"player_id":14997,"player_name":"James David Rodr\u00edguez Rubio","vaep_value":0.016327851,"offensive_value":-0.0048688776,"defensive_value":0.0211967286,"count":6},"13":{"player_id":15695,"player_name":"Robert Lewandowski","vaep_value":0.0020303592,"offensive_value":-0.0011681456,"defensive_value":0.0031985048,"count":8},"14":{"player_id":15777,"player_name":"Daniel Tawiah Opare","vaep_value":0.0850903837,"offensive_value":-0.0037492027,"defensive_value":0.0888395864,"count":53},"15":{"player_id":15811,"player_name":"Robert Lewandowski","vaep_value":-0.0371228675,"offensive_value":-0.0360126272,"defensive_value":-0.0011102404,"count":8},"16":{"player_id":16432,"player_name":"Daniel Tawiah Opare","vaep_value":-0.0249090433,"offensive_value":0.0050354499,"defensive_value":-0.0299444932,"count":30},"17":{"player_id":16826,"player_name":"Sven Ulreich","vaep_value":0.0695656971,"offensive_value":0.108349302,"defensive_value":-0.0387836049,"count":32},"18":{"player_id":20475,"player_name":"Niklas S\u00fcle","vaep_value":0.8256997898,"offensive_value":0.7910517862,"defensive_value":0.0346480036,"count":112},"19":{"player_id":37948,"player_name":"Mats  Hummels","vaep_value":0.0619408758,"offensive_value":0.056237879,"defensive_value":0.0057029969,"count":23},"20":{"player_id":38079,"player_name":"Arturo Erasmo Vidal Pardo","vaep_value":0.2687636061,"offensive_value":0.1022034055,"defensive_value":0.1665602006,"count":40},"21":{"player_id":65180,"player_name":"Niklas S\u00fcle","vaep_value":0.1730288629,"offensive_value":0.0862004152,"defensive_value":0.0868284478,"count":33},"22":{"player_id":70096,"player_name":"Joshua Kimmich","vaep_value":0.6915796965,"offensive_value":0.672928413,"defensive_value":0.0186512835,"count":122},"23":{"player_id":92947,"player_name":"Rani Khedira","vaep_value":-0.0104032394,"offensive_value":0.0216304462,"defensive_value":-0.0320336856,"count":7},"24":{"player_id":134383,"player_name":null,"vaep_value":0.2625948191,"offensive_value":0.2398736823,"defensive_value":0.0227211369,"count":78},"25":{"player_id":209091,"player_name":"Arturo Erasmo Vidal Pardo","vaep_value":0.014869413,"offensive_value":0.0144861774,"defensive_value":0.0003832356,"count":13},"26":{"player_id":221411,"player_name":"Daniel Baier","vaep_value":0.060529371,"offensive_value":0.1008538016,"defensive_value":-0.0403244307,"count":40},"27":{"player_id":224593,"player_name":"Kevin Danso","vaep_value":0.2567141584,"offensive_value":0.2859108702,"defensive_value":-0.0291967118,"count":97},"28":{"player_id":366217,"player_name":"Marwin Hitz","vaep_value":0.1844243108,"offensive_value":0.0706779837,"defensive_value":0.1137463271,"count":46}}