{"0":{"player_id":0,"player_name":"Leonardo Carrilho Baptist\u00e3o","vaep_value":0.0486969679,"offensive_value":0.0571533981,"defensive_value":-0.0084564302,"count":10},"1":{"player_id":3293,"player_name":"Mario Hermoso Canseco","vaep_value":0.0549449447,"offensive_value":0.0800976958,"defensive_value":-0.0251527511,"count":19},"2":{"player_id":3704,"player_name":"David L\u00f3pez Silva","vaep_value":0.0286176235,"offensive_value":0.0100224502,"defensive_value":0.0185951733,"count":6},"3":{"player_id":3797,"player_name":"Javier  L\u00f3pez Rodr\u00edguez","vaep_value":0.0375557374,"offensive_value":0.0697709126,"defensive_value":-0.0322151752,"count":42},"4":{"player_id":3803,"player_name":"David L\u00f3pez Silva","vaep_value":0.0732799894,"offensive_value":0.1064740061,"defensive_value":-0.0331940168,"count":69},"5":{"player_id":3806,"player_name":"David L\u00f3pez Silva","vaep_value":0.0314309021,"offensive_value":0.1290055348,"defensive_value":-0.0975746327,"count":78},"6":{"player_id":3816,"player_name":"Mario Hermoso Canseco","vaep_value":-0.0268588432,"offensive_value":-0.0218808525,"defensive_value":-0.0049779906,"count":8},"7":{"player_id":3874,"player_name":"Pau L\u00f3pez Sabata","vaep_value":-0.022388426,"offensive_value":-0.0166373663,"defensive_value":-0.0057510597,"count":8},"8":{"player_id":4014,"player_name":"David L\u00f3pez Silva","vaep_value":0.0981331809,"offensive_value":0.0908079068,"defensive_value":0.0073252741,"count":58},"9":{"player_id":4094,"player_name":"David L\u00f3pez Silva","vaep_value":0.138182289,"offensive_value":0.1228417186,"defensive_value":0.0153405704,"count":80},"10":{"player_id":4180,"player_name":"Gerard Moreno Balaguero","vaep_value":0.4193730011,"offensive_value":0.905587032,"defensive_value":-0.4862140308,"count":51},"11":{"player_id":4303,"player_name":"Pedro Le\u00f3n S\u00e1nchez Gil","vaep_value":0.1550168246,"offensive_value":0.1364861601,"defensive_value":0.0185306645,"count":92},"12":{"player_id":5400,"player_name":"Pedro Le\u00f3n S\u00e1nchez Gil","vaep_value":-0.1107851639,"offensive_value":-0.0926607291,"defensive_value":-0.0181244349,"count":40},"13":{"player_id":5542,"player_name":"Marko Dmitrovi\u0107","vaep_value":0.2667384298,"offensive_value":0.1998322557,"defensive_value":0.0669061741,"count":61},"14":{"player_id":7623,"player_name":"Jos\u00e9 \u00c1ngel Vald\u00e9s D\u00edaz","vaep_value":0.0288029491,"offensive_value":-0.008167643,"defensive_value":0.0369705921,"count":26},"15":{"player_id":20436,"player_name":"David Rodr\u00edguez Lomb\u00e1n","vaep_value":0.0666637503,"offensive_value":0.1247325281,"defensive_value":-0.0580687778,"count":52},"16":{"player_id":26518,"player_name":"Marko Dmitrovi\u0107","vaep_value":0.0261750225,"offensive_value":0.0094436693,"defensive_value":0.0167313531,"count":54},"17":{"player_id":70507,"player_name":"Mario Hermoso Canseco","vaep_value":0.135488242,"offensive_value":0.0497628304,"defensive_value":0.0857254117,"count":52},"18":{"player_id":140046,"player_name":"Daniel Garc\u00eda Carrillo","vaep_value":0.1941716075,"offensive_value":0.2521119267,"defensive_value":-0.0579403192,"count":45},"19":{"player_id":212644,"player_name":"Carlos Alberto S\u00e1nchez Moreno","vaep_value":0.1389624212,"offensive_value":0.1250558768,"defensive_value":0.0139065444,"count":52},"20":{"player_id":225948,"player_name":"Carlos Alberto S\u00e1nchez Moreno","vaep_value":-0.2748747484,"offensive_value":-0.2480061534,"defensive_value":-0.026868595,"count":24},"21":{"player_id":247206,"player_name":"Joan Jord\u00e1n Moreno","vaep_value":0.116122297,"offensive_value":0.1515564346,"defensive_value":-0.0354341376,"count":40},"22":{"player_id":247207,"player_name":"David Rodr\u00edguez Lomb\u00e1n","vaep_value":0.0217517262,"offensive_value":-0.005287519,"defensive_value":0.0270392451,"count":43},"23":{"player_id":279533,"player_name":"Jos\u00e9 \u00c1ngel Vald\u00e9s D\u00edaz","vaep_value":0.028582938,"offensive_value":0.0411757408,"defensive_value":-0.0125928028,"count":74},"24":{"player_id":279555,"player_name":"David L\u00f3pez Silva","vaep_value":0.2197858741,"offensive_value":0.0748777944,"defensive_value":0.1449080797,"count":48},"25":{"player_id":282438,"player_name":"Mario Hermoso Canseco","vaep_value":0.1167778487,"offensive_value":0.1036440604,"defensive_value":0.0131337884,"count":75},"26":{"player_id":341751,"player_name":"Ander Capa Rodr\u00edguez","vaep_value":-0.0536778135,"offensive_value":-0.0039223017,"defensive_value":-0.0497555118,"count":8},"27":{"player_id":450784,"player_name":"V\u00edctor S\u00e1nchez Mata","vaep_value":0.0284530849,"offensive_value":0.0577006992,"defensive_value":-0.0292476143,"count":10}}