{"0":{"player_id":0,"player_name":"Nicol\u00f2 Barella","vaep_value":0.0611416153,"offensive_value":0.0660443886,"defensive_value":-0.0049027733,"count":6},"1":{"player_id":192,"player_name":"Filippo Romagna","vaep_value":0.0845230349,"offensive_value":0.0269091487,"defensive_value":0.0576138862,"count":46},"2":{"player_id":3736,"player_name":"Leonardo Pavoletti","vaep_value":0.0061562045,"offensive_value":0.0397514979,"defensive_value":-0.0335952934,"count":47},"3":{"player_id":20414,"player_name":"Leonardo Pavoletti","vaep_value":-0.02423346,"offensive_value":0.0015540966,"defensive_value":-0.0257875565,"count":8},"4":{"player_id":20472,"player_name":"Samuel Souprayen","vaep_value":0.0240802573,"offensive_value":0.0255858083,"defensive_value":-0.001505551,"count":30},"5":{"player_id":20512,"player_name":"Mohamed Salim Fares","vaep_value":0.1985948852,"offensive_value":0.097579837,"defensive_value":0.1010150482,"count":67},"6":{"player_id":20874,"player_name":"Samuel Souprayen","vaep_value":-0.1118447213,"offensive_value":-0.0891389576,"defensive_value":-0.0227057637,"count":21},"7":{"player_id":20935,"player_name":"Mohamed Salim Fares","vaep_value":0.2486689766,"offensive_value":0.2991347206,"defensive_value":-0.050465744,"count":67},"8":{"player_id":20947,"player_name":"R\u00f4mulo  Souza Orestes Caldeira","vaep_value":0.0466809065,"offensive_value":0.032635712,"defensive_value":0.0140451945,"count":32},"9":{"player_id":21298,"player_name":"Samuel Souprayen","vaep_value":0.0661977216,"offensive_value":0.1394617603,"defensive_value":-0.0732640387,"count":39},"10":{"player_id":21865,"player_name":"Mohamed Salim Fares","vaep_value":0.0585151631,"offensive_value":0.0701402382,"defensive_value":-0.011625075,"count":16},"11":{"player_id":22093,"player_name":"Fabio Pisacane","vaep_value":0.0390785334,"offensive_value":0.0115708942,"defensive_value":0.0275076393,"count":5},"12":{"player_id":22732,"player_name":"Samuel Souprayen","vaep_value":0.2345136642,"offensive_value":0.1735602561,"defensive_value":0.060953408,"count":78},"13":{"player_id":22933,"player_name":"R\u00f4mulo  Souza Orestes Caldeira","vaep_value":-0.6794424817,"offensive_value":-0.1825115727,"defensive_value":-0.496930909,"count":35},"14":{"player_id":23427,"player_name":"Jago\u0161 Vukovi\u0107","vaep_value":0.0553127376,"offensive_value":0.0288768073,"defensive_value":0.0264359303,"count":83},"15":{"player_id":26373,"player_name":"Paolo Pancrazio Farag\u00f2","vaep_value":-0.1396646592,"offensive_value":0.014033366,"defensive_value":-0.1536980252,"count":70},"16":{"player_id":40538,"player_name":"Leonardo Pavoletti","vaep_value":0.1427056839,"offensive_value":0.1705461849,"defensive_value":-0.0278405009,"count":52},"17":{"player_id":50073,"player_name":"Samuel Souprayen","vaep_value":0.0682767596,"offensive_value":0.0342775907,"defensive_value":0.0339991689,"count":49},"18":{"player_id":92900,"player_name":"R\u00f4mulo  Souza Orestes Caldeira","vaep_value":0.0023584821,"offensive_value":-0.0030459999,"defensive_value":0.005404482,"count":9},"19":{"player_id":134413,"player_name":"Samuel Souprayen","vaep_value":0.0863580087,"offensive_value":0.1060473989,"defensive_value":-0.0196893902,"count":34},"20":{"player_id":220359,"player_name":"Marco Ezio Fossati","vaep_value":0.1445021577,"offensive_value":0.1606882685,"defensive_value":-0.0161861108,"count":59},"21":{"player_id":263433,"player_name":"Alessio Cragno","vaep_value":0.0898185092,"offensive_value":0.054457017,"defensive_value":0.0353614922,"count":39},"22":{"player_id":283832,"player_name":"Marco Ezio Fossati","vaep_value":0.1990884542,"offensive_value":0.1801142351,"defensive_value":0.0189742191,"count":60},"23":{"player_id":286223,"player_name":"Jago\u0161 Vukovi\u0107","vaep_value":0.0547832409,"offensive_value":0.0987183794,"defensive_value":-0.0439351385,"count":82},"24":{"player_id":328336,"player_name":"Charalampos Lykogiannis","vaep_value":-0.03547493,"offensive_value":-0.0580392971,"defensive_value":0.0225643672,"count":52},"25":{"player_id":335634,"player_name":"Franco Zuculini","vaep_value":0.0442267094,"offensive_value":0.040906542,"defensive_value":0.0033201674,"count":9},"26":{"player_id":337225,"player_name":"Franco Zuculini","vaep_value":-0.0219682294,"offensive_value":-0.0161006064,"defensive_value":-0.005867623,"count":20},"27":{"player_id":352722,"player_name":"Franco Zuculini","vaep_value":0.018133837,"offensive_value":0.0076789793,"defensive_value":0.0104548577,"count":4},"28":{"player_id":402898,"player_name":"Marco Ezio Fossati","vaep_value":0.0303289609,"offensive_value":0.0739978956,"defensive_value":-0.0436689347,"count":56}}