{"0":{"player_id":0,"player_name":"Jeff Hendrick","vaep_value":0.0144085662,"offensive_value":0.0234436821,"defensive_value":-0.0090351159,"count":5},"1":{"player_id":93,"player_name":"James  Tarkowski","vaep_value":0.1386677281,"offensive_value":0.1282312763,"defensive_value":0.0104364518,"count":33},"2":{"player_id":370,"player_name":"C\u00e9dric Ricardo Alves Soares","vaep_value":0.1737654385,"offensive_value":0.1197390541,"defensive_value":0.0540263844,"count":69},"3":{"player_id":383,"player_name":"Jack Cork","vaep_value":0.18327547,"offensive_value":0.1782447796,"defensive_value":0.0050306905,"count":45},"4":{"player_id":703,"player_name":"Jack Cork","vaep_value":0.2110162565,"offensive_value":0.1086409141,"defensive_value":0.1023753424,"count":80},"5":{"player_id":7885,"player_name":"C\u00e9dric Ricardo Alves Soares","vaep_value":0.0298317638,"offensive_value":0.0292843975,"defensive_value":0.0005473663,"count":82},"6":{"player_id":7899,"player_name":"Du\u0161an Tadi\u0107","vaep_value":0.2144775282,"offensive_value":0.1371102511,"defensive_value":0.0773672771,"count":97},"7":{"player_id":8116,"player_name":"Du\u0161an Tadi\u0107","vaep_value":0.1969930447,"offensive_value":0.2271069087,"defensive_value":-0.030113864,"count":70},"8":{"player_id":8125,"player_name":"Johann  Berg Gu\u00f0munds\u00adson","vaep_value":0.1146181234,"offensive_value":0.0559118609,"defensive_value":0.0587062625,"count":56},"9":{"player_id":8144,"player_name":"Ryan Bertrand","vaep_value":-0.0548805737,"offensive_value":-0.0370729028,"defensive_value":-0.0178076709,"count":3},"10":{"player_id":8384,"player_name":"Matthew Lowton","vaep_value":-0.1197771865,"offensive_value":-0.1122645545,"defensive_value":-0.0075126321,"count":8},"11":{"player_id":8433,"player_name":"Oriol Romeu Vidal","vaep_value":0.0586967267,"offensive_value":0.1099039919,"defensive_value":-0.0512072652,"count":57},"12":{"player_id":8643,"player_name":"Matthew Lowton","vaep_value":0.1633489298,"offensive_value":0.137575155,"defensive_value":0.0257737748,"count":52},"13":{"player_id":8944,"player_name":"Jeff Hendrick","vaep_value":0.2810354698,"offensive_value":0.1288458251,"defensive_value":0.1521896448,"count":53},"14":{"player_id":8953,"player_name":"Steven Davis","vaep_value":-0.031173114,"offensive_value":-0.0332208776,"defensive_value":0.0020477637,"count":8},"15":{"player_id":8980,"player_name":"Sofiane Boufal","vaep_value":0.0768320538,"offensive_value":0.0299624922,"defensive_value":0.0468695617,"count":26},"16":{"player_id":9123,"player_name":"Oriol Romeu Vidal","vaep_value":-0.0560614748,"offensive_value":-0.050714843,"defensive_value":-0.0053466319,"count":11},"17":{"player_id":9127,"player_name":"Ryan Bertrand","vaep_value":0.9368050698,"offensive_value":0.9380463911,"defensive_value":-0.0012413213,"count":6},"18":{"player_id":9206,"player_name":"Nathan Redmond","vaep_value":0.0050058133,"offensive_value":-0.0127137755,"defensive_value":0.0177195888,"count":14},"19":{"player_id":9433,"player_name":"Johann  Berg Gu\u00f0munds\u00adson","vaep_value":0.0750745094,"offensive_value":0.0390100077,"defensive_value":0.0360645016,"count":43},"20":{"player_id":9623,"player_name":"Ryan Bertrand","vaep_value":0.0838500079,"offensive_value":0.0949139878,"defensive_value":-0.0110639799,"count":44},"21":{"player_id":12242,"player_name":"Matthew Lowton","vaep_value":0.1242947685,"offensive_value":0.1347181221,"defensive_value":-0.0104233536,"count":27},"22":{"player_id":20857,"player_name":"Johann  Berg Gu\u00f0munds\u00adson","vaep_value":-0.0422174649,"offensive_value":-0.0507514417,"defensive_value":0.0085339769,"count":9},"23":{"player_id":61941,"player_name":"Matthew Lowton","vaep_value":0.0555221767,"offensive_value":0.0856387098,"defensive_value":-0.0301165332,"count":24},"24":{"player_id":61988,"player_name":"Matthew Lowton","vaep_value":-0.0031106412,"offensive_value":-0.0564980476,"defensive_value":0.0533874064,"count":102},"25":{"player_id":70092,"player_name":"Ryan Bertrand","vaep_value":0.158627011,"offensive_value":0.0339234211,"defensive_value":0.1247035899,"count":47},"26":{"player_id":70389,"player_name":"Matthew Lowton","vaep_value":0.3467202359,"offensive_value":0.298990031,"defensive_value":0.0477302049,"count":89},"27":{"player_id":215983,"player_name":"Virgil van Dijk","vaep_value":-0.0885576911,"offensive_value":-0.0748070256,"defensive_value":-0.0137506655,"count":68}}