{"0":{"player_id":0,"player_name":"Nicolas de Roussel de Pr\u00e9ville","vaep_value":-0.0997146734,"offensive_value":-0.0344751374,"defensive_value":-0.065239536,"count":16},"1":{"player_id":3314,"player_name":"Ot\u00e1vio Henrique Passos Santos","vaep_value":0.0280523287,"offensive_value":0.0346114251,"defensive_value":-0.0065590964,"count":23},"2":{"player_id":3573,"player_name":"Alphonse Ar\u00e9ola","vaep_value":0.0180738155,"offensive_value":0.0168324385,"defensive_value":0.001241377,"count":45},"3":{"player_id":4452,"player_name":"Presnel Kimpembe","vaep_value":0.4975834036,"offensive_value":0.0428573806,"defensive_value":0.454726023,"count":54},"4":{"player_id":14862,"player_name":"Adrien Rabiot","vaep_value":1.0103237533,"offensive_value":0.9472377563,"defensive_value":0.063085997,"count":95},"5":{"player_id":21174,"player_name":"Marco Verratti","vaep_value":0.8840721943,"offensive_value":0.8888250799,"defensive_value":-0.0047528856,"count":11},"6":{"player_id":21383,"player_name":"Adrien Rabiot","vaep_value":0.6083424448,"offensive_value":0.265995478,"defensive_value":0.3423469667,"count":94},"7":{"player_id":25418,"player_name":"Presnel Kimpembe","vaep_value":0.2332670239,"offensive_value":0.1580248657,"defensive_value":0.0752421583,"count":25},"8":{"player_id":25632,"player_name":"Marcos  Ao\u00e1s Corr\u00eaa ","vaep_value":0.2915978311,"offensive_value":0.0423077117,"defensive_value":0.2492901194,"count":24},"9":{"player_id":25923,"player_name":"Thomas Meunier","vaep_value":0.0079457541,"offensive_value":0.0413802115,"defensive_value":-0.0334344574,"count":29},"10":{"player_id":26389,"player_name":"Marcos  Ao\u00e1s Corr\u00eaa ","vaep_value":0.8269787347,"offensive_value":0.8192015528,"defensive_value":0.0077771819,"count":75},"11":{"player_id":27958,"player_name":"Julian Draxler","vaep_value":0.148720158,"offensive_value":0.2015919099,"defensive_value":-0.0528717518,"count":63},"12":{"player_id":28529,"player_name":"Presnel Kimpembe","vaep_value":-0.0308425489,"offensive_value":-0.0292282167,"defensive_value":-0.0016143322,"count":16},"13":{"player_id":37824,"player_name":"Presnel Kimpembe","vaep_value":0.1708810459,"offensive_value":0.762025597,"defensive_value":-0.5911445512,"count":57},"14":{"player_id":40539,"player_name":"Yuri Berchiche Izeta","vaep_value":0.1936482601,"offensive_value":0.2813114468,"defensive_value":-0.0876631867,"count":93},"15":{"player_id":40810,"player_name":"Youssouf Sabaly","vaep_value":1.3584627675,"offensive_value":1.4162454054,"defensive_value":-0.0577826379,"count":97},"16":{"player_id":48318,"player_name":"J\u00e9r\u00e9my Toulalan","vaep_value":0.0827426473,"offensive_value":0.0982777826,"defensive_value":-0.0155351353,"count":14},"17":{"player_id":56441,"player_name":"Marcos  Ao\u00e1s Corr\u00eaa ","vaep_value":0.9557805456,"offensive_value":0.7587053789,"defensive_value":0.1970751667,"count":52},"18":{"player_id":99633,"player_name":"Presnel Kimpembe","vaep_value":0.2669330373,"offensive_value":0.2064465728,"defensive_value":0.0604864645,"count":32},"19":{"player_id":209117,"player_name":"Adrien Rabiot","vaep_value":0.288305831,"offensive_value":0.1123820571,"defensive_value":0.1759237739,"count":78},"20":{"player_id":231138,"player_name":"Marcos  Ao\u00e1s Corr\u00eaa ","vaep_value":0.2986582894,"offensive_value":0.1744061167,"defensive_value":0.1242521727,"count":92},"21":{"player_id":258263,"player_name":"Marco Verratti","vaep_value":-0.3816114736,"offensive_value":0.0274214444,"defensive_value":-0.409032918,"count":38},"22":{"player_id":274970,"player_name":"Thomas Meunier","vaep_value":-0.060507792,"offensive_value":-0.1116202413,"defensive_value":0.0511124493,"count":14},"23":{"player_id":295569,"player_name":"Thomas Meunier","vaep_value":-0.0127189581,"offensive_value":0.2103811391,"defensive_value":-0.2231000972,"count":74},"24":{"player_id":300485,"player_name":"Julian Draxler","vaep_value":1.2137165863,"offensive_value":1.3023520798,"defensive_value":-0.0886354935,"count":76},"25":{"player_id":334552,"player_name":"Marco Verratti","vaep_value":-0.1114388942,"offensive_value":-0.0567645372,"defensive_value":-0.0546743569,"count":40},"26":{"player_id":347200,"player_name":"Julian Draxler","vaep_value":0.3057202089,"offensive_value":0.0668029608,"defensive_value":0.2389172481,"count":20},"27":{"player_id":353833,"player_name":"Marcos  Ao\u00e1s Corr\u00eaa ","vaep_value":0.9726249244,"offensive_value":0.9914077474,"defensive_value":-0.018782823,"count":46},"28":{"player_id":356237,"player_name":"Adrien Rabiot","vaep_value":0.3636491939,"offensive_value":0.0366088566,"defensive_value":0.3270403373,"count":35}}