{"0":{"player_id":0,"player_name":"Mauricio Lemos Merladet","vaep_value":-0.02318654,"offensive_value":0.0061991902,"defensive_value":-0.0293857302,"count":11},"1":{"player_id":1751,"player_name":"Joaqu\u00edn Navarro Jim\u00e9nez","vaep_value":-0.1661896133,"offensive_value":-0.0493966055,"defensive_value":-0.1167930078,"count":60},"2":{"player_id":3269,"player_name":"Sergio Busquets i Burgos","vaep_value":0.0848261663,"offensive_value":0.0761896875,"defensive_value":0.0086364788,"count":64},"3":{"player_id":3341,"player_name":"Luis Alberto Su\u00e1rez D\u00edaz","vaep_value":0.065152041,"offensive_value":0.0407839054,"defensive_value":0.0243681356,"count":67},"4":{"player_id":3346,"player_name":"Luis Alberto Su\u00e1rez D\u00edaz","vaep_value":1.3703718011,"offensive_value":1.2329351809,"defensive_value":0.1374366203,"count":69},"5":{"player_id":3347,"player_name":"Denis Su\u00e1rez Fern\u00e1ndez","vaep_value":0.5429856131,"offensive_value":0.4635121834,"defensive_value":0.0794734297,"count":98},"6":{"player_id":3353,"player_name":"Hern\u00e1n Daniel Santana Trujillo","vaep_value":0.0726997716,"offensive_value":0.0695040631,"defensive_value":0.0031957085,"count":25},"7":{"player_id":3355,"player_name":"M\u00edchel Macedo Rocha Machado","vaep_value":0.0462302736,"offensive_value":0.067437225,"defensive_value":-0.0212069515,"count":71},"8":{"player_id":3359,"player_name":"Alberto Aquilani","vaep_value":1.7124199569,"offensive_value":1.7621993926,"defensive_value":-0.0497794357,"count":83},"9":{"player_id":3476,"player_name":"M\u00edchel Macedo Rocha Machado","vaep_value":0.1875963329,"offensive_value":0.169198727,"defensive_value":0.0183976059,"count":44},"10":{"player_id":4238,"player_name":"Mauricio Lemos Merladet","vaep_value":0.171284112,"offensive_value":0.0537329713,"defensive_value":0.1175511407,"count":71},"11":{"player_id":4256,"player_name":"Gerard Piqu\u00e9 Bernab\u00e9u","vaep_value":0.044329059,"offensive_value":-0.0196680145,"defensive_value":0.0639970734,"count":22},"12":{"player_id":4272,"player_name":"Marc-Andr\u00e9 ter Stegen","vaep_value":-0.3568807754,"offensive_value":0.0422143256,"defensive_value":-0.399095101,"count":53},"13":{"player_id":4363,"player_name":"Javier Alejandro Mascherano","vaep_value":0.0308929377,"offensive_value":0.0197466586,"defensive_value":0.0111462791,"count":12},"14":{"player_id":4366,"player_name":"Jordi Alba Ramos","vaep_value":-0.089653683,"offensive_value":-0.0032056366,"defensive_value":-0.0864480464,"count":59},"15":{"player_id":4379,"player_name":"Denis Su\u00e1rez Fern\u00e1ndez","vaep_value":0.2095519926,"offensive_value":0.2037083148,"defensive_value":0.0058436778,"count":82},"16":{"player_id":4969,"player_name":"Joaqu\u00edn Navarro Jim\u00e9nez","vaep_value":0.2455951916,"offensive_value":0.1906689,"defensive_value":0.0549262916,"count":52},"17":{"player_id":7972,"player_name":"Pedro Tanaus\u00fa Dom\u00ednguez Placeres","vaep_value":-0.2306792504,"offensive_value":-0.1981620609,"defensive_value":-0.0325171895,"count":48},"18":{"player_id":8323,"player_name":"Denis Su\u00e1rez Fern\u00e1ndez","vaep_value":0.2224505239,"offensive_value":0.2289401823,"defensive_value":-0.0064896584,"count":66},"19":{"player_id":15008,"player_name":"Sergio Busquets i Burgos","vaep_value":0.0524346589,"offensive_value":0.0719028427,"defensive_value":-0.0194681839,"count":29},"20":{"player_id":20401,"player_name":"Jos\u00e9 Paulo Bezzera Maciel J\u00fanior","vaep_value":0.0881225781,"offensive_value":0.0345225056,"defensive_value":0.0536000725,"count":113},"21":{"player_id":40550,"player_name":"Sergi Roberto Carnicer","vaep_value":-0.0286064063,"offensive_value":-0.0327678341,"defensive_value":0.0041614278,"count":27},"22":{"player_id":86319,"player_name":"Sergi Roberto Carnicer","vaep_value":0.1430000332,"offensive_value":0.0976680389,"defensive_value":0.0453319943,"count":64},"23":{"player_id":211885,"player_name":"Aleix Vidal Parreu","vaep_value":-0.0584082867,"offensive_value":-0.0792746721,"defensive_value":0.0208663854,"count":4},"24":{"player_id":228902,"player_name":"Sergi Roberto Carnicer","vaep_value":-0.211027885,"offensive_value":-0.1286773626,"defensive_value":-0.0823505224,"count":34},"25":{"player_id":292991,"player_name":"Sergi Roberto Carnicer","vaep_value":0.1902002151,"offensive_value":0.0633582979,"defensive_value":0.1268419172,"count":60},"26":{"player_id":298385,"player_name":"Sergi Roberto Carnicer","vaep_value":0.1419457949,"offensive_value":0.1187341724,"defensive_value":0.0232116225,"count":72},"27":{"player_id":393881,"player_name":"Sergi Roberto Carnicer","vaep_value":0.0294531565,"offensive_value":0.0438302569,"defensive_value":-0.0143771004,"count":4}}