{"0":{"player_id":66,"player_name":"Gylfi \u00de\u00f3r Sigur\u00f0sson","vaep_value":-0.0167096404,"offensive_value":-0.0425878246,"defensive_value":0.0258781842,"count":26},"1":{"player_id":93,"player_name":"Ari Freyr Sk\u00falason","vaep_value":0.140098963,"offensive_value":0.006887775,"defensive_value":0.133211188,"count":47},"2":{"player_id":3305,"player_name":"Kolbeinn Sig\u00fe\u00f3rsson","vaep_value":0.274305475,"offensive_value":0.167019858,"defensive_value":0.107285617,"count":89},"3":{"player_id":3307,"player_name":"Kolbeinn Sig\u00fe\u00f3rsson","vaep_value":0.2206079775,"offensive_value":0.1384029259,"defensive_value":0.0822050516,"count":72},"4":{"player_id":3322,"player_name":"Danilo Lu\u00eds H\u00e9lio Pereira","vaep_value":-0.1653445946,"offensive_value":-0.1035254875,"defensive_value":-0.0618191071,"count":59},"5":{"player_id":7926,"player_name":"Cristiano Ronaldo dos Santos Aveiro","vaep_value":1.249030185,"offensive_value":1.198269733,"defensive_value":0.050760452,"count":41},"6":{"player_id":14940,"player_name":"Cristiano Ronaldo dos Santos Aveiro","vaep_value":0.6142063822,"offensive_value":0.7505709385,"defensive_value":-0.1363645564,"count":85},"7":{"player_id":20496,"player_name":"Johann  Berg Gu\u00f0munds\u00adson","vaep_value":0.1080380522,"offensive_value":0.046642269,"defensive_value":0.0613957832,"count":77},"8":{"player_id":28907,"player_name":"Ricardo Alberto Silveira de Carvalho","vaep_value":0.1967121231,"offensive_value":0.2944153718,"defensive_value":-0.0977032487,"count":108},"9":{"player_id":32597,"player_name":"Rapha\u00ebl Adelino Jos\u00e9 Guerreiro","vaep_value":-0.1281986179,"offensive_value":-0.0597968265,"defensive_value":-0.0684017914,"count":22},"10":{"player_id":37948,"player_name":"Aron Einar Gunnarsson","vaep_value":0.1076763771,"offensive_value":-0.0451145822,"defensive_value":0.1527909592,"count":8},"11":{"player_id":38084,"player_name":"Johann  Berg Gu\u00f0munds\u00adson","vaep_value":0.4339079087,"offensive_value":0.9645684158,"defensive_value":-0.5306605072,"count":21},"12":{"player_id":51127,"player_name":"Kolbeinn Sig\u00fe\u00f3rsson","vaep_value":0.1139035522,"offensive_value":0.1630453876,"defensive_value":-0.0491418354,"count":34},"13":{"player_id":54451,"player_name":"Aron Einar Gunnarsson","vaep_value":-0.0115071628,"offensive_value":0.0368160245,"defensive_value":-0.0483231873,"count":30},"14":{"player_id":55983,"player_name":"Johann  Berg Gu\u00f0munds\u00adson","vaep_value":0.280138232,"offensive_value":0.1965986214,"defensive_value":0.0835396106,"count":32},"15":{"player_id":56183,"player_name":"Birkir M\u00e1r S\u00e6varsson","vaep_value":-0.0436754399,"offensive_value":-0.0032758822,"defensive_value":-0.0403995577,"count":3},"16":{"player_id":57226,"player_name":"Johann  Berg Gu\u00f0munds\u00adson","vaep_value":0.7659189127,"offensive_value":0.3589004545,"defensive_value":0.4070184582,"count":49},"17":{"player_id":58105,"player_name":"Johann  Berg Gu\u00f0munds\u00adson","vaep_value":0.0985382711,"offensive_value":0.0842860391,"defensive_value":0.014252232,"count":29},"18":{"player_id":62221,"player_name":"Rapha\u00ebl Adelino Jos\u00e9 Guerreiro","vaep_value":0.0713236529,"offensive_value":0.0701338485,"defensive_value":0.0011898044,"count":17},"19":{"player_id":70093,"player_name":"Jo\u00e3o Filipe Iria Santos Moutinho","vaep_value":-0.0077291168,"offensive_value":0.0182844258,"defensive_value":-0.0260135426,"count":89},"20":{"player_id":70134,"player_name":"Andr\u00e9 Filipe Tavares Gomes","vaep_value":0.2054566707,"offensive_value":0.0719214613,"defensive_value":0.1335352095,"count":25},"21":{"player_id":70410,"player_name":"Birkir Bjarnason","vaep_value":-0.0297277956,"offensive_value":-0.0297763161,"defensive_value":0.0000485205,"count":1},"22":{"player_id":70965,"player_name":"Lu\u00eds Carlos Almeida da Cunha","vaep_value":0.0340997966,"offensive_value":0.0405104447,"defensive_value":-0.0064106481,"count":57},"23":{"player_id":77521,"player_name":"Aron Einar Gunnarsson","vaep_value":0.0417855009,"offensive_value":0.1929870184,"defensive_value":-0.1512015175,"count":62},"24":{"player_id":77558,"player_name":"Cristiano Ronaldo dos Santos Aveiro","vaep_value":0.0274737042,"offensive_value":0.0262878694,"defensive_value":0.0011858348,"count":24},"25":{"player_id":211885,"player_name":"Cristiano Ronaldo dos Santos Aveiro","vaep_value":0.0575630593,"offensive_value":0.0766600221,"defensive_value":-0.0190969628,"count":71},"26":{"player_id":258162,"player_name":"Hannes \u00de\u00f3r Halld\u00f3rsson","vaep_value":0.1622428697,"offensive_value":0.0930555579,"defensive_value":0.0691873117,"count":21}}