{"0":{"player_id":0,"player_name":"Jorge Resurrecci\u00f3n Merodio","vaep_value":0.0614641756,"offensive_value":0.0762956513,"defensive_value":-0.0148314757,"count":7},"1":{"player_id":3267,"player_name":"Thomas Teye Partey","vaep_value":0.2088547926,"offensive_value":0.111882512,"defensive_value":0.0969722806,"count":31},"2":{"player_id":3433,"player_name":"Gabriel Fern\u00e1ndez Arenas","vaep_value":0.0069245721,"offensive_value":0.1351434162,"defensive_value":-0.1282188442,"count":45},"3":{"player_id":3434,"player_name":"Stefan Savi\u0107","vaep_value":0.1971911393,"offensive_value":0.1884015189,"defensive_value":0.0087896204,"count":83},"4":{"player_id":3441,"player_name":"Diego Roberto God\u00edn Leal","vaep_value":0.1479628549,"offensive_value":0.0887434047,"defensive_value":0.0592194502,"count":64},"5":{"player_id":3443,"player_name":"Thomas Teye Partey","vaep_value":0.8956073236,"offensive_value":0.884311231,"defensive_value":0.0112960926,"count":45},"6":{"player_id":3447,"player_name":"Thomas Teye Partey","vaep_value":0.004419988,"offensive_value":0.050204907,"defensive_value":-0.0457849189,"count":49},"7":{"player_id":3572,"player_name":"Filipe Luis Kasmirski","vaep_value":0.2446800069,"offensive_value":0.2641151701,"defensive_value":-0.0194351632,"count":73},"8":{"player_id":3605,"player_name":"Djen\u00e9 Dakonam Ortega","vaep_value":0.0410389216,"offensive_value":0.0498352104,"defensive_value":-0.0087962889,"count":33},"9":{"player_id":3682,"player_name":"Filipe Luis Kasmirski","vaep_value":0.1325948199,"offensive_value":0.1366333726,"defensive_value":-0.0040385528,"count":36},"10":{"player_id":3974,"player_name":"Filipe Luis Kasmirski","vaep_value":0.2479589338,"offensive_value":0.2195292146,"defensive_value":0.0284297192,"count":79},"11":{"player_id":4131,"player_name":"Sa\u00fal \u00d1\u00edguez Esclapez","vaep_value":-0.0840208809,"offensive_value":-0.0839621723,"defensive_value":-0.0000587086,"count":12},"12":{"player_id":4338,"player_name":"Filipe Luis Kasmirski","vaep_value":-0.1595198206,"offensive_value":-0.1356235046,"defensive_value":-0.0238963159,"count":28},"13":{"player_id":4343,"player_name":"Thomas Teye Partey","vaep_value":0.0456241343,"offensive_value":0.130379387,"defensive_value":-0.0847552527,"count":15},"14":{"player_id":4488,"player_name":"Stefan Savi\u0107","vaep_value":0.0922976935,"offensive_value":0.0869485491,"defensive_value":0.0053491443,"count":55},"15":{"player_id":4593,"player_name":"Thomas Teye Partey","vaep_value":0.0198455148,"offensive_value":-0.0078442378,"defensive_value":0.0276897526,"count":33},"16":{"player_id":5677,"player_name":"Sa\u00fal \u00d1\u00edguez Esclapez","vaep_value":0.002670244,"offensive_value":-0.0682257767,"defensive_value":0.0708960206,"count":35},"17":{"player_id":7908,"player_name":"Sa\u00fal \u00d1\u00edguez Esclapez","vaep_value":-0.1237794423,"offensive_value":-0.1035433654,"defensive_value":-0.0202360769,"count":11},"18":{"player_id":8311,"player_name":"Filipe Luis Kasmirski","vaep_value":0.0250997426,"offensive_value":0.073925736,"defensive_value":-0.0488259934,"count":42},"19":{"player_id":20406,"player_name":"Thomas Teye Partey","vaep_value":-0.0320257531,"offensive_value":-0.04247658,"defensive_value":0.010450827,"count":36},"20":{"player_id":25445,"player_name":"Gabriel Fern\u00e1ndez Arenas","vaep_value":-0.1702408117,"offensive_value":-0.1669965833,"defensive_value":-0.0032442283,"count":8},"21":{"player_id":25577,"player_name":"Thomas Teye Partey","vaep_value":-0.0170703736,"offensive_value":-0.0081817559,"defensive_value":-0.0088886177,"count":29},"22":{"player_id":25888,"player_name":"Filipe Luis Kasmirski","vaep_value":-0.7600574615,"offensive_value":-0.787848409,"defensive_value":0.0277909475,"count":62},"23":{"player_id":70273,"player_name":"Diego Roberto God\u00edn Leal","vaep_value":0.2397219667,"offensive_value":0.2556945737,"defensive_value":-0.0159726071,"count":30},"24":{"player_id":93000,"player_name":"Stefan Savi\u0107","vaep_value":0.1419178497,"offensive_value":0.1598952443,"defensive_value":-0.0179773946,"count":79},"25":{"player_id":217031,"player_name":"Stefan Savi\u0107","vaep_value":-0.0311420354,"offensive_value":0.0237778944,"defensive_value":-0.0549199298,"count":64},"26":{"player_id":250805,"player_name":"Sa\u00fal \u00d1\u00edguez Esclapez","vaep_value":0.065849951,"offensive_value":0.0752597733,"defensive_value":-0.0094098223,"count":53},"27":{"player_id":254408,"player_name":"Diego da Silva Costa","vaep_value":0.1941049987,"offensive_value":0.1416678815,"defensive_value":0.0524371172,"count":16},"28":{"player_id":344140,"player_name":"Jorge Resurrecci\u00f3n Merodio","vaep_value":-0.0791985268,"offensive_value":-0.0552975277,"defensive_value":-0.0239009991,"count":28}}