{"0":{"player_id":0,"player_name":"Valent\u00edn Vada","vaep_value":0.0508008535,"offensive_value":0.0698699681,"defensive_value":-0.0190691146,"count":11},"1":{"player_id":3573,"player_name":"Ot\u00e1vio Henrique Passos Santos","vaep_value":0.0270585073,"offensive_value":0.0429565711,"defensive_value":-0.0158980638,"count":57},"2":{"player_id":7986,"player_name":"Fouad Chafik","vaep_value":-0.024526917,"offensive_value":-0.00994293,"defensive_value":-0.0145839871,"count":1},"3":{"player_id":25524,"player_name":"Chang-Hoon Kwon","vaep_value":0.1758705036,"offensive_value":0.1429481979,"defensive_value":0.0329223057,"count":85},"4":{"player_id":25596,"player_name":"Fouad Chafik","vaep_value":0.1337877717,"offensive_value":0.137639133,"defensive_value":-0.0038513613,"count":8},"5":{"player_id":25632,"player_name":"Fouad Chafik","vaep_value":0.2626747594,"offensive_value":0.1882050326,"defensive_value":0.0744697268,"count":38},"6":{"player_id":25923,"player_name":"Ot\u00e1vio Henrique Passos Santos","vaep_value":0.0030311306,"offensive_value":0.0089348198,"defensive_value":-0.0059036892,"count":23},"7":{"player_id":26124,"player_name":"Benjamin Jeannot","vaep_value":0.5909423444,"offensive_value":0.5384762186,"defensive_value":0.0524661258,"count":27},"8":{"player_id":26311,"player_name":"Fouad Chafik","vaep_value":0.0731346101,"offensive_value":0.2381435421,"defensive_value":-0.165008932,"count":75},"9":{"player_id":26365,"player_name":"Baptiste Reynet","vaep_value":0.2062146101,"offensive_value":0.180133646,"defensive_value":0.0260809641,"count":46},"10":{"player_id":27354,"player_name":"Milan Gaji\u0107","vaep_value":-0.0763350016,"offensive_value":-0.0515699184,"defensive_value":-0.0247650832,"count":20},"11":{"player_id":28529,"player_name":"Beno\u00eet Costil","vaep_value":0.3559923972,"offensive_value":0.3409643546,"defensive_value":0.0150280426,"count":66},"12":{"player_id":29748,"player_name":"Fouad Chafik","vaep_value":0.1528080811,"offensive_value":0.1981487711,"defensive_value":-0.0453406899,"count":57},"13":{"player_id":30427,"player_name":"Papiss Mison Djilobodji","vaep_value":-0.0054415744,"offensive_value":0.0078118689,"defensive_value":-0.0132534433,"count":8},"14":{"player_id":48318,"player_name":"Baptiste Reynet","vaep_value":0.9063425595,"offensive_value":0.8809720428,"defensive_value":0.0253705167,"count":54},"15":{"player_id":56441,"player_name":"J\u00falio Tavares","vaep_value":0.1526095769,"offensive_value":0.1196620532,"defensive_value":0.0329475238,"count":50},"16":{"player_id":120717,"player_name":"J\u00falio Tavares","vaep_value":0.2900207132,"offensive_value":0.1608992526,"defensive_value":0.1291214606,"count":55},"17":{"player_id":149054,"player_name":"Beno\u00eet Costil","vaep_value":0.9889955508,"offensive_value":0.9836506604,"defensive_value":0.0053448904,"count":37},"18":{"player_id":215036,"player_name":"C\u00e9dric Yamber\u00e9","vaep_value":1.1471871006,"offensive_value":1.1358095474,"defensive_value":0.0113775532,"count":74},"19":{"player_id":237267,"player_name":"Ot\u00e1vio Henrique Passos Santos","vaep_value":0.1350879602,"offensive_value":0.1442631838,"defensive_value":-0.0091752236,"count":49},"20":{"player_id":256084,"player_name":"Jonathan Renato Barbosa","vaep_value":-0.0512051369,"offensive_value":-0.0457021897,"defensive_value":-0.0055029471,"count":50},"21":{"player_id":258263,"player_name":"C\u00e9dric Yamber\u00e9","vaep_value":0.1140584184,"offensive_value":0.0179198664,"defensive_value":0.0961385521,"count":42},"22":{"player_id":273819,"player_name":"Fouad Chafik","vaep_value":0.1342147879,"offensive_value":0.0972649007,"defensive_value":0.0369498872,"count":64},"23":{"player_id":274970,"player_name":"J\u00falio Tavares","vaep_value":-0.2050107759,"offensive_value":-0.1833830788,"defensive_value":-0.0216276972,"count":22},"24":{"player_id":276920,"player_name":"Ot\u00e1vio Henrique Passos Santos","vaep_value":0.0419107694,"offensive_value":0.045036538,"defensive_value":-0.0031257686,"count":34},"25":{"player_id":295569,"player_name":"Youssouf Sabaly","vaep_value":0.0997927847,"offensive_value":0.0269641716,"defensive_value":0.0728286131,"count":59},"26":{"player_id":300485,"player_name":"C\u00e9dric Yamber\u00e9","vaep_value":0.8566440997,"offensive_value":0.9128600029,"defensive_value":-0.0562159031,"count":63},"27":{"player_id":334552,"player_name":"Baptiste Reynet","vaep_value":-0.1201385777,"offensive_value":-0.1177191839,"defensive_value":-0.0024193937,"count":14},"28":{"player_id":393214,"player_name":"Chang-Hoon Kwon","vaep_value":0.0950415148,"offensive_value":0.0774885549,"defensive_value":0.01755296,"count":8}}