{"0":{"player_id":36,"player_name":"Gabriel Fernando de Jesus","vaep_value":0.1788767835,"offensive_value":0.0666803471,"defensive_value":0.1121964364,"count":51},"1":{"player_id":48,"player_name":"Fernando Luiz Rosa","vaep_value":0.0162026176,"offensive_value":0.0585869107,"defensive_value":-0.0423842932,"count":57},"2":{"player_id":261,"player_name":"Philippe Coutinho Correia","vaep_value":0.2251514705,"offensive_value":0.0053059613,"defensive_value":0.2198455092,"count":40},"3":{"player_id":3310,"player_name":"Fernando Luiz Rosa","vaep_value":0.5357704262,"offensive_value":0.466177223,"defensive_value":0.0695932031,"count":103},"4":{"player_id":3429,"player_name":"Marcelo Vieira da Silva J\u00fanior","vaep_value":0.0483129005,"offensive_value":0.1323046924,"defensive_value":-0.0839917919,"count":42},"5":{"player_id":3431,"player_name":"Jo\u00e3o Miranda de Souza Filho","vaep_value":0.2008642089,"offensive_value":0.2020340872,"defensive_value":-0.0011698783,"count":58},"6":{"player_id":3802,"player_name":"Thiago Emiliano da Silva","vaep_value":0.2105278211,"offensive_value":0.2292353788,"defensive_value":-0.0187075577,"count":101},"7":{"player_id":7860,"player_name":"F\u00e1gner Conserva Lemos","vaep_value":0.0079202979,"offensive_value":0.0068372237,"defensive_value":0.0010830743,"count":6},"8":{"player_id":7905,"player_name":"Thiago Emiliano da Silva","vaep_value":0.0468360056,"offensive_value":0.0230991035,"defensive_value":0.0237369022,"count":29},"9":{"player_id":8249,"player_name":"Jo\u00e3o Miranda de Souza Filho","vaep_value":0.1933988699,"offensive_value":-0.0342296161,"defensive_value":0.227628486,"count":48},"10":{"player_id":8307,"player_name":"Thiago Emiliano da Silva","vaep_value":0.2466346312,"offensive_value":0.0773750005,"defensive_value":0.1692596307,"count":64},"11":{"player_id":14785,"player_name":"F\u00e1gner Conserva Lemos","vaep_value":0.8830602673,"offensive_value":0.8855129138,"defensive_value":-0.0024526465,"count":13},"12":{"player_id":15808,"player_name":"Jan Vertonghen","vaep_value":-0.4382910983,"offensive_value":-0.437783058,"defensive_value":-0.0005080403,"count":29},"13":{"player_id":20394,"player_name":"Vincent Kompany","vaep_value":0.0341143549,"offensive_value":0.0510534765,"defensive_value":-0.0169391216,"count":66},"14":{"player_id":25707,"player_name":"Toby Alderweireld","vaep_value":0.0396280107,"offensive_value":0.0304656583,"defensive_value":0.0091623524,"count":65},"15":{"player_id":37824,"player_name":"Vincent Kompany","vaep_value":0.0886577135,"offensive_value":0.0490530293,"defensive_value":0.0396046842,"count":46},"16":{"player_id":38021,"player_name":"Toby Alderweireld","vaep_value":1.2044970378,"offensive_value":1.2420169382,"defensive_value":-0.0375199004,"count":50},"17":{"player_id":40550,"player_name":"Alisson Rams\u00e9s Becker","vaep_value":-0.2798962756,"offensive_value":-0.2432061958,"defensive_value":-0.0366900798,"count":39},"18":{"player_id":40707,"player_name":"Thiago Emiliano da Silva","vaep_value":0.2087283555,"offensive_value":0.1399103258,"defensive_value":0.0688180298,"count":50},"19":{"player_id":40810,"player_name":"F\u00e1gner Conserva Lemos","vaep_value":0.7230139413,"offensive_value":0.7520522514,"defensive_value":-0.0290383101,"count":83},"20":{"player_id":70123,"player_name":"Jos\u00e9 Paulo Bezzera Maciel J\u00fanior","vaep_value":0.2389751184,"offensive_value":0.0978479981,"defensive_value":0.1411271202,"count":50},"21":{"player_id":105333,"player_name":"Axel  Witsel","vaep_value":0.3023043094,"offensive_value":0.3265638625,"defensive_value":-0.0242595531,"count":26},"22":{"player_id":105334,"player_name":"Jos\u00e9 Paulo Bezzera Maciel J\u00fanior","vaep_value":0.0719640509,"offensive_value":0.0710462234,"defensive_value":0.0009178275,"count":35},"23":{"player_id":105339,"player_name":"Jan Vertonghen","vaep_value":0.3786593155,"offensive_value":0.2896651698,"defensive_value":0.0889941457,"count":75},"24":{"player_id":214220,"player_name":"Jan Vertonghen","vaep_value":0.0780080308,"offensive_value":0.0997695406,"defensive_value":-0.0217615098,"count":15},"25":{"player_id":263802,"player_name":"Kevin De Bruyne","vaep_value":-0.0003611501,"offensive_value":-0.0001874799,"defensive_value":-0.0001736702,"count":1},"26":{"player_id":340386,"player_name":"Kevin De Bruyne","vaep_value":-0.0203887969,"offensive_value":-0.0209649326,"defensive_value":0.0005761357,"count":19}}