{"0":{"player_id":0,"player_name":"Jonjo Shelvey","vaep_value":-0.0656344905,"offensive_value":0.0078291858,"defensive_value":-0.0734636763,"count":3},"1":{"player_id":3327,"player_name":"Jamal Lascelles","vaep_value":-0.0274105232,"offensive_value":-0.021933526,"defensive_value":-0.0054769971,"count":23},"2":{"player_id":3436,"player_name":"Nicol\u00e1s Hern\u00e1n Otamendi","vaep_value":-0.3591315967,"offensive_value":0.0684966827,"defensive_value":-0.4276282794,"count":21},"3":{"player_id":7967,"player_name":"Isaac Hayden","vaep_value":0.281808171,"offensive_value":0.2721823746,"defensive_value":0.0096257963,"count":32},"4":{"player_id":7978,"player_name":"Karl Darlow","vaep_value":0.1256971302,"offensive_value":0.1152264765,"defensive_value":0.0104706538,"count":38},"5":{"player_id":8004,"player_name":"David Josu\u00e9 Jim\u00e9nez Silva","vaep_value":-0.0067924052,"offensive_value":-0.072951839,"defensive_value":0.0661594338,"count":29},"6":{"player_id":8277,"player_name":"Oleksandr Zinchenko","vaep_value":0.399620133,"offensive_value":0.3864561827,"defensive_value":0.0131639503,"count":117},"7":{"player_id":8317,"player_name":"David Josu\u00e9 Jim\u00e9nez Silva","vaep_value":-0.0709750519,"offensive_value":-0.0674319774,"defensive_value":-0.0035430745,"count":144},"8":{"player_id":8325,"player_name":"Nicol\u00e1s Hern\u00e1n Otamendi","vaep_value":1.7828860157,"offensive_value":1.804398462,"defensive_value":-0.0215124463,"count":63},"9":{"player_id":8620,"player_name":"Ederson Santana de Moraes","vaep_value":0.3201234904,"offensive_value":0.1877378267,"defensive_value":0.1323856637,"count":22},"10":{"player_id":8826,"player_name":"John Stones","vaep_value":0.0412409975,"offensive_value":0.1543392397,"defensive_value":-0.1130982422,"count":47},"11":{"player_id":8833,"player_name":"Fernando Luiz Rosa","vaep_value":0.1581626062,"offensive_value":0.020580472,"defensive_value":0.1375821342,"count":29},"12":{"player_id":9380,"player_name":"Oleksandr Zinchenko","vaep_value":0.1348003208,"offensive_value":0.1065366399,"defensive_value":0.028263681,"count":79},"13":{"player_id":11066,"player_name":"Javier Manquillo Gait\u00e1n","vaep_value":-0.1057067034,"offensive_value":-0.1393800327,"defensive_value":0.0336733293,"count":51},"14":{"player_id":12536,"player_name":"Sergio Leonel Ag\u00fcero del Castillo","vaep_value":-0.0334832733,"offensive_value":-0.0323708942,"defensive_value":-0.0011123791,"count":6},"15":{"player_id":38021,"player_name":"Karl Darlow","vaep_value":0.0096944778,"offensive_value":-0.005930576,"defensive_value":0.0156250538,"count":112},"16":{"player_id":70086,"player_name":"Kyle Walker","vaep_value":0.2950204086,"offensive_value":0.3127509472,"defensive_value":-0.0177305386,"count":107},"17":{"player_id":70215,"player_name":"Jonjo Shelvey","vaep_value":0.1869979224,"offensive_value":0.1100367908,"defensive_value":0.0769611315,"count":20},"18":{"player_id":71654,"player_name":"Christian  Atsu Twasam","vaep_value":0.1124245332,"offensive_value":0.0552302937,"defensive_value":0.0571942396,"count":31},"19":{"player_id":105339,"player_name":"Ciaran Clark","vaep_value":0.4182695433,"offensive_value":0.1758413266,"defensive_value":0.2424282167,"count":116},"20":{"player_id":134294,"player_name":"Ciaran Clark","vaep_value":-0.2656946667,"offensive_value":0.0014698245,"defensive_value":-0.2671644911,"count":30},"21":{"player_id":230883,"player_name":"Ederson Santana de Moraes","vaep_value":0.0039667947,"offensive_value":0.003428711,"defensive_value":0.0005380837,"count":6},"22":{"player_id":241564,"player_name":"Ederson Santana de Moraes","vaep_value":0.4472632971,"offensive_value":0.3114800163,"defensive_value":0.1357832808,"count":140},"23":{"player_id":245364,"player_name":"Ederson Santana de Moraes","vaep_value":-0.0735872193,"offensive_value":-0.0650776421,"defensive_value":-0.0085095772,"count":57},"24":{"player_id":252365,"player_name":"Raheem Shaquille Sterling","vaep_value":-0.0162253729,"offensive_value":0.0320651249,"defensive_value":-0.0482904979,"count":11},"25":{"player_id":265673,"player_name":"Kevin De Bruyne","vaep_value":0.004173174,"offensive_value":0.0067626527,"defensive_value":-0.0025894786,"count":6},"26":{"player_id":293686,"player_name":"Sergio Leonel Ag\u00fcero del Castillo","vaep_value":1.0628643144,"offensive_value":1.0510480353,"defensive_value":0.0118162791,"count":36},"27":{"player_id":404397,"player_name":"Sergio Leonel Ag\u00fcero del Castillo","vaep_value":0.0223615966,"offensive_value":0.0200621388,"defensive_value":0.0022994578,"count":3}}