{"0":{"player_id":0,"player_name":"Alexandre Lacazette","vaep_value":0.0405548163,"offensive_value":0.073656171,"defensive_value":-0.0331013547,"count":9},"1":{"player_id":3319,"player_name":"Shkodran Mustafi","vaep_value":0.0091016298,"offensive_value":0.3560751334,"defensive_value":-0.3469735036,"count":110},"2":{"player_id":3324,"player_name":"H\u00e9ctor Beller\u00edn Moruno","vaep_value":0.5513242637,"offensive_value":0.0859877439,"defensive_value":0.4653365198,"count":54},"3":{"player_id":3350,"player_name":"Calum Chambers","vaep_value":0.5742382844,"offensive_value":0.4689422143,"defensive_value":0.1052960701,"count":67},"4":{"player_id":3361,"player_name":"Petr \u010cech","vaep_value":-0.3060389635,"offensive_value":-0.2671169411,"defensive_value":-0.0389220224,"count":64},"5":{"player_id":3429,"player_name":"Rob Holding","vaep_value":-0.4606516551,"offensive_value":0.1118647738,"defensive_value":-0.5725164289,"count":46},"6":{"player_id":7873,"player_name":"Mesut \u00d6zil","vaep_value":1.310897109,"offensive_value":1.1907260402,"defensive_value":0.1201710688,"count":77},"7":{"player_id":7879,"player_name":"Shkodran Mustafi","vaep_value":0.0725276398,"offensive_value":0.0727133863,"defensive_value":-0.0001857465,"count":2},"8":{"player_id":7882,"player_name":"Rob Holding","vaep_value":0.1433794678,"offensive_value":0.0650514024,"defensive_value":0.0783280653,"count":37},"9":{"player_id":7887,"player_name":"Calum Chambers","vaep_value":0.1644590846,"offensive_value":0.091772511,"defensive_value":0.0726865736,"count":50},"10":{"player_id":7945,"player_name":"Calum Chambers","vaep_value":-0.061308641,"offensive_value":-0.0658401684,"defensive_value":0.0045315274,"count":5},"11":{"player_id":8032,"player_name":"Granit Xhaka","vaep_value":0.9113196739,"offensive_value":0.8895202614,"defensive_value":0.0217994124,"count":55},"12":{"player_id":8495,"player_name":"Tiemou\u00e9 Bakayoko","vaep_value":0.1157225373,"offensive_value":0.0229430867,"defensive_value":0.0927794506,"count":13},"13":{"player_id":8625,"player_name":"Mesut \u00d6zil","vaep_value":0.1685036034,"offensive_value":0.0955067223,"defensive_value":0.0729968811,"count":41},"14":{"player_id":20612,"player_name":"Granit Xhaka","vaep_value":0.0435835478,"offensive_value":0.081257201,"defensive_value":-0.0376736532,"count":73},"15":{"player_id":22889,"player_name":"Alexis Alejandro S\u00e1nchez S\u00e1nchez","vaep_value":0.1890315572,"offensive_value":0.1396503535,"defensive_value":0.0493812037,"count":13},"16":{"player_id":25413,"player_name":"Thibaut Courtois","vaep_value":0.1711207418,"offensive_value":0.1603071147,"defensive_value":0.010813627,"count":37},"17":{"player_id":25553,"player_name":"Thibaut Courtois","vaep_value":0.1089370776,"offensive_value":0.0548888107,"defensive_value":0.0540482668,"count":47},"18":{"player_id":25707,"player_name":"Gary  Cahill","vaep_value":-0.0613364735,"offensive_value":-0.0396043514,"defensive_value":-0.0217321222,"count":58},"19":{"player_id":28291,"player_name":"Thibaut Courtois","vaep_value":0.5953354989,"offensive_value":0.6023261903,"defensive_value":-0.0069906914,"count":47},"20":{"player_id":31528,"player_name":"Shkodran Mustafi","vaep_value":0.1186202938,"offensive_value":0.05791451,"defensive_value":0.0607057838,"count":65},"21":{"player_id":49876,"player_name":"Victor Moses","vaep_value":0.0760349968,"offensive_value":0.0517785368,"defensive_value":0.02425646,"count":87},"22":{"player_id":105333,"player_name":"C\u00e9sar Azpilicueta Tanco","vaep_value":-0.0047697895,"offensive_value":0.0035613682,"defensive_value":-0.0083311577,"count":3},"23":{"player_id":135103,"player_name":"Andreas Christensen","vaep_value":0.0075141186,"offensive_value":0.0474151153,"defensive_value":-0.0399009967,"count":50},"24":{"player_id":167145,"player_name":"Thibaut Courtois","vaep_value":0.414519644,"offensive_value":0.8788562909,"defensive_value":-0.464336647,"count":73},"25":{"player_id":171283,"player_name":"Gary  Cahill","vaep_value":0.2505359187,"offensive_value":0.2436797593,"defensive_value":0.0068561594,"count":74},"26":{"player_id":279717,"player_name":"Francesc F\u00e0bregas i Soler","vaep_value":0.0457000276,"offensive_value":0.0750859062,"defensive_value":-0.0293858786,"count":73},"27":{"player_id":370224,"player_name":"Eden Hazard","vaep_value":-0.4400728976,"offensive_value":0.0379865578,"defensive_value":-0.4780594554,"count":67}}