{"0":{"player_id":0,"player_name":"Mario  Barwuah Balotelli","vaep_value":0.0159286675,"offensive_value":0.0449202443,"defensive_value":-0.0289915767,"count":18},"1":{"player_id":382,"player_name":"Jean Micha\u00ebl Seri","vaep_value":0.0077681429,"offensive_value":0.0100209167,"defensive_value":-0.0022527738,"count":3},"2":{"player_id":8326,"player_name":"Maxime Le Marchand","vaep_value":-0.0449954821,"offensive_value":-0.022295088,"defensive_value":-0.022700394,"count":48},"3":{"player_id":15010,"player_name":"Dante Bonfim da Costa Santos","vaep_value":0.0974260622,"offensive_value":0.1920373265,"defensive_value":-0.0946112644,"count":104},"4":{"player_id":25410,"player_name":"Marlon Santos da Silva Barbosa","vaep_value":1.9100599631,"offensive_value":1.9135214135,"defensive_value":-0.0034614503,"count":64},"5":{"player_id":25521,"player_name":"Arnaud Souquet","vaep_value":0.1814558312,"offensive_value":0.1056447504,"defensive_value":0.0758110808,"count":37},"6":{"player_id":25891,"player_name":"Marlon Santos da Silva Barbosa","vaep_value":0.034415941,"offensive_value":0.0378860706,"defensive_value":-0.0034701296,"count":22},"7":{"player_id":25937,"player_name":"Dante Bonfim da Costa Santos","vaep_value":0.1795555738,"offensive_value":0.1420517764,"defensive_value":0.0375037974,"count":44},"8":{"player_id":25990,"player_name":"Jean Micha\u00ebl Seri","vaep_value":0.2664582944,"offensive_value":0.1168030049,"defensive_value":0.1496552895,"count":74},"9":{"player_id":26135,"player_name":"Marlon Santos da Silva Barbosa","vaep_value":0.0694785836,"offensive_value":0.0308238862,"defensive_value":0.0386546975,"count":73},"10":{"player_id":26633,"player_name":"Jean Micha\u00ebl Seri","vaep_value":-0.0088934315,"offensive_value":-0.0198052835,"defensive_value":0.010911852,"count":71},"11":{"player_id":28230,"player_name":"Dante Bonfim da Costa Santos","vaep_value":-0.0674933807,"offensive_value":-0.0793047124,"defensive_value":0.0118113316,"count":15},"12":{"player_id":28314,"player_name":"Maxime Le Marchand","vaep_value":0.148552504,"offensive_value":0.1020441581,"defensive_value":0.0465083459,"count":65},"13":{"player_id":28866,"player_name":"Dante Bonfim da Costa Santos","vaep_value":-0.0820427647,"offensive_value":-0.0914601129,"defensive_value":0.0094173482,"count":48},"14":{"player_id":29641,"player_name":"Benjamin Nivet","vaep_value":-0.0959637274,"offensive_value":-0.0772692841,"defensive_value":-0.0186944433,"count":22},"15":{"player_id":93044,"player_name":"St\u00e9phane Darbion","vaep_value":0.1213405541,"offensive_value":0.1381288021,"defensive_value":-0.016788248,"count":50},"16":{"player_id":112377,"player_name":"Fran\u00e7ois Bellugou","vaep_value":0.3022908503,"offensive_value":0.0905690372,"defensive_value":0.2117218131,"count":52},"17":{"player_id":131959,"player_name":"Charles Traor\u00e9","vaep_value":-0.0965770039,"offensive_value":-0.1258691078,"defensive_value":0.0292921038,"count":102},"18":{"player_id":214609,"player_name":"Oswaldo Augusto Vizcarrondo Ara\u00fajo","vaep_value":0.2100862672,"offensive_value":0.0682455157,"defensive_value":0.1418407515,"count":33},"19":{"player_id":219350,"player_name":"Erwin Zelazny","vaep_value":-0.0472926196,"offensive_value":-0.0335445503,"defensive_value":-0.0137480693,"count":35},"20":{"player_id":228983,"player_name":"Christopher H\u00e9relle","vaep_value":0.345163647,"offensive_value":0.2946139184,"defensive_value":0.0505497285,"count":114},"21":{"player_id":266286,"player_name":"Christopher H\u00e9relle","vaep_value":0.1823489837,"offensive_value":0.2161557579,"defensive_value":-0.0338067742,"count":82},"22":{"player_id":275243,"player_name":"Arnaud Souquet","vaep_value":-0.0111727471,"offensive_value":-0.0148811044,"defensive_value":0.0037083573,"count":37},"23":{"player_id":276211,"player_name":"Benjamin Nivet","vaep_value":-0.0612151959,"offensive_value":-0.0710642576,"defensive_value":0.0098490617,"count":64},"24":{"player_id":277629,"player_name":"Yoan Cardinale","vaep_value":0.0902825659,"offensive_value":0.0447746078,"defensive_value":0.0455079582,"count":73},"25":{"player_id":295761,"player_name":"Maxime Le Marchand","vaep_value":-0.0093038119,"offensive_value":0.0401884179,"defensive_value":-0.0494922298,"count":33},"26":{"player_id":393228,"player_name":"Dante Bonfim da Costa Santos","vaep_value":0.047326257,"offensive_value":0.030104476,"defensive_value":0.017221781,"count":14},"27":{"player_id":393284,"player_name":"Wylan Cyprien","vaep_value":0.0124022814,"offensive_value":0.0675178148,"defensive_value":-0.0551155334,"count":56},"28":{"player_id":408827,"player_name":"Pierre Lees Melou","vaep_value":0.2095765397,"offensive_value":0.1668910927,"defensive_value":0.042685447,"count":16}}