{"0":{"player_id":0,"player_name":"Carlos Arturo Bacca Ahumada","vaep_value":0.0033328433,"offensive_value":0.0452238489,"defensive_value":-0.0418910056,"count":8},"1":{"player_id":3277,"player_name":"Mario Gaspar P\u00e9rez Mart\u00ednez","vaep_value":1.3057524818,"offensive_value":1.1383825834,"defensive_value":0.1673698984,"count":61},"2":{"player_id":3282,"player_name":"\u00cd\u00f1igo Mart\u00ednez Berridi","vaep_value":-0.1900411597,"offensive_value":-0.1221399041,"defensive_value":-0.0679012556,"count":38},"3":{"player_id":3428,"player_name":"Adnan Januzaj","vaep_value":0.5426704907,"offensive_value":0.361652785,"defensive_value":0.1810177057,"count":36},"4":{"player_id":3529,"player_name":"Mikel Oyarzabal Ugarte","vaep_value":0.291983752,"offensive_value":0.1193010507,"defensive_value":0.1726827014,"count":64},"5":{"player_id":3534,"player_name":"Xabier Prieto Argarate","vaep_value":0.2468028525,"offensive_value":0.2684304304,"defensive_value":-0.021627578,"count":60},"6":{"player_id":3542,"player_name":"Xabier Prieto Argarate","vaep_value":0.1288399358,"offensive_value":0.0478664271,"defensive_value":0.0809735087,"count":50},"7":{"player_id":3663,"player_name":"Daniele Bonera","vaep_value":0.103285308,"offensive_value":0.0655288738,"defensive_value":0.0377564342,"count":32},"8":{"player_id":3671,"player_name":"Mario Gaspar P\u00e9rez Mart\u00ednez","vaep_value":0.7993808573,"offensive_value":0.8028259934,"defensive_value":-0.0034451361,"count":125},"9":{"player_id":3676,"player_name":"\u00cd\u00f1igo Mart\u00ednez Berridi","vaep_value":0.3815491028,"offensive_value":0.4377088343,"defensive_value":-0.0561597315,"count":76},"10":{"player_id":3678,"player_name":null,"vaep_value":0.2196915898,"offensive_value":0.2634493944,"defensive_value":-0.0437578046,"count":69},"11":{"player_id":3681,"player_name":"V\u00edctor Ru\u00edz Torre","vaep_value":-0.0117711802,"offensive_value":-0.0100457417,"defensive_value":-0.0017254385,"count":1},"12":{"player_id":3828,"player_name":"Daniele Bonera","vaep_value":0.2284406465,"offensive_value":0.15354533,"defensive_value":0.0748953165,"count":75},"13":{"player_id":4513,"player_name":"\u00cd\u00f1igo Mart\u00ednez Berridi","vaep_value":-0.0474876693,"offensive_value":-0.0526377107,"defensive_value":0.0051500414,"count":17},"14":{"player_id":20393,"player_name":"\u00cd\u00f1igo Mart\u00ednez Berridi","vaep_value":0.3462745429,"offensive_value":0.0866024855,"defensive_value":0.2596720573,"count":48},"15":{"player_id":20623,"player_name":"Enes \u00dcnal","vaep_value":0.0281210868,"offensive_value":-0.0130902706,"defensive_value":0.0412113573,"count":4},"16":{"player_id":37831,"player_name":null,"vaep_value":0.9343092365,"offensive_value":0.9552675481,"defensive_value":-0.0209583116,"count":18},"17":{"player_id":40770,"player_name":"Ra\u00fal Rodr\u00edguez Navas","vaep_value":0.3949574082,"offensive_value":0.4920028506,"defensive_value":-0.0970454424,"count":50},"18":{"player_id":134174,"player_name":"Antonio Miguel Ram\u00edrez Mart\u00ednez","vaep_value":0.761696949,"offensive_value":0.76709672,"defensive_value":-0.005399771,"count":58},"19":{"player_id":225996,"player_name":"Diego Javier Llorente R\u00edos","vaep_value":1.0483742264,"offensive_value":1.051541696,"defensive_value":-0.0031674695,"count":75},"20":{"player_id":261127,"player_name":"Diego Javier Llorente R\u00edos","vaep_value":0.1322004279,"offensive_value":0.1699324737,"defensive_value":-0.0377320457,"count":50},"21":{"player_id":267134,"player_name":"V\u00edctor Ru\u00edz Torre","vaep_value":-0.0064662397,"offensive_value":-0.0064681917,"defensive_value":0.0000019521,"count":1},"22":{"player_id":274435,"player_name":"\u00c1lvaro Odriozola Arzallus","vaep_value":0.1354368338,"offensive_value":0.110675955,"defensive_value":0.0247608789,"count":31},"23":{"player_id":278289,"player_name":"Xabier Prieto Argarate","vaep_value":0.1044640465,"offensive_value":0.1632523239,"defensive_value":-0.0587882773,"count":91},"24":{"player_id":279566,"player_name":"Jaume Vicent Costa Jord\u00e1","vaep_value":0.1186937015,"offensive_value":0.0873443522,"defensive_value":0.0313493493,"count":10},"25":{"player_id":355599,"player_name":"Diego Javier Llorente R\u00edos","vaep_value":0.0886222352,"offensive_value":0.083634086,"defensive_value":0.0049881493,"count":54},"26":{"player_id":364860,"player_name":"Diego Javier Llorente R\u00edos","vaep_value":0.1351194682,"offensive_value":-0.0501697194,"defensive_value":0.1852891876,"count":61},"27":{"player_id":395114,"player_name":"Jaume Vicent Costa Jord\u00e1","vaep_value":0.0145115233,"offensive_value":-0.0521089031,"defensive_value":0.0666204264,"count":46},"28":{"player_id":399676,"player_name":"Rodrigo Hern\u00e1ndez Cascante","vaep_value":0.9826171279,"offensive_value":0.965921178,"defensive_value":0.0166959499,"count":47}}