{"0":{"player_id":0,"player_name":"Lars Stindl","vaep_value":0.0588642909,"offensive_value":0.0712391245,"defensive_value":-0.0123748336,"count":10},"1":{"player_id":14768,"player_name":"Christoph Kramer","vaep_value":0.2054973758,"offensive_value":0.0964459658,"defensive_value":0.10905141,"count":44},"2":{"player_id":14781,"player_name":"Matthias Ginter","vaep_value":0.0410806437,"offensive_value":0.0211212318,"defensive_value":0.0199594118,"count":68},"3":{"player_id":14803,"player_name":"Ra\u00fal Marcelo Bobadilla","vaep_value":0.133012452,"offensive_value":0.0833179927,"defensive_value":0.0496944593,"count":84},"4":{"player_id":14838,"player_name":"Tony Jantschke","vaep_value":0.2903388615,"offensive_value":0.0364702346,"defensive_value":0.2538686269,"count":75},"5":{"player_id":14991,"player_name":"Lars Stindl","vaep_value":0.1503034974,"offensive_value":0.053849845,"defensive_value":0.0964536525,"count":74},"6":{"player_id":15019,"player_name":"Thorgan Hazard","vaep_value":0.0399282017,"offensive_value":0.0418345442,"defensive_value":-0.0019063425,"count":33},"7":{"player_id":15051,"player_name":"Julian Baumgartlinger","vaep_value":0.1348504375,"offensive_value":0.0686620456,"defensive_value":0.0661883919,"count":56},"8":{"player_id":15188,"player_name":"Charles Mariano Ar\u00e1nguiz Sandoval","vaep_value":0.2607541716,"offensive_value":0.1640717934,"defensive_value":0.0966823782,"count":74},"9":{"player_id":15231,"player_name":"Kai Havertz","vaep_value":0.1718229511,"offensive_value":0.1427608472,"defensive_value":0.0290621038,"count":50},"10":{"player_id":15806,"player_name":"Kai Havertz","vaep_value":0.3022465911,"offensive_value":0.2041266221,"defensive_value":0.098119969,"count":68},"11":{"player_id":18591,"player_name":"Charles Mariano Ar\u00e1nguiz Sandoval","vaep_value":0.2477147685,"offensive_value":0.2112583372,"defensive_value":0.0364564313,"count":37},"12":{"player_id":25622,"player_name":"Lars Bender","vaep_value":-0.0526738896,"offensive_value":-0.0497264689,"defensive_value":-0.0029474207,"count":44},"13":{"player_id":40657,"player_name":"Nico Elvedi","vaep_value":0.3281993852,"offensive_value":0.2473894488,"defensive_value":0.0808099364,"count":102},"14":{"player_id":49855,"player_name":"Jonathan Tah","vaep_value":0.2092212077,"offensive_value":0.1062628052,"defensive_value":0.1029584025,"count":55},"15":{"player_id":49907,"player_name":"Julian Baumgartlinger","vaep_value":-0.0432425402,"offensive_value":-0.0136476199,"defensive_value":-0.0295949203,"count":25},"16":{"player_id":50023,"player_name":"Vincenzo Grifo","vaep_value":-0.0434918017,"offensive_value":-0.0406637518,"defensive_value":-0.0028280499,"count":9},"17":{"player_id":86489,"player_name":"Vincenzo Grifo","vaep_value":0.771298333,"offensive_value":0.768663638,"defensive_value":0.0026346949,"count":52},"18":{"player_id":89559,"player_name":"Charles Mariano Ar\u00e1nguiz Sandoval","vaep_value":0.1564894393,"offensive_value":0.1941287621,"defensive_value":-0.0376393228,"count":71},"19":{"player_id":146583,"player_name":null,"vaep_value":0.9605443797,"offensive_value":0.9604142487,"defensive_value":0.000130131,"count":20},"20":{"player_id":165425,"player_name":"Matthias Ginter","vaep_value":0.0008834912,"offensive_value":0.0002212767,"defensive_value":0.0006622146,"count":4},"21":{"player_id":221452,"player_name":"Jannik Vestergaard","vaep_value":0.1309085121,"offensive_value":0.1587452688,"defensive_value":-0.0278367567,"count":56},"22":{"player_id":228768,"player_name":"Vincenzo Grifo","vaep_value":0.4458992833,"offensive_value":0.2756422712,"defensive_value":0.1702570121,"count":66},"23":{"player_id":236528,"player_name":"Jonathan Tah","vaep_value":0.1835190899,"offensive_value":0.1002398167,"defensive_value":0.0832792732,"count":55},"24":{"player_id":344178,"player_name":"Jannik Vestergaard","vaep_value":-0.0370987053,"offensive_value":-0.031900188,"defensive_value":-0.0051985173,"count":3},"25":{"player_id":360992,"player_name":"Julian Baumgartlinger","vaep_value":0.1058644321,"offensive_value":0.0412143358,"defensive_value":0.0646500962,"count":44},"26":{"player_id":388267,"player_name":"Nico Elvedi","vaep_value":0.2643409858,"offensive_value":0.2804350561,"defensive_value":-0.0160940703,"count":53},"27":{"player_id":404219,"player_name":"Wendell Nascimento Borges","vaep_value":-0.0115021549,"offensive_value":-0.01307807,"defensive_value":0.0015759151,"count":16},"28":{"player_id":425925,"player_name":"Bernd Leno","vaep_value":0.2140962608,"offensive_value":0.2448373234,"defensive_value":-0.0307410626,"count":61}}