{"0":{"player_id":0,"player_name":"Daniel Garc\u00eda Carrillo","vaep_value":0.0099331312,"offensive_value":0.0270578363,"defensive_value":-0.0171247051,"count":4},"1":{"player_id":3330,"player_name":"Ander Capa Rodr\u00edguez","vaep_value":-0.2938061047,"offensive_value":0.1746238228,"defensive_value":-0.4684299275,"count":38},"2":{"player_id":3460,"player_name":"Iv\u00e1n Ramis Barrios","vaep_value":0.2059859628,"offensive_value":0.1839340634,"defensive_value":0.0220518993,"count":42},"3":{"player_id":3464,"player_name":"Iv\u00e1n Alejo Peralta","vaep_value":0.00834184,"offensive_value":0.0501256671,"defensive_value":-0.0417838271,"count":31},"4":{"player_id":3470,"player_name":"Gonzalo Escalante","vaep_value":0.1427713833,"offensive_value":0.04460658,"defensive_value":0.0981648033,"count":25},"5":{"player_id":3642,"player_name":"Jos\u00e9 \u00c1ngel G\u00f3mez Campa\u00f1a","vaep_value":0.1758767604,"offensive_value":0.1123927088,"defensive_value":0.0634840516,"count":67},"6":{"player_id":3874,"player_name":"Jefferson Andr\u00e9s Lerma Sol\u00eds","vaep_value":-0.2143246265,"offensive_value":-0.2360333523,"defensive_value":0.0217087258,"count":37},"7":{"player_id":3920,"player_name":"Erick Cathriel Cabaco Almada","vaep_value":0.0187552412,"offensive_value":0.028119412,"defensive_value":-0.0093641708,"count":21},"8":{"player_id":3937,"player_name":"Jos\u00e9 \u00c1ngel Vald\u00e9s D\u00edaz","vaep_value":0.9094902016,"offensive_value":0.9381001526,"defensive_value":-0.028609951,"count":29},"9":{"player_id":4014,"player_name":"Jorge And\u00fajar Moreno","vaep_value":0.1142453786,"offensive_value":0.1755982613,"defensive_value":-0.0613528827,"count":43},"10":{"player_id":4094,"player_name":"Anaitz Arbilla Zabala","vaep_value":0.5338215034,"offensive_value":0.5149810496,"defensive_value":0.0188404538,"count":96},"11":{"player_id":4780,"player_name":"Jos\u00e9 \u00c1ngel G\u00f3mez Campa\u00f1a","vaep_value":-0.0548828719,"offensive_value":0.0005736391,"defensive_value":-0.055456511,"count":27},"12":{"player_id":4805,"player_name":"Antonio Manuel Luna Rodr\u00edguez","vaep_value":0.1856881647,"offensive_value":0.0963936853,"defensive_value":0.0892944793,"count":86},"13":{"player_id":5542,"player_name":"Ander Capa Rodr\u00edguez","vaep_value":0.3449288695,"offensive_value":0.3016893537,"defensive_value":0.0432395159,"count":82},"14":{"player_id":14836,"player_name":"Roberto Su\u00e1rez Pier","vaep_value":-0.0352107394,"offensive_value":-0.0193979039,"defensive_value":-0.0158128354,"count":25},"15":{"player_id":20436,"player_name":"Jefferson Andr\u00e9s Lerma Sol\u00eds","vaep_value":0.1904389844,"offensive_value":0.1690895904,"defensive_value":0.021349394,"count":72},"16":{"player_id":20536,"player_name":"Oier Olaz\u00e1bal Paredes","vaep_value":-0.1446794634,"offensive_value":-0.1332962494,"defensive_value":-0.0113832139,"count":10},"17":{"player_id":140046,"player_name":"Jos\u00e9 \u00c1ngel Vald\u00e9s D\u00edaz","vaep_value":0.0931225852,"offensive_value":0.1032581262,"defensive_value":-0.010135541,"count":29},"18":{"player_id":212644,"player_name":"Jos\u00e9 \u00c1ngel Vald\u00e9s D\u00edaz","vaep_value":-0.0401437606,"offensive_value":-0.0185510241,"defensive_value":-0.0215927365,"count":26},"19":{"player_id":225089,"player_name":"Joan Jord\u00e1n Moreno","vaep_value":0.2830098616,"offensive_value":0.2337854882,"defensive_value":0.0492243734,"count":33},"20":{"player_id":237269,"player_name":"Daniel Garc\u00eda Carrillo","vaep_value":-0.2013625755,"offensive_value":0.0145722404,"defensive_value":-0.2159348159,"count":20},"21":{"player_id":247207,"player_name":"Ander Capa Rodr\u00edguez","vaep_value":-0.0876241589,"offensive_value":-0.1120312506,"defensive_value":0.0244070917,"count":67},"22":{"player_id":254189,"player_name":"Iv\u00e1n Alejo Peralta","vaep_value":0.2127671926,"offensive_value":0.1021965656,"defensive_value":0.1105706269,"count":45},"23":{"player_id":255738,"player_name":"Enrique Garc\u00eda Mart\u00ednez","vaep_value":-0.0000169089,"offensive_value":-0.0094854368,"defensive_value":0.009468528,"count":34},"24":{"player_id":278049,"player_name":"Oier Olaz\u00e1bal Paredes","vaep_value":0.293650336,"offensive_value":0.2247272324,"defensive_value":0.0689231036,"count":45},"25":{"player_id":279555,"player_name":"Jos\u00e9 \u00c1ngel G\u00f3mez Campa\u00f1a","vaep_value":0.0598418957,"offensive_value":0.0389138253,"defensive_value":0.0209280704,"count":41},"26":{"player_id":338201,"player_name":"Erick Cathriel Cabaco Almada","vaep_value":0.8862245361,"offensive_value":0.8835261217,"defensive_value":0.0026984144,"count":9},"27":{"player_id":385273,"player_name":"Jos\u00e9 \u00c1ngel Vald\u00e9s D\u00edaz","vaep_value":0.9557453052,"offensive_value":0.9697737135,"defensive_value":-0.0140284083,"count":16},"28":{"player_id":410055,"player_name":"Jos\u00e9 \u00c1ngel Vald\u00e9s D\u00edaz","vaep_value":0.0173207042,"offensive_value":-0.0533355124,"defensive_value":0.0706562166,"count":26}}