{"0":{"player_id":0,"player_name":"Max-Alain Gradel","vaep_value":0.0425271634,"offensive_value":0.0596253448,"defensive_value":-0.0170981814,"count":8},"1":{"player_id":25517,"player_name":"Issa Diop","vaep_value":-0.442349281,"offensive_value":-0.3754942315,"defensive_value":-0.0668550496,"count":32},"2":{"player_id":25524,"player_name":"J\u00falio Tavares","vaep_value":0.0495162176,"offensive_value":0.0501368213,"defensive_value":-0.0006206038,"count":63},"3":{"player_id":25745,"player_name":"Kelvin Amian Adou","vaep_value":-0.0385171108,"offensive_value":-0.007045443,"defensive_value":-0.0314716678,"count":38},"4":{"player_id":25835,"player_name":"Oussama Haddadi","vaep_value":0.0018748613,"offensive_value":0.0037176453,"defensive_value":-0.001842784,"count":6},"5":{"player_id":25860,"player_name":"J\u00falio Tavares","vaep_value":0.333625862,"offensive_value":0.3798555021,"defensive_value":-0.0462296401,"count":87},"6":{"player_id":26100,"player_name":"Steven Fort\u00e8s","vaep_value":0.3198570588,"offensive_value":0.22158224,"defensive_value":0.0982748189,"count":51},"7":{"player_id":26124,"player_name":"Alban Lafont","vaep_value":-0.0110950021,"offensive_value":-0.0146884632,"defensive_value":0.0035934611,"count":27},"8":{"player_id":26311,"player_name":"Wesley Sa\u00efd","vaep_value":0.1125407345,"offensive_value":0.0247392606,"defensive_value":0.0878014739,"count":54},"9":{"player_id":26365,"player_name":"Yaya Sanogo","vaep_value":0.0282503169,"offensive_value":0.1529192948,"defensive_value":-0.1246689779,"count":54},"10":{"player_id":26374,"player_name":"Oussama Haddadi","vaep_value":0.3535515163,"offensive_value":0.1619908479,"defensive_value":0.1915606684,"count":56},"11":{"player_id":27354,"player_name":"Baptiste Reynet","vaep_value":0.0194433099,"offensive_value":0.0327932206,"defensive_value":-0.0133499107,"count":29},"12":{"player_id":30427,"player_name":"C\u00e9dric Varrault","vaep_value":0.2080606966,"offensive_value":0.1434941054,"defensive_value":0.0645665912,"count":54},"13":{"player_id":43196,"player_name":"Valentin Rosier","vaep_value":0.0014521267,"offensive_value":-0.0114376519,"defensive_value":0.0128897786,"count":38},"14":{"player_id":50812,"player_name":"C\u00e9dric Varrault","vaep_value":-0.0102687376,"offensive_value":-0.0055716475,"defensive_value":-0.00469709,"count":6},"15":{"player_id":120717,"player_name":"Max-Alain Gradel","vaep_value":0.2416760793,"offensive_value":0.1607809766,"defensive_value":0.0808951027,"count":59},"16":{"player_id":134512,"player_name":"Yaya Sanogo","vaep_value":0.0027855282,"offensive_value":0.0019660611,"defensive_value":0.0008194671,"count":6},"17":{"player_id":149054,"player_name":"Max-Alain Gradel","vaep_value":0.0466668482,"offensive_value":0.0285826095,"defensive_value":0.0180842387,"count":26},"18":{"player_id":203113,"player_name":"Valentin Rosier","vaep_value":0.3179961488,"offensive_value":0.2848575828,"defensive_value":0.0331385661,"count":73},"19":{"player_id":253333,"player_name":"Max-Alain Gradel","vaep_value":0.0936426094,"offensive_value":0.0431556294,"defensive_value":0.05048698,"count":42},"20":{"player_id":256084,"player_name":"C\u00e9dric Varrault","vaep_value":0.9261997892,"offensive_value":0.9147718315,"defensive_value":0.0114279576,"count":51},"21":{"player_id":264989,"player_name":"Baptiste Reynet","vaep_value":0.0487316531,"offensive_value":0.0620912241,"defensive_value":-0.013359571,"count":17},"22":{"player_id":270306,"player_name":"Alban Lafont","vaep_value":0.2902355525,"offensive_value":0.0997610018,"defensive_value":0.1904745507,"count":60},"23":{"player_id":286380,"player_name":"Ibrahim Sangar\u00e9","vaep_value":0.2510227101,"offensive_value":0.1264182148,"defensive_value":0.1246044954,"count":44},"24":{"player_id":352986,"player_name":"Wergiton do Ros\u00e1rio Calmon","vaep_value":0.1278332889,"offensive_value":0.1077399077,"defensive_value":0.0200933812,"count":53},"25":{"player_id":373817,"player_name":"Valentin Rosier","vaep_value":-0.0167037831,"offensive_value":-0.0307342007,"defensive_value":0.0140304177,"count":11},"26":{"player_id":375001,"player_name":"Yaya Sanogo","vaep_value":0.2504567287,"offensive_value":0.2126591718,"defensive_value":0.037797557,"count":70},"27":{"player_id":393214,"player_name":"C\u00e9dric Varrault","vaep_value":0.1045487633,"offensive_value":0.1029709474,"defensive_value":0.0015778159,"count":69},"28":{"player_id":404213,"player_name":"Issiaga Sylla","vaep_value":0.1574397556,"offensive_value":0.1361955282,"defensive_value":0.0212442274,"count":39}}