{"0":{"player_id":0,"player_name":"Massimo Coda","vaep_value":0.0095187899,"offensive_value":0.0201863237,"defensive_value":-0.0106675337,"count":6},"1":{"player_id":174,"player_name":"Danilo Cataldi","vaep_value":-0.0556199136,"offensive_value":-0.0537806097,"defensive_value":-0.0018393039,"count":9},"2":{"player_id":8148,"player_name":"Gaetano Letizia","vaep_value":0.9699673538,"offensive_value":1.0098514459,"defensive_value":-0.0398840921,"count":53},"3":{"player_id":8291,"player_name":"Danilo Cataldi","vaep_value":0.0403959301,"offensive_value":0.0200876835,"defensive_value":0.0203082466,"count":17},"4":{"player_id":14745,"player_name":"Berat  Djimsiti","vaep_value":0.1872422182,"offensive_value":0.1166841364,"defensive_value":0.0705580817,"count":80},"5":{"player_id":14903,"player_name":"Berat  Djimsiti","vaep_value":0.1370584668,"offensive_value":0.0971537924,"defensive_value":0.0399046744,"count":59},"6":{"player_id":20429,"player_name":"Jean-Claude Billong","vaep_value":0.1961498096,"offensive_value":0.2325281987,"defensive_value":-0.0363783891,"count":102},"7":{"player_id":20525,"player_name":"Vid Belec","vaep_value":0.9154202925,"offensive_value":0.918113992,"defensive_value":-0.0026936995,"count":38},"8":{"player_id":20812,"player_name":"Berat  Djimsiti","vaep_value":0.0432704847,"offensive_value":0.0392890433,"defensive_value":0.0039814414,"count":13},"9":{"player_id":20927,"player_name":"Berat  Djimsiti","vaep_value":0.019345681,"offensive_value":0.0141128541,"defensive_value":0.0052328268,"count":70},"10":{"player_id":21234,"player_name":"Joel Chukwuma Obi","vaep_value":-0.0809059808,"offensive_value":-0.0764397746,"defensive_value":-0.0044662062,"count":8},"11":{"player_id":21322,"player_name":"Danilo Cataldi","vaep_value":-0.0757554977,"offensive_value":-0.0684323368,"defensive_value":-0.0073231609,"count":36},"12":{"player_id":21415,"player_name":"M'Baye Babacar Niang","vaep_value":0.1561072459,"offensive_value":0.0972415064,"defensive_value":0.0588657395,"count":27},"13":{"player_id":21507,"player_name":"Jean-Claude Billong","vaep_value":0.1065648888,"offensive_value":0.1509540549,"defensive_value":-0.0443891661,"count":60},"14":{"player_id":22135,"player_name":"Vid Belec","vaep_value":0.2952953523,"offensive_value":0.2999157477,"defensive_value":-0.0046203954,"count":4},"15":{"player_id":22323,"player_name":"Lorenzo Venuti","vaep_value":-0.0048614851,"offensive_value":-0.0093971827,"defensive_value":0.0045356976,"count":30},"16":{"player_id":22552,"player_name":"Cristian Molinaro","vaep_value":-0.0855091192,"offensive_value":0.0093133821,"defensive_value":-0.0948225013,"count":13},"17":{"player_id":24269,"player_name":"Lorenzo Venuti","vaep_value":-0.0413327719,"offensive_value":-0.0568665472,"defensive_value":0.0155337753,"count":18},"18":{"player_id":24838,"player_name":"Jean-Claude Billong","vaep_value":0.0912731367,"offensive_value":0.0808431987,"defensive_value":0.010429938,"count":64},"19":{"player_id":25421,"player_name":"Jean-Claude Billong","vaep_value":0.0263795936,"offensive_value":0.1053426422,"defensive_value":-0.0789630485,"count":28},"20":{"player_id":25558,"player_name":"Danilo Cataldi","vaep_value":0.4866122847,"offensive_value":0.4245416475,"defensive_value":0.0620706372,"count":84},"21":{"player_id":25898,"player_name":"Marco D'Alessandro","vaep_value":0.6830404763,"offensive_value":0.6883915975,"defensive_value":-0.0053511212,"count":31},"22":{"player_id":50007,"player_name":"Gaetano Letizia","vaep_value":0.0494345436,"offensive_value":0.1130289292,"defensive_value":-0.0635943856,"count":66},"23":{"player_id":70834,"player_name":"Marco D'Alessandro","vaep_value":0.0999354963,"offensive_value":0.1559131996,"defensive_value":-0.0559777033,"count":59},"24":{"player_id":101742,"player_name":"Lorenzo De Silvestri","vaep_value":-0.0647448517,"offensive_value":-0.0658993116,"defensive_value":0.0011544598,"count":10},"25":{"player_id":256478,"player_name":"Gaetano Letizia","vaep_value":0.0725317327,"offensive_value":0.1582611126,"defensive_value":-0.0857293799,"count":69},"26":{"player_id":284960,"player_name":"Gaetano Letizia","vaep_value":-0.0336045127,"offensive_value":0.0477812497,"defensive_value":-0.0813857624,"count":58},"27":{"player_id":339791,"player_name":"Iago Falqu\u00e9 Silva","vaep_value":0.2568981202,"offensive_value":0.209960644,"defensive_value":0.0469374761,"count":52},"28":{"player_id":385655,"player_name":"Iago Falqu\u00e9 Silva","vaep_value":0.1025186086,"offensive_value":0.0433335913,"defensive_value":0.0591850172,"count":52}}