{"0":{"player_id":0,"player_name":"Simone Zaza","vaep_value":0.0115728023,"offensive_value":0.0355959204,"defensive_value":-0.0240231181,"count":10},"1":{"player_id":3286,"player_name":"Geoffrey Kondogbia","vaep_value":0.3337061776,"offensive_value":0.3087219932,"defensive_value":0.0249841844,"count":86},"2":{"player_id":3433,"player_name":"Jos\u00e9 Luis Gay\u00e1 Pe\u00f1a","vaep_value":-0.0186486489,"offensive_value":-0.0128237873,"defensive_value":-0.0058248616,"count":28},"3":{"player_id":3441,"player_name":"Gabriel Armando de Abreu","vaep_value":0.0979592623,"offensive_value":0.0728867196,"defensive_value":0.0250725427,"count":38},"4":{"player_id":3443,"player_name":"Ezequiel Marcelo Garay","vaep_value":0.4796625648,"offensive_value":0.4822326326,"defensive_value":-0.0025700678,"count":91},"5":{"player_id":3447,"player_name":"R\u00faben Miguel Nunes Vezo","vaep_value":0.1389130645,"offensive_value":0.1423467747,"defensive_value":-0.0034337102,"count":30},"6":{"player_id":3682,"player_name":"Yannick Ferreira Carrasco","vaep_value":-0.2269283247,"offensive_value":-0.2998888019,"defensive_value":0.0729604771,"count":75},"7":{"player_id":4338,"player_name":"R\u00faben Miguel Nunes Vezo","vaep_value":-0.2728221898,"offensive_value":-0.2713933161,"defensive_value":-0.0014288737,"count":36},"8":{"player_id":4488,"player_name":"Ezequiel Marcelo Garay","vaep_value":0.1559989154,"offensive_value":0.0419401834,"defensive_value":0.114058732,"count":89},"9":{"player_id":4892,"player_name":"Gabriel Armando de Abreu","vaep_value":0.1843317483,"offensive_value":0.1823143008,"defensive_value":0.0020174475,"count":79},"10":{"player_id":8311,"player_name":"Jos\u00e9 Luis Gay\u00e1 Pe\u00f1a","vaep_value":0.028092693,"offensive_value":0.0169598134,"defensive_value":0.0111328795,"count":22},"11":{"player_id":20922,"player_name":"\u0160ime Vrsaljko","vaep_value":0.0967467872,"offensive_value":0.0740312708,"defensive_value":0.0227155164,"count":30},"12":{"player_id":22202,"player_name":"Jorge Resurrecci\u00f3n Merodio","vaep_value":-0.2256532913,"offensive_value":-0.1972519858,"defensive_value":-0.0284013055,"count":29},"13":{"player_id":25623,"player_name":"Geoffrey Kondogbia","vaep_value":0.0293308072,"offensive_value":0.0249601505,"defensive_value":0.0043706567,"count":93},"14":{"player_id":41363,"player_name":"Geoffrey Kondogbia","vaep_value":0.0123993704,"offensive_value":0.0870975119,"defensive_value":-0.0746981414,"count":78},"15":{"player_id":69409,"player_name":"Jos\u00e9 Luis Gay\u00e1 Pe\u00f1a","vaep_value":0.1902513725,"offensive_value":0.116866347,"defensive_value":0.0733850255,"count":70},"16":{"player_id":70112,"player_name":"Stefan Savi\u0107","vaep_value":0.1579304292,"offensive_value":0.104532466,"defensive_value":0.0533979632,"count":74},"17":{"player_id":70129,"player_name":"Jan Oblak","vaep_value":0.0351276977,"offensive_value":0.0311559524,"defensive_value":0.0039717454,"count":26},"18":{"player_id":70273,"player_name":"Lucas  Hern\u00e1ndez Pi","vaep_value":0.0161809204,"offensive_value":0.0396775203,"defensive_value":-0.0234965999,"count":17},"19":{"player_id":134769,"player_name":"R\u00faben Miguel Nunes Vezo","vaep_value":-0.0613341254,"offensive_value":-0.0929427122,"defensive_value":0.0316085868,"count":49},"20":{"player_id":211853,"player_name":"Lucas  Hern\u00e1ndez Pi","vaep_value":0.0892657115,"offensive_value":0.1651268342,"defensive_value":-0.0758611227,"count":89},"21":{"player_id":227894,"player_name":"Geoffrey Kondogbia","vaep_value":-0.2794487885,"offensive_value":-0.3253975455,"defensive_value":0.045948757,"count":34},"22":{"player_id":250885,"player_name":"Daniel Parejo Mu\u00f1oz","vaep_value":-0.0854783554,"offensive_value":-0.054140236,"defensive_value":-0.0313381194,"count":32},"23":{"player_id":254408,"player_name":"Gabriel Armando de Abreu","vaep_value":1.2831305113,"offensive_value":1.2342007987,"defensive_value":0.0489297126,"count":73},"24":{"player_id":265864,"player_name":"Diego da Silva Costa","vaep_value":0.0216325303,"offensive_value":0.0381717244,"defensive_value":-0.0165391942,"count":36},"25":{"player_id":279545,"player_name":"Geoffrey Kondogbia","vaep_value":0.0288186325,"offensive_value":0.0440099551,"defensive_value":-0.0151913226,"count":70},"26":{"player_id":326535,"player_name":"Antonio Latorre Grueso","vaep_value":0.004359182,"offensive_value":-0.0349527206,"defensive_value":0.0393119026,"count":25},"27":{"player_id":372752,"player_name":"Jos\u00e9 Luis Gay\u00e1 Pe\u00f1a","vaep_value":0.0500733955,"offensive_value":0.037117535,"defensive_value":0.0129558605,"count":23}}