{"0":{"player_id":0,"player_name":"Xherdan Shaqiri","vaep_value":-0.002456066,"offensive_value":0.0196693167,"defensive_value":-0.0221253827,"count":4},"1":{"player_id":107,"player_name":"Darren  Fletcher","vaep_value":-0.0551890876,"offensive_value":-0.0047229306,"defensive_value":-0.050466157,"count":79},"2":{"player_id":134,"player_name":"Joe Allen","vaep_value":0.0744655455,"offensive_value":0.0505302049,"defensive_value":0.0239353406,"count":31},"3":{"player_id":262,"player_name":"Xherdan Shaqiri","vaep_value":-0.2074910254,"offensive_value":-0.1564921819,"defensive_value":-0.0509988435,"count":69},"4":{"player_id":284,"player_name":"Xherdan Shaqiri","vaep_value":0.017695712,"offensive_value":0.0636305667,"defensive_value":-0.0459348547,"count":65},"5":{"player_id":471,"player_name":"Kurt Happy Zouma","vaep_value":0.7400055345,"offensive_value":0.7699477687,"defensive_value":-0.0299422342,"count":35},"6":{"player_id":3343,"player_name":"Darren  Fletcher","vaep_value":0.0128997291,"offensive_value":-0.0125673912,"defensive_value":0.0254671202,"count":15},"7":{"player_id":7847,"player_name":"Kurt Happy Zouma","vaep_value":0.1129671395,"offensive_value":0.1230572008,"defensive_value":-0.0100900613,"count":33},"8":{"player_id":7932,"player_name":"Ryan Shawcross","vaep_value":0.038247455,"offensive_value":0.067071697,"defensive_value":-0.0288242419,"count":36},"9":{"player_id":8094,"player_name":"Kurt Happy Zouma","vaep_value":0.1209202602,"offensive_value":0.1507576853,"defensive_value":-0.0298374251,"count":37},"10":{"player_id":8192,"player_name":"Xherdan Shaqiri","vaep_value":0.1706231107,"offensive_value":0.2243912261,"defensive_value":-0.0537681154,"count":80},"11":{"player_id":8336,"player_name":"Darren  Fletcher","vaep_value":0.1189012396,"offensive_value":0.1316565527,"defensive_value":-0.0127553131,"count":78},"12":{"player_id":8731,"player_name":"Bruno Martins Indi","vaep_value":0.0831713896,"offensive_value":0.0638988226,"defensive_value":0.019272567,"count":36},"13":{"player_id":8747,"player_name":"Erik Pieters","vaep_value":-0.0407846066,"offensive_value":-0.0202427648,"defensive_value":-0.0205418417,"count":44},"14":{"player_id":8976,"player_name":"Jean-Eric Maxim Choupo-Moting","vaep_value":0.1801572984,"offensive_value":0.1978743895,"defensive_value":-0.0177170911,"count":27},"15":{"player_id":10252,"player_name":"Erik Pieters","vaep_value":0.0601191854,"offensive_value":0.0139364251,"defensive_value":0.0461827603,"count":48},"16":{"player_id":15054,"player_name":"Bruno Martins Indi","vaep_value":0.7548494361,"offensive_value":0.7779293939,"defensive_value":-0.0230799578,"count":23},"17":{"player_id":15198,"player_name":"Jack Butland","vaep_value":-0.0250354665,"offensive_value":0.041955404,"defensive_value":-0.0669908705,"count":33},"18":{"player_id":25571,"player_name":"Kurt Happy Zouma","vaep_value":0.0233452413,"offensive_value":-0.0363242079,"defensive_value":0.0596694492,"count":42},"19":{"player_id":25854,"player_name":"Darren  Fletcher","vaep_value":0.2341584188,"offensive_value":0.1848480633,"defensive_value":0.0493103556,"count":63},"20":{"player_id":49872,"player_name":"Sung-Yeung Ki","vaep_value":0.940526427,"offensive_value":0.9629362663,"defensive_value":-0.0224098393,"count":56},"21":{"player_id":61962,"player_name":"Alfie Mawson","vaep_value":0.2214902328,"offensive_value":0.1796684176,"defensive_value":0.0418218152,"count":80},"22":{"player_id":65254,"player_name":"Alfie Mawson","vaep_value":0.0534967817,"offensive_value":0.0192267104,"defensive_value":0.0342700713,"count":24},"23":{"player_id":77548,"player_name":"\u0141ukasz Fabia\u0144ski","vaep_value":0.079847312,"offensive_value":0.1330565149,"defensive_value":-0.0532092029,"count":54},"24":{"player_id":246866,"player_name":"Jordan Ayew","vaep_value":0.0089863495,"offensive_value":0.0800357999,"defensive_value":-0.0710494504,"count":71},"25":{"player_id":258162,"player_name":"Jordan Ayew","vaep_value":-0.0168632937,"offensive_value":-0.0121411693,"defensive_value":-0.0047221244,"count":11},"26":{"player_id":288865,"player_name":"Sam Clucas","vaep_value":0.0215788286,"offensive_value":0.0167028834,"defensive_value":0.0048759452,"count":10},"27":{"player_id":332605,"player_name":"Jordan Ayew","vaep_value":0.3011390381,"offensive_value":0.1647139874,"defensive_value":0.1364250507,"count":15},"28":{"player_id":343951,"player_name":"Sung-Yeung Ki","vaep_value":0.0468900147,"offensive_value":0.0497694921,"defensive_value":-0.0028794775,"count":14}}