{"0":{"player_id":0,"player_name":"Alberto Paloschi","vaep_value":-0.0130868227,"offensive_value":0.0079873749,"defensive_value":-0.0210741976,"count":9},"1":{"player_id":10113,"player_name":"Pasquale Schiattarella","vaep_value":0.5911236837,"offensive_value":0.473997054,"defensive_value":0.1171266297,"count":86},"2":{"player_id":11156,"player_name":"Bruno Martella","vaep_value":-0.0141621241,"offensive_value":-0.0346416289,"defensive_value":0.0204795047,"count":15},"3":{"player_id":20503,"player_name":"Bruno Martella","vaep_value":0.000759089,"offensive_value":-0.0061905445,"defensive_value":0.0069496335,"count":4},"4":{"player_id":20516,"player_name":"Ante Budimir","vaep_value":0.1630788537,"offensive_value":0.1996792865,"defensive_value":-0.0366004328,"count":30},"5":{"player_id":20639,"player_name":"Ante Budimir","vaep_value":-0.0033189944,"offensive_value":0.0075774868,"defensive_value":-0.0108964812,"count":6},"6":{"player_id":20661,"player_name":"Manuel Lazzari","vaep_value":1.0763812945,"offensive_value":1.016130378,"defensive_value":0.0602509165,"count":42},"7":{"player_id":20723,"player_name":"Pasquale Schiattarella","vaep_value":0.056191608,"offensive_value":0.0036746059,"defensive_value":0.0525170022,"count":7},"8":{"player_id":20815,"player_name":"Rolando Mandragora","vaep_value":0.031328332,"offensive_value":0.0813215164,"defensive_value":-0.0499931844,"count":29},"9":{"player_id":20911,"player_name":"Rolando Mandragora","vaep_value":0.4485006956,"offensive_value":0.4234533945,"defensive_value":0.025047301,"count":74},"10":{"player_id":21114,"player_name":"Pasquale Schiattarella","vaep_value":0.8095101385,"offensive_value":0.806925005,"defensive_value":0.0025851334,"count":40},"11":{"player_id":21280,"player_name":"Ahmed Benali","vaep_value":0.2135883953,"offensive_value":0.236015245,"defensive_value":-0.0224268497,"count":64},"12":{"player_id":21370,"player_name":"Pasquale Schiattarella","vaep_value":0.3137443317,"offensive_value":0.2371092985,"defensive_value":0.0766350331,"count":80},"13":{"player_id":21494,"player_name":"Pasquale Schiattarella","vaep_value":0.2021101832,"offensive_value":0.0907481253,"defensive_value":0.1113620579,"count":33},"14":{"player_id":21528,"player_name":"Marco Capuano","vaep_value":0.32703649,"offensive_value":0.1204937121,"defensive_value":0.2065427778,"count":74},"15":{"player_id":21620,"player_name":"Federico Mattiello","vaep_value":0.0354638553,"offensive_value":-0.1146650261,"defensive_value":0.1501288813,"count":42},"16":{"player_id":22185,"player_name":"Federico Ricci","vaep_value":0.3350497598,"offensive_value":0.3248585495,"defensive_value":0.0101912103,"count":105},"17":{"player_id":69513,"player_name":"Andrea Barberis","vaep_value":1.5495773862,"offensive_value":1.5176933077,"defensive_value":0.0318840785,"count":41},"18":{"player_id":72397,"player_name":"Alberto Paloschi","vaep_value":-0.1066456058,"offensive_value":-0.1074807378,"defensive_value":0.0008351321,"count":8},"19":{"player_id":99661,"player_name":"Rolando Mandragora","vaep_value":0.0860628047,"offensive_value":0.209881275,"defensive_value":-0.1238184702,"count":60},"20":{"player_id":134435,"player_name":"Francesco Vicari","vaep_value":0.2336495012,"offensive_value":0.0998372209,"defensive_value":0.1338122804,"count":59},"21":{"player_id":146590,"player_name":"Alberto Paloschi","vaep_value":0.1527942213,"offensive_value":0.0694300634,"defensive_value":0.0833641579,"count":50},"22":{"player_id":226200,"player_name":"Alberto Paloschi","vaep_value":0.1192720074,"offensive_value":0.2225309606,"defensive_value":-0.1032589531,"count":54},"23":{"player_id":250956,"player_name":"Andrea Nalini","vaep_value":0.2021526664,"offensive_value":0.2331931922,"defensive_value":-0.0310405258,"count":53},"24":{"player_id":263432,"player_name":"Bruno Martella","vaep_value":0.3189080552,"offensive_value":0.1013648603,"defensive_value":0.2175431949,"count":50},"25":{"player_id":272878,"player_name":"Federico Mattiello","vaep_value":-0.1343865835,"offensive_value":-0.0710212697,"defensive_value":-0.0633653138,"count":59},"26":{"player_id":286215,"player_name":"Federico Mattiello","vaep_value":0.0869626863,"offensive_value":0.2027476833,"defensive_value":-0.115784997,"count":42},"27":{"player_id":302799,"player_name":"Rolando Mandragora","vaep_value":0.0860957679,"offensive_value":0.0768803976,"defensive_value":0.0092153703,"count":68},"28":{"player_id":350569,"player_name":"Mario Sampirisi","vaep_value":1.0049843617,"offensive_value":0.9096663628,"defensive_value":0.0953179989,"count":36}}