{"0":{"player_id":0,"player_name":"\u00c1lvaro Borja Morata Mart\u00edn","vaep_value":-0.0022087786,"offensive_value":0.015099341,"defensive_value":-0.0173081197,"count":4},"1":{"player_id":3324,"player_name":"Danny Drinkwater","vaep_value":-0.3376247012,"offensive_value":-0.3032277714,"defensive_value":-0.0343969298,"count":35},"2":{"player_id":3350,"player_name":"Antonio R\u00fcdiger","vaep_value":0.152536566,"offensive_value":0.1688392542,"defensive_value":-0.0163026883,"count":22},"3":{"player_id":3360,"player_name":"Andreas Christensen","vaep_value":-0.0715762035,"offensive_value":-0.0671167162,"defensive_value":-0.0044594873,"count":8},"4":{"player_id":3361,"player_name":"Danny Drinkwater","vaep_value":0.09281121,"offensive_value":0.113067411,"defensive_value":-0.020256201,"count":54},"5":{"player_id":3429,"player_name":"Eden Hazard","vaep_value":0.2203942718,"offensive_value":0.0800879126,"defensive_value":0.1403063592,"count":38},"6":{"player_id":7905,"player_name":"\u00c1lvaro Borja Morata Mart\u00edn","vaep_value":0.9251501615,"offensive_value":0.9271305142,"defensive_value":-0.0019803527,"count":26},"7":{"player_id":7910,"player_name":"Marcos  Alonso Mendoza","vaep_value":0.0629599754,"offensive_value":0.0675474007,"defensive_value":-0.0045874253,"count":30},"8":{"player_id":7922,"player_name":"Danny Drinkwater","vaep_value":0.140166075,"offensive_value":0.0865100188,"defensive_value":0.0536560562,"count":30},"9":{"player_id":7934,"player_name":"Eden Hazard","vaep_value":0.865554082,"offensive_value":0.8577694673,"defensive_value":0.0077846147,"count":12},"10":{"player_id":7936,"player_name":"Willian Borges da Silva","vaep_value":0.2601263392,"offensive_value":0.2691199469,"defensive_value":-0.0089936077,"count":91},"11":{"player_id":7938,"player_name":"Eden Hazard","vaep_value":0.1733346271,"offensive_value":0.1789105273,"defensive_value":-0.0055759002,"count":54},"12":{"player_id":7939,"player_name":"Willian Borges da Silva","vaep_value":0.2645750839,"offensive_value":0.344985964,"defensive_value":-0.0804108802,"count":73},"13":{"player_id":8032,"player_name":"Danny Drinkwater","vaep_value":-0.0207634436,"offensive_value":0.0395067718,"defensive_value":-0.0602702154,"count":52},"14":{"player_id":8495,"player_name":"Eden Hazard","vaep_value":0.0541317302,"offensive_value":0.0063521566,"defensive_value":0.0477795736,"count":73},"15":{"player_id":8625,"player_name":"Willian Borges da Silva","vaep_value":0.0742195299,"offensive_value":0.0071414835,"defensive_value":0.0670780464,"count":56},"16":{"player_id":14748,"player_name":"Danny Drinkwater","vaep_value":0.2156380874,"offensive_value":0.0819625416,"defensive_value":0.1336755458,"count":51},"17":{"player_id":25553,"player_name":"Victor Moses","vaep_value":0.2243557542,"offensive_value":0.2177219773,"defensive_value":0.0066337769,"count":83},"18":{"player_id":25707,"player_name":"Victor Moses","vaep_value":0.1506549742,"offensive_value":0.1458518871,"defensive_value":0.0048030871,"count":69},"19":{"player_id":26010,"player_name":"Ashley  Young","vaep_value":-0.0286155797,"offensive_value":-0.0577481345,"defensive_value":0.0291325548,"count":7},"20":{"player_id":31528,"player_name":"Victor Nilsson Lindel\u00f6f","vaep_value":0.0598490363,"offensive_value":0.1158391618,"defensive_value":-0.0559901255,"count":71},"21":{"player_id":70122,"player_name":"Eden Hazard","vaep_value":0.2868012551,"offensive_value":0.0875791544,"defensive_value":0.1992221007,"count":96},"22":{"player_id":71703,"player_name":"Willian Borges da Silva","vaep_value":0.1500174616,"offensive_value":0.0728481103,"defensive_value":0.0771693513,"count":49},"23":{"player_id":105333,"player_name":"Nemanja Mati\u0107","vaep_value":1.3126966982,"offensive_value":1.2765939874,"defensive_value":0.0361027108,"count":85},"24":{"player_id":134513,"player_name":"Luis Antonio Valencia Mosquera","vaep_value":0.0090624808,"offensive_value":0.0153543762,"defensive_value":-0.0062918954,"count":45},"25":{"player_id":135103,"player_name":"Victor Moses","vaep_value":0.4610840589,"offensive_value":0.2477865022,"defensive_value":0.2132975566,"count":83},"26":{"player_id":397174,"player_name":null,"vaep_value":0.2007063004,"offensive_value":0.1299927782,"defensive_value":0.0707135223,"count":47}}