{"0":{"player_id":0,"player_name":"Anthony Knockaert","vaep_value":0.0169093137,"offensive_value":0.025563607,"defensive_value":-0.0086542933,"count":5},"1":{"player_id":160,"player_name":"Dale Stephens","vaep_value":0.1005291304,"offensive_value":0.1463243591,"defensive_value":-0.0457952287,"count":78},"2":{"player_id":466,"player_name":"Anthony Knockaert","vaep_value":0.135516568,"offensive_value":0.1537147915,"defensive_value":-0.0181982236,"count":71},"3":{"player_id":3278,"player_name":"Anthony Knockaert","vaep_value":0.2250883987,"offensive_value":0.2503012203,"defensive_value":-0.0252128217,"count":54},"4":{"player_id":3657,"player_name":"Dale Stephens","vaep_value":-0.3569900458,"offensive_value":-0.2732801188,"defensive_value":-0.0837099269,"count":36},"5":{"player_id":7929,"player_name":"Lewis Dunk","vaep_value":0.0821926251,"offensive_value":0.0856964836,"defensive_value":-0.0035038585,"count":70},"6":{"player_id":8086,"player_name":"Connor Goldson","vaep_value":0.1486140947,"offensive_value":0.0711886806,"defensive_value":0.0774254141,"count":67},"7":{"player_id":8266,"player_name":"Bruno Saltor Grau","vaep_value":0.1083050817,"offensive_value":0.1546185423,"defensive_value":-0.0463134606,"count":47},"8":{"player_id":8416,"player_name":"Pascal Gro\u00df","vaep_value":-0.0199342022,"offensive_value":-0.0169690307,"defensive_value":-0.0029651715,"count":4},"9":{"player_id":8627,"player_name":"Jos\u00e9 Holebas","vaep_value":-0.0275244358,"offensive_value":0.0074030263,"defensive_value":-0.0349274621,"count":51},"10":{"player_id":9097,"player_name":"Tom Cleverley","vaep_value":0.1086983213,"offensive_value":-0.0083036753,"defensive_value":0.1170019966,"count":53},"11":{"player_id":10663,"player_name":"Jos\u00e9 Holebas","vaep_value":-0.0617852013,"offensive_value":-0.0422497747,"defensive_value":-0.0195354266,"count":27},"12":{"player_id":13451,"player_name":"Ben Watson","vaep_value":-0.0268734122,"offensive_value":0.0397095192,"defensive_value":-0.0665829314,"count":51},"13":{"player_id":14688,"player_name":"Christian Kabasele","vaep_value":0.0424205875,"offensive_value":0.0493206093,"defensive_value":-0.0069000218,"count":33},"14":{"player_id":15526,"player_name":"Daryl Janmaat","vaep_value":1.0473078802,"offensive_value":1.0513145138,"defensive_value":-0.0040066337,"count":60},"15":{"player_id":20505,"player_name":"Christian Kabasele","vaep_value":0.008127179,"offensive_value":0.004144751,"defensive_value":0.003982428,"count":4},"16":{"player_id":20593,"player_name":"Heurelho da Silva Gomes","vaep_value":0.1565649449,"offensive_value":0.1089652649,"defensive_value":0.04759968,"count":38},"17":{"player_id":25798,"player_name":"Dale Stephens","vaep_value":0.0294543391,"offensive_value":0.0221165144,"defensive_value":0.0073378247,"count":18},"18":{"player_id":25950,"player_name":"Anthony Knockaert","vaep_value":-0.0636635902,"offensive_value":-0.0721827465,"defensive_value":0.0085191563,"count":53},"19":{"player_id":61390,"player_name":"Dale Stephens","vaep_value":0.2282864875,"offensive_value":0.1034307127,"defensive_value":0.1248557748,"count":29},"20":{"player_id":61961,"player_name":"Pascal Gro\u00df","vaep_value":-0.0122197487,"offensive_value":-0.0137162979,"defensive_value":0.0014965492,"count":4},"21":{"player_id":64966,"player_name":"Heurelho da Silva Gomes","vaep_value":0.4045795488,"offensive_value":0.3487962586,"defensive_value":0.0557832902,"count":70},"22":{"player_id":68085,"player_name":"Heurelho da Silva Gomes","vaep_value":0.0277020461,"offensive_value":0.0072578904,"defensive_value":0.0204441557,"count":55},"23":{"player_id":70156,"player_name":"Christian Kabasele","vaep_value":0.1149697583,"offensive_value":0.0964258822,"defensive_value":0.0185438761,"count":63},"24":{"player_id":92899,"player_name":"Andr\u00e9 Mart\u00edn Carrillo D\u00edaz","vaep_value":0.1278644811,"offensive_value":0.222274231,"defensive_value":-0.09440975,"count":53},"25":{"player_id":234408,"player_name":"Tom Cleverley","vaep_value":-0.0794274264,"offensive_value":-0.0778413927,"defensive_value":-0.0015860337,"count":7},"26":{"player_id":247248,"player_name":"Tom Cleverley","vaep_value":0.0600687953,"offensive_value":0.1251849792,"defensive_value":-0.0651161838,"count":63},"27":{"player_id":377071,"player_name":"Andr\u00e9 Mart\u00edn Carrillo D\u00edaz","vaep_value":0.0955113228,"offensive_value":-0.0681158196,"defensive_value":0.1636271424,"count":33}}