{"0":{"player_id":0,"player_name":"Seung-Woo Lee","vaep_value":0.0158263426,"offensive_value":0.0305029764,"defensive_value":-0.0146766338,"count":7},"1":{"player_id":192,"player_name":"Marco Ezio Fossati","vaep_value":0.0948562777,"offensive_value":0.0932661886,"defensive_value":0.0015900891,"count":60},"2":{"player_id":394,"player_name":"Kevin Lasagna","vaep_value":0.1252001913,"offensive_value":0.089567794,"defensive_value":0.0356323973,"count":43},"3":{"player_id":3736,"player_name":"Antonio Aldo Caracciolo","vaep_value":0.0044455917,"offensive_value":0.0182014814,"defensive_value":-0.0137558897,"count":39},"4":{"player_id":20540,"player_name":"Jago\u0161 Vukovi\u0107","vaep_value":0.0690479201,"offensive_value":0.1375483978,"defensive_value":-0.0685004777,"count":29},"5":{"player_id":20583,"player_name":"Antonio Aldo Caracciolo","vaep_value":0.0596862972,"offensive_value":0.0892479676,"defensive_value":-0.0295616704,"count":46},"6":{"player_id":20935,"player_name":"Samuel Souprayen","vaep_value":0.2799697461,"offensive_value":0.3035093498,"defensive_value":-0.0235396037,"count":61},"7":{"player_id":20938,"player_name":"R\u00f4mulo  Souza Orestes Caldeira","vaep_value":-0.0361810492,"offensive_value":-0.0084429247,"defensive_value":-0.0277381245,"count":33},"8":{"player_id":20947,"player_name":"Jago\u0161 Vukovi\u0107","vaep_value":-0.1086540457,"offensive_value":-0.0397402824,"defensive_value":-0.0689137633,"count":41},"9":{"player_id":21298,"player_name":"Antonio Aldo Caracciolo","vaep_value":0.0032248014,"offensive_value":0.0797473687,"defensive_value":-0.0765225673,"count":31},"10":{"player_id":21314,"player_name":"Jago\u0161 Vukovi\u0107","vaep_value":0.1283638988,"offensive_value":0.144236949,"defensive_value":-0.0158730502,"count":59},"11":{"player_id":22093,"player_name":"R\u00f4mulo  Souza Orestes Caldeira","vaep_value":0.0367619959,"offensive_value":0.1141015,"defensive_value":-0.0773395041,"count":55},"12":{"player_id":23427,"player_name":"Marco Ezio Fossati","vaep_value":0.1677028196,"offensive_value":0.1489745466,"defensive_value":0.018728273,"count":92},"13":{"player_id":26373,"player_name":"Jago\u0161 Vukovi\u0107","vaep_value":0.0219290408,"offensive_value":-0.0456697622,"defensive_value":0.0675988031,"count":52},"14":{"player_id":56026,"player_name":"Antonio Aldo Caracciolo","vaep_value":0.3014885258,"offensive_value":0.2736765703,"defensive_value":0.0278119555,"count":49},"15":{"player_id":213948,"player_name":"Samuel Souprayen","vaep_value":-0.1558775471,"offensive_value":-0.1258335548,"defensive_value":-0.0300439922,"count":50},"16":{"player_id":234533,"player_name":"Danilo Larangeira","vaep_value":-0.0027533204,"offensive_value":-0.0025879729,"defensive_value":-0.0001653475,"count":4},"17":{"player_id":248950,"player_name":"Kevin Lasagna","vaep_value":0.033583133,"offensive_value":0.1183497729,"defensive_value":-0.0847666399,"count":46},"18":{"player_id":263433,"player_name":"Rodrigo Javier de Paul","vaep_value":0.2985516702,"offensive_value":0.2142744545,"defensive_value":0.0842772156,"count":53},"19":{"player_id":265172,"player_name":"Franco Zuculini","vaep_value":1.124204186,"offensive_value":1.161493229,"defensive_value":-0.037289043,"count":33},"20":{"player_id":300669,"player_name":"Seung-Woo Lee","vaep_value":0.034548233,"offensive_value":0.0368471071,"defensive_value":-0.0022988741,"count":1},"21":{"player_id":328336,"player_name":"Seung-Woo Lee","vaep_value":-0.046780399,"offensive_value":-0.0380530142,"defensive_value":-0.0087273848,"count":53},"22":{"player_id":333913,"player_name":"Emil Hallfre\u00f0sson","vaep_value":-0.3971122304,"offensive_value":-0.340246238,"defensive_value":-0.0568659924,"count":29},"23":{"player_id":337225,"player_name":"Bram Nuytinck","vaep_value":-0.0581054485,"offensive_value":-0.037480986,"defensive_value":-0.0206244625,"count":6},"24":{"player_id":354547,"player_name":"Danilo Larangeira","vaep_value":0.0725533047,"offensive_value":0.0771402435,"defensive_value":-0.0045869388,"count":48},"25":{"player_id":388099,"player_name":"Bram Nuytinck","vaep_value":-0.0519522309,"offensive_value":-0.0206249899,"defensive_value":-0.031327241,"count":12},"26":{"player_id":403546,"player_name":"Danilo Larangeira","vaep_value":-0.0493977619,"offensive_value":-0.0449583298,"defensive_value":-0.0044394322,"count":44},"27":{"player_id":523089,"player_name":"Kevin Lasagna","vaep_value":-0.02909225,"offensive_value":-0.0448326974,"defensive_value":0.0157404473,"count":18}}