{"0":{"player_id":0,"player_name":"Moussa Konat\u00e9","vaep_value":0.015018077,"offensive_value":0.028892966,"defensive_value":-0.013874889,"count":6},"1":{"player_id":25399,"player_name":"Mehdi Zeffane","vaep_value":0.2728546411,"offensive_value":0.2546136936,"defensive_value":0.0182409475,"count":80},"2":{"player_id":25406,"player_name":"Adrien Hunou","vaep_value":0.1285418967,"offensive_value":0.1328305309,"defensive_value":-0.0042886342,"count":47},"3":{"player_id":25492,"player_name":"Mehdi Zeffane","vaep_value":-0.0470437999,"offensive_value":0.0015436653,"defensive_value":-0.0485874652,"count":64},"4":{"player_id":25534,"player_name":"Abdul Khaled Akiola Ad\u00e9non","vaep_value":0.1313941609,"offensive_value":0.1807103697,"defensive_value":-0.0493162088,"count":68},"5":{"player_id":25776,"player_name":"Prince-D\u00e9sir Gouano","vaep_value":0.5118741159,"offensive_value":0.5456646832,"defensive_value":-0.0337905673,"count":39},"6":{"player_id":25826,"player_name":"Abdul Khaled Akiola Ad\u00e9non","vaep_value":1.1472175498,"offensive_value":1.0863497003,"defensive_value":0.0608678495,"count":88},"7":{"player_id":25957,"player_name":"Danilo Fernando Avelar","vaep_value":0.1081404263,"offensive_value":0.0696221726,"defensive_value":0.0385182537,"count":59},"8":{"player_id":26134,"player_name":"Abdul Khaled Akiola Ad\u00e9non","vaep_value":0.1563408517,"offensive_value":-0.0014854583,"defensive_value":0.15782631,"count":48},"9":{"player_id":26384,"player_name":"Danilo Fernando Avelar","vaep_value":-0.0904474657,"offensive_value":-0.021968829,"defensive_value":-0.0684786367,"count":36},"10":{"player_id":26414,"player_name":"Edson Andr\u00e9 Sitoe","vaep_value":0.0339223896,"offensive_value":0.0225455035,"defensive_value":0.0113768862,"count":14},"11":{"player_id":26583,"player_name":"Danilo Fernando Avelar","vaep_value":0.1373016506,"offensive_value":0.1403597223,"defensive_value":-0.0030580717,"count":38},"12":{"player_id":38095,"player_name":"Abdul Khaled Akiola Ad\u00e9non","vaep_value":0.0032864944,"offensive_value":-0.0298345748,"defensive_value":0.0331210692,"count":30},"13":{"player_id":70711,"player_name":"Issa Cissokho","vaep_value":0.0723783612,"offensive_value":0.0411202724,"defensive_value":0.0312580889,"count":37},"14":{"player_id":82690,"player_name":"Prince-D\u00e9sir Gouano","vaep_value":0.0116500112,"offensive_value":0.0872536553,"defensive_value":-0.0756036441,"count":19},"15":{"player_id":97582,"player_name":"R\u00e9gis Gurtner","vaep_value":-0.0639435375,"offensive_value":-0.044572479,"defensive_value":-0.0193710586,"count":28},"16":{"player_id":101795,"player_name":"James Edward Lea Siliki","vaep_value":0.0028708645,"offensive_value":0.0067200377,"defensive_value":-0.0038491732,"count":1},"17":{"player_id":105523,"player_name":"Mehdi Zeffane","vaep_value":0.0305959289,"offensive_value":0.1090575638,"defensive_value":-0.0784616349,"count":65},"18":{"player_id":228963,"player_name":"James Edward Lea Siliki","vaep_value":0.2475947648,"offensive_value":0.1764210573,"defensive_value":0.0711737075,"count":77},"19":{"player_id":228981,"player_name":"Issa Cissokho","vaep_value":0.0583093376,"offensive_value":0.1251074175,"defensive_value":-0.06679808,"count":78},"20":{"player_id":229124,"player_name":"Issa Cissokho","vaep_value":-0.127238887,"offensive_value":-0.1704612835,"defensive_value":0.0432223965,"count":58},"21":{"player_id":229198,"player_name":"Bongani Zungu","vaep_value":-0.0136009185,"offensive_value":0.0016622375,"defensive_value":-0.0152631559,"count":43},"22":{"player_id":243931,"player_name":"Prince-D\u00e9sir Gouano","vaep_value":0.0842159521,"offensive_value":0.0866788379,"defensive_value":-0.0024628858,"count":8},"23":{"player_id":244357,"player_name":"Abdul Khaled Akiola Ad\u00e9non","vaep_value":0.1496086903,"offensive_value":0.0882522911,"defensive_value":0.0613563992,"count":70},"24":{"player_id":247162,"player_name":"Danilo Fernando Avelar","vaep_value":0.1970956343,"offensive_value":0.2109428123,"defensive_value":-0.013847178,"count":19},"25":{"player_id":301013,"player_name":"J\u00e9r\u00e9my Gelin","vaep_value":0.1648932724,"offensive_value":0.1327831626,"defensive_value":0.0321101098,"count":36},"26":{"player_id":325781,"player_name":"J\u00e9r\u00e9my Gelin","vaep_value":0.091032721,"offensive_value":0.0491556734,"defensive_value":0.0418770476,"count":67},"27":{"player_id":366571,"player_name":"Benjamin Andr\u00e9","vaep_value":0.0820371805,"offensive_value":0.0847494469,"defensive_value":-0.0027122664,"count":14},"28":{"player_id":366581,"player_name":"Benjamin Bourigeaud","vaep_value":0.0354442617,"offensive_value":0.0230561648,"defensive_value":0.0123880969,"count":6}}