{"0":{"player_id":3269,"player_name":"Francesc F\u00e0bregas i Soler","vaep_value":0.0887899608,"offensive_value":0.0556548887,"defensive_value":0.0331350721,"count":58},"1":{"player_id":3290,"player_name":"Gerard Piqu\u00e9 Bernab\u00e9u","vaep_value":-0.160891726,"offensive_value":-0.1570246918,"defensive_value":-0.0038670342,"count":13},"2":{"player_id":3306,"player_name":"Sergio Busquets i Burgos","vaep_value":-0.0152006101,"offensive_value":0.086024879,"defensive_value":-0.1012254891,"count":62},"3":{"player_id":3324,"player_name":"Sergio Busquets i Burgos","vaep_value":0.0713005936,"offensive_value":0.095481257,"defensive_value":-0.0241806633,"count":32},"4":{"player_id":3341,"player_name":"Sergio Busquets i Burgos","vaep_value":0.0516516991,"offensive_value":0.046279219,"defensive_value":0.0053724801,"count":79},"5":{"player_id":3346,"player_name":"Andr\u00e9s Iniesta Luj\u00e1n","vaep_value":0.0698042898,"offensive_value":0.0722316283,"defensive_value":-0.0024273386,"count":63},"6":{"player_id":3350,"player_name":"Jordi Alba Ramos","vaep_value":0.3122464206,"offensive_value":0.3283940196,"defensive_value":-0.016147599,"count":95},"7":{"player_id":3353,"player_name":"Sergio Ramos Garc\u00eda","vaep_value":0.1546283091,"offensive_value":0.1405852653,"defensive_value":0.0140430438,"count":94},"8":{"player_id":3360,"player_name":"Gerard Piqu\u00e9 Bernab\u00e9u","vaep_value":-0.0067816808,"offensive_value":-0.0282239454,"defensive_value":0.0214422646,"count":13},"9":{"player_id":3447,"player_name":"Mattia De Sciglio","vaep_value":0.0881088599,"offensive_value":0.1575774776,"defensive_value":-0.0694686178,"count":75},"10":{"player_id":4498,"player_name":"Mattia De Sciglio","vaep_value":0.0550786782,"offensive_value":0.032705632,"defensive_value":0.0223730462,"count":18},"11":{"player_id":7910,"player_name":"Mattia De Sciglio","vaep_value":0.3026337713,"offensive_value":0.1592346853,"defensive_value":0.143399086,"count":40},"12":{"player_id":8317,"player_name":"David de Gea Quintana","vaep_value":0.1911736191,"offensive_value":0.2073936197,"defensive_value":-0.0162200006,"count":58},"13":{"player_id":20395,"player_name":"David de Gea Quintana","vaep_value":0.2162424324,"offensive_value":0.1318317911,"defensive_value":0.0844106413,"count":54},"14":{"player_id":20438,"player_name":"\u00c1lvaro Borja Morata Mart\u00edn","vaep_value":0.1135141994,"offensive_value":0.1169812756,"defensive_value":-0.0034670762,"count":47},"15":{"player_id":20455,"player_name":"Andrea Barzagli","vaep_value":0.2900971165,"offensive_value":0.3325293802,"defensive_value":-0.0424322637,"count":44},"16":{"player_id":20458,"player_name":"Alessandro  Florenzi","vaep_value":-0.0121080466,"offensive_value":0.0323794254,"defensive_value":-0.044487472,"count":47},"17":{"player_id":20459,"player_name":"Marco Parolo","vaep_value":0.2154978306,"offensive_value":0.0699286566,"defensive_value":0.145569174,"count":47},"18":{"player_id":20461,"player_name":"Alessandro  Florenzi","vaep_value":1.1514978484,"offensive_value":1.0350699376,"defensive_value":0.1164279109,"count":59},"19":{"player_id":20468,"player_name":"Giorgio Chiellini","vaep_value":0.0579357136,"offensive_value":-0.0190659488,"defensive_value":0.0770016624,"count":50},"20":{"player_id":20626,"player_name":"Emanuele Giaccherini","vaep_value":0.0414380255,"offensive_value":-0.0233906687,"defensive_value":0.0648286941,"count":32},"21":{"player_id":20628,"player_name":"Daniele De Rossi","vaep_value":0.8770259381,"offensive_value":0.901893639,"defensive_value":-0.0248677009,"count":41},"22":{"player_id":21095,"player_name":"Alessandro  Florenzi","vaep_value":-0.0177940828,"offensive_value":-0.0204389883,"defensive_value":0.0026449056,"count":5},"23":{"player_id":21350,"player_name":"Alessandro  Florenzi","vaep_value":0.0064322442,"offensive_value":-0.0059857898,"defensive_value":0.012418034,"count":40},"24":{"player_id":21385,"player_name":"Gerard Piqu\u00e9 Bernab\u00e9u","vaep_value":0.0335437289,"offensive_value":0.0287407949,"defensive_value":0.004802934,"count":7},"25":{"player_id":22566,"player_name":"Graziano Pell\u00e8","vaep_value":0.0858674631,"offensive_value":0.1515264063,"defensive_value":-0.0656589432,"count":52},"26":{"player_id":25439,"player_name":"David de Gea Quintana","vaep_value":-0.0120203815,"offensive_value":-0.0201333265,"defensive_value":0.0081129451,"count":13},"27":{"player_id":70125,"player_name":"Gerard Piqu\u00e9 Bernab\u00e9u","vaep_value":-0.008454868,"offensive_value":0.0231379731,"defensive_value":-0.0315928411,"count":22}}