{"0":{"player_id":0,"player_name":"Jorge Molina Vidal","vaep_value":-0.001539322,"offensive_value":0.0298573027,"defensive_value":-0.0313966246,"count":5},"1":{"player_id":3267,"player_name":"\u00c1ngel Luis Rodr\u00edguez D\u00edaz","vaep_value":0.1661229765,"offensive_value":0.2314436024,"defensive_value":-0.0653206259,"count":37},"2":{"player_id":3287,"player_name":"Mathieu Flamini","vaep_value":-0.3162040281,"offensive_value":-0.3116609233,"defensive_value":-0.0045431048,"count":20},"3":{"player_id":3510,"player_name":"Dami\u00e1n Nicol\u00e1s Su\u00e1rez Su\u00e1rez","vaep_value":0.0895683531,"offensive_value":0.0143886377,"defensive_value":0.0751797154,"count":55},"4":{"player_id":3572,"player_name":"\u00c1ngel Luis Rodr\u00edguez D\u00edaz","vaep_value":0.3483285291,"offensive_value":0.3253321534,"defensive_value":0.0229963757,"count":50},"5":{"player_id":3605,"player_name":"Bernardo Jos\u00e9 Espinosa Z\u00fa\u00f1iga","vaep_value":-0.9996792084,"offensive_value":-0.9298951848,"defensive_value":-0.0697840236,"count":49},"6":{"player_id":3692,"player_name":"Vitorino Gabriel  Pacheco Antunes","vaep_value":-0.2206307095,"offensive_value":-0.0938255204,"defensive_value":-0.1268051892,"count":51},"7":{"player_id":3714,"player_name":"Fay\u00e7al Fajr","vaep_value":-0.0662848256,"offensive_value":-0.007606229,"defensive_value":-0.0586785966,"count":27},"8":{"player_id":3856,"player_name":"Vitorino Gabriel  Pacheco Antunes","vaep_value":0.0799434178,"offensive_value":0.0761548835,"defensive_value":0.0037885343,"count":19},"9":{"player_id":3974,"player_name":"Dami\u00e1n Nicol\u00e1s Su\u00e1rez Su\u00e1rez","vaep_value":-0.086669206,"offensive_value":0.2784032451,"defensive_value":-0.3650724512,"count":46},"10":{"player_id":4131,"player_name":"Fay\u00e7al Fajr","vaep_value":-0.0670413717,"offensive_value":-0.0541605901,"defensive_value":-0.0128807816,"count":20},"11":{"player_id":4232,"player_name":"Yassine Bounou","vaep_value":0.1974590494,"offensive_value":0.0449290449,"defensive_value":0.1525300045,"count":28},"12":{"player_id":4278,"player_name":"Pere Pons Riera","vaep_value":0.0449551665,"offensive_value":0.0534474999,"defensive_value":-0.0084923333,"count":23},"13":{"player_id":4360,"player_name":"Pere Pons Riera","vaep_value":0.2986526524,"offensive_value":0.1576796644,"defensive_value":0.140972988,"count":67},"14":{"player_id":4593,"player_name":"Alejandro Granell Nogu\u00e9","vaep_value":0.017908536,"offensive_value":0.0344728271,"defensive_value":-0.0165642911,"count":22},"15":{"player_id":5147,"player_name":"Dami\u00e1n Nicol\u00e1s Su\u00e1rez Su\u00e1rez","vaep_value":-0.0258906119,"offensive_value":-0.0245456181,"defensive_value":-0.0013449938,"count":2},"16":{"player_id":5677,"player_name":"Cristian Portugu\u00e9s Manzanera","vaep_value":0.0319771686,"offensive_value":0.0473425938,"defensive_value":-0.0153654251,"count":24},"17":{"player_id":6210,"player_name":"Vitorino Gabriel  Pacheco Antunes","vaep_value":0.0363960789,"offensive_value":0.0614456816,"defensive_value":-0.0250496027,"count":89},"18":{"player_id":20406,"player_name":"Dami\u00e1n Nicol\u00e1s Su\u00e1rez Su\u00e1rez","vaep_value":0.0484072656,"offensive_value":0.0440440408,"defensive_value":0.0043632247,"count":19},"19":{"player_id":25888,"player_name":"Jorge Molina Vidal","vaep_value":0.2293169016,"offensive_value":0.204552249,"defensive_value":0.0247646526,"count":31},"20":{"player_id":91702,"player_name":"Jorge Molina Vidal","vaep_value":0.1298808529,"offensive_value":0.1047430804,"defensive_value":0.0251377724,"count":15},"21":{"player_id":93000,"player_name":"Francisco Portillo Soler","vaep_value":0.1857745862,"offensive_value":0.1748541129,"defensive_value":0.0109204733,"count":59},"22":{"player_id":120631,"player_name":"Jorge Molina Vidal","vaep_value":0.0617866439,"offensive_value":0.0948780752,"defensive_value":-0.0330914313,"count":25},"23":{"player_id":214062,"player_name":"Yassine Bounou","vaep_value":0.4696781104,"offensive_value":0.4725867637,"defensive_value":-0.0029086533,"count":100},"24":{"player_id":230895,"player_name":"Juan Pedro Ram\u00edrez L\u00f3pez","vaep_value":0.0308236806,"offensive_value":0.0314636108,"defensive_value":-0.0006399303,"count":50},"25":{"player_id":250805,"player_name":"Jorge Molina Vidal","vaep_value":0.1881421823,"offensive_value":0.0991377191,"defensive_value":0.0890044632,"count":43},"26":{"player_id":263105,"player_name":"Bernardo Jos\u00e9 Espinosa Z\u00fa\u00f1iga","vaep_value":0.1457758797,"offensive_value":0.1400017501,"defensive_value":0.0057741296,"count":39},"27":{"player_id":344140,"player_name":"Vicente Guaita Panadero","vaep_value":1.026667057,"offensive_value":1.0019101398,"defensive_value":0.0247569171,"count":31},"28":{"player_id":376474,"player_name":"Alejandro Granell Nogu\u00e9","vaep_value":-0.0170271905,"offensive_value":-0.0131830205,"defensive_value":-0.00384417,"count":1}}