{"0":{"player_id":0,"player_name":"Roger Mart\u00ed Salvador","vaep_value":0.0163619501,"offensive_value":0.0460707986,"defensive_value":-0.0297088486,"count":11},"1":{"player_id":3287,"player_name":"Jos\u00e9 \u00c1ngel G\u00f3mez Campa\u00f1a","vaep_value":0.0643951007,"offensive_value":0.0284570481,"defensive_value":0.0359380526,"count":27},"2":{"player_id":3330,"player_name":"Pedro L\u00f3pez Mu\u00f1oz","vaep_value":0.1455008602,"offensive_value":0.0869991726,"defensive_value":0.0585016876,"count":38},"3":{"player_id":3407,"player_name":"Francesc Aday Ben\u00edtez Caraballo","vaep_value":0.0477493431,"offensive_value":0.0187051459,"defensive_value":0.0290441972,"count":43},"4":{"player_id":3460,"player_name":"Jefferson Andr\u00e9s Lerma Sol\u00eds","vaep_value":0.1598358065,"offensive_value":0.2658320859,"defensive_value":-0.1059962793,"count":86},"5":{"player_id":3470,"player_name":"Jos\u00e9 \u00c1ngel G\u00f3mez Campa\u00f1a","vaep_value":0.2648804233,"offensive_value":0.2625906005,"defensive_value":0.0022898228,"count":81},"6":{"player_id":3496,"player_name":"Jorge And\u00fajar Moreno","vaep_value":0.0567090249,"offensive_value":0.0069009814,"defensive_value":0.0498080435,"count":7},"7":{"player_id":3510,"player_name":"Erick Cathriel Cabaco Almada","vaep_value":-0.011889269,"offensive_value":-0.0243826506,"defensive_value":0.0124933816,"count":12},"8":{"player_id":3692,"player_name":"Erick Cathriel Cabaco Almada","vaep_value":0.0861751661,"offensive_value":-0.069477299,"defensive_value":0.1556524651,"count":36},"9":{"player_id":3714,"player_name":"Juan Pedro Ram\u00edrez L\u00f3pez","vaep_value":-0.3016503514,"offensive_value":-0.2688634524,"defensive_value":-0.032786899,"count":24},"10":{"player_id":3920,"player_name":"Pedro L\u00f3pez Mu\u00f1oz","vaep_value":0.3385990624,"offensive_value":0.3891547067,"defensive_value":-0.0505556443,"count":60},"11":{"player_id":3937,"player_name":"David Remeseiro Salgueiro","vaep_value":0.0834581768,"offensive_value":0.0786171982,"defensive_value":0.0048409787,"count":30},"12":{"player_id":4278,"player_name":"David Remeseiro Salgueiro","vaep_value":-0.0162148388,"offensive_value":-0.0728175124,"defensive_value":0.0566026736,"count":54},"13":{"player_id":4360,"player_name":"Yassine Bounou","vaep_value":0.0231457602,"offensive_value":0.0580068172,"defensive_value":-0.0348610571,"count":36},"14":{"player_id":5147,"player_name":"Jorge And\u00fajar Moreno","vaep_value":0.0563717543,"offensive_value":0.0370600959,"defensive_value":0.0193116583,"count":5},"15":{"player_id":6210,"player_name":"Pere Pons Riera","vaep_value":0.0951346367,"offensive_value":0.150489853,"defensive_value":-0.0553552163,"count":78},"16":{"player_id":50461,"player_name":"Pere Pons Riera","vaep_value":-0.0004167128,"offensive_value":-0.0071728055,"defensive_value":0.0067560927,"count":9},"17":{"player_id":120631,"player_name":"Pablo Maffeo Becerra","vaep_value":0.2215000833,"offensive_value":0.1329088181,"defensive_value":0.0885912653,"count":35},"18":{"player_id":214062,"player_name":"Jon\u00e1s  Ramalho Chimeno","vaep_value":1.2441637718,"offensive_value":1.2101178903,"defensive_value":0.0340458815,"count":80},"19":{"player_id":225089,"player_name":"Alejandro Granell Nogu\u00e9","vaep_value":0.7796948777,"offensive_value":0.8057379671,"defensive_value":-0.0260430895,"count":55},"20":{"player_id":230895,"player_name":"Bernardo Jos\u00e9 Espinosa Z\u00fa\u00f1iga","vaep_value":0.2227514975,"offensive_value":0.1125535679,"defensive_value":0.1101979297,"count":53},"21":{"player_id":247220,"player_name":"Juan Pedro Ram\u00edrez L\u00f3pez","vaep_value":0.1896815364,"offensive_value":0.1704439495,"defensive_value":0.0192375869,"count":34},"22":{"player_id":254189,"player_name":"Francesc Aday Ben\u00edtez Caraballo","vaep_value":0.0066166909,"offensive_value":0.0223874044,"defensive_value":-0.0157707134,"count":18},"23":{"player_id":255738,"player_name":"Borja Garc\u00eda Freire","vaep_value":0.1410072978,"offensive_value":0.1111667803,"defensive_value":0.0298405174,"count":68},"24":{"player_id":263105,"player_name":"Francesc Aday Ben\u00edtez Caraballo","vaep_value":0.5454067908,"offensive_value":0.3109934354,"defensive_value":0.2344133554,"count":69},"25":{"player_id":278049,"player_name":"Francesc Aday Ben\u00edtez Caraballo","vaep_value":-0.0585937646,"offensive_value":0.0569255002,"defensive_value":-0.1155192647,"count":40},"26":{"player_id":338201,"player_name":"Erick Cathriel Cabaco Almada","vaep_value":-0.1523802678,"offensive_value":-0.1464794383,"defensive_value":-0.0059008295,"count":28},"27":{"player_id":410055,"player_name":"Erick Cathriel Cabaco Almada","vaep_value":0.1959445236,"offensive_value":0.124323833,"defensive_value":0.0716206905,"count":55}}