{"0":{"player_id":0,"player_name":"Luis Alberto Su\u00e1rez D\u00edaz","vaep_value":0.0198402717,"offensive_value":0.0246330965,"defensive_value":-0.0047928249,"count":12},"1":{"player_id":3346,"player_name":"Sergio Busquets i Burgos","vaep_value":0.3311123861,"offensive_value":0.2854831256,"defensive_value":0.0456292605,"count":92},"2":{"player_id":3347,"player_name":"Sergi Roberto Carnicer","vaep_value":-0.0009761574,"offensive_value":0.0613463018,"defensive_value":-0.0623224592,"count":69},"3":{"player_id":3353,"player_name":"Samuel Yves Umtiti","vaep_value":0.2185205854,"offensive_value":0.1827449983,"defensive_value":0.0357755871,"count":61},"4":{"player_id":3359,"player_name":"Joaqu\u00edn Navarro Jim\u00e9nez","vaep_value":1.2062991105,"offensive_value":1.2200430618,"defensive_value":-0.0137439513,"count":68},"5":{"player_id":3476,"player_name":"Dani Castellano Betancor","vaep_value":0.08304791,"offensive_value":0.0468662612,"defensive_value":0.0361816488,"count":50},"6":{"player_id":3708,"player_name":"Jairo Samperio Bustara","vaep_value":0.0235332591,"offensive_value":-0.0061690663,"defensive_value":0.0297023254,"count":16},"7":{"player_id":3802,"player_name":"Samuel Yves Umtiti","vaep_value":0.1337418087,"offensive_value":0.1279180075,"defensive_value":0.0058238012,"count":36},"8":{"player_id":3970,"player_name":"Thomas Vermaelen","vaep_value":0.1049269226,"offensive_value":0.0736561315,"defensive_value":0.0312707911,"count":43},"9":{"player_id":4238,"player_name":"Lucas Digne","vaep_value":0.0072571759,"offensive_value":0.0071084062,"defensive_value":0.0001487697,"count":6},"10":{"player_id":4256,"player_name":"Alejandro G\u00e1lvez Jimena","vaep_value":0.1207795158,"offensive_value":0.1176286795,"defensive_value":0.0031508363,"count":29},"11":{"player_id":4272,"player_name":"Joaqu\u00edn Navarro Jim\u00e9nez","vaep_value":-0.0186004948,"offensive_value":0.0375018755,"defensive_value":-0.0561023704,"count":50},"12":{"player_id":4355,"player_name":"Leandro Chichizola","vaep_value":-0.0214459803,"offensive_value":0.0011837827,"defensive_value":-0.022629763,"count":2},"13":{"player_id":4363,"player_name":"Dani Castellano Betancor","vaep_value":0.252732815,"offensive_value":0.1677216608,"defensive_value":0.0850111542,"count":46},"14":{"player_id":4371,"player_name":"Leandro Chichizola","vaep_value":0.0598238158,"offensive_value":0.0633737992,"defensive_value":-0.0035499834,"count":35},"15":{"player_id":4969,"player_name":"Pedro Tanaus\u00fa Dom\u00ednguez Placeres","vaep_value":0.0165574991,"offensive_value":0.0581651244,"defensive_value":-0.0416076253,"count":43},"16":{"player_id":7860,"player_name":"Jairo Samperio Bustara","vaep_value":-0.2187338069,"offensive_value":0.1212318116,"defensive_value":-0.3399656184,"count":63},"17":{"player_id":7972,"player_name":"Sergio Busquets i Burgos","vaep_value":-0.1742649085,"offensive_value":-0.1758614844,"defensive_value":0.0015965759,"count":44},"18":{"player_id":15008,"player_name":"Samuel Yves Umtiti","vaep_value":0.113163912,"offensive_value":0.1159306713,"defensive_value":-0.0027667594,"count":41},"19":{"player_id":20401,"player_name":"Andr\u00e9s Iniesta Luj\u00e1n","vaep_value":0.0162558332,"offensive_value":0.0084458026,"defensive_value":0.0078100306,"count":17},"20":{"player_id":20803,"player_name":"Joaqu\u00edn Navarro Jim\u00e9nez","vaep_value":0.3303964488,"offensive_value":0.2958541422,"defensive_value":0.0345423067,"count":68},"21":{"player_id":25397,"player_name":null,"vaep_value":-0.0369710596,"offensive_value":0.1068840257,"defensive_value":-0.1438550854,"count":63},"22":{"player_id":25701,"player_name":"Mat\u00edas Aguirregaray Guruceaga","vaep_value":-0.2835801931,"offensive_value":-0.0410180772,"defensive_value":-0.2425621159,"count":59},"23":{"player_id":40550,"player_name":"Alen Halilovi\u0107","vaep_value":-0.1849354485,"offensive_value":-0.1926336176,"defensive_value":0.0076981691,"count":28},"24":{"player_id":86319,"player_name":"Alen Halilovi\u0107","vaep_value":0.1922032605,"offensive_value":0.1343424872,"defensive_value":0.0578607733,"count":53},"25":{"player_id":228902,"player_name":"Lucas Digne","vaep_value":0.012468558,"offensive_value":0.0233625275,"defensive_value":-0.0108939694,"count":40},"26":{"player_id":234527,"player_name":"Mat\u00edas Aguirregaray Guruceaga","vaep_value":0.0312889013,"offensive_value":0.0675636717,"defensive_value":-0.0362747704,"count":34},"27":{"player_id":286390,"player_name":"Alen Halilovi\u0107","vaep_value":-0.0467763674,"offensive_value":-0.0305447835,"defensive_value":-0.0162315839,"count":18},"28":{"player_id":424624,"player_name":"Mat\u00edas Aguirregaray Guruceaga","vaep_value":0.1775320144,"offensive_value":0.1023038371,"defensive_value":0.0752281774,"count":44}}