{"0":{"player_id":0,"player_name":"Keagan Dolly","vaep_value":0.0214558062,"offensive_value":0.0257695594,"defensive_value":-0.0043137532,"count":6},"1":{"player_id":3308,"player_name":"Pedro Filipe Teod\u00f3sio Mendes","vaep_value":0.0890974088,"offensive_value":0.0455615873,"defensive_value":0.0435358215,"count":58},"2":{"player_id":14945,"player_name":"Tom\u00e1\u0161 Koubek","vaep_value":0.0653383074,"offensive_value":0.0890402057,"defensive_value":-0.0237018983,"count":24},"3":{"player_id":25399,"player_name":"Nicolas Louis Marcel Cozza","vaep_value":0.1487481745,"offensive_value":0.1257789022,"defensive_value":0.0229692723,"count":46},"4":{"player_id":25406,"player_name":"Benjamin Andr\u00e9","vaep_value":-0.0135494745,"offensive_value":-0.0117895191,"defensive_value":-0.0017599554,"count":6},"5":{"player_id":25470,"player_name":"Ambroise Oyongo Bitolo","vaep_value":0.3122214308,"offensive_value":0.1474730797,"defensive_value":0.1647483511,"count":63},"6":{"player_id":25637,"player_name":"Pedro Filipe Teod\u00f3sio Mendes","vaep_value":0.0153268502,"offensive_value":0.0244548209,"defensive_value":-0.0091279707,"count":7},"7":{"player_id":25786,"player_name":"Daniel Congr\u00e9","vaep_value":0.1199533888,"offensive_value":0.1003252924,"defensive_value":0.0196280964,"count":66},"8":{"player_id":25826,"player_name":"Ramy Bensebaini","vaep_value":-0.0647454651,"offensive_value":-0.1068733193,"defensive_value":0.0421278542,"count":59},"9":{"player_id":25829,"player_name":"J\u00e9r\u00e9my Gelin","vaep_value":0.0508874574,"offensive_value":0.0186777143,"defensive_value":0.0322097432,"count":19},"10":{"player_id":26016,"player_name":"Ellyes Skhiri","vaep_value":0.2372765561,"offensive_value":0.0548985271,"defensive_value":0.182378029,"count":35},"11":{"player_id":26610,"player_name":"Pedro Filipe Teod\u00f3sio Mendes","vaep_value":-0.3115278981,"offensive_value":-0.3118452644,"defensive_value":0.0003173663,"count":13},"12":{"player_id":28335,"player_name":"Nicolas Louis Marcel Cozza","vaep_value":-0.0019032126,"offensive_value":-0.0008172481,"defensive_value":-0.0010859645,"count":2},"13":{"player_id":82690,"player_name":"Hamari Traor\u00e9","vaep_value":0.0925151805,"offensive_value":0.1670449293,"defensive_value":-0.0745297489,"count":45},"14":{"player_id":116345,"player_name":"J\u00e9r\u00e9my Gelin","vaep_value":0.0718542685,"offensive_value":0.0020329199,"defensive_value":0.0698213486,"count":35},"15":{"player_id":125076,"player_name":"Nicolas Louis Marcel Cozza","vaep_value":0.2815927312,"offensive_value":0.3513968664,"defensive_value":-0.0698041351,"count":47},"16":{"player_id":143189,"player_name":"Keagan Dolly","vaep_value":-0.0337560569,"offensive_value":-0.0357237351,"defensive_value":0.0019676782,"count":3},"17":{"player_id":228963,"player_name":"Keagan Dolly","vaep_value":0.1751830118,"offensive_value":0.1634374155,"defensive_value":0.0117455963,"count":87},"18":{"player_id":228981,"player_name":"Giovanni-Guy Yann Sio","vaep_value":0.4259457482,"offensive_value":0.4940739477,"defensive_value":-0.0681281995,"count":63},"19":{"player_id":229124,"player_name":"Mehdi Zeffane","vaep_value":1.059701783,"offensive_value":1.069595536,"defensive_value":-0.009893753,"count":38},"20":{"player_id":244335,"player_name":"Sanjin Prci\u0107","vaep_value":0.0347983092,"offensive_value":0.0309050764,"defensive_value":0.0038932328,"count":32},"21":{"player_id":246946,"player_name":"J\u00e9r\u00e9my Gelin","vaep_value":0.0401280147,"offensive_value":0.0173763668,"defensive_value":0.022751648,"count":39},"22":{"player_id":276983,"player_name":"Benjamin Bourigeaud","vaep_value":0.8601790994,"offensive_value":0.856151677,"defensive_value":0.0040274224,"count":33},"23":{"player_id":280116,"player_name":"Benjamin Bourigeaud","vaep_value":0.0366839513,"offensive_value":0.0049724177,"defensive_value":0.0317115335,"count":57},"24":{"player_id":301013,"player_name":"Ramy Bensebaini","vaep_value":0.0164645487,"offensive_value":0.0766772949,"defensive_value":-0.0602127463,"count":66},"25":{"player_id":325781,"player_name":"Daniel Congr\u00e9","vaep_value":-0.1397305415,"offensive_value":-0.1146634999,"defensive_value":-0.0250670415,"count":28},"26":{"player_id":334720,"player_name":"Daniel Congr\u00e9","vaep_value":0.0298268209,"offensive_value":0.0873288012,"defensive_value":-0.0575019802,"count":100},"27":{"player_id":366581,"player_name":"J\u00e9r\u00e9mie Porsan-Clemente","vaep_value":0.0590453251,"offensive_value":0.036131744,"defensive_value":0.0229135811,"count":46},"28":{"player_id":477744,"player_name":"Daniel Congr\u00e9","vaep_value":0.1283782328,"offensive_value":0.1400298112,"defensive_value":-0.0116515784,"count":51}}