{"0":{"player_id":0,"player_name":"Ivan Radovanovi\u0107","vaep_value":0.0470257539,"offensive_value":0.0435507842,"defensive_value":0.0034749696,"count":5},"1":{"player_id":394,"player_name":"Massimo Gobbi","vaep_value":-0.1053998837,"offensive_value":-0.0857232978,"defensive_value":-0.0196765859,"count":52},"2":{"player_id":20495,"player_name":"Roberto Inglese","vaep_value":0.3776750661,"offensive_value":0.3605871232,"defensive_value":0.0170879429,"count":59},"3":{"player_id":20633,"player_name":"Bram Nuytinck","vaep_value":0.0823623877,"offensive_value":0.1374369771,"defensive_value":-0.0550745894,"count":34},"4":{"player_id":20638,"player_name":"Simone Scuffet","vaep_value":-0.0404039501,"offensive_value":0.0528096617,"defensive_value":-0.0932136119,"count":36},"5":{"player_id":20653,"player_name":"Lucas  Nahuel Castro","vaep_value":0.172234953,"offensive_value":0.1397991312,"defensive_value":0.0324358218,"count":67},"6":{"player_id":20662,"player_name":"Lucas  Nahuel Castro","vaep_value":-0.0372405336,"offensive_value":-0.0366888903,"defensive_value":-0.0005516433,"count":3},"7":{"player_id":20663,"player_name":"Giuseppe Pezzella","vaep_value":1.0277727516,"offensive_value":1.033818003,"defensive_value":-0.0060452514,"count":55},"8":{"player_id":20929,"player_name":"Alessandro Gamberini","vaep_value":0.2432218442,"offensive_value":0.0306787158,"defensive_value":0.2125431284,"count":38},"9":{"player_id":20938,"player_name":"Roberto Inglese","vaep_value":0.1186335331,"offensive_value":0.1182813109,"defensive_value":0.0003522222,"count":20},"10":{"player_id":21148,"player_name":"Roberto Inglese","vaep_value":0.0350547484,"offensive_value":0.0002826131,"defensive_value":0.0347721353,"count":7},"11":{"player_id":21291,"player_name":"Gabriele Angella","vaep_value":1.0377570895,"offensive_value":1.0127352055,"defensive_value":0.025021884,"count":88},"12":{"player_id":21314,"player_name":"Fabrizio Cacciatore","vaep_value":0.3030561486,"offensive_value":0.2493931164,"defensive_value":0.0536630321,"count":78},"13":{"player_id":21438,"player_name":"Perparim Hetemaj","vaep_value":0.914753855,"offensive_value":0.9106682015,"defensive_value":0.0040856535,"count":48},"14":{"player_id":21564,"player_name":"Perparim Hetemaj","vaep_value":0.2623640568,"offensive_value":0.2035602661,"defensive_value":0.0588037907,"count":72},"15":{"player_id":21607,"player_name":"Simone Scuffet","vaep_value":0.333704924,"offensive_value":0.2970364534,"defensive_value":0.0366684706,"count":94},"16":{"player_id":22677,"player_name":"Fabrizio Cacciatore","vaep_value":0.1501910015,"offensive_value":0.0873559464,"defensive_value":0.0628350551,"count":80},"17":{"player_id":24964,"player_name":"Dario Dainelli","vaep_value":-0.1048848436,"offensive_value":-0.1146998105,"defensive_value":0.0098149669,"count":31},"18":{"player_id":25885,"player_name":"Fabrizio Cacciatore","vaep_value":-0.0663129409,"offensive_value":0.0600284865,"defensive_value":-0.1263414274,"count":43},"19":{"player_id":86301,"player_name":"Giuseppe Pezzella","vaep_value":0.1648563722,"offensive_value":0.075312643,"defensive_value":0.0895437292,"count":80},"20":{"player_id":134508,"player_name":"Fabrizio Cacciatore","vaep_value":0.2470743376,"offensive_value":0.113416312,"defensive_value":0.1336580255,"count":51},"21":{"player_id":213948,"player_name":"Ivan Radovanovi\u0107","vaep_value":0.3202873095,"offensive_value":0.1106742237,"defensive_value":0.2096130858,"count":54},"22":{"player_id":234533,"player_name":"Fabrizio Cacciatore","vaep_value":-0.144179638,"offensive_value":-0.1307352637,"defensive_value":-0.0134443743,"count":15},"23":{"player_id":238832,"player_name":"Dario Dainelli","vaep_value":-0.0024088603,"offensive_value":-0.0028113769,"defensive_value":0.0004025167,"count":7},"24":{"player_id":239288,"player_name":"Ivan Radovanovi\u0107","vaep_value":0.0462671022,"offensive_value":0.0822931323,"defensive_value":-0.0360260301,"count":26},"25":{"player_id":248950,"player_name":"Alessandro Gamberini","vaep_value":0.2153169091,"offensive_value":0.170053174,"defensive_value":0.0452637351,"count":39},"26":{"player_id":333913,"player_name":"Massimo Gobbi","vaep_value":-0.2941232298,"offensive_value":-0.2629440657,"defensive_value":-0.0311791641,"count":25},"27":{"player_id":354547,"player_name":"Perparim Hetemaj","vaep_value":0.3018457622,"offensive_value":0.2726899809,"defensive_value":0.0291557813,"count":87},"28":{"player_id":388398,"player_name":"Massimo Gobbi","vaep_value":0.1419267962,"offensive_value":0.1972633745,"defensive_value":-0.0553365783,"count":88}}