{"0":{"player_id":0,"player_name":"Thorgan Hazard","vaep_value":0.0083163552,"offensive_value":0.0219563972,"defensive_value":-0.013640042,"count":7},"1":{"player_id":9611,"player_name":"Jannik Vestergaard","vaep_value":0.0945747592,"offensive_value":0.081713009,"defensive_value":0.0128617502,"count":41},"2":{"player_id":14838,"player_name":"Christoph Kramer","vaep_value":0.1161834331,"offensive_value":0.0938848924,"defensive_value":0.0222985407,"count":47},"3":{"player_id":14991,"player_name":"Jannik Vestergaard","vaep_value":0.1079287925,"offensive_value":0.0903086264,"defensive_value":0.0176201661,"count":50},"4":{"player_id":15018,"player_name":"Matthias Ginter","vaep_value":0.0381826761,"offensive_value":0.0398481165,"defensive_value":-0.0016654404,"count":28},"5":{"player_id":15019,"player_name":"Jannik Vestergaard","vaep_value":-0.0480844314,"offensive_value":0.026778655,"defensive_value":-0.0748630865,"count":53},"6":{"player_id":15051,"player_name":"Jannik Vestergaard","vaep_value":-0.132233364,"offensive_value":-0.1301224496,"defensive_value":-0.0021109144,"count":76},"7":{"player_id":15061,"player_name":"Vincenzo Grifo","vaep_value":0.142454391,"offensive_value":0.134110881,"defensive_value":0.00834351,"count":48},"8":{"player_id":15069,"player_name":"Vincenzo Grifo","vaep_value":0.1074385003,"offensive_value":0.1068937022,"defensive_value":0.0005447981,"count":51},"9":{"player_id":15806,"player_name":"Tobias Sippel","vaep_value":0.1233794242,"offensive_value":0.0283384639,"defensive_value":0.0950409604,"count":73},"10":{"player_id":15937,"player_name":"Tobias Sippel","vaep_value":0.2865119269,"offensive_value":0.2515302788,"defensive_value":0.0349816481,"count":97},"11":{"player_id":16110,"player_name":"Jannik Vestergaard","vaep_value":0.4420542599,"offensive_value":0.3522967758,"defensive_value":0.089757484,"count":74},"12":{"player_id":25622,"player_name":"Dayotchanculle Upamecano","vaep_value":0.057630913,"offensive_value":0.0842307808,"defensive_value":-0.0265998679,"count":54},"13":{"player_id":65596,"player_name":"Thorgan Hazard","vaep_value":0.3709666968,"offensive_value":0.3939730632,"defensive_value":-0.0230063664,"count":48},"14":{"player_id":70975,"player_name":"P\u00e9ter Gul\u00e1csi","vaep_value":0.2514888237,"offensive_value":0.1900996185,"defensive_value":0.0613892052,"count":56},"15":{"player_id":173214,"player_name":"Lukas Klostermann","vaep_value":-0.4760194798,"offensive_value":-0.4579823832,"defensive_value":-0.0180370966,"count":41},"16":{"player_id":221452,"player_name":"Armindo Tu\u00e9 Na Bangna","vaep_value":0.4119363337,"offensive_value":0.2064397017,"defensive_value":0.205496632,"count":72},"17":{"player_id":236528,"player_name":"Diego Demme","vaep_value":0.2242385154,"offensive_value":0.1792457211,"defensive_value":0.0449927943,"count":70},"18":{"player_id":258252,"player_name":"Dayotchanculle Upamecano","vaep_value":0.0313231885,"offensive_value":0.0291257181,"defensive_value":0.0021974704,"count":57},"19":{"player_id":282804,"player_name":"Diego Demme","vaep_value":0.1774184443,"offensive_value":0.1896696641,"defensive_value":-0.0122512198,"count":67},"20":{"player_id":289711,"player_name":"Dayotchanculle Upamecano","vaep_value":0.0493207353,"offensive_value":0.062500888,"defensive_value":-0.0131801527,"count":66},"21":{"player_id":352988,"player_name":"Vincenzo Grifo","vaep_value":0.0261610877,"offensive_value":0.1099557516,"defensive_value":-0.0837946639,"count":71},"22":{"player_id":360992,"player_name":"Konrad Laimer","vaep_value":0.0425451422,"offensive_value":0.0029316703,"defensive_value":0.0396134719,"count":40},"23":{"player_id":404219,"player_name":"Timo Werner","vaep_value":-0.0498280681,"offensive_value":-0.0591617299,"defensive_value":0.0093336618,"count":16},"24":{"player_id":406682,"player_name":"Konrad Laimer","vaep_value":0.8882155855,"offensive_value":0.898772452,"defensive_value":-0.0105568665,"count":8}}