{"0":{"player_id":0,"player_name":"\u00c1d\u00e1m Szalai","vaep_value":-0.0253639233,"offensive_value":0.0101408109,"defensive_value":-0.0355047341,"count":11},"1":{"player_id":7904,"player_name":"Florian Grillitsch","vaep_value":0.8515930763,"offensive_value":0.8405923403,"defensive_value":0.0110007359,"count":32},"2":{"player_id":14762,"player_name":"Dennis Geiger","vaep_value":0.0098439979,"offensive_value":0.0167847003,"defensive_value":-0.0069407024,"count":11},"3":{"player_id":14842,"player_name":"Kevin Vogt","vaep_value":0.3328977554,"offensive_value":0.2096833505,"defensive_value":0.1232144049,"count":61},"4":{"player_id":14905,"player_name":"Benjamin H\u00fcbner","vaep_value":0.1456914479,"offensive_value":0.0204025339,"defensive_value":0.125288914,"count":49},"5":{"player_id":14979,"player_name":"Kevin Vogt","vaep_value":0.0731743047,"offensive_value":0.1067838898,"defensive_value":-0.0336095851,"count":46},"6":{"player_id":15090,"player_name":"Kevin Akpoguma","vaep_value":0.1575885069,"offensive_value":0.098936238,"defensive_value":0.058652269,"count":55},"7":{"player_id":15125,"player_name":"Kevin Vogt","vaep_value":0.215978961,"offensive_value":0.198480685,"defensive_value":0.017498276,"count":56},"8":{"player_id":15141,"player_name":"Benjamin H\u00fcbner","vaep_value":0.0156377672,"offensive_value":0.0164473755,"defensive_value":-0.0008096084,"count":25},"9":{"player_id":15200,"player_name":"Kevin Akpoguma","vaep_value":0.0760656799,"offensive_value":0.0885943798,"defensive_value":-0.0125286999,"count":27},"10":{"player_id":15719,"player_name":"Benjamin H\u00fcbner","vaep_value":0.0302290197,"offensive_value":0.1127735151,"defensive_value":-0.0825444954,"count":70},"11":{"player_id":18982,"player_name":"Nico Schulz","vaep_value":0.4092381143,"offensive_value":0.3822991252,"defensive_value":0.0269389891,"count":68},"12":{"player_id":32959,"player_name":"Benjamin H\u00fcbner","vaep_value":0.1233110707,"offensive_value":0.1387626433,"defensive_value":-0.0154515726,"count":54},"13":{"player_id":65207,"player_name":"Oliver Baumann","vaep_value":-0.112291699,"offensive_value":-0.1098042619,"defensive_value":-0.0024874371,"count":15},"14":{"player_id":69411,"player_name":"Benjamin H\u00fcbner","vaep_value":-0.1217344563,"offensive_value":-0.1067944005,"defensive_value":-0.0149400558,"count":50},"15":{"player_id":82487,"player_name":"Kevin Akpoguma","vaep_value":0.0745758298,"offensive_value":0.0729826731,"defensive_value":0.0015931567,"count":12},"16":{"player_id":82518,"player_name":"Kevin Akpoguma","vaep_value":0.2246276431,"offensive_value":0.0708934502,"defensive_value":0.153734193,"count":71},"17":{"player_id":134392,"player_name":"Kerem Demirbay","vaep_value":0.2401687042,"offensive_value":0.0716587811,"defensive_value":0.168509923,"count":68},"18":{"player_id":134397,"player_name":"Kevin Akpoguma","vaep_value":0.2827988848,"offensive_value":0.2827426011,"defensive_value":0.0000562837,"count":70},"19":{"player_id":134399,"player_name":"Kevin Akpoguma","vaep_value":0.2374351072,"offensive_value":0.2469174833,"defensive_value":-0.009482376,"count":34},"20":{"player_id":135561,"player_name":"Kevin Vogt","vaep_value":0.2644496197,"offensive_value":0.0840172081,"defensive_value":0.1804324116,"count":73},"21":{"player_id":173212,"player_name":"Kevin Akpoguma","vaep_value":-0.1687747444,"offensive_value":0.0814846233,"defensive_value":-0.2502593676,"count":60},"22":{"player_id":208652,"player_name":"Benjamin H\u00fcbner","vaep_value":0.2143155038,"offensive_value":0.2434160283,"defensive_value":-0.0291005245,"count":55},"23":{"player_id":221333,"player_name":"Dennis Geiger","vaep_value":-0.0401422864,"offensive_value":-0.0404696705,"defensive_value":0.0003273841,"count":7},"24":{"player_id":263614,"player_name":"Benjamin H\u00fcbner","vaep_value":0.4232978152,"offensive_value":0.4386625179,"defensive_value":-0.0153647027,"count":66},"25":{"player_id":275121,"player_name":"Nico Schulz","vaep_value":0.226539367,"offensive_value":0.1658547844,"defensive_value":0.0606845826,"count":93},"26":{"player_id":337890,"player_name":"Vladim\u00edr Darida","vaep_value":-0.0063832109,"offensive_value":-0.0044638664,"defensive_value":-0.0019193445,"count":2},"27":{"player_id":367621,"player_name":"Alexander Esswein","vaep_value":-0.0949096126,"offensive_value":-0.1192844664,"defensive_value":0.0243748538,"count":63}}