{"0":{"player_id":0,"player_name":"Grzegorz Krychowiak","vaep_value":0.1131849395,"offensive_value":0.1508942246,"defensive_value":-0.0377092852,"count":13},"1":{"player_id":3413,"player_name":"Claudio Ariel Yacob","vaep_value":0.1295204123,"offensive_value":0.1069416949,"defensive_value":0.0225787174,"count":84},"2":{"player_id":3577,"player_name":"Nemanja Mati\u0107","vaep_value":-0.123166692,"offensive_value":-0.0766054966,"defensive_value":-0.0465611954,"count":38},"3":{"player_id":5281,"player_name":"Allan-Romeo Nyom","vaep_value":0.3519538041,"offensive_value":0.2682701919,"defensive_value":0.0836836123,"count":48},"4":{"player_id":7853,"player_name":"Jake Livermore","vaep_value":0.1028049091,"offensive_value":0.1072735514,"defensive_value":-0.0044686423,"count":60},"5":{"player_id":7905,"player_name":"Oliver Burke","vaep_value":0.7263038147,"offensive_value":0.7467225762,"defensive_value":-0.0204187615,"count":38},"6":{"player_id":7906,"player_name":"Jake Livermore","vaep_value":0.0818750238,"offensive_value":0.0504582915,"defensive_value":0.0314167324,"count":59},"7":{"player_id":7910,"player_name":"Phil Jones","vaep_value":0.0552610271,"offensive_value":0.1486073618,"defensive_value":-0.0933463348,"count":43},"8":{"player_id":7914,"player_name":"Phil Jones","vaep_value":0.267492212,"offensive_value":0.2571437875,"defensive_value":0.0103484245,"count":58},"9":{"player_id":7918,"player_name":"Luis Antonio Valencia Mosquera","vaep_value":0.0851081337,"offensive_value":0.0704751124,"defensive_value":0.0146330213,"count":56},"10":{"player_id":7922,"player_name":"David de Gea Quintana","vaep_value":0.2277197239,"offensive_value":0.1346888576,"defensive_value":0.0930308663,"count":44},"11":{"player_id":7934,"player_name":"Romelu Lukaku Menama","vaep_value":1.0658131879,"offensive_value":0.9981846188,"defensive_value":0.0676285691,"count":60},"12":{"player_id":7938,"player_name":"Marcus Rashford","vaep_value":0.2918535233,"offensive_value":0.11480054,"defensive_value":0.1770529833,"count":54},"13":{"player_id":7939,"player_name":"Claudio Ariel Yacob","vaep_value":0.1869399015,"offensive_value":0.20219714,"defensive_value":-0.0152572384,"count":87},"14":{"player_id":8285,"player_name":"Romelu Lukaku Menama","vaep_value":0.1984249933,"offensive_value":0.1571594931,"defensive_value":0.0412655002,"count":74},"15":{"player_id":8314,"player_name":"Ashley  Young","vaep_value":0.7988189818,"offensive_value":0.8224382566,"defensive_value":-0.0236192748,"count":47},"16":{"player_id":8358,"player_name":"Jesse Lingard","vaep_value":0.045782509,"offensive_value":0.0748095189,"defensive_value":-0.0290270098,"count":28},"17":{"player_id":8370,"player_name":"Ashley  Young","vaep_value":0.0566816103,"offensive_value":0.1037088394,"defensive_value":-0.0470272291,"count":22},"18":{"player_id":8530,"player_name":"Nemanja Mati\u0107","vaep_value":-0.0549057632,"offensive_value":0.0258162994,"defensive_value":-0.0807220626,"count":56},"19":{"player_id":8958,"player_name":"Nemanja Mati\u0107","vaep_value":-0.3076463796,"offensive_value":-0.2232949438,"defensive_value":-0.0843514358,"count":20},"20":{"player_id":25537,"player_name":"Phil Jones","vaep_value":0.2254502195,"offensive_value":0.0740014462,"defensive_value":0.1514487732,"count":68},"21":{"player_id":70122,"player_name":"David de Gea Quintana","vaep_value":0.1769003742,"offensive_value":0.1547212603,"defensive_value":0.0221791139,"count":118},"22":{"player_id":86308,"player_name":"Chris Smalling","vaep_value":0.0166393491,"offensive_value":0.0298751153,"defensive_value":-0.0132357662,"count":22},"23":{"player_id":101652,"player_name":"Ander Herrera Ag\u00fcera","vaep_value":0.0396054618,"offensive_value":0.0505159354,"defensive_value":-0.0109104736,"count":25},"24":{"player_id":119951,"player_name":"Luis Antonio Valencia Mosquera","vaep_value":0.1462954236,"offensive_value":0.1737565591,"defensive_value":-0.0274611355,"count":60},"25":{"player_id":134513,"player_name":"Ander Herrera Ag\u00fcera","vaep_value":-0.00546346,"offensive_value":-0.0066730694,"defensive_value":0.0012096094,"count":11},"26":{"player_id":346071,"player_name":"Romelu Lukaku Menama","vaep_value":0.114545622,"offensive_value":0.1329950271,"defensive_value":-0.0184494051,"count":39},"27":{"player_id":397174,"player_name":"Oliver Burke","vaep_value":0.0285964607,"offensive_value":0.028597672,"defensive_value":-0.0000012113,"count":5},"28":{"player_id":397178,"player_name":"Ashley  Young","vaep_value":-0.1913123121,"offensive_value":-0.1664358865,"defensive_value":-0.0248764256,"count":46}}