{"0":{"player_id":0,"player_name":"Sa\u00fal \u00d1\u00edguez Esclapez","vaep_value":0.0475780275,"offensive_value":0.0598318221,"defensive_value":-0.0122537946,"count":10},"1":{"player_id":3299,"player_name":"Gabriel Fern\u00e1ndez Arenas","vaep_value":0.0418174927,"offensive_value":0.0844522176,"defensive_value":-0.0426347249,"count":27},"2":{"player_id":3423,"player_name":"Jorge Resurrecci\u00f3n Merodio","vaep_value":0.2601340762,"offensive_value":0.280576569,"defensive_value":-0.0204424928,"count":50},"3":{"player_id":3433,"player_name":"Manuel Alejandro Garc\u00eda S\u00e1nchez","vaep_value":-0.005613143,"offensive_value":0.0168196199,"defensive_value":-0.0224327629,"count":62},"4":{"player_id":3434,"player_name":"Thomas Teye Partey","vaep_value":0.0926309868,"offensive_value":0.0585991371,"defensive_value":0.0340318497,"count":94},"5":{"player_id":3441,"player_name":"Antoine Griezmann","vaep_value":0.2201125028,"offensive_value":0.1487973398,"defensive_value":0.071315163,"count":86},"6":{"player_id":3443,"player_name":"Thomas Teye Partey","vaep_value":0.1025039103,"offensive_value":0.0787962479,"defensive_value":0.0237076624,"count":104},"7":{"player_id":3466,"player_name":"Fernando Pacheco Flores","vaep_value":-0.0910086972,"offensive_value":-0.0743770333,"defensive_value":-0.0166316639,"count":34},"8":{"player_id":3650,"player_name":"\u0160ime Vrsaljko","vaep_value":0.2882091395,"offensive_value":0.1379290191,"defensive_value":0.1502801204,"count":38},"9":{"player_id":3682,"player_name":"Alexis Ruano Delgado","vaep_value":0.4764023974,"offensive_value":0.4958049895,"defensive_value":-0.0194025921,"count":49},"10":{"player_id":4488,"player_name":"Alfonso Pedraza Sag","vaep_value":0.0694428507,"offensive_value":0.0889700705,"defensive_value":-0.0195272198,"count":51},"11":{"player_id":7585,"player_name":"Jorge Franco Alviz","vaep_value":-0.0360219085,"offensive_value":-0.0903122813,"defensive_value":0.0542903728,"count":59},"12":{"player_id":7908,"player_name":"Filipe Luis Kasmirski","vaep_value":0.6299994967,"offensive_value":0.6406404497,"defensive_value":-0.010640953,"count":13},"13":{"player_id":8311,"player_name":"Jan Oblak","vaep_value":0.1824459617,"offensive_value":0.1210984313,"defensive_value":0.0613475304,"count":67},"14":{"player_id":20450,"player_name":"\u0160ime Vrsaljko","vaep_value":0.0208982138,"offensive_value":0.0209269985,"defensive_value":-0.0000287846,"count":9},"15":{"player_id":25445,"player_name":"Guillermo Alfonso Marip\u00e1n Loaysa","vaep_value":-0.2064115682,"offensive_value":-0.1939136861,"defensive_value":-0.0124978821,"count":18},"16":{"player_id":38436,"player_name":"Sa\u00fal \u00d1\u00edguez Esclapez","vaep_value":0.026788753,"offensive_value":0.0052954508,"defensive_value":0.0214933022,"count":1},"17":{"player_id":69409,"player_name":"Sa\u00fal \u00d1\u00edguez Esclapez","vaep_value":0.4287562086,"offensive_value":0.4391386759,"defensive_value":-0.0103824674,"count":70},"18":{"player_id":70273,"player_name":"Stefan Savi\u0107","vaep_value":0.0801183227,"offensive_value":0.1171705376,"defensive_value":-0.0370522148,"count":30},"19":{"player_id":134769,"player_name":"Diego Roberto God\u00edn Leal","vaep_value":0.0600082965,"offensive_value":0.0785499502,"defensive_value":-0.0185416536,"count":22},"20":{"player_id":217031,"player_name":"Kevin Gameiro","vaep_value":0.1764525373,"offensive_value":0.0855762194,"defensive_value":0.0908763179,"count":37},"21":{"player_id":224080,"player_name":"Fernando Pacheco Flores","vaep_value":0.0142895131,"offensive_value":0.0272921713,"defensive_value":-0.0130026581,"count":45},"22":{"player_id":225022,"player_name":"Guillermo Alfonso Marip\u00e1n Loaysa","vaep_value":0.4839146719,"offensive_value":0.3417957877,"defensive_value":0.1421188843,"count":62},"23":{"player_id":226005,"player_name":"Manuel Alejandro Garc\u00eda S\u00e1nchez","vaep_value":-0.110539006,"offensive_value":-0.0839336517,"defensive_value":-0.0266053543,"count":25},"24":{"player_id":247222,"player_name":"Fernando Pacheco Flores","vaep_value":0.131008329,"offensive_value":0.1371294489,"defensive_value":-0.0061211199,"count":29},"25":{"player_id":254408,"player_name":"\u0160ime Vrsaljko","vaep_value":0.0109090924,"offensive_value":-0.0044971108,"defensive_value":0.0154062032,"count":31},"26":{"player_id":278278,"player_name":"Rub\u00e9n Duarte S\u00e1nchez","vaep_value":-0.2185155267,"offensive_value":-0.199331911,"defensive_value":-0.0191836157,"count":33},"27":{"player_id":359847,"player_name":"Manuel Alejandro Garc\u00eda S\u00e1nchez","vaep_value":0.0096055483,"offensive_value":-0.0293811634,"defensive_value":0.0389867118,"count":45},"28":{"player_id":489488,"player_name":"\u0160ime Vrsaljko","vaep_value":0.1412873408,"offensive_value":0.1966967168,"defensive_value":-0.055409376,"count":52}}