{"0":{"player_id":0,"player_name":"Lorenzo Insigne","vaep_value":-0.000839626,"offensive_value":0.0039919619,"defensive_value":-0.0048315879,"count":2},"1":{"player_id":122,"player_name":"Ra\u00fal Albiol Tortajada","vaep_value":-0.2559521487,"offensive_value":-0.2405760915,"defensive_value":-0.0153760572,"count":32},"2":{"player_id":3300,"player_name":"Kalidou Koulibaly","vaep_value":0.2658021139,"offensive_value":0.2395651786,"defensive_value":0.0262369353,"count":99},"3":{"player_id":3313,"player_name":"Alessandro Gamberini","vaep_value":-0.2763917741,"offensive_value":-0.2292367218,"defensive_value":-0.0471550523,"count":43},"4":{"player_id":20495,"player_name":"Jorge Luiz Frello Filho","vaep_value":0.0351438605,"offensive_value":0.0731793327,"defensive_value":-0.0380354722,"count":46},"5":{"player_id":20633,"player_name":"Jorge Luiz Frello Filho","vaep_value":0.1029566368,"offensive_value":0.1595054761,"defensive_value":-0.0565488393,"count":45},"6":{"player_id":20653,"player_name":"Kalidou Koulibaly","vaep_value":-0.1410803796,"offensive_value":-0.147226312,"defensive_value":0.0061459324,"count":40},"7":{"player_id":20748,"player_name":"M\u00e1rio Rui Silva Duarte","vaep_value":0.1214554398,"offensive_value":0.0505207955,"defensive_value":0.0709346443,"count":42},"8":{"player_id":20929,"player_name":"Lorenzo Insigne","vaep_value":0.0054182911,"offensive_value":-0.0120148566,"defensive_value":0.0174331476,"count":32},"9":{"player_id":21001,"player_name":"M\u00e1rio Rui Silva Duarte","vaep_value":0.0768835419,"offensive_value":0.0531769578,"defensive_value":0.0237065841,"count":98},"10":{"player_id":21119,"player_name":"M\u00e1rio Rui Silva Duarte","vaep_value":-0.0082080722,"offensive_value":-0.0167126963,"defensive_value":0.0085046241,"count":10},"11":{"player_id":21171,"player_name":"Marek Ham\u0161\u00edk","vaep_value":0.1925498466,"offensive_value":0.2269140872,"defensive_value":-0.0343642406,"count":137},"12":{"player_id":21173,"player_name":"Lucas  Nahuel Castro","vaep_value":0.0094749012,"offensive_value":0.0161115846,"defensive_value":-0.0066366834,"count":25},"13":{"player_id":21291,"player_name":"Valter Birsa","vaep_value":-0.0469480372,"offensive_value":-0.0309858559,"defensive_value":-0.0159621814,"count":32},"14":{"player_id":21315,"player_name":"Lucas  Nahuel Castro","vaep_value":0.3988210839,"offensive_value":0.3620644116,"defensive_value":0.0367566723,"count":168},"15":{"player_id":21385,"player_name":null,"vaep_value":-0.0254331324,"offensive_value":0.0260357219,"defensive_value":-0.0514688543,"count":112},"16":{"player_id":21438,"player_name":"Jorge Luiz Frello Filho","vaep_value":-0.043256891,"offensive_value":-0.0356529271,"defensive_value":-0.0076039638,"count":28},"17":{"player_id":21564,"player_name":"Fabrizio Cacciatore","vaep_value":-0.0452530825,"offensive_value":0.0055254799,"defensive_value":-0.0507785624,"count":45},"18":{"player_id":21607,"player_name":"Luigi Sepe","vaep_value":0.2916783178,"offensive_value":0.2529252152,"defensive_value":0.0387531026,"count":57},"19":{"player_id":22107,"player_name":"Luigi Sepe","vaep_value":0.1386925913,"offensive_value":0.1463427846,"defensive_value":-0.0076501933,"count":95},"20":{"player_id":22817,"player_name":"Ra\u00fal Albiol Tortajada","vaep_value":0.0182726856,"offensive_value":0.0279609696,"defensive_value":-0.009688284,"count":22},"21":{"player_id":25726,"player_name":"M\u00e1rio Rui Silva Duarte","vaep_value":0.1747733343,"offensive_value":0.1628335526,"defensive_value":0.0119397817,"count":98},"22":{"player_id":40726,"player_name":"M\u00e1rio Rui Silva Duarte","vaep_value":-0.0590777597,"offensive_value":-0.0508368614,"defensive_value":-0.0082408984,"count":11},"23":{"player_id":86301,"player_name":"Jorge Luiz Frello Filho","vaep_value":0.1394283769,"offensive_value":0.1113563413,"defensive_value":0.0280720356,"count":52},"24":{"player_id":99511,"player_name":"Marek Ham\u0161\u00edk","vaep_value":-0.0189858925,"offensive_value":-0.0150899554,"defensive_value":-0.0038959371,"count":4},"25":{"player_id":99902,"player_name":"M\u00e1rio Rui Silva Duarte","vaep_value":0.0620656045,"offensive_value":0.0621691883,"defensive_value":-0.0001035838,"count":71},"26":{"player_id":278813,"player_name":"Kalidou Koulibaly","vaep_value":-0.002865378,"offensive_value":-0.0005036925,"defensive_value":-0.0023616855,"count":1},"27":{"player_id":300830,"player_name":"Kalidou Koulibaly","vaep_value":-0.0264496147,"offensive_value":-0.0249870461,"defensive_value":-0.0014625685,"count":6},"28":{"player_id":415809,"player_name":"Ra\u00fal Albiol Tortajada","vaep_value":0.037622667,"offensive_value":-0.0051186353,"defensive_value":0.0427413023,"count":28}}