{"0":{"player_id":0,"player_name":"Radamel Falcao Garc\u00eda Z\u00e1rate","vaep_value":0.0569266889,"offensive_value":0.1083402534,"defensive_value":-0.0514135645,"count":12},"1":{"player_id":3450,"player_name":"Jo\u00e3o Filipe Iria Santos Moutinho","vaep_value":0.768216377,"offensive_value":0.7983810067,"defensive_value":-0.0301646297,"count":46},"2":{"player_id":8268,"player_name":"Djibril Sidib\u00e9","vaep_value":0.1489273916,"offensive_value":0.1976685066,"defensive_value":-0.048741115,"count":61},"3":{"player_id":14990,"player_name":"Kamil Glik","vaep_value":0.2150414136,"offensive_value":0.0690660826,"defensive_value":0.145975331,"count":39},"4":{"player_id":21097,"player_name":"Jemerson de Jesus Nascimento","vaep_value":-0.2938985425,"offensive_value":-0.3071668101,"defensive_value":0.0132682676,"count":73},"5":{"player_id":25716,"player_name":"Kamil Glik","vaep_value":-0.1976673362,"offensive_value":-0.160927288,"defensive_value":-0.0367400482,"count":35},"6":{"player_id":26033,"player_name":"Jo\u00e3o Filipe Iria Santos Moutinho","vaep_value":0.0729326423,"offensive_value":0.0628093298,"defensive_value":0.0101233125,"count":67},"7":{"player_id":26138,"player_name":"Djibril Sidib\u00e9","vaep_value":0.1649994917,"offensive_value":0.1356889863,"defensive_value":0.0293105054,"count":62},"8":{"player_id":26196,"player_name":"Adama Diakhaby","vaep_value":0.3271003111,"offensive_value":0.366548223,"defensive_value":-0.0394479119,"count":114},"9":{"player_id":26508,"player_name":"Thomas Lemar","vaep_value":0.2100108069,"offensive_value":0.1729579024,"defensive_value":0.0370529045,"count":64},"10":{"player_id":28117,"player_name":"Ablie Jallow","vaep_value":0.0319059942,"offensive_value":0.0474790549,"defensive_value":-0.0155730607,"count":24},"11":{"player_id":28922,"player_name":"Jo\u00e3o Filipe Iria Santos Moutinho","vaep_value":0.1429907537,"offensive_value":0.166257076,"defensive_value":-0.0232663222,"count":92},"12":{"player_id":70093,"player_name":"Yann Jouffre","vaep_value":0.4535153218,"offensive_value":0.4124767439,"defensive_value":0.0410385779,"count":91},"13":{"player_id":86239,"player_name":"Djibril Sidib\u00e9","vaep_value":-0.0319661698,"offensive_value":-0.0522390415,"defensive_value":0.0202728717,"count":11},"14":{"player_id":86486,"player_name":"Jo\u00e3o Filipe Iria Santos Moutinho","vaep_value":0.0894096442,"offensive_value":0.0747261283,"defensive_value":0.014683516,"count":50},"15":{"player_id":135747,"player_name":"Djibril Sidib\u00e9","vaep_value":0.0942511847,"offensive_value":0.091577691,"defensive_value":0.0026734937,"count":28},"16":{"player_id":135913,"player_name":"Jo\u00e3o Filipe Iria Santos Moutinho","vaep_value":0.0135080513,"offensive_value":0.0178212733,"defensive_value":-0.004313222,"count":30},"17":{"player_id":135937,"player_name":"Fallou Diagne","vaep_value":-0.0801042585,"offensive_value":-0.0051179151,"defensive_value":-0.0749863434,"count":56},"18":{"player_id":207143,"player_name":"Ablie Jallow","vaep_value":0.2298579022,"offensive_value":0.2103893964,"defensive_value":0.0194685058,"count":75},"19":{"player_id":229110,"player_name":"Renaud Cohade","vaep_value":0.0455550061,"offensive_value":0.1462610612,"defensive_value":-0.1007060551,"count":38},"20":{"player_id":263766,"player_name":"F\u00e1bio Henrique Tavares","vaep_value":0.0061814329,"offensive_value":0.0727459163,"defensive_value":-0.0665644835,"count":53},"21":{"player_id":263802,"player_name":"F\u00e1bio Henrique Tavares","vaep_value":-0.0357000539,"offensive_value":-0.0382644674,"defensive_value":0.0025644135,"count":4},"22":{"player_id":276978,"player_name":"Jemerson de Jesus Nascimento","vaep_value":-0.0388497083,"offensive_value":-0.0346132957,"defensive_value":-0.0042364126,"count":19},"23":{"player_id":286506,"player_name":"Jorge Marco de Oliveira Moraes","vaep_value":0.0070465037,"offensive_value":0.0071584031,"defensive_value":-0.0001118993,"count":6},"24":{"player_id":290119,"player_name":"Jorge Marco de Oliveira Moraes","vaep_value":0.0286688203,"offensive_value":-0.1053041214,"defensive_value":0.1339729417,"count":33},"25":{"player_id":300784,"player_name":"Jo\u00e3o Filipe Iria Santos Moutinho","vaep_value":-0.0097604222,"offensive_value":0.0197604472,"defensive_value":-0.0295208694,"count":73},"26":{"player_id":330395,"player_name":"Yann Jouffre","vaep_value":-0.0648113344,"offensive_value":-0.0550627788,"defensive_value":-0.0097485556,"count":9},"27":{"player_id":376908,"player_name":"Ger\u00f3nimo Gast\u00f3n Poblete","vaep_value":0.0501882228,"offensive_value":0.0067097619,"defensive_value":0.0434784609,"count":28},"28":{"player_id":498357,"player_name":"Jorge Marco de Oliveira Moraes","vaep_value":-0.052749234,"offensive_value":-0.0485110865,"defensive_value":-0.0042381475,"count":6}}