{"0":{"player_id":0,"player_name":"Edin D\u017eeko","vaep_value":-0.0099235983,"offensive_value":0.0569047185,"defensive_value":-0.0668283168,"count":17},"1":{"player_id":114,"player_name":"Daniele De Rossi","vaep_value":0.1648268928,"offensive_value":0.0242161714,"defensive_value":0.1406107215,"count":57},"2":{"player_id":122,"player_name":"Alessandro  Florenzi","vaep_value":0.8034202287,"offensive_value":0.819111614,"defensive_value":-0.0156913854,"count":45},"3":{"player_id":3300,"player_name":"Konstantinos Manolas","vaep_value":0.1869315472,"offensive_value":0.2570491293,"defensive_value":-0.0701175821,"count":109},"4":{"player_id":3313,"player_name":"Alisson Rams\u00e9s Becker","vaep_value":-0.1990358395,"offensive_value":-0.1870198822,"defensive_value":-0.0120159574,"count":48},"5":{"player_id":3463,"player_name":"Elseid G\u00ebzim Hysaj","vaep_value":0.1066924136,"offensive_value":0.0917398264,"defensive_value":0.0149525873,"count":53},"6":{"player_id":3475,"player_name":"Elseid G\u00ebzim Hysaj","vaep_value":1.0131187916,"offensive_value":0.9739485537,"defensive_value":0.039170238,"count":44},"7":{"player_id":7949,"player_name":"Allan Marques Loureiro","vaep_value":0.0857065517,"offensive_value":0.0434882598,"defensive_value":0.0422182919,"count":29},"8":{"player_id":8306,"player_name":"Elseid G\u00ebzim Hysaj","vaep_value":0.124001083,"offensive_value":0.1556551146,"defensive_value":-0.0316540316,"count":71},"9":{"player_id":8327,"player_name":"Ra\u00fal Albiol Tortajada","vaep_value":1.6784114977,"offensive_value":1.7250054677,"defensive_value":-0.04659397,"count":41},"10":{"player_id":20438,"player_name":"Kalidou Koulibaly","vaep_value":0.0401710237,"offensive_value":0.0965373644,"defensive_value":-0.0563663407,"count":57},"11":{"player_id":20879,"player_name":"Piotr Zieli\u0144ski","vaep_value":0.2189868619,"offensive_value":0.1765789906,"defensive_value":0.0424078712,"count":38},"12":{"player_id":21001,"player_name":"Jorge Luiz Frello Filho","vaep_value":0.1689079265,"offensive_value":0.0987563243,"defensive_value":0.0701516023,"count":77},"13":{"player_id":21171,"player_name":"Ra\u00fal Albiol Tortajada","vaep_value":0.0067025694,"offensive_value":0.0020868827,"defensive_value":0.0046156867,"count":27},"14":{"player_id":21315,"player_name":"Kalidou Koulibaly","vaep_value":0.4270919436,"offensive_value":0.4235872552,"defensive_value":0.0035046884,"count":124},"15":{"player_id":21385,"player_name":"Jos\u00e9 Manuel  Reina P\u00e1ez","vaep_value":0.5130373745,"offensive_value":0.5465907599,"defensive_value":-0.0335533854,"count":95},"16":{"player_id":22107,"player_name":"Konstantinos Manolas","vaep_value":0.2613507469,"offensive_value":0.2076043734,"defensive_value":0.0537463735,"count":107},"17":{"player_id":22566,"player_name":"Kevin Strootman","vaep_value":0.1019165223,"offensive_value":0.1953177417,"defensive_value":-0.0934012195,"count":71},"18":{"player_id":25726,"player_name":"Kevin Strootman","vaep_value":0.3329077319,"offensive_value":0.2982541202,"defensive_value":0.0346536117,"count":114},"19":{"player_id":40726,"player_name":"Ra\u00fal Albiol Tortajada","vaep_value":0.1141379343,"offensive_value":0.089210928,"defensive_value":0.0249270063,"count":83},"20":{"player_id":92966,"player_name":"Lorenzo Insigne","vaep_value":0.0909831084,"offensive_value":0.0778843327,"defensive_value":0.0130987756,"count":37},"21":{"player_id":99452,"player_name":null,"vaep_value":-0.0645051558,"offensive_value":-0.0631439622,"defensive_value":-0.0013611936,"count":7},"22":{"player_id":99902,"player_name":"M\u00e1rio Rui Silva Duarte","vaep_value":0.0456038218,"offensive_value":0.0353753786,"defensive_value":0.0102284432,"count":46},"23":{"player_id":214220,"player_name":"Jorge Luiz Frello Filho","vaep_value":-0.3326843783,"offensive_value":0.1374833288,"defensive_value":-0.4701677071,"count":54},"24":{"player_id":328333,"player_name":"Ra\u00fal Albiol Tortajada","vaep_value":-0.0224849734,"offensive_value":-0.0210081376,"defensive_value":-0.0014768358,"count":5},"25":{"player_id":340019,"player_name":"Radja Nainggolan","vaep_value":0.0355370052,"offensive_value":-0.0223535202,"defensive_value":0.0578905253,"count":14},"26":{"player_id":350032,"player_name":"Diego Perotti","vaep_value":0.8371902277,"offensive_value":0.8422608449,"defensive_value":-0.0050706172,"count":35}}