{"0":{"player_id":0,"player_name":"Charlison Benschop","vaep_value":0.0072503765,"offensive_value":0.0169475998,"defensive_value":-0.0096972233,"count":5},"1":{"player_id":91,"player_name":"Marvin Bakalorz","vaep_value":1.1253718395,"offensive_value":1.0753418755,"defensive_value":0.050029964,"count":22},"2":{"player_id":3416,"player_name":"Niclas F\u00fcllkrug","vaep_value":0.335704593,"offensive_value":0.3061297385,"defensive_value":0.0295748545,"count":57},"3":{"player_id":14705,"player_name":"Joshua Kimmich","vaep_value":-0.7965102416,"offensive_value":-0.7749599995,"defensive_value":-0.0215502421,"count":41},"4":{"player_id":14716,"player_name":"J\u00e9r\u00f4me Boateng","vaep_value":0.3841027835,"offensive_value":0.3391373116,"defensive_value":0.044965472,"count":84},"5":{"player_id":14718,"player_name":"Matthias Ostrzolek","vaep_value":0.1188618795,"offensive_value":0.083202305,"defensive_value":0.0356595744,"count":112},"6":{"player_id":14724,"player_name":"Joshua Kimmich","vaep_value":-0.0180296393,"offensive_value":-0.0171592273,"defensive_value":-0.000870412,"count":7},"7":{"player_id":14726,"player_name":"M\u00e1rcio Rafael Ferreira de Souza","vaep_value":-0.0087623862,"offensive_value":-0.0099861696,"defensive_value":0.0012237835,"count":4},"8":{"player_id":14732,"player_name":"Julian Korb","vaep_value":-0.3518936709,"offensive_value":-0.312858451,"defensive_value":-0.0390352199,"count":79},"9":{"player_id":14736,"player_name":"Marvin Bakalorz","vaep_value":-0.2192436685,"offensive_value":0.0293764332,"defensive_value":-0.2486201017,"count":25},"10":{"player_id":14760,"player_name":"Julian Korb","vaep_value":-0.5410448043,"offensive_value":-0.0689827763,"defensive_value":-0.472062028,"count":10},"11":{"player_id":14795,"player_name":"M\u00e1rcio Rafael Ferreira de Souza","vaep_value":0.0585202964,"offensive_value":0.0576707744,"defensive_value":0.000849522,"count":92},"12":{"player_id":14802,"player_name":"M\u00e1rcio Rafael Ferreira de Souza","vaep_value":-0.0402142669,"offensive_value":-0.0145108135,"defensive_value":-0.0257034533,"count":33},"13":{"player_id":14817,"player_name":"Julian Korb","vaep_value":-0.194758954,"offensive_value":-0.1698086971,"defensive_value":-0.0249502569,"count":22},"14":{"player_id":14988,"player_name":"James David Rodr\u00edguez Rubio","vaep_value":0.2080056318,"offensive_value":0.0314719167,"defensive_value":0.1765337151,"count":23},"15":{"player_id":15050,"player_name":"James David Rodr\u00edguez Rubio","vaep_value":0.0828652473,"offensive_value":0.047529245,"defensive_value":0.0353360022,"count":17},"16":{"player_id":15456,"player_name":"Robert Lewandowski","vaep_value":0.2890612843,"offensive_value":0.2127797471,"defensive_value":0.0762815372,"count":42},"17":{"player_id":15772,"player_name":"Thomas M\u00fcller","vaep_value":0.164529735,"offensive_value":0.1937750869,"defensive_value":-0.0292453519,"count":56},"18":{"player_id":16010,"player_name":"Thomas M\u00fcller","vaep_value":0.0408979135,"offensive_value":0.0745865465,"defensive_value":-0.033688633,"count":49},"19":{"player_id":16884,"player_name":"Joshua Kimmich","vaep_value":0.0008277525,"offensive_value":0.0798375668,"defensive_value":-0.0790098143,"count":38},"20":{"player_id":20475,"player_name":"J\u00e9r\u00f4me Boateng","vaep_value":1.1389610834,"offensive_value":1.0906360513,"defensive_value":0.0483250321,"count":109},"21":{"player_id":26115,"player_name":"Mats  Hummels","vaep_value":0.2588445805,"offensive_value":0.0855069533,"defensive_value":0.1733376272,"count":54},"22":{"player_id":50800,"player_name":"M\u00e1rcio Rafael Ferreira de Souza","vaep_value":-0.0194655543,"offensive_value":-0.0603095342,"defensive_value":0.0408439799,"count":9},"23":{"player_id":70096,"player_name":"Marvin Bakalorz","vaep_value":0.2846909041,"offensive_value":0.2749999908,"defensive_value":0.0096909133,"count":123},"24":{"player_id":208089,"player_name":"Marvin Bakalorz","vaep_value":-0.0581926918,"offensive_value":0.0169196501,"defensive_value":-0.0751123419,"count":32},"25":{"player_id":209091,"player_name":"Mats  Hummels","vaep_value":-0.0220608329,"offensive_value":-0.0216780396,"defensive_value":-0.0003827934,"count":34},"26":{"player_id":224593,"player_name":"Sven Ulreich","vaep_value":0.5647631525,"offensive_value":0.5900911727,"defensive_value":-0.0253280202,"count":118},"27":{"player_id":231139,"player_name":"Waldemar Anton","vaep_value":1.388402582,"offensive_value":1.3674970432,"defensive_value":0.0209055388,"count":83},"28":{"player_id":272434,"player_name":"Waldemar Anton","vaep_value":0.2358480718,"offensive_value":0.0150836573,"defensive_value":0.2207644144,"count":43}}