{"0":{"player_id":0,"player_name":"Carlos Arturo Bacca Ahumada","vaep_value":0.0236038691,"offensive_value":0.0346051496,"defensive_value":-0.0110012805,"count":5},"1":{"player_id":151,"player_name":"Pablo Fornals Malla","vaep_value":0.0223538277,"offensive_value":0.0280190429,"defensive_value":-0.0056652152,"count":36},"2":{"player_id":3277,"player_name":"Manuel Trigueros Mu\u00f1oz","vaep_value":0.1977924183,"offensive_value":0.1692649086,"defensive_value":0.0285275097,"count":90},"3":{"player_id":3299,"player_name":"Samuel  Castillejo Azuaga","vaep_value":-0.2466399758,"offensive_value":0.2851930659,"defensive_value":-0.5318330417,"count":45},"4":{"player_id":3423,"player_name":"Javier Fuego Mart\u00ednez","vaep_value":0.9119580613,"offensive_value":0.9237525659,"defensive_value":-0.0117945046,"count":6},"5":{"player_id":3428,"player_name":"Mario Gaspar P\u00e9rez Mart\u00ednez","vaep_value":0.0895410422,"offensive_value":0.0317530583,"defensive_value":0.0577879839,"count":30},"6":{"player_id":3466,"player_name":"Samuel  Castillejo Azuaga","vaep_value":0.181117728,"offensive_value":0.1755142596,"defensive_value":0.0056034684,"count":36},"7":{"player_id":3529,"player_name":"Hern\u00e1n Arsenio P\u00e9rez Gonz\u00e1lez","vaep_value":0.1464788088,"offensive_value":0.1278572296,"defensive_value":0.0186215793,"count":82},"8":{"player_id":3534,"player_name":"Jaume Vicent Costa Jord\u00e1","vaep_value":0.3155541889,"offensive_value":0.3193542171,"defensive_value":-0.0038000282,"count":127},"9":{"player_id":3539,"player_name":"Manuel Trigueros Mu\u00f1oz","vaep_value":-0.0869955693,"offensive_value":-0.0715532436,"defensive_value":-0.0154423258,"count":35},"10":{"player_id":3542,"player_name":"Jaume Vicent Costa Jord\u00e1","vaep_value":0.1768168673,"offensive_value":0.1595889184,"defensive_value":0.0172279489,"count":103},"11":{"player_id":3650,"player_name":"Manuel Trigueros Mu\u00f1oz","vaep_value":0.0276190911,"offensive_value":-0.005807864,"defensive_value":0.0334269551,"count":43},"12":{"player_id":3695,"player_name":"Javier Fuego Mart\u00ednez","vaep_value":-0.0782270351,"offensive_value":-0.0955150061,"defensive_value":0.017287971,"count":67},"13":{"player_id":4332,"player_name":"\u00c1lvaro Gonz\u00e1lez Sober\u00f3n","vaep_value":0.0707657206,"offensive_value":0.0709141135,"defensive_value":-0.000148393,"count":54},"14":{"player_id":4358,"player_name":"Javier Fuego Mart\u00ednez","vaep_value":0.1790459275,"offensive_value":0.0375873569,"defensive_value":0.1414585706,"count":47},"15":{"player_id":4513,"player_name":"Daniel Alejandro Torres Rojas","vaep_value":0.2536803149,"offensive_value":0.2748960005,"defensive_value":-0.0212156856,"count":27},"16":{"player_id":37831,"player_name":"Daniel Alejandro Torres Rojas","vaep_value":0.7127588852,"offensive_value":0.7244446154,"defensive_value":-0.0116857301,"count":25},"17":{"player_id":91064,"player_name":"Javier Fuego Mart\u00ednez","vaep_value":0.0346932014,"offensive_value":0.0357388295,"defensive_value":-0.0010456281,"count":34},"18":{"player_id":134174,"player_name":"Manuel Trigueros Mu\u00f1oz","vaep_value":-0.0619727161,"offensive_value":-0.0259410627,"defensive_value":-0.0360316534,"count":73},"19":{"player_id":134249,"player_name":"Samuel  Castillejo Azuaga","vaep_value":-0.040429613,"offensive_value":-0.0257208997,"defensive_value":-0.0147087133,"count":18},"20":{"player_id":208694,"player_name":"Mario Gaspar P\u00e9rez Mart\u00ednez","vaep_value":0.829926146,"offensive_value":0.775753468,"defensive_value":0.0541726779,"count":30},"21":{"player_id":224080,"player_name":"Alexis Ruano Delgado","vaep_value":-0.0164467432,"offensive_value":-0.002864914,"defensive_value":-0.0135818291,"count":1},"22":{"player_id":225022,"player_name":"Jaume Vicent Costa Jord\u00e1","vaep_value":0.259228384,"offensive_value":0.2559209813,"defensive_value":0.0033074027,"count":53},"23":{"player_id":267134,"player_name":"Jaume Vicent Costa Jord\u00e1","vaep_value":-0.1030137684,"offensive_value":-0.0528811961,"defensive_value":-0.0501325723,"count":25},"24":{"player_id":274435,"player_name":"Samuel  Castillejo Azuaga","vaep_value":-0.1411871352,"offensive_value":-0.1203226245,"defensive_value":-0.0208645108,"count":16},"25":{"player_id":278278,"player_name":"Pablo Fornals Malla","vaep_value":0.1261571497,"offensive_value":0.1301550221,"defensive_value":-0.0039978725,"count":30},"26":{"player_id":359847,"player_name":"Daniel Alejandro Torres Rojas","vaep_value":-0.1443365138,"offensive_value":-0.0785062407,"defensive_value":-0.0658302731,"count":48},"27":{"player_id":399676,"player_name":"Rub\u00e9n Duarte S\u00e1nchez","vaep_value":0.0292360826,"offensive_value":0.0731644758,"defensive_value":-0.0439283933,"count":42},"28":{"player_id":412897,"player_name":"Rub\u00e9n Duarte S\u00e1nchez","vaep_value":-0.1807199144,"offensive_value":-0.1593067042,"defensive_value":-0.0214132102,"count":22}}