{"0":{"player_id":0,"player_name":"Milan Badelj","vaep_value":0.0003468199,"offensive_value":0.0508058241,"defensive_value":-0.0504590042,"count":18},"1":{"player_id":658,"player_name":"Vincent Laurini","vaep_value":0.0122746497,"offensive_value":0.0115325633,"defensive_value":0.0007420864,"count":8},"2":{"player_id":3710,"player_name":"Germ\u00e1n Alejandro Pezzella","vaep_value":0.7365620597,"offensive_value":0.6964468702,"defensive_value":0.0401151894,"count":17},"3":{"player_id":20663,"player_name":"Yussif Raman Chibsah","vaep_value":-0.0867593566,"offensive_value":-0.0873753034,"defensive_value":0.0006159468,"count":52},"4":{"player_id":20866,"player_name":"Yussif Raman Chibsah","vaep_value":0.1487344828,"offensive_value":0.0496433347,"defensive_value":0.0990911481,"count":71},"5":{"player_id":21415,"player_name":"Benito Nicolas Viola","vaep_value":-0.2311564232,"offensive_value":0.0772431239,"defensive_value":-0.3083995471,"count":61},"6":{"player_id":21842,"player_name":"Davide Astori","vaep_value":0.3126783208,"offensive_value":0.2311955953,"defensive_value":0.0814827255,"count":61},"7":{"player_id":22135,"player_name":"Benito Nicolas Viola","vaep_value":-0.0724637776,"offensive_value":-0.0741023171,"defensive_value":0.0016385395,"count":11},"8":{"player_id":22313,"player_name":"Cristiano Biraghi","vaep_value":0.3455930958,"offensive_value":0.3059330622,"defensive_value":0.0396600335,"count":78},"9":{"player_id":22323,"player_name":"Benito Nicolas Viola","vaep_value":0.2153253533,"offensive_value":0.1903201799,"defensive_value":0.0250051734,"count":60},"10":{"player_id":22380,"player_name":null,"vaep_value":0.9773458362,"offensive_value":0.9700007429,"defensive_value":0.0073450933,"count":74},"11":{"player_id":22695,"player_name":"Cyril Th\u00e9r\u00e9au","vaep_value":0.0391343224,"offensive_value":0.1684164402,"defensive_value":-0.1292821178,"count":90},"12":{"player_id":23124,"player_name":"Cristiano Biraghi","vaep_value":0.0606507174,"offensive_value":-0.0037858378,"defensive_value":0.0644365551,"count":13},"13":{"player_id":23705,"player_name":"Davide Astori","vaep_value":0.0983709031,"offensive_value":0.1254451765,"defensive_value":-0.0270742734,"count":34},"14":{"player_id":24838,"player_name":"Germ\u00e1n Alejandro Pezzella","vaep_value":0.0845265808,"offensive_value":0.0780236219,"defensive_value":0.0065029588,"count":57},"15":{"player_id":25541,"player_name":"Vincent Laurini","vaep_value":0.3311257185,"offensive_value":0.3942990889,"defensive_value":-0.0631733704,"count":67},"16":{"player_id":50007,"player_name":"Alberto Brignoli","vaep_value":0.1701367686,"offensive_value":0.1615890547,"defensive_value":0.0085477139,"count":69},"17":{"player_id":69400,"player_name":"Lorenzo Venuti","vaep_value":0.1935249087,"offensive_value":0.1347093312,"defensive_value":0.0588155775,"count":70},"18":{"player_id":86328,"player_name":"Alberto Brignoli","vaep_value":0.3438010915,"offensive_value":0.013767945,"defensive_value":0.3300331465,"count":68},"19":{"player_id":116170,"player_name":"Cyril Th\u00e9r\u00e9au","vaep_value":0.1177629439,"offensive_value":0.1035677171,"defensive_value":0.0141952268,"count":16},"20":{"player_id":134484,"player_name":null,"vaep_value":-0.0583307116,"offensive_value":-0.0639906598,"defensive_value":0.0056599482,"count":44},"21":{"player_id":220341,"player_name":"Alberto Brignoli","vaep_value":0.0511954011,"offensive_value":0.0646285573,"defensive_value":-0.0134331562,"count":48},"22":{"player_id":255670,"player_name":"Bright Gyamfi","vaep_value":-0.0415350646,"offensive_value":-0.0185190653,"defensive_value":-0.0230159992,"count":13},"23":{"player_id":256478,"player_name":"Cristiano Biraghi","vaep_value":-0.0786113094,"offensive_value":0.3759558437,"defensive_value":-0.454567153,"count":55},"24":{"player_id":269152,"player_name":"Giovanni Pablo Simeone","vaep_value":-0.0750767967,"offensive_value":-0.0295298103,"defensive_value":-0.0455469864,"count":24},"25":{"player_id":284960,"player_name":"Berat  Djimsiti","vaep_value":0.0322204408,"offensive_value":0.0268188714,"defensive_value":0.0054015694,"count":61},"26":{"player_id":368340,"player_name":"Ledian Memushaj","vaep_value":-0.1282860616,"offensive_value":-0.0888858534,"defensive_value":-0.0394002082,"count":18},"27":{"player_id":402017,"player_name":"Lorenzo Venuti","vaep_value":0.0575282874,"offensive_value":0.0936384146,"defensive_value":-0.0361101272,"count":82},"28":{"player_id":447804,"player_name":"Bright Gyamfi","vaep_value":0.1519317091,"offensive_value":0.1227088689,"defensive_value":0.0292228402,"count":31}}