{"0":{"player_id":0,"player_name":"Franco Mat\u00edas Di Santo","vaep_value":0.0259422981,"offensive_value":0.035815828,"defensive_value":-0.0098735299,"count":6},"1":{"player_id":8628,"player_name":"Leon  Goretzka","vaep_value":-0.0246109219,"offensive_value":-0.0163476411,"defensive_value":-0.0082632807,"count":23},"2":{"player_id":14689,"player_name":"Bastian Oczipka","vaep_value":0.9160641166,"offensive_value":0.8963158575,"defensive_value":0.0197482591,"count":45},"3":{"player_id":14731,"player_name":"Yevhen Konoplyanka","vaep_value":-0.2269339802,"offensive_value":-0.2114463898,"defensive_value":-0.0154875905,"count":25},"4":{"player_id":14754,"player_name":"Yevhen Konoplyanka","vaep_value":0.2244654397,"offensive_value":0.1795896775,"defensive_value":0.0448757622,"count":78},"5":{"player_id":14775,"player_name":"Chadrac Akolo","vaep_value":0.3245991651,"offensive_value":0.2755673975,"defensive_value":0.0490317675,"count":73},"6":{"player_id":14845,"player_name":"Chadrac Akolo","vaep_value":-0.0845669636,"offensive_value":-0.0943829701,"defensive_value":0.0098160065,"count":23},"7":{"player_id":14847,"player_name":"Max  Meyer","vaep_value":0.0748297746,"offensive_value":0.1143357959,"defensive_value":-0.0395060213,"count":32},"8":{"player_id":14989,"player_name":"Leon  Goretzka","vaep_value":0.2528162054,"offensive_value":0.266064197,"defensive_value":-0.0132479916,"count":71},"9":{"player_id":15032,"player_name":"Ronaldo  Aparecido Rodrigues","vaep_value":-0.2219460065,"offensive_value":0.0566613053,"defensive_value":-0.2786073118,"count":40},"10":{"player_id":20932,"player_name":"Max  Meyer","vaep_value":0.0892900584,"offensive_value":0.0814292948,"defensive_value":0.0078607636,"count":52},"11":{"player_id":25995,"player_name":"Matija Nastasi\u0107","vaep_value":0.0665078131,"offensive_value":0.0528970663,"defensive_value":0.0136107467,"count":15},"12":{"player_id":64995,"player_name":"Bastian Oczipka","vaep_value":-0.1054855475,"offensive_value":-0.0798829261,"defensive_value":-0.0256026214,"count":15},"13":{"player_id":70139,"player_name":"Timo Baumgartl","vaep_value":0.4137796832,"offensive_value":0.396242867,"defensive_value":0.0175368162,"count":75},"14":{"player_id":99410,"player_name":"Jacob Bruun Larsen","vaep_value":0.193479012,"offensive_value":0.1347798343,"defensive_value":0.0586991777,"count":109},"15":{"player_id":105378,"player_name":"Jacob Bruun Larsen","vaep_value":-0.0196141597,"offensive_value":0.0072231917,"defensive_value":-0.0268373514,"count":48},"16":{"player_id":134369,"player_name":"Benjamin Pavard","vaep_value":0.2146890766,"offensive_value":0.1253730876,"defensive_value":0.0893159891,"count":58},"17":{"player_id":134387,"player_name":"Ron-Robert Zieler","vaep_value":0.0506399142,"offensive_value":-0.0129936719,"defensive_value":0.0636335862,"count":28},"18":{"player_id":208716,"player_name":"Daniel Caligiuri","vaep_value":0.0734111114,"offensive_value":0.0506310156,"defensive_value":0.0227800958,"count":15},"19":{"player_id":233910,"player_name":"Benjamin Pavard","vaep_value":-0.0518978168,"offensive_value":-0.0103212433,"defensive_value":-0.0415765735,"count":30},"20":{"player_id":235597,"player_name":"Ron-Robert Zieler","vaep_value":0.2064048751,"offensive_value":0.1340883003,"defensive_value":0.0723165749,"count":96},"21":{"player_id":235606,"player_name":"Timo Baumgartl","vaep_value":0.2442121702,"offensive_value":0.1429370383,"defensive_value":0.1012751319,"count":69},"22":{"player_id":328131,"player_name":"Benjamin Pavard","vaep_value":0.0576409369,"offensive_value":0.0092913674,"defensive_value":0.0483495696,"count":44},"23":{"player_id":340646,"player_name":"Marcin Kami\u0144ski","vaep_value":0.2174077915,"offensive_value":0.1407884097,"defensive_value":0.0766193818,"count":127},"24":{"player_id":345707,"player_name":"Benjamin Pavard","vaep_value":0.0200336643,"offensive_value":0.005368582,"defensive_value":0.0146650823,"count":40},"25":{"player_id":347366,"player_name":"Bastian Oczipka","vaep_value":-0.3343011036,"offensive_value":0.0109421598,"defensive_value":-0.3452432634,"count":28},"26":{"player_id":356908,"player_name":"Yevhen Konoplyanka","vaep_value":0.2434966133,"offensive_value":0.1912002873,"defensive_value":0.052296326,"count":107},"27":{"player_id":372915,"player_name":"Christian Gentner","vaep_value":0.5495368435,"offensive_value":0.5286317874,"defensive_value":0.0209050562,"count":49},"28":{"player_id":413737,"player_name":"Christian Gentner","vaep_value":0.0734737775,"offensive_value":0.0032373945,"defensive_value":0.070236383,"count":29}}