{"0":{"player_id":0,"player_name":"Kevin Gameiro","vaep_value":0.0107416387,"offensive_value":0.0324136675,"defensive_value":-0.0216720288,"count":7},"1":{"player_id":3433,"player_name":"Jorge Resurrecci\u00f3n Merodio","vaep_value":0.0842826009,"offensive_value":0.0460926131,"defensive_value":0.0381899878,"count":29},"2":{"player_id":3443,"player_name":"Antoine Griezmann","vaep_value":-0.0124154677,"offensive_value":-0.0160219705,"defensive_value":0.0036065028,"count":40},"3":{"player_id":3642,"player_name":"Jos\u00e9 \u00c1ngel Vald\u00e9s D\u00edaz","vaep_value":0.2648072767,"offensive_value":0.2054764635,"defensive_value":0.0593308131,"count":81},"4":{"player_id":3682,"player_name":"Daniel Garc\u00eda Carrillo","vaep_value":0.4158576451,"offensive_value":0.3093607391,"defensive_value":0.106496906,"count":39},"5":{"player_id":3704,"player_name":"Daniel Garc\u00eda Carrillo","vaep_value":0.1080543662,"offensive_value":0.1079713083,"defensive_value":0.0000830579,"count":18},"6":{"player_id":3843,"player_name":"Daniel Garc\u00eda Carrillo","vaep_value":0.1427276119,"offensive_value":0.1383480495,"defensive_value":0.0043795623,"count":45},"7":{"player_id":3874,"player_name":"Ander Capa Rodr\u00edguez","vaep_value":0.0021887615,"offensive_value":0.0176739637,"defensive_value":-0.0154852022,"count":14},"8":{"player_id":4048,"player_name":"Ander Capa Rodr\u00edguez","vaep_value":0.0127262692,"offensive_value":0.0398579135,"defensive_value":-0.0271316443,"count":39},"9":{"player_id":4094,"player_name":"Ander Capa Rodr\u00edguez","vaep_value":0.2899900706,"offensive_value":0.3809120043,"defensive_value":-0.0909219336,"count":115},"10":{"player_id":4488,"player_name":"Iv\u00e1n Alejo Peralta","vaep_value":0.1688233735,"offensive_value":0.1160074358,"defensive_value":0.0528159377,"count":75},"11":{"player_id":5542,"player_name":"Sa\u00fal \u00d1\u00edguez Esclapez","vaep_value":0.0810331162,"offensive_value":0.03132501,"defensive_value":0.0497081062,"count":101},"12":{"player_id":7908,"player_name":"Joan Jord\u00e1n Moreno","vaep_value":-0.1812557644,"offensive_value":-0.1773842159,"defensive_value":-0.0038715486,"count":8},"13":{"player_id":14836,"player_name":"Kevin Gameiro","vaep_value":-0.0542340644,"offensive_value":-0.0758641845,"defensive_value":0.0216301201,"count":51},"14":{"player_id":20436,"player_name":"Kevin Gameiro","vaep_value":0.1405328166,"offensive_value":0.2379722272,"defensive_value":-0.0974394106,"count":91},"15":{"player_id":25445,"player_name":"Jos\u00e9 Mar\u00eda Gim\u00e9nez de Vargas","vaep_value":0.8451756684,"offensive_value":0.795613211,"defensive_value":0.0495624574,"count":18},"16":{"player_id":69409,"player_name":"Daniel Garc\u00eda Carrillo","vaep_value":0.2355336021,"offensive_value":0.1149886167,"defensive_value":0.1205449854,"count":54},"17":{"player_id":70273,"player_name":"Marko Dmitrovi\u0107","vaep_value":0.1172589706,"offensive_value":0.2314828308,"defensive_value":-0.1142238602,"count":39},"18":{"player_id":70507,"player_name":"Daniel Garc\u00eda Carrillo","vaep_value":0.1639664661,"offensive_value":0.1224239758,"defensive_value":0.0415424902,"count":83},"19":{"player_id":86623,"player_name":"Joan Jord\u00e1n Moreno","vaep_value":0.3123630281,"offensive_value":0.0779208443,"defensive_value":0.2344421837,"count":6},"20":{"player_id":134769,"player_name":"Lucas  Hern\u00e1ndez Pi","vaep_value":0.0889882032,"offensive_value":0.0943886852,"defensive_value":-0.005400482,"count":14},"21":{"player_id":140046,"player_name":"Iv\u00e1n Alejo Peralta","vaep_value":0.1917650967,"offensive_value":0.1595929577,"defensive_value":0.032172139,"count":46},"22":{"player_id":217031,"player_name":"Diego Roberto God\u00edn Leal","vaep_value":0.1460842439,"offensive_value":0.0671920439,"defensive_value":0.0788922,"count":52},"23":{"player_id":227894,"player_name":"Joan Jord\u00e1n Moreno","vaep_value":-0.1385786434,"offensive_value":-0.0722728511,"defensive_value":-0.0663057923,"count":33},"24":{"player_id":247207,"player_name":"Takashi Inui","vaep_value":-0.0409103222,"offensive_value":0.0539989375,"defensive_value":-0.0949092597,"count":53},"25":{"player_id":254408,"player_name":"Kevin Gameiro","vaep_value":-0.1221084651,"offensive_value":-0.1676389329,"defensive_value":0.0455304679,"count":34},"26":{"player_id":279545,"player_name":"Thomas Teye Partey","vaep_value":0.1152096828,"offensive_value":0.0849410089,"defensive_value":0.0302686739,"count":61},"27":{"player_id":279555,"player_name":"Jan Oblak","vaep_value":-0.0415112581,"offensive_value":-0.0417635976,"defensive_value":0.0002523395,"count":26},"28":{"player_id":385273,"player_name":"Ander Capa Rodr\u00edguez","vaep_value":-0.1880483226,"offensive_value":-0.1699937634,"defensive_value":-0.0180545591,"count":18}}