{"0":{"player_id":0,"player_name":"Harry Kane","vaep_value":0.0211141641,"offensive_value":0.0351755482,"defensive_value":-0.014061384,"count":6},"1":{"player_id":36,"player_name":"Eric  Dier","vaep_value":0.1805753002,"offensive_value":0.2098594253,"defensive_value":-0.0292841251,"count":91},"2":{"player_id":48,"player_name":"Jan Vertonghen","vaep_value":0.2650045857,"offensive_value":0.2591857275,"defensive_value":0.0058188583,"count":117},"3":{"player_id":54,"player_name":"Toby Alderweireld","vaep_value":-0.0629024251,"offensive_value":-0.074665728,"defensive_value":0.0117633028,"count":71},"4":{"player_id":93,"player_name":"Jan Vertonghen","vaep_value":-0.1698441195,"offensive_value":-0.1240481542,"defensive_value":-0.0457959652,"count":21},"5":{"player_id":8125,"player_name":"Toby Alderweireld","vaep_value":0.0691704534,"offensive_value":0.1041148133,"defensive_value":-0.0349443599,"count":46},"6":{"player_id":8433,"player_name":"Eric  Dier","vaep_value":0.3809612927,"offensive_value":0.2093664915,"defensive_value":0.1715948011,"count":44},"7":{"player_id":8643,"player_name":"Toby Alderweireld","vaep_value":0.0765881717,"offensive_value":0.1048613051,"defensive_value":-0.0282731334,"count":48},"8":{"player_id":8717,"player_name":"Jan Vertonghen","vaep_value":-0.3468210105,"offensive_value":-0.3140072455,"defensive_value":-0.032813765,"count":40},"9":{"player_id":8925,"player_name":"Ben Davies","vaep_value":0.1168115491,"offensive_value":0.0873845271,"defensive_value":0.029427022,"count":6},"10":{"player_id":8944,"player_name":"Heung-Min Son","vaep_value":0.0120270897,"offensive_value":0.0169337472,"defensive_value":-0.0049066575,"count":41},"11":{"player_id":8945,"player_name":"Heung-Min Son","vaep_value":0.1445281329,"offensive_value":0.1344762833,"defensive_value":0.0100518495,"count":79},"12":{"player_id":9123,"player_name":"Ben Davies","vaep_value":0.0100951254,"offensive_value":0.0179479987,"defensive_value":-0.0078528733,"count":9},"13":{"player_id":9127,"player_name":"Jan Vertonghen","vaep_value":0.0771897966,"offensive_value":0.076037352,"defensive_value":0.0011524446,"count":15},"14":{"player_id":9206,"player_name":"Bamidele Alli","vaep_value":0.7392813971,"offensive_value":0.7590673364,"defensive_value":-0.0197859394,"count":14},"15":{"player_id":9433,"player_name":"Harry Kane","vaep_value":-0.0699456804,"offensive_value":0.009587072,"defensive_value":-0.0795327524,"count":35},"16":{"player_id":9623,"player_name":"Ben Mee","vaep_value":0.0420352656,"offensive_value":0.0664387836,"defensive_value":-0.0244035179,"count":55},"17":{"player_id":11152,"player_name":"Heung-Min Son","vaep_value":0.2667999819,"offensive_value":0.253400404,"defensive_value":0.0133995779,"count":72},"18":{"player_id":11294,"player_name":"Tom Heaton","vaep_value":0.0106355435,"offensive_value":0.0399528265,"defensive_value":-0.029317283,"count":38},"19":{"player_id":13484,"player_name":"Sam Vokes","vaep_value":0.7828372102,"offensive_value":0.8139849926,"defensive_value":-0.0311477823,"count":55},"20":{"player_id":14911,"player_name":"Scott Arfield","vaep_value":-0.1047048254,"offensive_value":-0.1042331813,"defensive_value":-0.0004716441,"count":47},"21":{"player_id":25381,"player_name":"Johann  Berg Gu\u00f0munds\u00adson","vaep_value":0.2364471942,"offensive_value":0.1379420537,"defensive_value":0.0985051405,"count":50},"22":{"player_id":25804,"player_name":"Kieran Trippier","vaep_value":0.0889378823,"offensive_value":0.0951441247,"defensive_value":-0.0062062424,"count":17},"23":{"player_id":70092,"player_name":"Jan Vertonghen","vaep_value":0.0946307869,"offensive_value":0.0538346168,"defensive_value":0.0407961701,"count":42},"24":{"player_id":77502,"player_name":"Stephen Ward","vaep_value":0.1503291423,"offensive_value":0.1116964885,"defensive_value":0.0386326539,"count":41},"25":{"player_id":136441,"player_name":"Ben Davies","vaep_value":0.0343639757,"offensive_value":0.0465069574,"defensive_value":-0.0121429818,"count":80},"26":{"player_id":210044,"player_name":"Heung-Min Son","vaep_value":0.0442704448,"offensive_value":0.0452490686,"defensive_value":-0.0009786239,"count":72},"27":{"player_id":240070,"player_name":"Harry Kane","vaep_value":0.0193037065,"offensive_value":0.0113437575,"defensive_value":0.007959949,"count":9},"28":{"player_id":257762,"player_name":"James  Tarkowski","vaep_value":-0.0199360633,"offensive_value":-0.014839848,"defensive_value":-0.0050962153,"count":3}}