{"0":{"player_id":0,"player_name":"Massimo Coda","vaep_value":0.0515560536,"offensive_value":0.0704220622,"defensive_value":-0.0188660086,"count":6},"1":{"player_id":8148,"player_name":"Ledian Memushaj","vaep_value":1.0904379584,"offensive_value":1.0989009506,"defensive_value":-0.0084629923,"count":80},"2":{"player_id":14745,"player_name":"Marco D'Alessandro","vaep_value":0.2267835113,"offensive_value":0.2063439856,"defensive_value":0.0204395257,"count":60},"3":{"player_id":14903,"player_name":"Marco D'Alessandro","vaep_value":0.1533042438,"offensive_value":0.1492192701,"defensive_value":0.0040849737,"count":74},"4":{"player_id":20525,"player_name":"Marco D'Alessandro","vaep_value":0.0062043221,"offensive_value":-0.0010982067,"defensive_value":0.0073025288,"count":9},"5":{"player_id":20812,"player_name":"Cristian Molinaro","vaep_value":0.0366719842,"offensive_value":0.0098176283,"defensive_value":0.0268543559,"count":46},"6":{"player_id":20927,"player_name":"Amato Ciciretti","vaep_value":0.0382788228,"offensive_value":0.1264756259,"defensive_value":-0.0881968031,"count":71},"7":{"player_id":20941,"player_name":"Danilo Cataldi","vaep_value":0.1981524491,"offensive_value":0.2203283338,"defensive_value":-0.0221758847,"count":83},"8":{"player_id":21234,"player_name":"Ledian Memushaj","vaep_value":-0.1252672849,"offensive_value":-0.1369605281,"defensive_value":0.0116932432,"count":45},"9":{"player_id":21279,"player_name":"Amato Ciciretti","vaep_value":0.1569328853,"offensive_value":0.1825523312,"defensive_value":-0.025619446,"count":67},"10":{"player_id":21322,"player_name":"Luca Antei","vaep_value":0.1524306888,"offensive_value":0.0957807866,"defensive_value":0.0566499023,"count":24},"11":{"player_id":21507,"player_name":"Fabio Lucioni","vaep_value":0.1005461352,"offensive_value":0.1019290588,"defensive_value":-0.0013829236,"count":34},"12":{"player_id":21678,"player_name":"Danilo Cataldi","vaep_value":0.0026918148,"offensive_value":-0.000212779,"defensive_value":0.0029045938,"count":6},"13":{"player_id":21872,"player_name":"Gaetano Letizia","vaep_value":-0.047822466,"offensive_value":-0.0084945939,"defensive_value":-0.0393278721,"count":22},"14":{"player_id":22135,"player_name":"Marco D'Alessandro","vaep_value":-0.1460745205,"offensive_value":-0.1591838883,"defensive_value":0.0131093678,"count":28},"15":{"player_id":22323,"player_name":"Iago Falqu\u00e9 Silva","vaep_value":0.1124917787,"offensive_value":0.0429630892,"defensive_value":0.0695286895,"count":57},"16":{"player_id":22552,"player_name":"Luca Antei","vaep_value":0.1722778584,"offensive_value":0.134222671,"defensive_value":0.0380551873,"count":35},"17":{"player_id":22614,"player_name":"Luca Antei","vaep_value":0.1467761038,"offensive_value":0.0338816957,"defensive_value":0.1128944081,"count":30},"18":{"player_id":24269,"player_name":"M'Baye Babacar Niang","vaep_value":0.1486485963,"offensive_value":0.1709647898,"defensive_value":-0.0223161936,"count":33},"19":{"player_id":24838,"player_name":"Marco D'Alessandro","vaep_value":0.0889514195,"offensive_value":0.0990774741,"defensive_value":-0.0101260546,"count":54},"20":{"player_id":25421,"player_name":"Marco D'Alessandro","vaep_value":0.1236889256,"offensive_value":0.0989052249,"defensive_value":0.0247837007,"count":38},"21":{"player_id":25558,"player_name":"Fabio Lucioni","vaep_value":0.2689969329,"offensive_value":0.1047598503,"defensive_value":0.1642370826,"count":61},"22":{"player_id":25898,"player_name":"Danilo Cataldi","vaep_value":-0.3391536694,"offensive_value":-0.3105249484,"defensive_value":-0.028628721,"count":54},"23":{"player_id":134484,"player_name":"Marco D'Alessandro","vaep_value":0.1693425837,"offensive_value":0.1293269104,"defensive_value":0.0400156734,"count":44},"24":{"player_id":137161,"player_name":"Gaetano Letizia","vaep_value":0.0311144262,"offensive_value":0.0140625444,"defensive_value":0.0170518818,"count":4},"25":{"player_id":218971,"player_name":"Salvatore Sirigu","vaep_value":-0.1281116818,"offensive_value":-0.1429617205,"defensive_value":0.0148500387,"count":13},"26":{"player_id":256478,"player_name":"Nicolas N'Koulou","vaep_value":0.0395760516,"offensive_value":0.0287358421,"defensive_value":0.0108402094,"count":53},"27":{"player_id":284960,"player_name":"Lorenzo De Silvestri","vaep_value":0.2620186199,"offensive_value":0.2714340617,"defensive_value":-0.0094154418,"count":50},"28":{"player_id":339791,"player_name":"Nicolas N'Koulou","vaep_value":-0.0885535831,"offensive_value":-0.0519561576,"defensive_value":-0.0365974255,"count":20}}