{"0":{"player_id":0,"player_name":"Luka Jovi\u0107","vaep_value":-0.0110243532,"offensive_value":0.0679386095,"defensive_value":-0.0789629627,"count":17},"1":{"player_id":77,"player_name":"Kevin-Prince Boateng","vaep_value":-0.0021199264,"offensive_value":0.0473427107,"defensive_value":-0.049462637,"count":65},"2":{"player_id":3535,"player_name":"Jonathan  de Guzm\u00e1n","vaep_value":0.3624922358,"offensive_value":0.2040495048,"defensive_value":0.158442731,"count":74},"3":{"player_id":11095,"player_name":"David \u00c1ngel Abraham","vaep_value":0.3262376613,"offensive_value":0.12071803,"defensive_value":0.2055196313,"count":55},"4":{"player_id":14692,"player_name":"Makoto Hasebe","vaep_value":0.1684544676,"offensive_value":0.0926451215,"defensive_value":0.075809346,"count":59},"5":{"player_id":14696,"player_name":"Marco Russ","vaep_value":0.9151764138,"offensive_value":0.8989365398,"defensive_value":0.0162398741,"count":40},"6":{"player_id":14772,"player_name":"Luk\u00e1\u0161 Hr\u00e1deck\u00fd","vaep_value":0.0564334774,"offensive_value":0.0721498614,"defensive_value":-0.0157163839,"count":71},"7":{"player_id":14923,"player_name":"Theodor Gebre Selassie","vaep_value":0.054179611,"offensive_value":0.0744826823,"defensive_value":-0.0203030712,"count":63},"8":{"player_id":14929,"player_name":"Max Kruse","vaep_value":0.1399640813,"offensive_value":0.1660822021,"defensive_value":-0.0261181208,"count":77},"9":{"player_id":15139,"player_name":"Milos Veljkovic","vaep_value":0.1479992474,"offensive_value":0.1341698631,"defensive_value":0.0138293843,"count":35},"10":{"player_id":16025,"player_name":"Niklas Moisander","vaep_value":0.3621451479,"offensive_value":0.2450233983,"defensive_value":0.1171217496,"count":71},"11":{"player_id":20402,"player_name":"Hans Carl Ludwig Augustinsson","vaep_value":-0.025355882,"offensive_value":-0.0029773901,"defensive_value":-0.0223784919,"count":60},"12":{"player_id":20692,"player_name":"Philipp Bargfrede","vaep_value":-0.1743583848,"offensive_value":-0.1606376435,"defensive_value":-0.0137207413,"count":31},"13":{"player_id":26021,"player_name":"Zlatko Junuzovi\u0107","vaep_value":0.03107872,"offensive_value":0.0399258535,"defensive_value":-0.0088471335,"count":13},"14":{"player_id":49856,"player_name":"Thomas Delaney","vaep_value":0.0128800601,"offensive_value":0.0488916468,"defensive_value":-0.0360115867,"count":91},"15":{"player_id":51217,"player_name":"Makoto Hasebe","vaep_value":0.4463407153,"offensive_value":0.4402485839,"defensive_value":0.0060921314,"count":21},"16":{"player_id":55951,"player_name":"Luk\u00e1\u0161 Hr\u00e1deck\u00fd","vaep_value":0.6116590765,"offensive_value":0.2030657664,"defensive_value":0.4085933102,"count":59},"17":{"player_id":55990,"player_name":"Hans Carl Ludwig Augustinsson","vaep_value":0.2221779077,"offensive_value":0.1572067426,"defensive_value":0.0649711651,"count":60},"18":{"player_id":56424,"player_name":"Zlatko Junuzovi\u0107","vaep_value":0.0637830881,"offensive_value":0.0372278851,"defensive_value":0.026555203,"count":8},"19":{"player_id":69616,"player_name":"Hans Carl Ludwig Augustinsson","vaep_value":0.3121778799,"offensive_value":0.1143395677,"defensive_value":0.1978383121,"count":25},"20":{"player_id":82340,"player_name":"Hans Carl Ludwig Augustinsson","vaep_value":0.1598820726,"offensive_value":0.133132098,"defensive_value":0.0267499746,"count":57},"21":{"player_id":97555,"player_name":"Danny  Vieira da Costa","vaep_value":0.0540991145,"offensive_value":0.0786996643,"defensive_value":-0.0246005498,"count":21},"22":{"player_id":112253,"player_name":"David \u00c1ngel Abraham","vaep_value":0.01195419,"offensive_value":0.0380635438,"defensive_value":-0.0261093539,"count":39},"23":{"player_id":224680,"player_name":"Marco Russ","vaep_value":-0.0243468388,"offensive_value":-0.0277195576,"defensive_value":0.0033727188,"count":37},"24":{"player_id":253822,"player_name":"David \u00c1ngel Abraham","vaep_value":-0.0142927839,"offensive_value":0.0365722204,"defensive_value":-0.0508650043,"count":36},"25":{"player_id":258264,"player_name":"Jonathan  de Guzm\u00e1n","vaep_value":0.6703866783,"offensive_value":0.7553635333,"defensive_value":-0.084976855,"count":30},"26":{"player_id":272440,"player_name":"Timothy Chandler","vaep_value":0.1326192485,"offensive_value":0.0751006473,"defensive_value":0.0575186012,"count":39},"27":{"player_id":391441,"player_name":"Marco Russ","vaep_value":-0.0728056001,"offensive_value":-0.0215963384,"defensive_value":-0.0512092618,"count":42}}