{"0":{"player_id":0,"player_name":"Nicolas P\u00e9p\u00e9","vaep_value":-0.1321298266,"offensive_value":-0.1260738798,"defensive_value":-0.0060559468,"count":11},"1":{"player_id":25650,"player_name":"Thiago Henrique Mendes Ribeiro","vaep_value":-0.0823530491,"offensive_value":-0.1361139731,"defensive_value":0.053760924,"count":24},"2":{"player_id":25845,"player_name":"Thiago Maia Alencar","vaep_value":0.1386928189,"offensive_value":0.1318833641,"defensive_value":0.0068094549,"count":27},"3":{"player_id":25864,"player_name":"K\u00e9vin Malcuit","vaep_value":0.3028614874,"offensive_value":0.2166648946,"defensive_value":0.0861965928,"count":49},"4":{"player_id":26000,"player_name":"Ibrahim Amadou","vaep_value":0.1402253171,"offensive_value":0.1648736441,"defensive_value":-0.024648327,"count":47},"5":{"player_id":26042,"player_name":"J\u00fanior Osmar Ignacio  Alonso Mujica","vaep_value":-0.0372830835,"offensive_value":-0.0382771422,"defensive_value":0.0009940587,"count":19},"6":{"player_id":26085,"player_name":"Fod\u00e9  Ballo Tour\u00e9","vaep_value":0.0972846564,"offensive_value":0.0759335589,"defensive_value":0.0213510975,"count":35},"7":{"player_id":28122,"player_name":"J\u00fanior Osmar Ignacio  Alonso Mujica","vaep_value":0.0219180572,"offensive_value":0.0099275562,"defensive_value":0.0119905011,"count":29},"8":{"player_id":28232,"player_name":"Ibrahim Amadou","vaep_value":0.1418765753,"offensive_value":0.1031741315,"defensive_value":0.0387024438,"count":63},"9":{"player_id":41056,"player_name":"J\u00fanior Osmar Ignacio  Alonso Mujica","vaep_value":1.1339211622,"offensive_value":1.1536942627,"defensive_value":-0.0197731005,"count":64},"10":{"player_id":54380,"player_name":"Thiago Henrique Mendes Ribeiro","vaep_value":-0.0785794356,"offensive_value":-0.1054307207,"defensive_value":0.0268512851,"count":46},"11":{"player_id":54819,"player_name":"Bryan Dabo","vaep_value":0.0207920715,"offensive_value":0.021694527,"defensive_value":-0.0009024555,"count":5},"12":{"player_id":134496,"player_name":"Thiago Henrique Mendes Ribeiro","vaep_value":0.1115244742,"offensive_value":0.0801346359,"defensive_value":0.0313898383,"count":40},"13":{"player_id":144867,"player_name":"Jonathan Bamba","vaep_value":0.1999205054,"offensive_value":0.1694489229,"defensive_value":0.0304715825,"count":83},"14":{"player_id":213308,"player_name":"Vincent Pajot","vaep_value":0.2009527653,"offensive_value":0.1824693488,"defensive_value":0.0184834165,"count":78},"15":{"player_id":217878,"player_name":"Jonathan Bamba","vaep_value":-0.1466282445,"offensive_value":-0.1186513316,"defensive_value":-0.0279769129,"count":13},"16":{"player_id":245807,"player_name":"Digbo G'nampa Habib Ma\u00efga","vaep_value":-0.0257298476,"offensive_value":-0.009732749,"defensive_value":-0.0159970986,"count":14},"17":{"player_id":247671,"player_name":"K\u00e9vin Monnet-Paquet","vaep_value":0.8383529913,"offensive_value":0.8392213876,"defensive_value":-0.0008683964,"count":25},"18":{"player_id":250134,"player_name":"Rona\u00ebl Pierre-Gabriel","vaep_value":-0.0050784519,"offensive_value":-0.0072267787,"defensive_value":0.0021483267,"count":28},"19":{"player_id":257750,"player_name":"Lo\u00efc Perrin","vaep_value":-0.3778107652,"offensive_value":0.0979568417,"defensive_value":-0.4757676069,"count":72},"20":{"player_id":276944,"player_name":"Lo\u00efc Perrin","vaep_value":0.1950169968,"offensive_value":0.2345542296,"defensive_value":-0.0395372328,"count":39},"21":{"player_id":278867,"player_name":"Digbo G'nampa Habib Ma\u00efga","vaep_value":0.1318317245,"offensive_value":0.1529327626,"defensive_value":-0.0211010381,"count":50},"22":{"player_id":284322,"player_name":"J\u00fanior Osmar Ignacio  Alonso Mujica","vaep_value":0.9895905884,"offensive_value":0.9923387319,"defensive_value":-0.0027481435,"count":7},"23":{"player_id":285457,"player_name":"K\u00e9vin Monnet-Paquet","vaep_value":0.0817734909,"offensive_value":0.1090402878,"defensive_value":-0.0272667969,"count":58},"24":{"player_id":286553,"player_name":"Ole Kristian Seln\u00e6s","vaep_value":-0.0522318557,"offensive_value":0.0377472279,"defensive_value":-0.0899790836,"count":63},"25":{"player_id":286917,"player_name":"Ole Kristian Seln\u00e6s","vaep_value":0.0717721147,"offensive_value":0.1058028294,"defensive_value":-0.0340307147,"count":63},"26":{"player_id":396616,"player_name":"Ole Kristian Seln\u00e6s","vaep_value":0.0715788084,"offensive_value":0.1273032881,"defensive_value":-0.0557244797,"count":46},"27":{"player_id":397033,"player_name":"Mike Maignan","vaep_value":0.0232309554,"offensive_value":0.0237312252,"defensive_value":-0.0005002698,"count":6}}