{"0":{"player_id":0,"player_name":"Lorenzo Insigne","vaep_value":0.0588827557,"offensive_value":0.0954093887,"defensive_value":-0.036526633,"count":16},"1":{"player_id":122,"player_name":"Vlad Iulian Chiriche\u0219","vaep_value":1.1798167883,"offensive_value":1.203204858,"defensive_value":-0.0233880697,"count":37},"2":{"player_id":3313,"player_name":"Kalidou Koulibaly","vaep_value":-0.1215900596,"offensive_value":-0.1263075798,"defensive_value":0.0047175202,"count":45},"3":{"player_id":7949,"player_name":"Adam Masina","vaep_value":0.0512505088,"offensive_value":0.0272003815,"defensive_value":0.0240501272,"count":27},"4":{"player_id":20483,"player_name":"Adam Masina","vaep_value":0.4205067415,"offensive_value":0.3557420876,"defensive_value":0.0647646539,"count":42},"5":{"player_id":20529,"player_name":"Blerim D\u017eemaili","vaep_value":0.0764345557,"offensive_value":0.0531600785,"defensive_value":0.0232744772,"count":40},"6":{"player_id":20707,"player_name":"Jorge Luiz Frello Filho","vaep_value":-0.2120352759,"offensive_value":0.0017443047,"defensive_value":-0.2137795805,"count":62},"7":{"player_id":20796,"player_name":"Erick Antonio Pulgar Farf\u00e1n","vaep_value":-0.0027513383,"offensive_value":-0.0048259723,"defensive_value":0.002074634,"count":4},"8":{"player_id":21001,"player_name":"Erick Antonio Pulgar Farf\u00e1n","vaep_value":0.0730197666,"offensive_value":0.0254891897,"defensive_value":0.0475305769,"count":64},"9":{"player_id":21169,"player_name":"Dries Mertens","vaep_value":0.3068084056,"offensive_value":0.1793419059,"defensive_value":0.1274664997,"count":65},"10":{"player_id":21171,"player_name":"Ibrahima M'baye","vaep_value":0.0624225031,"offensive_value":0.0203041884,"defensive_value":0.0421183148,"count":79},"11":{"player_id":21296,"player_name":null,"vaep_value":0.5831916373,"offensive_value":0.5673843196,"defensive_value":0.0158073177,"count":35},"12":{"player_id":21315,"player_name":"Blerim D\u017eemaili","vaep_value":0.2320503606,"offensive_value":0.2069057215,"defensive_value":0.0251446392,"count":103},"13":{"player_id":21385,"player_name":"Blerim D\u017eemaili","vaep_value":0.1154785402,"offensive_value":0.1223520956,"defensive_value":-0.0068735553,"count":74},"14":{"player_id":22107,"player_name":"Federico Di Francesco","vaep_value":-0.0809991383,"offensive_value":-0.0675633284,"defensive_value":-0.0134358099,"count":96},"15":{"player_id":22377,"player_name":"Rodrigo Sebasti\u00e1n Palacio","vaep_value":0.2257135817,"offensive_value":0.1907681368,"defensive_value":0.034945445,"count":79},"16":{"player_id":25726,"player_name":"Lorenzo Insigne","vaep_value":0.3669038228,"offensive_value":0.3456769367,"defensive_value":0.0212268861,"count":117},"17":{"player_id":40726,"player_name":"Jorge Luiz Frello Filho","vaep_value":0.0832756885,"offensive_value":0.0064051468,"defensive_value":0.0768705417,"count":62},"18":{"player_id":50805,"player_name":"Marek Ham\u0161\u00edk","vaep_value":0.1415885708,"offensive_value":0.0910509445,"defensive_value":0.0505376263,"count":63},"19":{"player_id":82266,"player_name":"Jorge Luiz Frello Filho","vaep_value":-0.0488129908,"offensive_value":-0.0444185596,"defensive_value":-0.0043944312,"count":33},"20":{"player_id":83575,"player_name":"Marek Ham\u0161\u00edk","vaep_value":0.3153563683,"offensive_value":0.3033130625,"defensive_value":0.0120433058,"count":106},"21":{"player_id":90268,"player_name":"Jorge Luiz Frello Filho","vaep_value":0.065390917,"offensive_value":0.0616912825,"defensive_value":0.0036996345,"count":79},"22":{"player_id":99902,"player_name":"Vlad Iulian Chiriche\u0219","vaep_value":0.0476361628,"offensive_value":0.0310037686,"defensive_value":0.0166323943,"count":33},"23":{"player_id":232822,"player_name":"Kalidou Koulibaly","vaep_value":-0.1295039837,"offensive_value":0.1576600781,"defensive_value":-0.2871640619,"count":88},"24":{"player_id":259292,"player_name":"M\u00e1rio Rui Silva Duarte","vaep_value":0.3431275791,"offensive_value":0.3411889791,"defensive_value":0.0019386,"count":44},"25":{"player_id":284315,"player_name":"Marek Ham\u0161\u00edk","vaep_value":0.045062058,"offensive_value":0.033617497,"defensive_value":0.0114445611,"count":19},"26":{"player_id":295273,"player_name":"Kalidou Koulibaly","vaep_value":-0.0317417717,"offensive_value":-0.0152645861,"defensive_value":-0.0164771857,"count":5},"27":{"player_id":374013,"player_name":"Erick Antonio Pulgar Farf\u00e1n","vaep_value":-0.0091577139,"offensive_value":-0.0243544108,"defensive_value":0.015196697,"count":31}}