{"0":{"player_id":0,"player_name":"Mario G\u00f3mez Garc\u00eda","vaep_value":0.005702932,"offensive_value":0.0242135213,"defensive_value":-0.0185105893,"count":5},"1":{"player_id":3320,"player_name":"Dennis Aogo","vaep_value":0.4340515939,"offensive_value":0.3910719081,"defensive_value":0.0429796858,"count":71},"2":{"player_id":14687,"player_name":"Benjamin Pavard","vaep_value":0.0072213153,"offensive_value":0.1057563305,"defensive_value":-0.0985350152,"count":51},"3":{"player_id":14715,"player_name":"Christian Gentner","vaep_value":0.1549352602,"offensive_value":0.0709260163,"defensive_value":0.0840092439,"count":37},"4":{"player_id":14731,"player_name":"Christian Gentner","vaep_value":-0.1232620592,"offensive_value":-0.1098109744,"defensive_value":-0.0134510847,"count":35},"5":{"player_id":14754,"player_name":"Daniel Ginczek","vaep_value":0.252585926,"offensive_value":0.1926541709,"defensive_value":0.0599317551,"count":68},"6":{"player_id":14778,"player_name":"Marcel Schmelzer","vaep_value":-0.0082674256,"offensive_value":0.0481390511,"defensive_value":-0.0564064767,"count":40},"7":{"player_id":14798,"player_name":"Christian Gentner","vaep_value":0.1722896166,"offensive_value":0.1814464447,"defensive_value":-0.0091568281,"count":59},"8":{"player_id":14800,"player_name":"\u0141ukasz Piszczek","vaep_value":0.076452293,"offensive_value":0.2230531754,"defensive_value":-0.1466008824,"count":48},"9":{"player_id":14845,"player_name":"Roman B\u00fcrki","vaep_value":-0.1153169242,"offensive_value":-0.0963621174,"defensive_value":-0.0189548067,"count":25},"10":{"player_id":14885,"player_name":"Marcel Schmelzer","vaep_value":0.1586883073,"offensive_value":0.1162306577,"defensive_value":0.0424576496,"count":41},"11":{"player_id":15024,"player_name":"Andreas Beck","vaep_value":0.0076704081,"offensive_value":-0.093533242,"defensive_value":0.1012036501,"count":33},"12":{"player_id":15032,"player_name":"Benjamin Pavard","vaep_value":0.0709838985,"offensive_value":0.1238042314,"defensive_value":-0.0528203329,"count":38},"13":{"player_id":15798,"player_name":"Benjamin Pavard","vaep_value":0.1181005029,"offensive_value":0.1024490662,"defensive_value":0.0156514366,"count":73},"14":{"player_id":19392,"player_name":"Santiago Lionel Ascac\u00edbar","vaep_value":0.6834095226,"offensive_value":0.6938091868,"defensive_value":-0.0103996642,"count":32},"15":{"player_id":38093,"player_name":"Dennis Aogo","vaep_value":0.8815545875,"offensive_value":0.914819062,"defensive_value":-0.0332644745,"count":25},"16":{"player_id":49968,"player_name":"Mario G\u00f3mez Garc\u00eda","vaep_value":0.2886271724,"offensive_value":0.2344886997,"defensive_value":0.0541384727,"count":42},"17":{"player_id":70139,"player_name":"Erik Thommy","vaep_value":0.2702344502,"offensive_value":0.235413804,"defensive_value":0.0348206463,"count":53},"18":{"player_id":149389,"player_name":"Marcel Schmelzer","vaep_value":0.0585294181,"offensive_value":0.0509771467,"defensive_value":0.0075522714,"count":16},"19":{"player_id":224971,"player_name":"Mahmoud Dahoud","vaep_value":-0.1471781141,"offensive_value":-0.1252280474,"defensive_value":-0.0219500667,"count":40},"20":{"player_id":272363,"player_name":"\u00d6mer Toprak","vaep_value":0.2505972221,"offensive_value":0.184045308,"defensive_value":0.0665519141,"count":52},"21":{"player_id":340646,"player_name":"Roman B\u00fcrki","vaep_value":0.0884735041,"offensive_value":0.2183770321,"defensive_value":-0.129903528,"count":57},"22":{"player_id":345707,"player_name":"Erik Thommy","vaep_value":0.0798129755,"offensive_value":-0.0557638918,"defensive_value":0.1355768673,"count":15},"23":{"player_id":347366,"player_name":"Nuri \u015eahin","vaep_value":0.0354747217,"offensive_value":0.0121429329,"defensive_value":0.0233317888,"count":21},"24":{"player_id":391530,"player_name":"\u00d6mer Toprak","vaep_value":0.8274376803,"offensive_value":0.8487857771,"defensive_value":-0.0213480968,"count":45},"25":{"player_id":413737,"player_name":"Sokratis Papastathopoulos","vaep_value":0.0111119718,"offensive_value":-0.0393419126,"defensive_value":0.0504538844,"count":55},"26":{"player_id":447223,"player_name":"\u0141ukasz Piszczek","vaep_value":0.0196464317,"offensive_value":-0.0116690327,"defensive_value":0.0313154644,"count":10},"27":{"player_id":472696,"player_name":"Christian Pulisic","vaep_value":0.0838817723,"offensive_value":0.0853468032,"defensive_value":-0.0014650309,"count":5}}