{"0":{"player_id":0,"player_name":"Mario G\u00f3mez Garc\u00eda","vaep_value":-0.0359343349,"offensive_value":-0.0111265439,"defensive_value":-0.024807791,"count":9},"1":{"player_id":14706,"player_name":"Ohis Felix Uduokhai","vaep_value":0.1372460234,"offensive_value":0.125588944,"defensive_value":0.0116570793,"count":56},"2":{"player_id":14731,"player_name":"Divock Okoth Origi","vaep_value":0.0077557696,"offensive_value":0.0181603781,"defensive_value":-0.0104046084,"count":17},"3":{"player_id":14857,"player_name":"Douglas dos Santos Justino de Melo","vaep_value":0.0979074836,"offensive_value":0.0541479005,"defensive_value":0.043759583,"count":65},"4":{"player_id":14888,"player_name":"Josuha Guilavogui","vaep_value":0.2801285761,"offensive_value":0.2831459775,"defensive_value":-0.0030174014,"count":64},"5":{"player_id":14938,"player_name":"Josuha Guilavogui","vaep_value":0.2116935437,"offensive_value":0.0434643531,"defensive_value":0.1682291906,"count":54},"6":{"player_id":15129,"player_name":"Gideon Jung","vaep_value":0.2548875557,"offensive_value":0.2361427483,"defensive_value":0.0187448075,"count":59},"7":{"player_id":15191,"player_name":"Gideon Jung","vaep_value":0.1275274153,"offensive_value":0.0753714642,"defensive_value":0.052155951,"count":43},"8":{"player_id":15449,"player_name":"Daniel Didavi","vaep_value":0.0894568349,"offensive_value":0.0793259838,"defensive_value":0.0101308512,"count":72},"9":{"player_id":15775,"player_name":"William de Asevedo Furtado","vaep_value":0.2524939618,"offensive_value":0.1686551168,"defensive_value":0.083838845,"count":61},"10":{"player_id":15795,"player_name":"Koen Casteels","vaep_value":0.0889426247,"offensive_value":0.1127135672,"defensive_value":-0.0237709425,"count":36},"11":{"player_id":15877,"player_name":"Ohis Felix Uduokhai","vaep_value":-0.0234591058,"offensive_value":-0.0284193298,"defensive_value":0.004960224,"count":3},"12":{"player_id":18704,"player_name":"Paul Verhaegh","vaep_value":0.1597266496,"offensive_value":0.0444310124,"defensive_value":0.1152956373,"count":33},"13":{"player_id":18974,"player_name":"M\u00ebrgim Mavraj","vaep_value":0.023708165,"offensive_value":-0.0086650605,"defensive_value":0.0323732255,"count":51},"14":{"player_id":20876,"player_name":"Filip Kosti\u0107","vaep_value":-0.0108176678,"offensive_value":0.0049991126,"defensive_value":-0.0158167804,"count":6},"15":{"player_id":25514,"player_name":"Filip Kosti\u0107","vaep_value":0.0686228799,"offensive_value":0.0482751073,"defensive_value":0.0203477726,"count":28},"16":{"player_id":25861,"player_name":"Jann-Fiete Arp","vaep_value":0.0521801836,"offensive_value":0.050501504,"defensive_value":0.0016786796,"count":48},"17":{"player_id":127796,"player_name":"Josuha Guilavogui","vaep_value":0.2585833835,"offensive_value":0.1759458289,"defensive_value":0.0826375546,"count":43},"18":{"player_id":134708,"player_name":"Douglas dos Santos Justino de Melo","vaep_value":-0.0390356446,"offensive_value":-0.0456713872,"defensive_value":0.0066357426,"count":23},"19":{"player_id":143566,"player_name":"Kyriakos Papadopoulos","vaep_value":0.2424238549,"offensive_value":0.2773576763,"defensive_value":-0.0349338214,"count":97},"20":{"player_id":228639,"player_name":null,"vaep_value":-0.0039469047,"offensive_value":0.0027037063,"defensive_value":-0.0066506109,"count":7},"21":{"player_id":241966,"player_name":"John Anthony Brooks","vaep_value":0.003181509,"offensive_value":-0.0319012485,"defensive_value":0.0350827575,"count":47},"22":{"player_id":258254,"player_name":"Koen Casteels","vaep_value":0.0771215878,"offensive_value":0.0651567192,"defensive_value":0.0119648686,"count":18},"23":{"player_id":327009,"player_name":"Walace Souza Silva","vaep_value":0.1275128451,"offensive_value":0.0235291522,"defensive_value":0.1039836929,"count":77},"24":{"player_id":337682,"player_name":"Walace Souza Silva","vaep_value":0.1887163204,"offensive_value":0.1209749473,"defensive_value":0.0677413731,"count":53},"25":{"player_id":343685,"player_name":"Maximilian Arnold","vaep_value":0.0563164086,"offensive_value":0.1559318793,"defensive_value":-0.0996154707,"count":67},"26":{"player_id":391606,"player_name":"Daniel Didavi","vaep_value":-0.0528152614,"offensive_value":-0.0426470165,"defensive_value":-0.0101682449,"count":31},"27":{"player_id":491365,"player_name":"Yunus Mall\u0131","vaep_value":-0.1313608177,"offensive_value":-0.1158340515,"defensive_value":-0.0155267662,"count":38}}