{"0":{"player_id":0,"player_name":"Nabil Fekir","vaep_value":0.0091169026,"offensive_value":0.0107430955,"defensive_value":-0.0016261929,"count":2},"1":{"player_id":102,"player_name":"Tanguy Ndomb\u00e8l\u00e9 Alvaro","vaep_value":1.2412692662,"offensive_value":1.1072207488,"defensive_value":0.1340485174,"count":93},"2":{"player_id":118,"player_name":"Rafael Pereira da Silva","vaep_value":0.0831382941,"offensive_value":0.0840079742,"defensive_value":-0.0008696802,"count":33},"3":{"player_id":1712,"player_name":"Gnaly Maxwell Cornet","vaep_value":0.0259501392,"offensive_value":0.0008507206,"defensive_value":0.0250994186,"count":40},"4":{"player_id":5167,"player_name":"Rafael Pereira da Silva","vaep_value":-0.0917109692,"offensive_value":-0.0802274926,"defensive_value":-0.0114834766,"count":23},"5":{"player_id":7920,"player_name":"Marcelo Ant\u00f4nio Guedes Filho","vaep_value":-0.0702003444,"offensive_value":-0.0001680865,"defensive_value":-0.0700322579,"count":39},"6":{"player_id":25382,"player_name":"J\u00e9r\u00e9my Morel","vaep_value":-0.3624484985,"offensive_value":0.0538049157,"defensive_value":-0.4162534142,"count":27},"7":{"player_id":25504,"player_name":"Ferland Mendy","vaep_value":0.2939040774,"offensive_value":0.1651582231,"defensive_value":0.1287458543,"count":43},"8":{"player_id":25557,"player_name":"J\u00e9r\u00e9my Morel","vaep_value":-0.4148827575,"offensive_value":0.0667194397,"defensive_value":-0.4816021972,"count":89},"9":{"player_id":25632,"player_name":"Marcelo Ant\u00f4nio Guedes Filho","vaep_value":0.1517262114,"offensive_value":0.2381188862,"defensive_value":-0.0863926748,"count":37},"10":{"player_id":25923,"player_name":"Ga\u00ebtan  Laborde","vaep_value":0.2847738383,"offensive_value":0.4030179165,"defensive_value":-0.1182440782,"count":66},"11":{"player_id":26389,"player_name":"Nicolas de Roussel de Pr\u00e9ville","vaep_value":-0.037444426,"offensive_value":-0.0247999898,"defensive_value":-0.0126444362,"count":2},"12":{"player_id":26945,"player_name":"Ot\u00e1vio Henrique Passos Santos","vaep_value":0.395061303,"offensive_value":0.4243749666,"defensive_value":-0.0293136636,"count":49},"13":{"player_id":27955,"player_name":"Ot\u00e1vio Henrique Passos Santos","vaep_value":0.4584983334,"offensive_value":0.4374329307,"defensive_value":0.0210654028,"count":33},"14":{"player_id":27958,"player_name":"Jules Kound\u00e9","vaep_value":0.0031654758,"offensive_value":-0.00147834,"defensive_value":0.0046438158,"count":2},"15":{"player_id":28115,"player_name":"Jules Kound\u00e9","vaep_value":0.1359732659,"offensive_value":0.1751290496,"defensive_value":-0.0391557837,"count":80},"16":{"player_id":28529,"player_name":"Ot\u00e1vio Henrique Passos Santos","vaep_value":0.287731405,"offensive_value":0.2813554587,"defensive_value":0.0063759463,"count":43},"17":{"player_id":41127,"player_name":"Jules Kound\u00e9","vaep_value":-0.0616378688,"offensive_value":0.008091398,"defensive_value":-0.0697292668,"count":39},"18":{"player_id":56441,"player_name":"Pablo Nascimento Castro","vaep_value":0.0949056355,"offensive_value":0.0952185425,"defensive_value":-0.000312907,"count":42},"19":{"player_id":142755,"player_name":"Maxime Poundj\u00e9","vaep_value":-0.0121750054,"offensive_value":0.0299350708,"defensive_value":-0.0421100762,"count":33},"20":{"player_id":228946,"player_name":"Rafael Pereira da Silva","vaep_value":-0.0593052814,"offensive_value":-0.0511416474,"defensive_value":-0.008163634,"count":40},"21":{"player_id":276979,"player_name":"Nicolas de Roussel de Pr\u00e9ville","vaep_value":0.0602481153,"offensive_value":-0.0598175025,"defensive_value":0.1200656178,"count":95},"22":{"player_id":294695,"player_name":"Maxime Poundj\u00e9","vaep_value":0.1397078015,"offensive_value":0.109033186,"defensive_value":0.0306746155,"count":94},"23":{"player_id":295569,"player_name":"Maxime Poundj\u00e9","vaep_value":-0.0318011588,"offensive_value":0.0172632511,"defensive_value":-0.0490644099,"count":49},"24":{"player_id":300485,"player_name":"Pablo Nascimento Castro","vaep_value":0.2209092926,"offensive_value":0.2465432333,"defensive_value":-0.0256339407,"count":52},"25":{"player_id":342743,"player_name":"Maxime Poundj\u00e9","vaep_value":0.0391908096,"offensive_value":0.0325725691,"defensive_value":0.0066182405,"count":31},"26":{"player_id":397046,"player_name":"Pablo Nascimento Castro","vaep_value":0.1157130391,"offensive_value":0.1594639495,"defensive_value":-0.0437509104,"count":97},"27":{"player_id":410062,"player_name":"Ga\u00ebtan  Laborde","vaep_value":0.0225500619,"offensive_value":0.0421106252,"defensive_value":-0.0195605633,"count":49}}