{"0":{"player_id":0,"player_name":"Thomas M\u00fcller","vaep_value":0.0101536291,"offensive_value":0.0315902596,"defensive_value":-0.0214366305,"count":7},"1":{"player_id":77,"player_name":"Javier Mart\u00ednez Aginaga","vaep_value":0.0873194466,"offensive_value":0.0451836534,"defensive_value":0.0421357933,"count":53},"2":{"player_id":3281,"player_name":"James David Rodr\u00edguez Rubio","vaep_value":0.0926525656,"offensive_value":0.0610739306,"defensive_value":0.031578635,"count":69},"3":{"player_id":3416,"player_name":"Javier Mart\u00ednez Aginaga","vaep_value":0.0620393724,"offensive_value":0.057285395,"defensive_value":0.0047539774,"count":51},"4":{"player_id":11095,"player_name":"Joshua Kimmich","vaep_value":0.1503718785,"offensive_value":0.0927210458,"defensive_value":0.0576508327,"count":44},"5":{"player_id":14692,"player_name":"J\u00e9r\u00f4me Boateng","vaep_value":0.0481425256,"offensive_value":0.036038334,"defensive_value":0.0121041916,"count":40},"6":{"player_id":14696,"player_name":"Niklas S\u00fcle","vaep_value":-0.0684567238,"offensive_value":-0.1200577532,"defensive_value":0.0516010294,"count":48},"7":{"player_id":14716,"player_name":"J\u00e9r\u00f4me Gondorf","vaep_value":0.3857165308,"offensive_value":0.3797838963,"defensive_value":0.0059326346,"count":94},"8":{"player_id":14726,"player_name":"J\u00e9r\u00f4me Gondorf","vaep_value":0.0338404961,"offensive_value":0.068748276,"defensive_value":-0.0349077799,"count":94},"9":{"player_id":14727,"player_name":"Joshua Kimmich","vaep_value":-0.0858531374,"offensive_value":-0.0723612008,"defensive_value":-0.0134919366,"count":28},"10":{"player_id":14732,"player_name":"Thomas Delaney","vaep_value":1.857797322,"offensive_value":1.8627211136,"defensive_value":-0.0049237916,"count":51},"11":{"player_id":14736,"player_name":"Zlatko Junuzovi\u0107","vaep_value":0.1124761103,"offensive_value":0.1414985373,"defensive_value":-0.0290224269,"count":45},"12":{"player_id":14817,"player_name":"J\u00e9r\u00f4me Gondorf","vaep_value":1.4736991852,"offensive_value":1.4785735831,"defensive_value":-0.0048743979,"count":19},"13":{"player_id":15085,"player_name":"Max Kruse","vaep_value":-0.0180126225,"offensive_value":-0.0198055785,"defensive_value":0.001792956,"count":7},"14":{"player_id":16025,"player_name":"Hans Carl Ludwig Augustinsson","vaep_value":0.1580047041,"offensive_value":0.1501766587,"defensive_value":0.0078280454,"count":65},"15":{"player_id":17136,"player_name":"J\u00e9r\u00f4me Gondorf","vaep_value":0.6902980919,"offensive_value":0.738218013,"defensive_value":-0.0479199211,"count":34},"16":{"player_id":20475,"player_name":"Philipp Bargfrede","vaep_value":0.0758044825,"offensive_value":0.0466406173,"defensive_value":0.0291638652,"count":47},"17":{"player_id":20692,"player_name":"J\u00e9r\u00f4me Gondorf","vaep_value":-0.0601263579,"offensive_value":-0.056944737,"defensive_value":-0.003181621,"count":4},"18":{"player_id":51217,"player_name":"Max Kruse","vaep_value":0.1669346748,"offensive_value":0.1932799672,"defensive_value":-0.0263452923,"count":45},"19":{"player_id":55990,"player_name":"Niklas Moisander","vaep_value":0.1634724024,"offensive_value":0.0990238145,"defensive_value":0.0644485878,"count":50},"20":{"player_id":65055,"player_name":"Hans Carl Ludwig Augustinsson","vaep_value":-0.027085383,"offensive_value":-0.0085561238,"defensive_value":-0.0185292591,"count":9},"21":{"player_id":70096,"player_name":"Thomas M\u00fcller","vaep_value":0.7714226341,"offensive_value":0.7833216931,"defensive_value":-0.0118990591,"count":114},"22":{"player_id":82340,"player_name":"Joshua Kimmich","vaep_value":0.127642441,"offensive_value":0.0003187573,"defensive_value":0.1273236837,"count":28},"23":{"player_id":134383,"player_name":"Robert Bauer","vaep_value":0.085319249,"offensive_value":0.1217726051,"defensive_value":-0.0364533562,"count":95},"24":{"player_id":223516,"player_name":"Niklas Moisander","vaep_value":0.1118156716,"offensive_value":0.0654813732,"defensive_value":0.0463342983,"count":30},"25":{"player_id":224593,"player_name":"Niklas Moisander","vaep_value":0.3854328263,"offensive_value":0.3716950882,"defensive_value":0.0137377381,"count":97},"26":{"player_id":231139,"player_name":"Niklas S\u00fcle","vaep_value":0.0802984058,"offensive_value":0.0680129598,"defensive_value":0.012285446,"count":27},"27":{"player_id":253822,"player_name":"Milos Veljkovic","vaep_value":0.0382696433,"offensive_value":0.1014984299,"defensive_value":-0.0632287866,"count":44},"28":{"player_id":272440,"player_name":"Ji\u0159\u00ed Pavlenka","vaep_value":0.080842924,"offensive_value":0.0427775588,"defensive_value":0.0380653652,"count":34}}