{"0":{"player_id":0,"player_name":"Lucas P\u00e9rez Mart\u00ednez","vaep_value":-0.0054900104,"offensive_value":0.025347912,"defensive_value":-0.0308379224,"count":6},"1":{"player_id":3325,"player_name":"Emre \u00c7olak","vaep_value":0.0584524543,"offensive_value":0.0859290749,"defensive_value":-0.0274766206,"count":61},"2":{"player_id":3451,"player_name":"Emre \u00c7olak","vaep_value":-0.0314621577,"offensive_value":-0.0118216674,"defensive_value":-0.0196404903,"count":22},"3":{"player_id":3554,"player_name":"Gabriel Appelt Pires","vaep_value":0.0312645815,"offensive_value":0.0662271895,"defensive_value":-0.034962608,"count":30},"4":{"player_id":3934,"player_name":"Pedro Mosquera Parada","vaep_value":-0.2907433491,"offensive_value":-0.2588989904,"defensive_value":-0.0318443587,"count":62},"5":{"player_id":3963,"player_name":"Luis Carlos Correia Pinto","vaep_value":0.163085928,"offensive_value":0.1759300865,"defensive_value":-0.0128441586,"count":38},"6":{"player_id":4013,"player_name":"Joseba Zald\u00faa Bengoetxea","vaep_value":0.1120843968,"offensive_value":0.0818912131,"defensive_value":0.0301931837,"count":56},"7":{"player_id":4440,"player_name":"Pedro Mosquera Parada","vaep_value":0.0140125469,"offensive_value":-0.0544703994,"defensive_value":0.0684829463,"count":15},"8":{"player_id":4511,"player_name":"Unai Bustinza Mart\u00ednez","vaep_value":0.0673288942,"offensive_value":0.024921135,"defensive_value":0.0424077591,"count":30},"9":{"player_id":5481,"player_name":"Joseba Zald\u00faa Bengoetxea","vaep_value":-0.0877997563,"offensive_value":-0.0922213253,"defensive_value":0.0044215689,"count":29},"10":{"player_id":6165,"player_name":"Gabriel Appelt Pires","vaep_value":-0.0782042205,"offensive_value":-0.0663861488,"defensive_value":-0.0118180717,"count":9},"11":{"player_id":6281,"player_name":"Nabil El Zhar","vaep_value":0.1902161362,"offensive_value":0.2048995491,"defensive_value":-0.014683413,"count":80},"12":{"player_id":6365,"player_name":"Nabil El Zhar","vaep_value":0.0349686159,"offensive_value":0.0772005505,"defensive_value":-0.0422319346,"count":46},"13":{"player_id":6370,"player_name":"Gabriel Appelt Pires","vaep_value":-0.1001304394,"offensive_value":-0.0819342564,"defensive_value":-0.018196183,"count":40},"14":{"player_id":6513,"player_name":"Joseba Zald\u00faa Bengoetxea","vaep_value":-0.012601309,"offensive_value":-0.0050021149,"defensive_value":-0.0075991941,"count":2},"15":{"player_id":7302,"player_name":"Fabian Lukas Sch\u00e4r","vaep_value":0.2344076838,"offensive_value":0.0234084412,"defensive_value":0.2109992426,"count":64},"16":{"player_id":26167,"player_name":"Joseba Zald\u00faa Bengoetxea","vaep_value":-0.1228206744,"offensive_value":-0.1161667467,"defensive_value":-0.0066539277,"count":3},"17":{"player_id":32652,"player_name":"Celso Borges Mora","vaep_value":0.0856871153,"offensive_value":0.094480143,"defensive_value":-0.0087930277,"count":44},"18":{"player_id":32968,"player_name":"Celso Borges Mora","vaep_value":0.1187417676,"offensive_value":0.1361747519,"defensive_value":-0.0174329843,"count":60},"19":{"player_id":40614,"player_name":"Pedro Mosquera Parada","vaep_value":0.2047417182,"offensive_value":0.1848869692,"defensive_value":0.019854749,"count":60},"20":{"player_id":43051,"player_name":"Dimitrios Siovas","vaep_value":0.2098678995,"offensive_value":0.1564122456,"defensive_value":0.0534556539,"count":71},"21":{"player_id":50102,"player_name":"Iv\u00e1n Cu\u00e9llar Sacrist\u00e1n","vaep_value":0.0807228631,"offensive_value":-0.1242075705,"defensive_value":0.2049304335,"count":62},"22":{"player_id":51004,"player_name":"Guilherme dos Santos Torres","vaep_value":0.0776754451,"offensive_value":0.0762097989,"defensive_value":0.0014656462,"count":55},"23":{"player_id":70451,"player_name":"Emre \u00c7olak","vaep_value":0.1669312224,"offensive_value":0.23190614,"defensive_value":-0.0649749176,"count":74},"24":{"player_id":93003,"player_name":"Iv\u00e1n Cu\u00e9llar Sacrist\u00e1n","vaep_value":0.0765641362,"offensive_value":0.0685076262,"defensive_value":0.00805651,"count":45},"25":{"player_id":105541,"player_name":"Gabriel Appelt Pires","vaep_value":-0.1040317493,"offensive_value":-0.0835100293,"defensive_value":-0.0205217201,"count":32},"26":{"player_id":127928,"player_name":"Gabriel Appelt Pires","vaep_value":0.0057089124,"offensive_value":0.0066794606,"defensive_value":-0.0009705483,"count":3},"27":{"player_id":169002,"player_name":"Guilherme dos Santos Torres","vaep_value":0.4821190114,"offensive_value":0.5268703974,"defensive_value":-0.044751386,"count":96},"28":{"player_id":364005,"player_name":"Unai Bustinza Mart\u00ednez","vaep_value":0.0101056258,"offensive_value":0.005267476,"defensive_value":0.0048381499,"count":18}}