{"0":{"player_id":0,"player_name":"Moussa Konat\u00e9","vaep_value":0.0243020544,"offensive_value":0.0775869538,"defensive_value":-0.0532848993,"count":15},"1":{"player_id":382,"player_name":"Charles Traor\u00e9","vaep_value":-0.2194220065,"offensive_value":-0.1804937972,"defensive_value":-0.0389282093,"count":25},"2":{"player_id":25492,"player_name":"Hyun-Jun Suk","vaep_value":0.2233106884,"offensive_value":0.1531520782,"defensive_value":0.0701586102,"count":74},"3":{"player_id":25891,"player_name":"Bongani Zungu","vaep_value":-0.0082103747,"offensive_value":-0.0706881753,"defensive_value":0.0624778006,"count":21},"4":{"player_id":25930,"player_name":"Charles Traor\u00e9","vaep_value":0.1386868462,"offensive_value":0.1217715528,"defensive_value":0.0169152934,"count":25},"5":{"player_id":25937,"player_name":"Oswaldo Augusto Vizcarrondo Ara\u00fajo","vaep_value":0.1035413814,"offensive_value":0.0844411479,"defensive_value":0.0191002336,"count":71},"6":{"player_id":25938,"player_name":"Moussa Konat\u00e9","vaep_value":0.1008011529,"offensive_value":0.105644417,"defensive_value":-0.0048432641,"count":16},"7":{"player_id":25957,"player_name":"Serge Gakp\u00e9","vaep_value":0.308082581,"offensive_value":0.2821635546,"defensive_value":0.0259190265,"count":75},"8":{"player_id":25990,"player_name":"Serge Gakp\u00e9","vaep_value":0.1153067944,"offensive_value":0.1260469849,"defensive_value":-0.0107401905,"count":65},"9":{"player_id":26134,"player_name":"Ga\u00ebl Kakuta","vaep_value":0.0830846047,"offensive_value":0.1071058373,"defensive_value":-0.0240212326,"count":67},"10":{"player_id":26384,"player_name":"Serge Gakp\u00e9","vaep_value":-0.0215230474,"offensive_value":-0.0153383786,"defensive_value":-0.0061846687,"count":58},"11":{"player_id":26583,"player_name":"Charles Traor\u00e9","vaep_value":0.1430918626,"offensive_value":0.2160157254,"defensive_value":-0.0729238628,"count":48},"12":{"player_id":28866,"player_name":"Samuel Grandsir","vaep_value":-0.0646163166,"offensive_value":-0.0906255859,"defensive_value":0.0260092693,"count":56},"13":{"player_id":29291,"player_name":"Hyun-Jun Suk","vaep_value":0.0804071006,"offensive_value":0.082777283,"defensive_value":-0.0023701824,"count":46},"14":{"player_id":29641,"player_name":"Prince-D\u00e9sir Gouano","vaep_value":-0.0287372536,"offensive_value":-0.0015993337,"defensive_value":-0.0271379199,"count":37},"15":{"player_id":30320,"player_name":"Charles Traor\u00e9","vaep_value":0.0256352988,"offensive_value":0.1560308411,"defensive_value":-0.1303955422,"count":79},"16":{"player_id":38095,"player_name":"Bongani Zungu","vaep_value":-0.1188597566,"offensive_value":-0.0736823955,"defensive_value":-0.0451773611,"count":40},"17":{"player_id":93044,"player_name":"Bongani Zungu","vaep_value":1.0298390174,"offensive_value":1.0106788195,"defensive_value":0.0191601979,"count":21},"18":{"player_id":97582,"player_name":"Karim Azamoum","vaep_value":-0.307401862,"offensive_value":-0.2676334886,"defensive_value":-0.0397683734,"count":49},"19":{"player_id":112377,"player_name":"Abdul Khaled Akiola Ad\u00e9non","vaep_value":-0.0044675535,"offensive_value":0.0105387047,"defensive_value":-0.0150062582,"count":32},"20":{"player_id":132972,"player_name":"Bakaye Dibassy","vaep_value":0.0124361337,"offensive_value":0.0243758899,"defensive_value":-0.0119397562,"count":7},"21":{"player_id":214710,"player_name":"Harisson Manzala","vaep_value":0.1913428986,"offensive_value":0.049585384,"defensive_value":0.1417575147,"count":66},"22":{"player_id":219350,"player_name":"Bakaye Dibassy","vaep_value":-0.0787882825,"offensive_value":-0.0722617602,"defensive_value":-0.0065265222,"count":5},"23":{"player_id":229198,"player_name":"Thomas Monconduit","vaep_value":0.186482685,"offensive_value":0.1946577656,"defensive_value":-0.0081750805,"count":41},"24":{"player_id":244357,"player_name":"Bongani Zungu","vaep_value":0.1168774703,"offensive_value":0.090626233,"defensive_value":0.0262512373,"count":59},"25":{"player_id":274345,"player_name":"Oualid El Hajjam","vaep_value":-0.149673616,"offensive_value":-0.1511678738,"defensive_value":0.0014942577,"count":3},"26":{"player_id":275243,"player_name":"Prince-D\u00e9sir Gouano","vaep_value":-0.0483902668,"offensive_value":0.0256758183,"defensive_value":-0.074066085,"count":61},"27":{"player_id":295761,"player_name":"Abdul Khaled Akiola Ad\u00e9non","vaep_value":0.263092313,"offensive_value":0.2162698798,"defensive_value":0.0468224331,"count":44},"28":{"player_id":393284,"player_name":"Thomas Monconduit","vaep_value":0.3782930499,"offensive_value":0.2701018658,"defensive_value":0.1081911841,"count":79}}