{"0":{"player_id":0,"player_name":"Gonzalo Gerardo Higua\u00edn","vaep_value":0.0201975354,"offensive_value":0.0363023421,"defensive_value":-0.0161048067,"count":5},"1":{"player_id":394,"player_name":"Claudio Marchisio","vaep_value":0.140687485,"offensive_value":0.1127022028,"defensive_value":0.0279852822,"count":95},"2":{"player_id":3318,"player_name":"Kwadwo Asamoah","vaep_value":-0.0791475732,"offensive_value":-0.090262559,"defensive_value":0.0111149858,"count":49},"3":{"player_id":3323,"player_name":"Giorgio Chiellini","vaep_value":-0.5513724659,"offensive_value":-0.5434312417,"defensive_value":-0.0079412243,"count":27},"4":{"player_id":7849,"player_name":"Daniele Rugani","vaep_value":0.0257408031,"offensive_value":0.0456308986,"defensive_value":-0.0198900955,"count":31},"5":{"player_id":14943,"player_name":"Sami Khedira","vaep_value":0.0434986991,"offensive_value":0.0414513927,"defensive_value":0.0020473064,"count":9},"6":{"player_id":20395,"player_name":"Mattia De Sciglio","vaep_value":0.3610930006,"offensive_value":0.3144653116,"defensive_value":0.046627689,"count":122},"7":{"player_id":20422,"player_name":"Daniele Rugani","vaep_value":-0.2133409966,"offensive_value":-0.1997940193,"defensive_value":-0.0135469773,"count":18},"8":{"player_id":20461,"player_name":"Giorgio Chiellini","vaep_value":-0.0011988003,"offensive_value":0.0207852791,"defensive_value":-0.0219840794,"count":111},"9":{"player_id":20470,"player_name":"Daniele Rugani","vaep_value":0.1891899217,"offensive_value":0.1460955725,"defensive_value":0.0430943492,"count":84},"10":{"player_id":20540,"player_name":"Mattia De Sciglio","vaep_value":0.053637483,"offensive_value":0.0478614088,"defensive_value":0.0057760742,"count":33},"11":{"player_id":20588,"player_name":"Douglas  Costa de Souza","vaep_value":0.0851697812,"offensive_value":0.0997825307,"defensive_value":-0.0146127495,"count":99},"12":{"player_id":20938,"player_name":"Douglas  Costa de Souza","vaep_value":0.1979088397,"offensive_value":0.0072101835,"defensive_value":0.1906986561,"count":53},"13":{"player_id":21290,"player_name":"Sami Khedira","vaep_value":0.0076329386,"offensive_value":0.0243982417,"defensive_value":-0.0167653031,"count":36},"14":{"player_id":22677,"player_name":"Daniele Rugani","vaep_value":-0.4807120905,"offensive_value":0.0457092209,"defensive_value":-0.5264213114,"count":78},"15":{"player_id":25437,"player_name":"Giorgio Chiellini","vaep_value":-0.0043393262,"offensive_value":-0.0060775906,"defensive_value":0.0017382645,"count":16},"16":{"player_id":50069,"player_name":"Kwadwo Asamoah","vaep_value":-0.0231332232,"offensive_value":0.0523161497,"defensive_value":-0.0754493729,"count":104},"17":{"player_id":89186,"player_name":"Giorgio Chiellini","vaep_value":1.6071463256,"offensive_value":1.5950193654,"defensive_value":0.0121269602,"count":75},"18":{"player_id":105334,"player_name":"Claudio Marchisio","vaep_value":0.3430718351,"offensive_value":0.3411893143,"defensive_value":0.0018825207,"count":63},"19":{"player_id":131184,"player_name":"Paulo Bruno Exequiel Dybala","vaep_value":-0.1233180068,"offensive_value":-0.0330883341,"defensive_value":-0.0902296727,"count":79},"20":{"player_id":134427,"player_name":"Douglas  Costa de Souza","vaep_value":0.1413364996,"offensive_value":0.1619983017,"defensive_value":-0.0206618021,"count":84},"21":{"player_id":134508,"player_name":"Sami Khedira","vaep_value":0.0691884409,"offensive_value":0.0041726914,"defensive_value":0.0650157495,"count":64},"22":{"player_id":213948,"player_name":"Douglas  Costa de Souza","vaep_value":0.0081116786,"offensive_value":0.0163471451,"defensive_value":-0.0082354664,"count":13},"23":{"player_id":234533,"player_name":"Kwadwo Asamoah","vaep_value":-0.0082781618,"offensive_value":0.0012909442,"defensive_value":-0.0095691059,"count":7},"24":{"player_id":248950,"player_name":"Paulo Bruno Exequiel Dybala","vaep_value":0.1382675538,"offensive_value":0.0604218704,"defensive_value":0.0778456833,"count":67},"25":{"player_id":265172,"player_name":"Bram Nuytinck","vaep_value":0.1130173597,"offensive_value":0.0909957775,"defensive_value":0.0220215822,"count":38},"26":{"player_id":300669,"player_name":"Valon Behrami","vaep_value":0.0468608427,"offensive_value":0.0367339693,"defensive_value":0.0101268734,"count":24},"27":{"player_id":354547,"player_name":"Anton\u00edn Bar\u00e1k","vaep_value":0.1618875072,"offensive_value":0.1371248198,"defensive_value":0.0247626874,"count":32},"28":{"player_id":361807,"player_name":"Jakub Jankto","vaep_value":0.0187940747,"offensive_value":0.0167698767,"defensive_value":0.002024198,"count":3}}