{"0":{"player_id":0,"player_name":"Laurent Depoitre","vaep_value":-0.0014340275,"offensive_value":0.0288381972,"defensive_value":-0.0302722247,"count":8},"1":{"player_id":74,"player_name":"Jonathan Hogg","vaep_value":0.1761393105,"offensive_value":0.1494654496,"defensive_value":0.0266738608,"count":105},"2":{"player_id":116,"player_name":"Tom Smith","vaep_value":0.7923406568,"offensive_value":0.761185272,"defensive_value":0.0311553848,"count":61},"3":{"player_id":173,"player_name":"Alberto Moreno P\u00e9rez","vaep_value":-0.0577095136,"offensive_value":0.0014400133,"defensive_value":-0.0591495269,"count":15},"4":{"player_id":4908,"player_name":"Alberto Moreno P\u00e9rez","vaep_value":0.1524225351,"offensive_value":0.1414574208,"defensive_value":0.0109651143,"count":102},"5":{"player_id":7868,"player_name":"James Milner","vaep_value":0.0932317074,"offensive_value":0.0724713206,"defensive_value":0.0207603868,"count":27},"6":{"player_id":7907,"player_name":"Simon Mignolet","vaep_value":0.8103918621,"offensive_value":0.8165546001,"defensive_value":-0.006162738,"count":30},"7":{"player_id":7964,"player_name":"Christopher Schindler","vaep_value":0.2818341669,"offensive_value":0.2233432556,"defensive_value":0.0584909113,"count":146},"8":{"player_id":8319,"player_name":"Joe Gomez","vaep_value":0.3544909667,"offensive_value":0.3768718666,"defensive_value":-0.0223808998,"count":106},"9":{"player_id":8514,"player_name":"Jordan Brian Henderson","vaep_value":0.0558817736,"offensive_value":0.0508826412,"defensive_value":0.0049991324,"count":28},"10":{"player_id":8897,"player_name":"Ragnar Klavan","vaep_value":0.0473100983,"offensive_value":0.0769659879,"defensive_value":-0.0296558896,"count":49},"11":{"player_id":9419,"player_name":"Alberto Moreno P\u00e9rez","vaep_value":0.0369986514,"offensive_value":0.000807223,"defensive_value":0.0361914284,"count":27},"12":{"player_id":11078,"player_name":"Jordan Brian Henderson","vaep_value":-0.1998741524,"offensive_value":0.0692093184,"defensive_value":-0.2690834708,"count":53},"13":{"player_id":14796,"player_name":"James Milner","vaep_value":0.1368109411,"offensive_value":0.071831593,"defensive_value":0.0649793481,"count":44},"14":{"player_id":14870,"player_name":"Mohamed  Salah Ghaly","vaep_value":0.2300174764,"offensive_value":0.2285309844,"defensive_value":0.0014864921,"count":101},"15":{"player_id":15215,"player_name":"James Milner","vaep_value":0.2978289466,"offensive_value":0.0392551516,"defensive_value":0.258573795,"count":34},"16":{"player_id":15808,"player_name":"Jo\u00ebl Andre Job Matip","vaep_value":0.9289158612,"offensive_value":0.9390707277,"defensive_value":-0.0101548665,"count":47},"17":{"player_id":15823,"player_name":"Alberto Moreno P\u00e9rez","vaep_value":0.0017917296,"offensive_value":-0.0007552663,"defensive_value":0.0025469959,"count":13},"18":{"player_id":16122,"player_name":"Ragnar Klavan","vaep_value":-0.093584498,"offensive_value":-0.0301843697,"defensive_value":-0.0634001284,"count":12},"19":{"player_id":18550,"player_name":"Joe Gomez","vaep_value":0.1509837733,"offensive_value":0.1412669434,"defensive_value":0.0097168299,"count":20},"20":{"player_id":38377,"player_name":"Jordan Brian Henderson","vaep_value":-0.0082588891,"offensive_value":0.0045223391,"defensive_value":-0.0127812282,"count":28},"21":{"player_id":55979,"player_name":"Georginio Wijnaldum","vaep_value":0.1480850327,"offensive_value":0.0191563818,"defensive_value":0.1289286509,"count":38},"22":{"player_id":56038,"player_name":"Alberto Moreno P\u00e9rez","vaep_value":0.2128413345,"offensive_value":0.1528582666,"defensive_value":0.0599830679,"count":39},"23":{"player_id":62389,"player_name":"Ragnar Klavan","vaep_value":0.1339950151,"offensive_value":-0.0067919491,"defensive_value":0.1407869642,"count":42},"24":{"player_id":120353,"player_name":"Joe Gomez","vaep_value":-0.6255621391,"offensive_value":-0.605175506,"defensive_value":-0.0203866331,"count":50},"25":{"player_id":214654,"player_name":"Mohamed  Salah Ghaly","vaep_value":0.0196475605,"offensive_value":0.0195487731,"defensive_value":0.0000987875,"count":7},"26":{"player_id":257899,"player_name":"Jo\u00ebl Andre Job Matip","vaep_value":0.4288561245,"offensive_value":0.3760637506,"defensive_value":0.0527923739,"count":121},"27":{"player_id":282550,"player_name":"Alberto Moreno P\u00e9rez","vaep_value":0.0902969722,"offensive_value":0.0547078665,"defensive_value":0.0355891057,"count":14},"28":{"player_id":286831,"player_name":"Ragnar Klavan","vaep_value":0.1074628282,"offensive_value":0.1108472906,"defensive_value":-0.0033844624,"count":11}}