{"0":{"player_id":0,"player_name":"Wesley Sa\u00efd","vaep_value":0.0057685139,"offensive_value":0.0410701036,"defensive_value":-0.0353015898,"count":15},"1":{"player_id":7986,"player_name":"Papiss Mison Djilobodji","vaep_value":0.0639572057,"offensive_value":0.0649152742,"defensive_value":-0.0009580685,"count":48},"2":{"player_id":15004,"player_name":"Julien F\u00e9ret","vaep_value":-0.2515817754,"offensive_value":-0.2338757496,"defensive_value":-0.0177060257,"count":34},"3":{"player_id":25384,"player_name":"Fr\u00e9d\u00e9ric Guilbert","vaep_value":0.1167781048,"offensive_value":0.1424644047,"defensive_value":-0.0256862999,"count":24},"4":{"player_id":25524,"player_name":"Ivan Santini","vaep_value":0.0492173319,"offensive_value":0.0580785382,"defensive_value":-0.0088612062,"count":40},"5":{"player_id":25647,"player_name":"Ivan Santini","vaep_value":-0.3480232827,"offensive_value":0.0685244928,"defensive_value":-0.4165477755,"count":79},"6":{"player_id":25704,"player_name":"Enzo Crivelli","vaep_value":0.0942025213,"offensive_value":-0.017925512,"defensive_value":0.1121280333,"count":50},"7":{"player_id":25715,"player_name":"Alexander Djiku","vaep_value":0.2520538651,"offensive_value":0.2558111551,"defensive_value":-0.00375729,"count":78},"8":{"player_id":25835,"player_name":"Oussama Haddadi","vaep_value":0.0730181984,"offensive_value":0.0112501557,"defensive_value":0.0617680426,"count":17},"9":{"player_id":25947,"player_name":"Damien Da Silva","vaep_value":0.0105725732,"offensive_value":0.0031958735,"defensive_value":0.0073766997,"count":5},"10":{"player_id":26024,"player_name":"Damien Da Silva","vaep_value":0.1063918819,"offensive_value":0.1347401644,"defensive_value":-0.0283482824,"count":39},"11":{"player_id":26069,"player_name":"Florent Balmont","vaep_value":-0.0267429692,"offensive_value":-0.0157833921,"defensive_value":-0.010959577,"count":21},"12":{"player_id":26100,"player_name":"Ronny Rodelin","vaep_value":0.1390599897,"offensive_value":0.1354008028,"defensive_value":0.0036591869,"count":11},"13":{"player_id":26124,"player_name":"Romain Amalfitano","vaep_value":-0.006766889,"offensive_value":-0.0046373159,"defensive_value":-0.0021295731,"count":1},"14":{"player_id":26311,"player_name":"Ivan Santini","vaep_value":-0.0011710026,"offensive_value":0.0057118526,"defensive_value":-0.0068828552,"count":64},"15":{"player_id":26365,"player_name":"Ronny Rodelin","vaep_value":0.3226547698,"offensive_value":0.1403276406,"defensive_value":0.1823271292,"count":38},"16":{"player_id":26399,"player_name":"Alexander Djiku","vaep_value":0.1293695034,"offensive_value":0.1013228769,"defensive_value":0.0280466265,"count":32},"17":{"player_id":26528,"player_name":"Enzo Crivelli","vaep_value":0.100164336,"offensive_value":0.0675166943,"defensive_value":0.0326476417,"count":58},"18":{"player_id":27354,"player_name":"Alexander Djiku","vaep_value":0.3755372616,"offensive_value":0.3886809897,"defensive_value":-0.0131437281,"count":19},"19":{"player_id":28908,"player_name":"Damien Da Silva","vaep_value":-0.0432331648,"offensive_value":0.1288159159,"defensive_value":-0.1720490807,"count":68},"20":{"player_id":38015,"player_name":"R\u00e9my Vercoutre","vaep_value":0.2694618578,"offensive_value":0.269836449,"defensive_value":-0.0003745912,"count":64},"21":{"player_id":120717,"player_name":"Papiss Mison Djilobodji","vaep_value":0.1464431194,"offensive_value":0.0405274833,"defensive_value":0.1059156362,"count":67},"22":{"player_id":149054,"player_name":"Stef Peeters","vaep_value":-0.2108201658,"offensive_value":-0.21735034,"defensive_value":0.0065301742,"count":29},"23":{"player_id":215036,"player_name":"Mehdi Abeid","vaep_value":0.1218479419,"offensive_value":0.0890443742,"defensive_value":0.0328035677,"count":45},"24":{"player_id":229427,"player_name":"Damien Da Silva","vaep_value":0.0881844737,"offensive_value":0.0403653762,"defensive_value":0.0478190975,"count":52},"25":{"player_id":275032,"player_name":"Oussama Haddadi","vaep_value":0.8893370559,"offensive_value":0.9439572821,"defensive_value":-0.0546202263,"count":40},"26":{"player_id":393214,"player_name":"Wesley Lautoa","vaep_value":0.084078574,"offensive_value":0.1804799892,"defensive_value":-0.0964014152,"count":68},"27":{"player_id":399576,"player_name":"Papiss Mison Djilobodji","vaep_value":0.089154194,"offensive_value":0.0838609091,"defensive_value":0.0052932849,"count":9},"28":{"player_id":493412,"player_name":"C\u00e9dric Yamber\u00e9","vaep_value":0.2025141456,"offensive_value":0.2592169553,"defensive_value":-0.0567028097,"count":84}}