{"0":{"player_id":0,"player_name":"Will Hughes","vaep_value":0.0198544348,"offensive_value":0.0303395842,"defensive_value":-0.0104851495,"count":4},"1":{"player_id":160,"player_name":"Abdoulaye Doucour\u00e9","vaep_value":0.0235655154,"offensive_value":0.1138738557,"defensive_value":-0.0903083403,"count":56},"2":{"player_id":3351,"player_name":"Matthew Lowton","vaep_value":0.0482802457,"offensive_value":0.0470785528,"defensive_value":0.0012016929,"count":72},"3":{"player_id":8125,"player_name":"Adrian Mariappa","vaep_value":0.8550509604,"offensive_value":0.7465550019,"defensive_value":0.1084959585,"count":43},"4":{"player_id":8284,"player_name":"Roberto Maximiliano Pereyra","vaep_value":-0.0108418445,"offensive_value":0.0952823677,"defensive_value":-0.1061242122,"count":21},"5":{"player_id":8433,"player_name":"Roberto Maximiliano Pereyra","vaep_value":0.0522618504,"offensive_value":0.1180874401,"defensive_value":-0.0658255897,"count":65},"6":{"player_id":8643,"player_name":"Jos\u00e9 Holebas","vaep_value":0.2820080987,"offensive_value":0.2202765698,"defensive_value":0.0617315288,"count":56},"7":{"player_id":8889,"player_name":"Adrian Mariappa","vaep_value":0.0076679926,"offensive_value":0.0584424387,"defensive_value":-0.0507744461,"count":37},"8":{"player_id":8903,"player_name":"Nick Pope","vaep_value":0.1286072307,"offensive_value":0.1342187099,"defensive_value":-0.0056114792,"count":31},"9":{"player_id":8925,"player_name":"James  Tarkowski","vaep_value":0.3666334636,"offensive_value":0.359142205,"defensive_value":0.0074912586,"count":56},"10":{"player_id":8980,"player_name":"Stephen Ward","vaep_value":0.0116072567,"offensive_value":0.0085269327,"defensive_value":0.003080324,"count":6},"11":{"player_id":8981,"player_name":"Nick Pope","vaep_value":0.3331692829,"offensive_value":0.2773649241,"defensive_value":0.0558043588,"count":53},"12":{"player_id":9123,"player_name":"Abdoulaye Doucour\u00e9","vaep_value":-0.2140649696,"offensive_value":-0.2279338877,"defensive_value":0.0138689182,"count":30},"13":{"player_id":9127,"player_name":"Georges-Kevin N'Koudou Mbida","vaep_value":0.9278709488,"offensive_value":0.9320725503,"defensive_value":-0.0042016015,"count":6},"14":{"player_id":9206,"player_name":"Daryl Janmaat","vaep_value":0.0470826286,"offensive_value":0.0580583354,"defensive_value":-0.0109757069,"count":23},"15":{"player_id":9433,"player_name":"Ashley Westwood","vaep_value":0.0549626814,"offensive_value":0.0679679422,"defensive_value":-0.0130052608,"count":47},"16":{"player_id":10108,"player_name":"Ashley Westwood","vaep_value":0.160598511,"offensive_value":0.1804557084,"defensive_value":-0.0198571974,"count":36},"17":{"player_id":12242,"player_name":"Adrian Mariappa","vaep_value":0.1803687701,"offensive_value":0.26038878,"defensive_value":-0.0800200099,"count":43},"18":{"player_id":14688,"player_name":"Adrian Mariappa","vaep_value":0.3287193374,"offensive_value":0.109867293,"defensive_value":0.2188520443,"count":44},"19":{"player_id":20505,"player_name":"Etienne Capoue","vaep_value":-0.1969492438,"offensive_value":-0.1682183556,"defensive_value":-0.0287308882,"count":7},"20":{"player_id":20593,"player_name":"Aaron  Lennon","vaep_value":0.9545333339,"offensive_value":0.8997432965,"defensive_value":0.0547900375,"count":69},"21":{"player_id":25798,"player_name":"Matthew Lowton","vaep_value":0.1433066593,"offensive_value":0.1133383958,"defensive_value":0.0299682635,"count":60},"22":{"player_id":28292,"player_name":"Orestis Karnezis","vaep_value":-0.0058163145,"offensive_value":-0.0436537075,"defensive_value":0.037837393,"count":63},"23":{"player_id":70156,"player_name":"Aaron  Lennon","vaep_value":0.0661931876,"offensive_value":0.0678566815,"defensive_value":-0.0016634939,"count":9},"24":{"player_id":92864,"player_name":"Etienne Capoue","vaep_value":0.0920352429,"offensive_value":0.1269234158,"defensive_value":-0.0348881729,"count":25},"25":{"player_id":92899,"player_name":"Etienne Capoue","vaep_value":-0.0305936877,"offensive_value":0.0717603953,"defensive_value":-0.102354083,"count":81},"26":{"player_id":270828,"player_name":"Jos\u00e9 Holebas","vaep_value":0.0142939083,"offensive_value":-0.0052432239,"defensive_value":0.0195371321,"count":17},"27":{"player_id":377071,"player_name":"Adrian Mariappa","vaep_value":0.0373206578,"offensive_value":0.0385131239,"defensive_value":-0.0011924661,"count":6}}