{"0":{"player_id":0,"player_name":"Mario G\u00f3mez Garc\u00eda","vaep_value":0.036479197,"offensive_value":0.0392296379,"defensive_value":-0.002750441,"count":4},"1":{"player_id":7904,"player_name":"Christian Gentner","vaep_value":-0.2530031386,"offensive_value":-0.2264551593,"defensive_value":-0.0265479793,"count":41},"2":{"player_id":14715,"player_name":"Benjamin Pavard","vaep_value":-0.0111060825,"offensive_value":0.0014861412,"defensive_value":-0.0125922237,"count":5},"3":{"player_id":14731,"player_name":"Ron-Robert Zieler","vaep_value":-0.0493550071,"offensive_value":-0.0383308412,"defensive_value":-0.0110241659,"count":40},"4":{"player_id":14754,"player_name":"Marcin Kami\u0144ski","vaep_value":0.3056332543,"offensive_value":0.2034334571,"defensive_value":0.1021997973,"count":88},"5":{"player_id":14762,"player_name":"Ron-Robert Zieler","vaep_value":0.040223641,"offensive_value":0.040413138,"defensive_value":-0.000189497,"count":8},"6":{"player_id":14845,"player_name":"Marvin Plattenhardt","vaep_value":0.0294620781,"offensive_value":0.0340594542,"defensive_value":-0.0045973761,"count":10},"7":{"player_id":14885,"player_name":"Benjamin Pavard","vaep_value":-0.0384817145,"offensive_value":-0.0084544515,"defensive_value":-0.030027263,"count":84},"8":{"player_id":14905,"player_name":"Santiago Lionel Ascac\u00edbar","vaep_value":0.1590569856,"offensive_value":0.0949870747,"defensive_value":0.0640699109,"count":90},"9":{"player_id":15020,"player_name":"Benjamin Pavard","vaep_value":0.1522835093,"offensive_value":0.1239284445,"defensive_value":0.0283550648,"count":62},"10":{"player_id":15032,"player_name":"Santiago Lionel Ascac\u00edbar","vaep_value":0.1197377659,"offensive_value":0.1471227988,"defensive_value":-0.027385033,"count":41},"11":{"player_id":15103,"player_name":"Benjamin Pavard","vaep_value":0.363257285,"offensive_value":0.1259066679,"defensive_value":0.2373506171,"count":86},"12":{"player_id":15125,"player_name":"Chadrac Akolo","vaep_value":0.0436600476,"offensive_value":0.0534448269,"defensive_value":-0.0097847793,"count":59},"13":{"player_id":15276,"player_name":"Rune  Almenning Jarstein","vaep_value":0.3131850256,"offensive_value":0.3129997117,"defensive_value":0.000185314,"count":72},"14":{"player_id":54579,"player_name":"Rune  Almenning Jarstein","vaep_value":0.126607716,"offensive_value":0.1368559916,"defensive_value":-0.0102482756,"count":46},"15":{"player_id":70139,"player_name":"Dennis Aogo","vaep_value":0.1247668006,"offensive_value":0.0592679051,"defensive_value":0.0654988955,"count":16},"16":{"player_id":99410,"player_name":"Berkay \u00d6zcan","vaep_value":0.1470011837,"offensive_value":0.1402012676,"defensive_value":0.0067999162,"count":74},"17":{"player_id":134399,"player_name":"Mitchell Weiser","vaep_value":0.1109672702,"offensive_value":0.0776129242,"defensive_value":0.0333543461,"count":33},"18":{"player_id":173212,"player_name":"Mitchell Weiser","vaep_value":0.2632863515,"offensive_value":0.2474829735,"defensive_value":0.015803378,"count":97},"19":{"player_id":208652,"player_name":"Salomon Armand Magloire Kalou","vaep_value":-0.1401272501,"offensive_value":-0.0984892054,"defensive_value":-0.0416380446,"count":51},"20":{"player_id":218896,"player_name":"Timo Baumgartl","vaep_value":-0.0283936961,"offensive_value":-0.0269234851,"defensive_value":-0.001470211,"count":5},"21":{"player_id":233910,"player_name":"Timo Baumgartl","vaep_value":0.0015205569,"offensive_value":-0.0038004881,"defensive_value":0.0053210449,"count":27},"22":{"player_id":235597,"player_name":"Timo Baumgartl","vaep_value":0.2119008143,"offensive_value":0.1987486124,"defensive_value":0.0131522019,"count":55},"23":{"player_id":328131,"player_name":"Berkay \u00d6zcan","vaep_value":0.0085479025,"offensive_value":-0.0051461484,"defensive_value":0.0136940508,"count":19},"24":{"player_id":340646,"player_name":"Niklas Stark","vaep_value":0.0932407044,"offensive_value":0.1068850062,"defensive_value":-0.0136443018,"count":53},"25":{"player_id":345707,"player_name":"Arne Maier","vaep_value":0.1056580199,"offensive_value":0.0987921741,"defensive_value":0.0068658459,"count":45},"26":{"player_id":413737,"player_name":"Niklas Stark","vaep_value":0.2051810747,"offensive_value":0.1106302352,"defensive_value":0.0945508395,"count":53},"27":{"player_id":425926,"player_name":"Rune  Almenning Jarstein","vaep_value":0.1990609748,"offensive_value":0.1872214961,"defensive_value":0.0118394786,"count":77}}