{"0":{"player_id":0,"player_name":"Andrei Girotto","vaep_value":0.0335173188,"offensive_value":0.0459658907,"defensive_value":-0.012448572,"count":9},"1":{"player_id":382,"player_name":"Oswaldo Augusto Vizcarrondo Ara\u00fajo","vaep_value":0.0340561395,"offensive_value":0.0218253785,"defensive_value":0.012230761,"count":16},"2":{"player_id":20685,"player_name":"Lucas Pedro Alves De Lima","vaep_value":0.0731308588,"offensive_value":0.0431730134,"defensive_value":0.0299578455,"count":62},"3":{"player_id":25521,"player_name":"Rene Krhin","vaep_value":0.1197876654,"offensive_value":0.1919609718,"defensive_value":-0.0721733064,"count":44},"4":{"player_id":25605,"player_name":"Rene Krhin","vaep_value":0.5750154979,"offensive_value":0.6397486276,"defensive_value":-0.0647331297,"count":45},"5":{"player_id":25616,"player_name":"Christopher H\u00e9relle","vaep_value":0.0796627599,"offensive_value":0.0494915294,"defensive_value":0.0301712306,"count":8},"6":{"player_id":25891,"player_name":"Diego Carlos Santos Silva","vaep_value":0.0022445689,"offensive_value":0.0216724167,"defensive_value":-0.0194278478,"count":40},"7":{"player_id":25937,"player_name":"Erwin Zelazny","vaep_value":-0.0307525545,"offensive_value":0.0047374575,"defensive_value":-0.035490012,"count":35},"8":{"player_id":25990,"player_name":"Adrien Thomasson","vaep_value":0.0982901611,"offensive_value":0.1386234371,"defensive_value":-0.040333276,"count":72},"9":{"player_id":28314,"player_name":"Valentin Rongier","vaep_value":0.0577382733,"offensive_value":0.1055766891,"defensive_value":-0.0478384158,"count":68},"10":{"player_id":29641,"player_name":"Valentin Rongier","vaep_value":0.1068493951,"offensive_value":0.1272962027,"defensive_value":-0.0204468076,"count":42},"11":{"player_id":37714,"player_name":"Benjamin Nivet","vaep_value":0.1654108303,"offensive_value":0.1690268395,"defensive_value":-0.0036160093,"count":31},"12":{"player_id":40301,"player_name":"Chidozie Collins Awaziem","vaep_value":0.2210453217,"offensive_value":0.2557801524,"defensive_value":-0.0347348307,"count":89},"13":{"player_id":43515,"player_name":"Mathieu Deplagne","vaep_value":-0.0627757892,"offensive_value":-0.0395128962,"defensive_value":-0.023262893,"count":30},"14":{"player_id":83574,"player_name":"Adama Niane","vaep_value":0.3415111091,"offensive_value":0.1714430554,"defensive_value":0.1700680538,"count":44},"15":{"player_id":112377,"player_name":"Lucas Pedro Alves De Lima","vaep_value":0.1248423707,"offensive_value":0.0878081126,"defensive_value":0.0370342581,"count":68},"16":{"player_id":149053,"player_name":"Emiliano Sala","vaep_value":0.1632915135,"offensive_value":0.0674250361,"defensive_value":0.0958664773,"count":50},"17":{"player_id":209028,"player_name":"Fran\u00e7ois Bellugou","vaep_value":0.0066626855,"offensive_value":-0.0078171524,"defensive_value":0.014479838,"count":78},"18":{"player_id":209207,"player_name":"Lucas Pedro Alves De Lima","vaep_value":0.181432972,"offensive_value":0.1253784396,"defensive_value":0.0560545324,"count":63},"19":{"player_id":217872,"player_name":"Mathieu Deplagne","vaep_value":0.0701945899,"offensive_value":0.0740291073,"defensive_value":-0.0038345174,"count":11},"20":{"player_id":217874,"player_name":"R\u00e9mi Walter","vaep_value":0.0795156633,"offensive_value":0.0458898691,"defensive_value":0.0336257942,"count":43},"21":{"player_id":219350,"player_name":"Johann Obiang","vaep_value":-0.0635817772,"offensive_value":-0.0790893519,"defensive_value":0.0155075748,"count":25},"22":{"player_id":229697,"player_name":"Bryan Pel\u00e9","vaep_value":-0.0353398628,"offensive_value":-0.0641404283,"defensive_value":0.0288005655,"count":23},"23":{"player_id":242446,"player_name":"Johann Obiang","vaep_value":0.0511149918,"offensive_value":0.1666075022,"defensive_value":-0.1154925104,"count":104},"24":{"player_id":260002,"player_name":"Diego Carlos Santos Silva","vaep_value":0.1257881987,"offensive_value":0.0794876954,"defensive_value":0.0463005033,"count":94},"25":{"player_id":270866,"player_name":"Valentin Rongier","vaep_value":0.1652559253,"offensive_value":0.0667398758,"defensive_value":0.0985160494,"count":69},"26":{"player_id":275243,"player_name":"Lucas Pedro Alves De Lima","vaep_value":-0.0161674587,"offensive_value":-0.0105139237,"defensive_value":-0.005653535,"count":12},"27":{"player_id":295761,"player_name":"Lucas Pedro Alves De Lima","vaep_value":-0.0859792756,"offensive_value":-0.0499511689,"defensive_value":-0.0360281067,"count":48},"28":{"player_id":364772,"player_name":"Mathieu Deplagne","vaep_value":0.1353504193,"offensive_value":0.1089593482,"defensive_value":0.0263910712,"count":74}}