{"0":{"player_id":6165,"player_name":"Blerim D\u017eemaili","vaep_value":0.0043788406,"offensive_value":0.0027978448,"defensive_value":0.0015809957,"count":3},"1":{"player_id":7850,"player_name":"Granit Xhaka","vaep_value":0.2079965177,"offensive_value":0.1490033731,"defensive_value":0.0589931445,"count":68},"2":{"player_id":14922,"player_name":"R\u0103zvan Dinc\u0103 Ra\u021b","vaep_value":0.3801772292,"offensive_value":0.3644803897,"defensive_value":0.0156968394,"count":75},"3":{"player_id":20465,"player_name":"Bogdan Sorin Stancu","vaep_value":-0.2125092052,"offensive_value":0.1101871012,"defensive_value":-0.3226963064,"count":60},"4":{"player_id":20596,"player_name":"Valon Behrami","vaep_value":-0.0019175612,"offensive_value":0.0613099537,"defensive_value":-0.0632275149,"count":42},"5":{"player_id":20766,"player_name":"Johan Danon Djourou-Gbadjere","vaep_value":-0.0491230214,"offensive_value":-0.0888883102,"defensive_value":0.0397652888,"count":25},"6":{"player_id":20938,"player_name":"Johan Danon Djourou-Gbadjere","vaep_value":-0.0266687876,"offensive_value":-0.0077716263,"defensive_value":-0.0188971612,"count":78},"7":{"player_id":21169,"player_name":"Haris Seferovi\u0107","vaep_value":0.0462505012,"offensive_value":0.083894043,"defensive_value":-0.0376435418,"count":39},"8":{"player_id":26270,"player_name":"Mihai Doru Pintilii","vaep_value":-0.0316730272,"offensive_value":0.0105331781,"defensive_value":-0.0422062053,"count":26},"9":{"player_id":33235,"player_name":"Mihai Doru Pintilii","vaep_value":0.03412267,"offensive_value":0.2177581481,"defensive_value":-0.1836354781,"count":27},"10":{"player_id":49855,"player_name":"Ricardo Iv\u00e1n Rodr\u00edguez Araya","vaep_value":0.084330849,"offensive_value":0.154414627,"defensive_value":-0.070083778,"count":37},"11":{"player_id":49872,"player_name":"Ricardo Iv\u00e1n Rodr\u00edguez Araya","vaep_value":-0.1878194419,"offensive_value":-0.1176524841,"defensive_value":-0.0701669579,"count":62},"12":{"player_id":49876,"player_name":"Gabriel Andrei Torje","vaep_value":0.2591664413,"offensive_value":0.1973391873,"defensive_value":0.0618272541,"count":119},"13":{"player_id":49977,"player_name":"Gabriel Andrei Torje","vaep_value":0.0170352635,"offensive_value":0.0040211489,"defensive_value":0.0130141146,"count":7},"14":{"player_id":50102,"player_name":"Gabriel Andrei Torje","vaep_value":0.0428036349,"offensive_value":0.1399757296,"defensive_value":-0.0971720947,"count":82},"15":{"player_id":70090,"player_name":"Johan Danon Djourou-Gbadjere","vaep_value":0.0091171535,"offensive_value":-0.0131868267,"defensive_value":0.0223039802,"count":33},"16":{"player_id":83574,"player_name":"Stephan Lichtsteiner","vaep_value":0.3073834283,"offensive_value":0.3511455797,"defensive_value":-0.0437621514,"count":45},"17":{"player_id":83575,"player_name":"Mihai Doru Pintilii","vaep_value":0.0924460634,"offensive_value":0.0831867529,"defensive_value":0.0092593106,"count":42},"18":{"player_id":83590,"player_name":"Mihai Doru Pintilii","vaep_value":0.0959960961,"offensive_value":0.0941720979,"defensive_value":0.0018239981,"count":49},"19":{"player_id":83591,"player_name":"R\u0103zvan Dinc\u0103 Ra\u021b","vaep_value":-0.1022814882,"offensive_value":0.0723506996,"defensive_value":-0.1746321877,"count":37},"20":{"player_id":83824,"player_name":"R\u0103zvan Dinc\u0103 Ra\u021b","vaep_value":-0.0108921395,"offensive_value":0.0449988139,"defensive_value":-0.0558909534,"count":26},"21":{"player_id":83953,"player_name":"Fabian Lukas Sch\u00e4r","vaep_value":-0.1800660709,"offensive_value":-0.1765666009,"defensive_value":-0.00349947,"count":30},"22":{"player_id":84367,"player_name":"Andrei Prepeli\u021b\u0103","vaep_value":0.0697918163,"offensive_value":0.1612267809,"defensive_value":-0.0914349645,"count":29},"23":{"player_id":84536,"player_name":"Mihai Doru Pintilii","vaep_value":-0.2370957034,"offensive_value":0.085614961,"defensive_value":-0.3227106644,"count":37},"24":{"player_id":105330,"player_name":"Drago\u0219 Grigore","vaep_value":0.1952799245,"offensive_value":0.2060658617,"defensive_value":-0.0107859372,"count":35},"25":{"player_id":105619,"player_name":"R\u0103zvan Dinc\u0103 Ra\u021b","vaep_value":0.9159501647,"offensive_value":0.884716605,"defensive_value":0.0312335598,"count":51},"26":{"player_id":134911,"player_name":"Fabian Lukas Sch\u00e4r","vaep_value":0.0023245905,"offensive_value":-0.0006432729,"defensive_value":0.0029678633,"count":1},"27":{"player_id":282772,"player_name":"Granit Xhaka","vaep_value":-0.1523634171,"offensive_value":-0.1198287611,"defensive_value":-0.032534656,"count":14}}