{"0":{"player_id":3318,"player_name":"Mesut \u00d6zil","vaep_value":0.114287896,"offensive_value":0.0898880056,"defensive_value":0.0243998903,"count":63},"1":{"player_id":3319,"player_name":"Toni Kroos","vaep_value":0.9215170735,"offensive_value":0.9305968459,"defensive_value":-0.0090797723,"count":114},"2":{"player_id":14712,"player_name":"Mesut \u00d6zil","vaep_value":0.106974598,"offensive_value":0.0828908577,"defensive_value":0.0240837403,"count":48},"3":{"player_id":14723,"player_name":"Niklas S\u00fcle","vaep_value":0.458423784,"offensive_value":0.3856852326,"defensive_value":0.0727385514,"count":148},"4":{"player_id":14731,"player_name":"Toni Kroos","vaep_value":-0.0271511265,"offensive_value":-0.017263344,"defensive_value":-0.0098877825,"count":8},"5":{"player_id":14732,"player_name":"Niklas S\u00fcle","vaep_value":-0.0432235744,"offensive_value":-0.0275286458,"defensive_value":-0.0156949286,"count":24},"6":{"player_id":14795,"player_name":"Manuel Neuer","vaep_value":-0.042286924,"offensive_value":-0.2359416599,"defensive_value":0.1936547359,"count":96},"7":{"player_id":14911,"player_name":"Toni Kroos","vaep_value":0.8982780524,"offensive_value":0.9459829887,"defensive_value":-0.0477049364,"count":37},"8":{"player_id":15024,"player_name":"Sami Khedira","vaep_value":0.0866864125,"offensive_value":-0.0071085382,"defensive_value":0.0937949507,"count":55},"9":{"player_id":15781,"player_name":"Mats  Hummels","vaep_value":0.0699054383,"offensive_value":0.0705206401,"defensive_value":-0.0006152018,"count":20},"10":{"player_id":18669,"player_name":"Toni Kroos","vaep_value":0.1466414364,"offensive_value":0.0940555602,"defensive_value":0.0525858762,"count":61},"11":{"player_id":51625,"player_name":"Sami Khedira","vaep_value":0.0139034147,"offensive_value":0.111880525,"defensive_value":-0.0979771103,"count":20},"12":{"player_id":95200,"player_name":"Toni Kroos","vaep_value":0.9083201733,"offensive_value":0.9315989632,"defensive_value":-0.0232787899,"count":30},"13":{"player_id":95490,"player_name":"Niklas S\u00fcle","vaep_value":0.2584266546,"offensive_value":0.2505684195,"defensive_value":0.007858235,"count":50},"14":{"player_id":107413,"player_name":"Toni Kroos","vaep_value":0.3193540726,"offensive_value":0.1063814017,"defensive_value":0.2129726709,"count":38},"15":{"player_id":107424,"player_name":"Sami Khedira","vaep_value":0.2093891993,"offensive_value":0.0150300263,"defensive_value":0.194359173,"count":25},"16":{"player_id":107529,"player_name":"Sami Khedira","vaep_value":0.2296803804,"offensive_value":0.3153634255,"defensive_value":-0.0856830451,"count":57},"17":{"player_id":107623,"player_name":"Young-Gwon Kim","vaep_value":0.0002012822,"offensive_value":0.0244730085,"defensive_value":-0.0242717263,"count":5},"18":{"player_id":134383,"player_name":"Jonas Hector","vaep_value":0.3417543061,"offensive_value":0.1470529051,"defensive_value":0.1947014011,"count":100},"19":{"player_id":134387,"player_name":"Toni Kroos","vaep_value":-0.0911708564,"offensive_value":-0.0852305358,"defensive_value":-0.0059403206,"count":33},"20":{"player_id":138633,"player_name":"Jonas Hector","vaep_value":0.3000319464,"offensive_value":0.079844787,"defensive_value":0.2201871594,"count":35},"21":{"player_id":146583,"player_name":"Jonas Hector","vaep_value":-0.0275192203,"offensive_value":-0.0222842589,"defensive_value":-0.0052349614,"count":18},"22":{"player_id":173214,"player_name":"Yong Lee","vaep_value":-0.296088231,"offensive_value":-0.3386754713,"defensive_value":0.0425872402,"count":56},"23":{"player_id":209567,"player_name":"Yong Lee","vaep_value":0.1051524777,"offensive_value":0.1127223538,"defensive_value":-0.007569876,"count":12},"24":{"player_id":224593,"player_name":"Yong Lee","vaep_value":0.4798751947,"offensive_value":0.4804172041,"defensive_value":-0.0005420094,"count":95},"25":{"player_id":256043,"player_name":"Niklas S\u00fcle","vaep_value":0.2313525958,"offensive_value":0.3136422752,"defensive_value":-0.0822896793,"count":46},"26":{"player_id":299121,"player_name":"Young-Gwon Kim","vaep_value":0.2540241571,"offensive_value":0.153170185,"defensive_value":0.100853972,"count":54},"27":{"player_id":349687,"player_name":"Woo-Young Jung","vaep_value":0.0601320439,"offensive_value":0.0439721807,"defensive_value":0.0161598632,"count":6}}