{"0":{"player_id":0,"player_name":"Olivier Giroud","vaep_value":0.0561627779,"offensive_value":0.0822056361,"defensive_value":-0.0260428581,"count":18},"1":{"player_id":284,"player_name":"Eden Hazard","vaep_value":0.2024058928,"offensive_value":0.1125284711,"defensive_value":0.0898774217,"count":83},"2":{"player_id":3324,"player_name":"Francesc F\u00e0bregas i Soler","vaep_value":0.0155334545,"offensive_value":0.0171445115,"defensive_value":-0.001611057,"count":4},"3":{"player_id":3350,"player_name":"Tiemou\u00e9 Bakayoko","vaep_value":1.1985446191,"offensive_value":1.0649426255,"defensive_value":0.1336019937,"count":78},"4":{"player_id":3360,"player_name":"N'Golo Kant\u00e9","vaep_value":-0.0557220131,"offensive_value":-0.0581816453,"defensive_value":0.0024596322,"count":9},"5":{"player_id":3429,"player_name":"C\u00e9sar Azpilicueta Tanco","vaep_value":0.0428366135,"offensive_value":0.1078501896,"defensive_value":-0.0650135761,"count":40},"6":{"player_id":7847,"player_name":"Martin Olsson","vaep_value":0.0473278073,"offensive_value":0.0408996349,"defensive_value":0.0064281723,"count":26},"7":{"player_id":7887,"player_name":"Francesc F\u00e0bregas i Soler","vaep_value":0.1732411769,"offensive_value":0.0999191359,"defensive_value":0.073322041,"count":74},"8":{"player_id":8192,"player_name":"N'Golo Kant\u00e9","vaep_value":0.2446219039,"offensive_value":0.265609841,"defensive_value":-0.0209879371,"count":60},"9":{"player_id":8336,"player_name":"Antonio R\u00fcdiger","vaep_value":0.2281490769,"offensive_value":0.1417906596,"defensive_value":0.0863584173,"count":109},"10":{"player_id":8498,"player_name":"Tiemou\u00e9 Bakayoko","vaep_value":0.152975988,"offensive_value":0.1417202634,"defensive_value":0.0112557246,"count":48},"11":{"player_id":8625,"player_name":"Tiemou\u00e9 Bakayoko","vaep_value":0.3610463694,"offensive_value":0.4417476236,"defensive_value":-0.0807012543,"count":48},"12":{"player_id":8976,"player_name":"Andr\u00e9 Ayew Pel\u00e9","vaep_value":0.0439929049,"offensive_value":0.0419910527,"defensive_value":0.0020018523,"count":26},"13":{"player_id":10252,"player_name":"Emerson Palmieri dos Santos","vaep_value":0.0924863521,"offensive_value":0.095443318,"defensive_value":-0.0029569658,"count":66},"14":{"player_id":14748,"player_name":"Antonio R\u00fcdiger","vaep_value":0.1603156155,"offensive_value":0.0572898553,"defensive_value":0.1030257602,"count":66},"15":{"player_id":25553,"player_name":"Gary  Cahill","vaep_value":0.3901577108,"offensive_value":0.2657160641,"defensive_value":0.1244416466,"count":106},"16":{"player_id":25571,"player_name":"Antonio R\u00fcdiger","vaep_value":-0.12006996,"offensive_value":-0.1054726063,"defensive_value":-0.0145973538,"count":46},"17":{"player_id":25572,"player_name":"Emerson Palmieri dos Santos","vaep_value":-0.0864940316,"offensive_value":-0.0866083067,"defensive_value":0.0001142751,"count":36},"18":{"player_id":25707,"player_name":"Mike van der Hoorn","vaep_value":0.1496535421,"offensive_value":0.1657468455,"defensive_value":-0.0160933034,"count":74},"19":{"player_id":26010,"player_name":"Andy King","vaep_value":-0.1148752439,"offensive_value":-0.1241228222,"defensive_value":0.0092475783,"count":30},"20":{"player_id":28291,"player_name":"Kyle Naughton","vaep_value":0.1559291306,"offensive_value":0.0554027071,"defensive_value":0.1005264235,"count":60},"21":{"player_id":31528,"player_name":"Thibaut Courtois","vaep_value":0.225254741,"offensive_value":0.1653984265,"defensive_value":0.0598563146,"count":93},"22":{"player_id":40787,"player_name":"Thibaut Courtois","vaep_value":0.0767196898,"offensive_value":0.1352785885,"defensive_value":-0.0585588987,"count":64},"23":{"player_id":61962,"player_name":"C\u00e9sar Azpilicueta Tanco","vaep_value":0.3049044213,"offensive_value":0.3019483301,"defensive_value":0.0029560912,"count":74},"24":{"player_id":77552,"player_name":"Victor Moses","vaep_value":0.0405944253,"offensive_value":0.0713594232,"defensive_value":-0.0307649979,"count":23},"25":{"player_id":77557,"player_name":"C\u00e9sar Azpilicueta Tanco","vaep_value":-0.0342184596,"offensive_value":-0.0280493801,"defensive_value":-0.0061690796,"count":7},"26":{"player_id":105333,"player_name":"N'Golo Kant\u00e9","vaep_value":0.0425031588,"offensive_value":0.029606035,"defensive_value":0.0128971238,"count":7},"27":{"player_id":246866,"player_name":"Antonio R\u00fcdiger","vaep_value":0.0663554887,"offensive_value":0.0302604797,"defensive_value":0.0360950091,"count":89},"28":{"player_id":386197,"player_name":"Tiemou\u00e9 Bakayoko","vaep_value":0.0623716085,"offensive_value":0.1326594123,"defensive_value":-0.0702878039,"count":59}}