{"0":{"player_id":0,"player_name":"Maximiliano G\u00f3mez Gonz\u00e1lez","vaep_value":0.0246689549,"offensive_value":0.0547953695,"defensive_value":-0.0301264146,"count":10},"1":{"player_id":3270,"player_name":"Facundo Sebasti\u00e1n Roncaglia","vaep_value":-0.0036404603,"offensive_value":0.0216718061,"defensive_value":-0.0253122664,"count":72},"2":{"player_id":3296,"player_name":"Nemanja Radoja","vaep_value":0.1216247415,"offensive_value":0.1440028066,"defensive_value":-0.0223780652,"count":28},"3":{"player_id":3338,"player_name":"Hugo Mallo Novegil","vaep_value":-0.0133984304,"offensive_value":-0.0089838004,"defensive_value":-0.00441463,"count":43},"4":{"player_id":3358,"player_name":"Sergi G\u00f3mez Sol\u00e0","vaep_value":0.0677590144,"offensive_value":0.026340595,"defensive_value":0.0414184195,"count":8},"5":{"player_id":3384,"player_name":"Facundo Sebasti\u00e1n Roncaglia","vaep_value":0.3305086656,"offensive_value":0.3071817538,"defensive_value":0.0233269118,"count":56},"6":{"player_id":3571,"player_name":"Sergio Le\u00f3n Limones","vaep_value":0.0888460459,"offensive_value":0.1060989246,"defensive_value":-0.0172528788,"count":48},"7":{"player_id":3791,"player_name":"V\u00edctor Camarasa Ferrando","vaep_value":0.9381858198,"offensive_value":0.9801456498,"defensive_value":-0.04195983,"count":60},"8":{"player_id":3821,"player_name":"V\u00edctor Camarasa Ferrando","vaep_value":0.1148835954,"offensive_value":0.173647031,"defensive_value":-0.0587634356,"count":42},"9":{"player_id":3827,"player_name":"Sergio \u00c1lvarez Conde","vaep_value":0.0634209547,"offensive_value":0.1006312831,"defensive_value":-0.0372103284,"count":66},"10":{"player_id":3840,"player_name":"Hugo Mallo Novegil","vaep_value":0.096736747,"offensive_value":0.1013167951,"defensive_value":-0.0045800481,"count":46},"11":{"player_id":3916,"player_name":"Sergi G\u00f3mez Sol\u00e0","vaep_value":0.0710404043,"offensive_value":0.0643761675,"defensive_value":0.0066642368,"count":12},"12":{"player_id":4424,"player_name":"Facundo Sebasti\u00e1n Roncaglia","vaep_value":0.0829031286,"offensive_value":0.1471126636,"defensive_value":-0.064209535,"count":71},"13":{"player_id":4911,"player_name":"Jozabed S\u00e1nchez Ruiz","vaep_value":0.2917703651,"offensive_value":0.2598390762,"defensive_value":0.0319312889,"count":66},"14":{"player_id":5268,"player_name":"Pione Sisto Ifolo Emirmija","vaep_value":0.6770524084,"offensive_value":0.6721116523,"defensive_value":0.0049407561,"count":26},"15":{"player_id":26307,"player_name":"Facundo Sebasti\u00e1n Roncaglia","vaep_value":0.2054957486,"offensive_value":0.0612534493,"defensive_value":0.1442422993,"count":60},"16":{"player_id":26652,"player_name":"Pione Sisto Ifolo Emirmija","vaep_value":-0.0712064401,"offensive_value":-0.0303969269,"defensive_value":-0.0408095132,"count":31},"17":{"player_id":56009,"player_name":"Pione Sisto Ifolo Emirmija","vaep_value":-0.0233694213,"offensive_value":-0.0184787211,"defensive_value":-0.0048907001,"count":48},"18":{"player_id":70120,"player_name":"Maximiliano G\u00f3mez Gonz\u00e1lez","vaep_value":0.0014154944,"offensive_value":-0.0082261898,"defensive_value":0.0096416841,"count":51},"19":{"player_id":86183,"player_name":"Antonio Barrag\u00e1n Fern\u00e1ndez","vaep_value":0.085788985,"offensive_value":0.0831154742,"defensive_value":0.0026735108,"count":55},"20":{"player_id":91122,"player_name":"Antonio Ad\u00e1n Garrido","vaep_value":0.0953859487,"offensive_value":0.0112594946,"defensive_value":0.0841264541,"count":4},"21":{"player_id":140125,"player_name":"Francisco Javier Guerrero Mart\u00edn","vaep_value":0.109200211,"offensive_value":0.1058778218,"defensive_value":0.0033223892,"count":60},"22":{"player_id":167641,"player_name":"Jos\u00e9 Andr\u00e9s Guardado Hern\u00e1ndez","vaep_value":0.026946114,"offensive_value":0.0237223862,"defensive_value":0.0032237278,"count":16},"23":{"player_id":225946,"player_name":"Sergio Le\u00f3n Limones","vaep_value":0.0234621491,"offensive_value":0.0129282828,"defensive_value":0.0105338662,"count":7},"24":{"player_id":241945,"player_name":"Antonio Barrag\u00e1n Fern\u00e1ndez","vaep_value":0.0678313912,"offensive_value":0.0651146951,"defensive_value":0.0027166961,"count":42},"25":{"player_id":247219,"player_name":"Antonio Barrag\u00e1n Fern\u00e1ndez","vaep_value":0.0592912765,"offensive_value":0.0417377476,"defensive_value":0.0175535289,"count":52},"26":{"player_id":269060,"player_name":"Antonio Barrag\u00e1n Fern\u00e1ndez","vaep_value":0.246291757,"offensive_value":0.1634695539,"defensive_value":0.0828222031,"count":26},"27":{"player_id":372753,"player_name":"Jos\u00e9 Andr\u00e9s Guardado Hern\u00e1ndez","vaep_value":0.0042396339,"offensive_value":0.0079933776,"defensive_value":-0.0037537437,"count":34},"28":{"player_id":395636,"player_name":"Sergio \u00c1lvarez Conde","vaep_value":0.7703382516,"offensive_value":0.7777823608,"defensive_value":-0.0074441092,"count":14}}