{"0":{"player_id":0,"player_name":"Ronny Rodelin","vaep_value":0.0209208637,"offensive_value":0.0405203972,"defensive_value":-0.0195995335,"count":8},"1":{"player_id":3573,"player_name":"Damien Da Silva","vaep_value":0.3215360383,"offensive_value":0.1357980139,"defensive_value":0.1857380244,"count":74},"2":{"player_id":15004,"player_name":"Jules Kound\u00e9","vaep_value":-0.0129908496,"offensive_value":-0.0059197949,"defensive_value":-0.0070710547,"count":26},"3":{"player_id":25504,"player_name":"Youssouf Sabaly","vaep_value":-0.0982713045,"offensive_value":-0.0959055353,"defensive_value":-0.0023657692,"count":34},"4":{"player_id":25532,"player_name":"Lukas Lerager","vaep_value":0.0757191328,"offensive_value":0.1176033471,"defensive_value":-0.0418842143,"count":49},"5":{"player_id":25632,"player_name":"Ba\u00efssama Sankoh","vaep_value":0.2236242875,"offensive_value":0.1941456317,"defensive_value":0.0294786558,"count":40},"6":{"player_id":25647,"player_name":"Youssef A\u00eft Bennasser","vaep_value":0.0793462002,"offensive_value":-0.003431886,"defensive_value":0.0827780862,"count":69},"7":{"player_id":25715,"player_name":"Vincent Bessat","vaep_value":1.0906199033,"offensive_value":1.0601587973,"defensive_value":0.030461106,"count":50},"8":{"player_id":25923,"player_name":"Malcom Filipe Silva de Oliveira","vaep_value":-0.0946716621,"offensive_value":-0.074395583,"defensive_value":-0.0202760792,"count":46},"9":{"player_id":25947,"player_name":"Julien F\u00e9ret","vaep_value":0.1995749275,"offensive_value":0.0701968699,"defensive_value":0.1293780576,"count":45},"10":{"player_id":26069,"player_name":"Alexander Djiku","vaep_value":-0.0887976112,"offensive_value":-0.0820591513,"defensive_value":-0.0067384599,"count":10},"11":{"player_id":26131,"player_name":"J\u00e9r\u00e9my Toulalan","vaep_value":0.2188919245,"offensive_value":0.2116683703,"defensive_value":0.0072235542,"count":45},"12":{"player_id":26332,"player_name":"Ga\u00ebtan  Laborde","vaep_value":-0.5196512055,"offensive_value":0.0819051035,"defensive_value":-0.601556309,"count":38},"13":{"player_id":26389,"player_name":"Fr\u00e9d\u00e9ric Guilbert","vaep_value":-0.0008110012,"offensive_value":-0.0029066871,"defensive_value":0.0020956859,"count":6},"14":{"player_id":26399,"player_name":"Fr\u00e9d\u00e9ric Guilbert","vaep_value":0.391061102,"offensive_value":0.3100504939,"defensive_value":0.0810106081,"count":89},"15":{"player_id":26945,"player_name":"Ronny Rodelin","vaep_value":0.1504131344,"offensive_value":0.1589075361,"defensive_value":-0.0084944017,"count":77},"16":{"player_id":27955,"player_name":"Youssouf Sabaly","vaep_value":-0.1284645526,"offensive_value":-0.1131461579,"defensive_value":-0.0153183946,"count":31},"17":{"player_id":28529,"player_name":"Vincent Bessat","vaep_value":0.373002349,"offensive_value":0.4048076441,"defensive_value":-0.031805295,"count":90},"18":{"player_id":28908,"player_name":"Youssouf Sabaly","vaep_value":0.1572824264,"offensive_value":0.0093604244,"defensive_value":0.147922002,"count":67},"19":{"player_id":38236,"player_name":"Lukas Lerager","vaep_value":0.1201500641,"offensive_value":0.052679495,"defensive_value":0.0674705692,"count":37},"20":{"player_id":56441,"player_name":"Youssouf Sabaly","vaep_value":0.2177972082,"offensive_value":0.1712929956,"defensive_value":0.0465042127,"count":55},"21":{"player_id":229427,"player_name":"Lukas Lerager","vaep_value":0.0822735738,"offensive_value":0.0830452177,"defensive_value":-0.0007716438,"count":59},"22":{"player_id":289359,"player_name":"Ga\u00ebtan  Laborde","vaep_value":0.1651437063,"offensive_value":0.0417642656,"defensive_value":0.1233794406,"count":41},"23":{"player_id":300485,"player_name":"Ga\u00ebtan  Laborde","vaep_value":0.3141689137,"offensive_value":0.3781608071,"defensive_value":-0.0639918933,"count":75},"24":{"player_id":334552,"player_name":"Malcom Filipe Silva de Oliveira","vaep_value":-0.0732557592,"offensive_value":-0.0668411492,"defensive_value":-0.00641461,"count":18},"25":{"player_id":399576,"player_name":"Youssouf Sabaly","vaep_value":0.017062638,"offensive_value":0.0274770453,"defensive_value":-0.0104144074,"count":25},"26":{"player_id":410062,"player_name":"Lukas Lerager","vaep_value":0.1387903751,"offensive_value":0.0736810183,"defensive_value":0.0651093568,"count":48},"27":{"player_id":482491,"player_name":"Nicolas de Roussel de Pr\u00e9ville","vaep_value":0.0135984907,"offensive_value":0.0195107958,"defensive_value":-0.0059123051,"count":8}}