{"0":{"player_id":0,"player_name":"Franco Mat\u00edas Di Santo","vaep_value":-0.000343407,"offensive_value":0.0276914174,"defensive_value":-0.0280348244,"count":13},"1":{"player_id":8628,"player_name":"Ronaldo  Aparecido Rodrigues","vaep_value":-0.0892342267,"offensive_value":-0.094812142,"defensive_value":0.0055779152,"count":32},"2":{"player_id":9611,"player_name":"Franco Mat\u00edas Di Santo","vaep_value":0.0868165868,"offensive_value":0.0535112103,"defensive_value":0.0333053765,"count":36},"3":{"player_id":14689,"player_name":"Willi Orban","vaep_value":0.2107324053,"offensive_value":0.0390710715,"defensive_value":0.1716613338,"count":52},"4":{"player_id":14775,"player_name":"Timo Werner","vaep_value":0.1515146252,"offensive_value":0.1622060775,"defensive_value":-0.0106914523,"count":71},"5":{"player_id":14847,"player_name":"Timo Werner","vaep_value":0.0741578897,"offensive_value":0.0791721464,"defensive_value":-0.0050142567,"count":29},"6":{"player_id":14989,"player_name":"Ronaldo  Aparecido Rodrigues","vaep_value":0.0179790092,"offensive_value":-0.0003400317,"defensive_value":0.0183190409,"count":58},"7":{"player_id":15069,"player_name":"Naby Deco Ke\u00efta","vaep_value":0.3216798777,"offensive_value":0.2372137285,"defensive_value":0.0844661492,"count":85},"8":{"player_id":18579,"player_name":"Marcel Halstenberg","vaep_value":0.1602784805,"offensive_value":0.1814782424,"defensive_value":-0.0211997619,"count":47},"9":{"player_id":20932,"player_name":"Naby Deco Ke\u00efta","vaep_value":0.0620147989,"offensive_value":0.0719604234,"defensive_value":-0.0099456245,"count":45},"10":{"player_id":51132,"player_name":"Ralf F\u00e4hrmann","vaep_value":-0.1471281411,"offensive_value":-0.1004584726,"defensive_value":-0.0466696685,"count":33},"11":{"player_id":56274,"player_name":"Marcel Sabitzer","vaep_value":0.0331174576,"offensive_value":-0.0113026773,"defensive_value":0.044420135,"count":25},"12":{"player_id":65027,"player_name":"Lukas Klostermann","vaep_value":0.2381826681,"offensive_value":0.1764840394,"defensive_value":0.0616986287,"count":83},"13":{"player_id":65596,"player_name":"Willi Orban","vaep_value":-0.0363093157,"offensive_value":-0.0787291613,"defensive_value":0.0424198456,"count":85},"14":{"player_id":70975,"player_name":"Dayotchanculle Upamecano","vaep_value":0.0829832838,"offensive_value":0.0863486842,"defensive_value":-0.0033654004,"count":30},"15":{"player_id":105378,"player_name":"Marcel Halstenberg","vaep_value":1.0441887118,"offensive_value":1.074912856,"defensive_value":-0.0307241442,"count":36},"16":{"player_id":134369,"player_name":"Naby Deco Ke\u00efta","vaep_value":0.0606208666,"offensive_value":0.0413406924,"defensive_value":0.0192801742,"count":5},"17":{"player_id":134387,"player_name":"Marcel Halstenberg","vaep_value":-0.0089576809,"offensive_value":0.0134315934,"defensive_value":-0.0223892743,"count":65},"18":{"player_id":144766,"player_name":"Thilo Kehrer","vaep_value":0.5140047536,"offensive_value":0.3468925742,"defensive_value":0.1671121794,"count":64},"19":{"player_id":173214,"player_name":"Leon  Goretzka","vaep_value":0.0178719304,"offensive_value":0.0172684554,"defensive_value":0.000603475,"count":27},"20":{"player_id":235606,"player_name":"Leon  Goretzka","vaep_value":0.1602105981,"offensive_value":0.1076709768,"defensive_value":0.0525396214,"count":49},"21":{"player_id":258252,"player_name":"Naby Deco Ke\u00efta","vaep_value":0.0602870551,"offensive_value":0.0780950882,"defensive_value":-0.0178080332,"count":79},"22":{"player_id":279780,"player_name":"Daniel Caligiuri","vaep_value":-0.069435654,"offensive_value":-0.0650861873,"defensive_value":-0.0043494666,"count":5},"23":{"player_id":282804,"player_name":"Leon  Goretzka","vaep_value":0.3380485403,"offensive_value":0.2993615859,"defensive_value":0.0386869544,"count":58},"24":{"player_id":289711,"player_name":"Dayotchanculle Upamecano","vaep_value":0.016922596,"offensive_value":0.0045752489,"defensive_value":0.0123473471,"count":80},"25":{"player_id":337775,"player_name":"Yussuf Yurary Poulsen","vaep_value":0.082634882,"offensive_value":0.027171558,"defensive_value":0.055463324,"count":14},"26":{"player_id":352988,"player_name":"Stefan Ilsanker","vaep_value":-0.3704196322,"offensive_value":0.1698124263,"defensive_value":-0.5402320585,"count":94},"27":{"player_id":372915,"player_name":"Yussuf Yurary Poulsen","vaep_value":-0.0374550615,"offensive_value":0.0305511679,"defensive_value":-0.0680062294,"count":30},"28":{"player_id":471348,"player_name":"Marcel Halstenberg","vaep_value":-0.0283727256,"offensive_value":-0.0371456093,"defensive_value":0.0087728837,"count":10}}