{"0":{"player_id":0,"player_name":"Brown Ideye Aide","vaep_value":0.0056686886,"offensive_value":0.0569057884,"defensive_value":-0.0512370998,"count":15},"1":{"player_id":254,"player_name":"Adri\u00e1n  Gonz\u00e1lez Morales","vaep_value":0.076773598,"offensive_value":0.0697598381,"defensive_value":0.0070137599,"count":63},"2":{"player_id":3290,"player_name":"Luis Hern\u00e1ndez Rodr\u00edguez","vaep_value":-0.1103372696,"offensive_value":-0.090856205,"defensive_value":-0.0194810646,"count":23},"3":{"player_id":3397,"player_name":"Miguel Torres G\u00f3mez","vaep_value":0.2118229244,"offensive_value":0.1750387868,"defensive_value":0.0367841376,"count":35},"4":{"player_id":3408,"player_name":"\u00cd\u00f1igo Mart\u00ednez Berridi","vaep_value":0.0605640946,"offensive_value":0.0632247853,"defensive_value":-0.0026606907,"count":14},"5":{"player_id":3409,"player_name":"I\u00f1igo C\u00f3rdoba Kerejeta","vaep_value":1.1024558374,"offensive_value":1.0464822358,"defensive_value":0.0559736016,"count":71},"6":{"player_id":3414,"player_name":"\u00cd\u00f1igo Lekue Mart\u00ednez","vaep_value":0.0881529527,"offensive_value":0.0723194284,"defensive_value":0.0158335243,"count":17},"7":{"player_id":3420,"player_name":"\u00cd\u00f1igo Mart\u00ednez Berridi","vaep_value":0.8423407092,"offensive_value":0.7837987458,"defensive_value":0.0585419635,"count":47},"8":{"player_id":3421,"player_name":"Ra\u00fal Garc\u00eda Escudero","vaep_value":-0.2649028929,"offensive_value":-0.1358076965,"defensive_value":-0.1290951964,"count":62},"9":{"player_id":3503,"player_name":"Ra\u00fal Garc\u00eda Escudero","vaep_value":0.0185705458,"offensive_value":-0.0401326076,"defensive_value":0.0587031534,"count":22},"10":{"player_id":3595,"player_name":"I\u00f1igo C\u00f3rdoba Kerejeta","vaep_value":0.3529477026,"offensive_value":0.3072679277,"defensive_value":0.0456797748,"count":63},"11":{"player_id":3645,"player_name":"Miguel Torres G\u00f3mez","vaep_value":0.4978085813,"offensive_value":0.4649747034,"defensive_value":0.0328338778,"count":57},"12":{"player_id":3671,"player_name":"Be\u00f1at Etxebarria Urkiaga","vaep_value":0.2123644738,"offensive_value":0.1722292592,"defensive_value":0.0401352147,"count":69},"13":{"player_id":3705,"player_name":"Youssef En-Nesyri","vaep_value":0.0797709969,"offensive_value":-0.0033515266,"defensive_value":0.0831225235,"count":9},"14":{"player_id":3719,"player_name":"Ra\u00fal Garc\u00eda Escudero","vaep_value":0.0864397669,"offensive_value":0.1694405786,"defensive_value":-0.0830008116,"count":30},"15":{"player_id":3779,"player_name":"Roberto Jim\u00e9nez Gago","vaep_value":0.0056873308,"offensive_value":0.004507456,"defensive_value":0.0011798749,"count":4},"16":{"player_id":3866,"player_name":"Kepa Arrizabalaga Revuelta","vaep_value":0.1676036021,"offensive_value":0.1321596445,"defensive_value":0.0354439575,"count":50},"17":{"player_id":4003,"player_name":"Yeray \u00c1lvarez L\u00f3pez","vaep_value":0.1590524103,"offensive_value":0.0977200666,"defensive_value":0.0613323438,"count":56},"18":{"player_id":4009,"player_name":"\u00cd\u00f1igo Mart\u00ednez Berridi","vaep_value":0.0484674657,"offensive_value":0.0456537455,"defensive_value":0.0028137202,"count":30},"19":{"player_id":5472,"player_name":"Kepa Arrizabalaga Revuelta","vaep_value":0.2083286213,"offensive_value":0.1452058748,"defensive_value":0.0631227465,"count":44},"20":{"player_id":37836,"player_name":"Yeray \u00c1lvarez L\u00f3pez","vaep_value":0.0363865299,"offensive_value":0.0351495442,"defensive_value":0.0012369857,"count":20},"21":{"player_id":105616,"player_name":"Ra\u00fal Garc\u00eda Escudero","vaep_value":-0.1467184282,"offensive_value":-0.1129522622,"defensive_value":-0.0337661661,"count":20},"22":{"player_id":116283,"player_name":"Roberto Jos\u00e9 Rosales Altuve","vaep_value":-0.107444732,"offensive_value":-0.1125950725,"defensive_value":0.0051503405,"count":12},"23":{"player_id":230857,"player_name":"Roberto Jos\u00e9 Rosales Altuve","vaep_value":0.0263379854,"offensive_value":0.1033730145,"defensive_value":-0.0770350291,"count":67},"24":{"player_id":230862,"player_name":"Manuel Rolando Iturra Urrutia","vaep_value":0.0004779017,"offensive_value":0.1786990522,"defensive_value":-0.1782211505,"count":56},"25":{"player_id":247141,"player_name":"Aritz Aduriz Zubeldia","vaep_value":-0.014295622,"offensive_value":-0.0175143275,"defensive_value":0.0032187055,"count":2},"26":{"player_id":247169,"player_name":"\u00cd\u00f1igo Mart\u00ednez Berridi","vaep_value":0.1678992189,"offensive_value":0.0736270704,"defensive_value":0.0942721484,"count":41},"27":{"player_id":344075,"player_name":"Be\u00f1at Etxebarria Urkiaga","vaep_value":0.0902151018,"offensive_value":0.0809164543,"defensive_value":0.0092986475,"count":35},"28":{"player_id":447821,"player_name":"\u00cd\u00f1igo Lekue Mart\u00ednez","vaep_value":-0.070711841,"offensive_value":-0.0253980611,"defensive_value":-0.04531378,"count":39}}