{"0":{"player_id":0,"player_name":"Ibrahim Sangar\u00e9","vaep_value":0.0345614145,"offensive_value":0.0490856197,"defensive_value":-0.0145242052,"count":11},"1":{"player_id":20677,"player_name":"Kelvin Amian Adou","vaep_value":0.3665133202,"offensive_value":0.1480242708,"defensive_value":0.2184890495,"count":63},"2":{"player_id":20948,"player_name":"Jemerson de Jesus Nascimento","vaep_value":0.5821220623,"offensive_value":0.5984695787,"defensive_value":-0.0163475164,"count":28},"3":{"player_id":21097,"player_name":"Marcos Paulo Mesquita Lopes","vaep_value":-0.3706146299,"offensive_value":0.1126370736,"defensive_value":-0.4832517036,"count":62},"4":{"player_id":25517,"player_name":"Yannick Cahuzac","vaep_value":0.6068710027,"offensive_value":0.6318333789,"defensive_value":-0.0249623762,"count":34},"5":{"player_id":25745,"player_name":"Yannick Cahuzac","vaep_value":0.2198281275,"offensive_value":0.24443709,"defensive_value":-0.0246089625,"count":19},"6":{"player_id":25764,"player_name":"F\u00e1bio Henrique Tavares","vaep_value":0.0361448547,"offensive_value":0.0070475292,"defensive_value":0.0290973255,"count":52},"7":{"player_id":25791,"player_name":"Marcos Paulo Mesquita Lopes","vaep_value":0.1805564922,"offensive_value":0.1230320029,"defensive_value":0.0575244892,"count":72},"8":{"player_id":25942,"player_name":"Firmin Ndombe Mubele","vaep_value":0.0064743451,"offensive_value":0.023770053,"defensive_value":-0.0172957079,"count":55},"9":{"player_id":26196,"player_name":"Andrea Raggi","vaep_value":0.0797542213,"offensive_value":0.1336474359,"defensive_value":-0.0538932147,"count":63},"10":{"player_id":28117,"player_name":"Jemerson de Jesus Nascimento","vaep_value":0.1516425366,"offensive_value":0.1312932468,"defensive_value":0.0203492899,"count":28},"11":{"player_id":28922,"player_name":"Andrea Raggi","vaep_value":0.1111476369,"offensive_value":0.131503732,"defensive_value":-0.0203560951,"count":58},"12":{"player_id":49919,"player_name":"Kamil Glik","vaep_value":0.1014921445,"offensive_value":0.0331768299,"defensive_value":0.0683153146,"count":59},"13":{"player_id":70093,"player_name":"Kamil Glik","vaep_value":0.2925956582,"offensive_value":0.2718196462,"defensive_value":0.020776012,"count":93},"14":{"player_id":134512,"player_name":"Jo\u00e3o Filipe Iria Santos Moutinho","vaep_value":0.0023580147,"offensive_value":0.0002518125,"defensive_value":0.0021062022,"count":7},"15":{"player_id":135747,"player_name":"Jemerson de Jesus Nascimento","vaep_value":0.0440014089,"offensive_value":0.0771560916,"defensive_value":-0.0331546827,"count":28},"16":{"player_id":135913,"player_name":"F\u00e1bio Henrique Tavares","vaep_value":1.8059261899,"offensive_value":1.7783892838,"defensive_value":0.0275369061,"count":43},"17":{"player_id":203113,"player_name":"Keita Bald\u00e9 Diao","vaep_value":0.4702521209,"offensive_value":0.4064208773,"defensive_value":0.0638312435,"count":26},"18":{"player_id":207143,"player_name":"Jo\u00e3o Filipe Iria Santos Moutinho","vaep_value":0.2602363817,"offensive_value":0.2130347354,"defensive_value":0.0472016463,"count":63},"19":{"player_id":253333,"player_name":"Youri Tielemans","vaep_value":0.0311741872,"offensive_value":0.0258589498,"defensive_value":0.0053152374,"count":20},"20":{"player_id":256480,"player_name":"Djibril Sidib\u00e9","vaep_value":0.0070304051,"offensive_value":0.0113974167,"defensive_value":-0.0043670116,"count":7},"21":{"player_id":263766,"player_name":"Jo\u00e3o Filipe Iria Santos Moutinho","vaep_value":0.1502204813,"offensive_value":0.0903266284,"defensive_value":0.0598938529,"count":55},"22":{"player_id":263802,"player_name":"Djibril Sidib\u00e9","vaep_value":-0.0349047241,"offensive_value":-0.0050983527,"defensive_value":-0.0298063714,"count":20},"23":{"player_id":264989,"player_name":"Thomas Lemar","vaep_value":0.1739682832,"offensive_value":0.1425327277,"defensive_value":0.0314355555,"count":34},"24":{"player_id":276978,"player_name":"Thomas Lemar","vaep_value":-0.0031298876,"offensive_value":-0.0028157297,"defensive_value":-0.0003141579,"count":1},"25":{"player_id":286380,"player_name":"Jacques Fran\u00e7ois Moubandje","vaep_value":-0.0336316525,"offensive_value":-0.0375011393,"defensive_value":0.0038694869,"count":50},"26":{"player_id":352986,"player_name":"Jo\u00e3o Filipe Iria Santos Moutinho","vaep_value":0.1291380329,"offensive_value":0.1967200305,"defensive_value":-0.0675819976,"count":43},"27":{"player_id":375001,"player_name":"Jemerson de Jesus Nascimento","vaep_value":1.0199121255,"offensive_value":1.0460424484,"defensive_value":-0.0261303228,"count":66},"28":{"player_id":404213,"player_name":"Kamil Glik","vaep_value":0.3000391235,"offensive_value":0.1738271472,"defensive_value":0.1262119763,"count":41}}