{"0":{"player_id":0,"player_name":"Alfre\u00f0 Finnbogason","vaep_value":0.033867365,"offensive_value":0.0345459715,"defensive_value":-0.0006786066,"count":7},"1":{"player_id":159,"player_name":"Jeffrey Gouweleeuw","vaep_value":0.1562359382,"offensive_value":0.0317259191,"defensive_value":0.1245100191,"count":40},"2":{"player_id":14715,"player_name":"Philipp Max","vaep_value":0.334165697,"offensive_value":0.2350935916,"defensive_value":0.0990721054,"count":84},"3":{"player_id":14845,"player_name":"Philipp Max","vaep_value":0.0846573066,"offensive_value":0.0628155067,"defensive_value":0.0218417998,"count":6},"4":{"player_id":14885,"player_name":"Andreas Beck","vaep_value":0.3891349739,"offensive_value":0.465974161,"defensive_value":-0.0768391871,"count":77},"5":{"player_id":14900,"player_name":"Philipp Max","vaep_value":-0.0166785269,"offensive_value":-0.0355531925,"defensive_value":0.0188746656,"count":31},"6":{"player_id":14914,"player_name":"Timo Baumgartl","vaep_value":0.2031591461,"offensive_value":0.108696004,"defensive_value":0.0944631421,"count":36},"7":{"player_id":15032,"player_name":"Philipp Max","vaep_value":0.1962716292,"offensive_value":0.1750816309,"defensive_value":0.0211899983,"count":56},"8":{"player_id":15695,"player_name":"Philipp Max","vaep_value":0.3245388772,"offensive_value":0.1544418107,"defensive_value":0.1700970666,"count":43},"9":{"player_id":15781,"player_name":"Marcel Heller","vaep_value":0.0633389668,"offensive_value":0.0299981768,"defensive_value":0.03334079,"count":20},"10":{"player_id":15782,"player_name":"Philipp Max","vaep_value":0.0656498454,"offensive_value":0.0435691454,"defensive_value":0.0220807,"count":35},"11":{"player_id":15798,"player_name":"Santiago Lionel Ascac\u00edbar","vaep_value":0.3590559472,"offensive_value":0.3161910367,"defensive_value":0.0428649104,"count":70},"12":{"player_id":16094,"player_name":"Santiago Lionel Ascac\u00edbar","vaep_value":-0.2945328208,"offensive_value":-0.2783353559,"defensive_value":-0.0161974649,"count":31},"13":{"player_id":16432,"player_name":"Jeffrey Gouweleeuw","vaep_value":0.0290383254,"offensive_value":0.0300438765,"defensive_value":-0.0010055511,"count":38},"14":{"player_id":16826,"player_name":null,"vaep_value":0.2670897916,"offensive_value":0.1409251511,"defensive_value":0.1261646405,"count":40},"15":{"player_id":37948,"player_name":"Dennis Aogo","vaep_value":0.0211181799,"offensive_value":0.0160606445,"defensive_value":0.0050575354,"count":42},"16":{"player_id":38079,"player_name":"Timo Baumgartl","vaep_value":0.2050757944,"offensive_value":0.1626392867,"defensive_value":0.0424365076,"count":47},"17":{"player_id":65075,"player_name":"Ron-Robert Zieler","vaep_value":0.1258770437,"offensive_value":0.139091601,"defensive_value":-0.0132145573,"count":42},"18":{"player_id":65180,"player_name":"Philipp Max","vaep_value":0.0157151666,"offensive_value":-0.0189569489,"defensive_value":0.0346721155,"count":11},"19":{"player_id":99410,"player_name":"Dennis Aogo","vaep_value":0.3772967136,"offensive_value":0.1499564335,"defensive_value":0.2273402802,"count":82},"20":{"player_id":221411,"player_name":"Holger Badstuber","vaep_value":0.2927622026,"offensive_value":0.2604134715,"defensive_value":0.0323487311,"count":62},"21":{"player_id":233910,"player_name":"Philipp Max","vaep_value":-0.0773026254,"offensive_value":-0.070812698,"defensive_value":-0.0064899274,"count":41},"22":{"player_id":235597,"player_name":"Rani Khedira","vaep_value":0.1810254401,"offensive_value":0.1736287049,"defensive_value":0.0073967353,"count":96},"23":{"player_id":254649,"player_name":"Martin Hinteregger","vaep_value":-0.0315836996,"offensive_value":-0.0330954073,"defensive_value":0.0015117077,"count":1},"24":{"player_id":284469,"player_name":"Benjamin Pavard","vaep_value":-0.0919367144,"offensive_value":-0.0648052937,"defensive_value":-0.0271314207,"count":42},"25":{"player_id":340646,"player_name":"Anastasios Donis","vaep_value":0.4147843686,"offensive_value":0.2796385699,"defensive_value":0.1351457987,"count":92},"26":{"player_id":349099,"player_name":"Anastasios Donis","vaep_value":-0.1030597097,"offensive_value":-0.0960987657,"defensive_value":-0.0069609439,"count":17},"27":{"player_id":354997,"player_name":"Martin Hinteregger","vaep_value":0.019723987,"offensive_value":0.0190336239,"defensive_value":0.0006903631,"count":2},"28":{"player_id":413737,"player_name":"Martin Hinteregger","vaep_value":0.0766057257,"offensive_value":0.0481658997,"defensive_value":0.028439826,"count":60}}