{"0":{"player_id":0,"player_name":"Markel Bergara Larra\u00f1aga","vaep_value":0.0212933606,"offensive_value":0.0325113346,"defensive_value":-0.0112179741,"count":6},"1":{"player_id":3290,"player_name":"Gaku Shibasaki","vaep_value":-0.00198471,"offensive_value":-0.0057535714,"defensive_value":0.0037688614,"count":11},"2":{"player_id":3408,"player_name":"Juan Torres Ruiz","vaep_value":0.1307464478,"offensive_value":0.1586714392,"defensive_value":-0.0279249914,"count":61},"3":{"player_id":3414,"player_name":"Markel Bergara Larra\u00f1aga","vaep_value":0.287468412,"offensive_value":0.1959977652,"defensive_value":0.0914706468,"count":82},"4":{"player_id":3420,"player_name":"\u00cd\u00f1igo Lekue Mart\u00ednez","vaep_value":0.0577830101,"offensive_value":0.0208045327,"defensive_value":0.0369784774,"count":23},"5":{"player_id":3468,"player_name":"Ra\u00fal Garc\u00eda Escudero","vaep_value":0.0975141533,"offensive_value":0.0857999516,"defensive_value":0.0117142018,"count":53},"6":{"player_id":3503,"player_name":"Sabin Merino Zuloaga","vaep_value":0.1923834615,"offensive_value":0.1699788553,"defensive_value":0.0224046062,"count":42},"7":{"player_id":3572,"player_name":"Sabin Merino Zuloaga","vaep_value":0.1075620489,"offensive_value":0.1293561273,"defensive_value":-0.0217940784,"count":62},"8":{"player_id":3595,"player_name":"Ra\u00fal Garc\u00eda Escudero","vaep_value":0.0575912395,"offensive_value":0.0267637235,"defensive_value":0.030827516,"count":20},"9":{"player_id":3605,"player_name":"Ander Iturraspe Derteano","vaep_value":-0.6090280284,"offensive_value":-0.5732168037,"defensive_value":-0.0358112247,"count":39},"10":{"player_id":3674,"player_name":"Amath Diedhiou Ndiaye","vaep_value":0.0127778412,"offensive_value":0.0094792843,"defensive_value":0.0032985569,"count":18},"11":{"player_id":3856,"player_name":"Ander Iturraspe Derteano","vaep_value":-0.1918992577,"offensive_value":0.1662021724,"defensive_value":-0.3581014301,"count":42},"12":{"player_id":3974,"player_name":"Aymeric  Laporte","vaep_value":0.1440843068,"offensive_value":0.1630835059,"defensive_value":-0.0189991992,"count":30},"13":{"player_id":4131,"player_name":"Unai N\u00fa\u00f1ez Gestoso","vaep_value":0.7205822059,"offensive_value":0.7352195857,"defensive_value":-0.0146373798,"count":16},"14":{"player_id":4343,"player_name":"Aymeric  Laporte","vaep_value":0.1266133456,"offensive_value":0.1273247914,"defensive_value":-0.0007114458,"count":19},"15":{"player_id":4476,"player_name":"Unai N\u00fa\u00f1ez Gestoso","vaep_value":-0.2448922019,"offensive_value":0.1514458212,"defensive_value":-0.396338023,"count":36},"16":{"player_id":5290,"player_name":"Ra\u00fal Garc\u00eda Escudero","vaep_value":0.0982315355,"offensive_value":0.0574655703,"defensive_value":0.0407659652,"count":34},"17":{"player_id":7848,"player_name":"Ra\u00fal Garc\u00eda Escudero","vaep_value":0.2659284626,"offensive_value":0.2093063106,"defensive_value":0.056622152,"count":35},"18":{"player_id":93000,"player_name":"Ander Iturraspe Derteano","vaep_value":0.3619744539,"offensive_value":0.3965693044,"defensive_value":-0.0345948505,"count":84},"19":{"player_id":94828,"player_name":"Sabin Merino Zuloaga","vaep_value":0.1092318044,"offensive_value":0.1166588386,"defensive_value":-0.0074270342,"count":24},"20":{"player_id":134502,"player_name":"Sabin Merino Zuloaga","vaep_value":0.434870724,"offensive_value":0.2451024677,"defensive_value":0.1897682563,"count":64},"21":{"player_id":167119,"player_name":"\u00cd\u00f1igo Lekue Mart\u00ednez","vaep_value":-0.2543746844,"offensive_value":-0.2114359927,"defensive_value":-0.0429386917,"count":25},"22":{"player_id":230862,"player_name":"Ra\u00fal Garc\u00eda Escudero","vaep_value":0.0970904463,"offensive_value":0.1221178719,"defensive_value":-0.0250274256,"count":51},"23":{"player_id":247141,"player_name":"Juan Torres Ruiz","vaep_value":0.970784975,"offensive_value":0.8359488978,"defensive_value":0.1348360773,"count":42},"24":{"player_id":250805,"player_name":"Mikel Rico Moreno","vaep_value":0.2412063261,"offensive_value":0.1900152813,"defensive_value":0.0511910447,"count":35},"25":{"player_id":286448,"player_name":"Vitorino Gabriel  Pacheco Antunes","vaep_value":0.2541451954,"offensive_value":0.1623342866,"defensive_value":0.0918109088,"count":49},"26":{"player_id":344068,"player_name":"Ra\u00fal Garc\u00eda Escudero","vaep_value":0.306801253,"offensive_value":0.2032462781,"defensive_value":0.1035549749,"count":65},"27":{"player_id":344075,"player_name":"Vitorino Gabriel  Pacheco Antunes","vaep_value":0.0329870135,"offensive_value":0.0045129613,"defensive_value":0.0284740522,"count":7},"28":{"player_id":344140,"player_name":"Unai N\u00fa\u00f1ez Gestoso","vaep_value":-0.0923597082,"offensive_value":-0.0762258106,"defensive_value":-0.0161338976,"count":42}}