{"0":{"player_id":0,"player_name":"Alexandre Lacazette","vaep_value":0.0075842744,"offensive_value":0.0307000439,"defensive_value":-0.0231157695,"count":9},"1":{"player_id":107,"player_name":"Granit Xhaka","vaep_value":0.074381934,"offensive_value":0.0891825734,"defensive_value":-0.0148006394,"count":29},"2":{"player_id":134,"player_name":"Ignacio Monreal Eraso","vaep_value":0.0267488931,"offensive_value":0.008410628,"defensive_value":0.0183382651,"count":4},"3":{"player_id":3319,"player_name":"Sead Kola\u0161inac","vaep_value":0.1521244762,"offensive_value":0.173962095,"defensive_value":-0.0218376188,"count":121},"4":{"player_id":3326,"player_name":"Ignacio Monreal Eraso","vaep_value":1.1170536497,"offensive_value":1.0787043601,"defensive_value":0.0383492897,"count":35},"5":{"player_id":3560,"player_name":"Shkodran Mustafi","vaep_value":0.1926170663,"offensive_value":0.1325787504,"defensive_value":0.0600383159,"count":85},"6":{"player_id":7868,"player_name":"Petr \u010cech","vaep_value":0.3845221527,"offensive_value":0.3782831838,"defensive_value":0.0062389689,"count":99},"7":{"player_id":7870,"player_name":"Joe Allen","vaep_value":-0.0969664091,"offensive_value":-0.0532566427,"defensive_value":-0.0437097665,"count":106},"8":{"player_id":7879,"player_name":"Xherdan Shaqiri","vaep_value":-0.0134103751,"offensive_value":-0.0109872111,"defensive_value":-0.002423164,"count":5},"9":{"player_id":7882,"player_name":"Kurt Happy Zouma","vaep_value":0.0772952432,"offensive_value":0.0570957379,"defensive_value":0.0201995053,"count":32},"10":{"player_id":7932,"player_name":"Ryan Shawcross","vaep_value":0.1560371098,"offensive_value":0.0734312417,"defensive_value":0.0826058681,"count":41},"11":{"player_id":7945,"player_name":"Geoff Cameron","vaep_value":-0.0185011664,"offensive_value":0.0179830359,"defensive_value":-0.0364842023,"count":39},"12":{"player_id":8094,"player_name":"Erik Pieters","vaep_value":0.1794880988,"offensive_value":0.1986095564,"defensive_value":-0.0191214576,"count":50},"13":{"player_id":8731,"player_name":"Geoff Cameron","vaep_value":-0.1570196337,"offensive_value":-0.0633702,"defensive_value":-0.0936494337,"count":20},"14":{"player_id":9532,"player_name":"Jack Butland","vaep_value":-0.0000025823,"offensive_value":-0.0142463832,"defensive_value":0.0142438009,"count":19},"15":{"player_id":14869,"player_name":"Sead Kola\u0161inac","vaep_value":0.0978772048,"offensive_value":0.0943317835,"defensive_value":0.0035454213,"count":66},"16":{"player_id":15054,"player_name":"Sead Kola\u0161inac","vaep_value":0.1695826541,"offensive_value":0.0773232385,"defensive_value":0.0922594157,"count":28},"17":{"player_id":15198,"player_name":"Daniel Nii Tackie Mensah Welbeck","vaep_value":-0.0232097208,"offensive_value":-0.0301908075,"defensive_value":0.0069810867,"count":34},"18":{"player_id":20612,"player_name":"Kurt Happy Zouma","vaep_value":0.2842647545,"offensive_value":0.3626236158,"defensive_value":-0.0783588613,"count":105},"19":{"player_id":25413,"player_name":"Jack Butland","vaep_value":-0.16338877,"offensive_value":-0.1040323245,"defensive_value":-0.0593564454,"count":49},"20":{"player_id":25854,"player_name":"H\u00e9ctor Beller\u00edn Moruno","vaep_value":0.1490676511,"offensive_value":0.0820770789,"defensive_value":0.0669905723,"count":32},"21":{"player_id":26010,"player_name":"Sead Kola\u0161inac","vaep_value":0.0320708043,"offensive_value":0.0297885075,"defensive_value":0.0022822968,"count":12},"22":{"player_id":49872,"player_name":"H\u00e9ctor Beller\u00edn Moruno","vaep_value":-0.0262819756,"offensive_value":-0.024699155,"defensive_value":-0.0015828206,"count":13},"23":{"player_id":49876,"player_name":"Granit Xhaka","vaep_value":-0.049458197,"offensive_value":0.0354587139,"defensive_value":-0.0849169109,"count":115},"24":{"player_id":58978,"player_name":"Ignacio Monreal Eraso","vaep_value":0.0731572841,"offensive_value":0.0702372786,"defensive_value":0.0029200055,"count":28},"25":{"player_id":77548,"player_name":"Shkodran Mustafi","vaep_value":-0.0064552648,"offensive_value":-0.0312831508,"defensive_value":0.024827886,"count":29},"26":{"player_id":167145,"player_name":"Alex Oxlade-Chamberlain","vaep_value":-0.0625418867,"offensive_value":-0.0475822559,"defensive_value":-0.0149596308,"count":75},"27":{"player_id":230020,"player_name":"Alex Oxlade-Chamberlain","vaep_value":0.1082158345,"offensive_value":0.1013008782,"defensive_value":0.0069149563,"count":23},"28":{"player_id":332605,"player_name":"Alex Oxlade-Chamberlain","vaep_value":-0.0015662676,"offensive_value":0.0000191978,"defensive_value":-0.0015854654,"count":4}}