{"0":{"player_id":0,"player_name":"Pierre-Emerick Aubameyang","vaep_value":0.0448326238,"offensive_value":0.0413602486,"defensive_value":0.0034723752,"count":4},"1":{"player_id":159,"player_name":"Julian Weigl","vaep_value":-0.0641074079,"offensive_value":-0.0375232258,"defensive_value":-0.0265841822,"count":40},"2":{"player_id":3335,"player_name":"\u0141ukasz Piszczek","vaep_value":0.2232512613,"offensive_value":0.2642057531,"defensive_value":-0.0409544918,"count":90},"3":{"player_id":14687,"player_name":"Sokratis Papastathopoulos","vaep_value":0.0881412951,"offensive_value":0.1780776388,"defensive_value":-0.0899363437,"count":75},"4":{"player_id":14770,"player_name":"Marc Bartra Aregall","vaep_value":0.23658908,"offensive_value":0.2670372088,"defensive_value":-0.0304481288,"count":16},"5":{"player_id":14778,"player_name":"Jeremy Toljan","vaep_value":0.0006073713,"offensive_value":0.021395592,"defensive_value":-0.0207882207,"count":6},"6":{"player_id":14798,"player_name":"Marc Bartra Aregall","vaep_value":0.2254211226,"offensive_value":0.2602515523,"defensive_value":-0.0348304297,"count":61},"7":{"player_id":14816,"player_name":"Marc Bartra Aregall","vaep_value":1.3675397736,"offensive_value":1.2543552118,"defensive_value":0.1131845618,"count":58},"8":{"player_id":14914,"player_name":"Jeremy Toljan","vaep_value":0.3407339643,"offensive_value":0.0297807525,"defensive_value":0.3109532119,"count":35},"9":{"player_id":15695,"player_name":"Christian Pulisic","vaep_value":0.2181170493,"offensive_value":0.0977469957,"defensive_value":0.1203700536,"count":36},"10":{"player_id":15777,"player_name":"Marcel Heller","vaep_value":0.302987802,"offensive_value":0.2313334642,"defensive_value":0.0716543378,"count":67},"11":{"player_id":15781,"player_name":"Michael Gregoritsch","vaep_value":-0.3325871194,"offensive_value":0.0062068955,"defensive_value":-0.3387940149,"count":35},"12":{"player_id":16432,"player_name":"Daniel Tawiah Opare","vaep_value":0.5059336704,"offensive_value":0.5743206163,"defensive_value":-0.0683869459,"count":42},"13":{"player_id":16826,"player_name":"Alfre\u00f0 Finnbogason","vaep_value":0.0459090084,"offensive_value":0.0172235146,"defensive_value":0.0286854937,"count":12},"14":{"player_id":19392,"player_name":"Alfre\u00f0 Finnbogason","vaep_value":0.00058734,"offensive_value":0.0082061973,"defensive_value":-0.0076188573,"count":14},"15":{"player_id":25867,"player_name":"Julian Weigl","vaep_value":-1.1287041417,"offensive_value":-1.1000849911,"defensive_value":-0.0286191506,"count":20},"16":{"player_id":37948,"player_name":"Michael Gregoritsch","vaep_value":-0.2449000829,"offensive_value":-0.1899845423,"defensive_value":-0.0549155406,"count":32},"17":{"player_id":38079,"player_name":"Marcel Heller","vaep_value":0.1024635636,"offensive_value":0.1844838107,"defensive_value":-0.0820202471,"count":77},"18":{"player_id":49968,"player_name":"Jeremy Toljan","vaep_value":0.3176244582,"offensive_value":0.1539830805,"defensive_value":0.1636413777,"count":59},"19":{"player_id":65075,"player_name":"Jeremy Toljan","vaep_value":0.4300772866,"offensive_value":0.1052089826,"defensive_value":0.324868304,"count":45},"20":{"player_id":65180,"player_name":"Mahmoud Dahoud","vaep_value":-0.0050395034,"offensive_value":-0.0335217058,"defensive_value":0.0284822023,"count":21},"21":{"player_id":105622,"player_name":"Shinji Kagawa","vaep_value":1.2252748461,"offensive_value":1.1997070375,"defensive_value":0.0255678087,"count":53},"22":{"player_id":149389,"player_name":"Andriy Yarmolenko","vaep_value":-0.0316397804,"offensive_value":0.1758806279,"defensive_value":-0.2075204083,"count":73},"23":{"player_id":221411,"player_name":"Andriy Yarmolenko","vaep_value":0.5238172315,"offensive_value":0.5153893308,"defensive_value":0.0084279006,"count":59},"24":{"player_id":224677,"player_name":"Marcel Heller","vaep_value":0.1456597236,"offensive_value":0.115288669,"defensive_value":0.0303710545,"count":54},"25":{"player_id":224971,"player_name":"Julian Weigl","vaep_value":0.0892411412,"offensive_value":0.0877325146,"defensive_value":0.0015086266,"count":8},"26":{"player_id":272363,"player_name":"Mahmoud Dahoud","vaep_value":0.0538392973,"offensive_value":0.0397148584,"defensive_value":0.0141244389,"count":39},"27":{"player_id":354997,"player_name":"Andriy Yarmolenko","vaep_value":-0.0464757455,"offensive_value":-0.0500345815,"defensive_value":0.0035588359,"count":14},"28":{"player_id":391530,"player_name":"Martin Hinteregger","vaep_value":0.1152241896,"offensive_value":0.1205848719,"defensive_value":-0.0053606823,"count":53}}