{"0":{"player_id":0,"player_name":"Mario G\u00f3mez Garc\u00eda","vaep_value":0.0564043033,"offensive_value":0.0627603005,"defensive_value":-0.0063559972,"count":5},"1":{"player_id":7904,"player_name":"Maximilian Arnold","vaep_value":-0.009273365,"offensive_value":0.0048189117,"defensive_value":-0.0140922767,"count":26},"2":{"player_id":8309,"player_name":"Josuha Guilavogui","vaep_value":1.0185493816,"offensive_value":1.0322278424,"defensive_value":-0.0136784607,"count":59},"3":{"player_id":14731,"player_name":"Robin Knoche","vaep_value":-0.033097556,"offensive_value":-0.0070205679,"defensive_value":-0.0260769881,"count":40},"4":{"player_id":14762,"player_name":"John Anthony Brooks","vaep_value":0.814330761,"offensive_value":0.7868613901,"defensive_value":0.0274693709,"count":33},"5":{"player_id":14804,"player_name":"Marcel Tisserand","vaep_value":-0.0082604573,"offensive_value":-0.0057242236,"defensive_value":-0.0025362337,"count":6},"6":{"player_id":14905,"player_name":"Maximilian Arnold","vaep_value":-0.2426996505,"offensive_value":0.2119584442,"defensive_value":-0.4546580947,"count":55},"7":{"player_id":14917,"player_name":"Niklas Stark","vaep_value":0.302754328,"offensive_value":0.2451370261,"defensive_value":0.0576173019,"count":72},"8":{"player_id":14938,"player_name":"Per Ciljan Skjelbred","vaep_value":0.1534126117,"offensive_value":0.1471588953,"defensive_value":0.0062537164,"count":83},"9":{"player_id":15125,"player_name":"Per Ciljan Skjelbred","vaep_value":0.0414916252,"offensive_value":0.1390784636,"defensive_value":-0.0975868384,"count":53},"10":{"player_id":15129,"player_name":"Valentino Lazaro","vaep_value":0.4085386407,"offensive_value":0.4626171372,"defensive_value":-0.0540784965,"count":59},"11":{"player_id":15141,"player_name":"Valentino Lazaro","vaep_value":0.0401965606,"offensive_value":-0.0168827686,"defensive_value":0.0570793292,"count":25},"12":{"player_id":15191,"player_name":"Vedad Ibi\u0161evi\u0107","vaep_value":0.7560204084,"offensive_value":0.7643910681,"defensive_value":-0.0083706598,"count":60},"13":{"player_id":15276,"player_name":"Daniel Didavi","vaep_value":0.1454686575,"offensive_value":0.1565730092,"defensive_value":-0.0111043516,"count":58},"14":{"player_id":15771,"player_name":"Maximilian Arnold","vaep_value":0.0499176603,"offensive_value":0.0525004792,"defensive_value":-0.0025828189,"count":50},"15":{"player_id":15775,"player_name":"Robin Knoche","vaep_value":0.2858758074,"offensive_value":0.2613943985,"defensive_value":0.0244814089,"count":82},"16":{"player_id":15795,"player_name":"Paul Verhaegh","vaep_value":0.1376433562,"offensive_value":0.046381222,"defensive_value":0.0912621343,"count":43},"17":{"player_id":18974,"player_name":"Divock Okoth Origi","vaep_value":0.1260535365,"offensive_value":0.0808869682,"defensive_value":0.0451665684,"count":62},"18":{"player_id":25861,"player_name":"Paul Verhaegh","vaep_value":0.2394236298,"offensive_value":0.194714892,"defensive_value":0.0447087379,"count":83},"19":{"player_id":32959,"player_name":"John Anthony Brooks","vaep_value":0.0594174197,"offensive_value":0.0540278319,"defensive_value":0.0053895878,"count":14},"20":{"player_id":54579,"player_name":"Koen Casteels","vaep_value":0.1342496598,"offensive_value":0.1506626226,"defensive_value":-0.0164129628,"count":41},"21":{"player_id":134399,"player_name":"Maximilian Arnold","vaep_value":0.7682268736,"offensive_value":0.7679192082,"defensive_value":0.0003076654,"count":11},"22":{"player_id":134708,"player_name":"Koen Casteels","vaep_value":0.8974755246,"offensive_value":0.8785514432,"defensive_value":0.0189240813,"count":38},"23":{"player_id":149091,"player_name":"Sebastian Langkamp","vaep_value":0.1471710511,"offensive_value":0.1796468889,"defensive_value":-0.0324758377,"count":75},"24":{"player_id":173212,"player_name":"Maximilian Arnold","vaep_value":0.0421923173,"offensive_value":0.0141748027,"defensive_value":0.0280175146,"count":6},"25":{"player_id":208652,"player_name":"John Anthony Brooks","vaep_value":0.0549125836,"offensive_value":0.0388271546,"defensive_value":0.016085429,"count":41},"26":{"player_id":425926,"player_name":"Koen Casteels","vaep_value":0.3538978586,"offensive_value":0.2447302751,"defensive_value":0.1091675835,"count":44}}