{"0":{"player_id":0,"player_name":"Milan Badelj","vaep_value":0.0140969963,"offensive_value":0.0593110556,"defensive_value":-0.0452140593,"count":14},"1":{"player_id":45,"player_name":"Federico Chiesa","vaep_value":0.0331633978,"offensive_value":0.0962184625,"defensive_value":-0.0630550646,"count":55},"2":{"player_id":3710,"player_name":"Nikola Milenkovi\u0107","vaep_value":0.8393405387,"offensive_value":0.8414763911,"defensive_value":-0.0021358524,"count":4},"3":{"player_id":20472,"player_name":"Vitor Hugo Franchescoli de Souza","vaep_value":0.0506282285,"offensive_value":0.0500764783,"defensive_value":0.0005517502,"count":43},"4":{"player_id":20636,"player_name":"Davide Astori","vaep_value":0.2509088368,"offensive_value":0.1128989867,"defensive_value":0.1380098502,"count":50},"5":{"player_id":20663,"player_name":"Vitor Hugo Franchescoli de Souza","vaep_value":0.039916981,"offensive_value":0.0802224237,"defensive_value":-0.0403054426,"count":40},"6":{"player_id":20866,"player_name":"Cyril Th\u00e9r\u00e9au","vaep_value":0.2005739076,"offensive_value":0.209575052,"defensive_value":-0.0090011444,"count":89},"7":{"player_id":20874,"player_name":"Filippo Romagna","vaep_value":-0.1215472658,"offensive_value":-0.1247973735,"defensive_value":0.0032501078,"count":27},"8":{"player_id":21842,"player_name":"Cyril Th\u00e9r\u00e9au","vaep_value":-0.0155940235,"offensive_value":0.0150942884,"defensive_value":-0.0306883119,"count":41},"9":{"player_id":21865,"player_name":"Giovanni Pablo Simeone","vaep_value":0.0050149402,"offensive_value":0.004834814,"defensive_value":0.0001801262,"count":3},"10":{"player_id":22313,"player_name":"Jordan Veretout","vaep_value":0.0308020969,"offensive_value":0.0786921806,"defensive_value":-0.0478900836,"count":8},"11":{"player_id":22380,"player_name":"Milan Badelj","vaep_value":0.0640383636,"offensive_value":0.0976129314,"defensive_value":-0.0335745678,"count":60},"12":{"player_id":22732,"player_name":"Marco Benassi","vaep_value":0.2724203925,"offensive_value":-0.0288134323,"defensive_value":0.3012338248,"count":51},"13":{"player_id":22933,"player_name":"Gregory van der Wiel","vaep_value":-0.0080920123,"offensive_value":0.0042431359,"defensive_value":-0.0123351482,"count":22},"14":{"player_id":23314,"player_name":"Cristiano Biraghi","vaep_value":-0.0327532593,"offensive_value":-0.0247957925,"defensive_value":-0.0079574668,"count":31},"15":{"player_id":23705,"player_name":"Jordan Veretout","vaep_value":0.1165702717,"offensive_value":0.0934522777,"defensive_value":0.023117994,"count":31},"16":{"player_id":25541,"player_name":"Nicol\u00f2 Barella","vaep_value":0.2034167335,"offensive_value":0.2067819935,"defensive_value":-0.00336526,"count":78},"17":{"player_id":26518,"player_name":"Andrea Cossu","vaep_value":-0.0167565254,"offensive_value":-0.0178485056,"defensive_value":0.0010919803,"count":5},"18":{"player_id":44510,"player_name":"Jordan Veretout","vaep_value":0.1253658646,"offensive_value":0.1014421377,"defensive_value":0.0239237269,"count":81},"19":{"player_id":50073,"player_name":"Gregory van der Wiel","vaep_value":0.0163458311,"offensive_value":0.0175919177,"defensive_value":-0.0012460866,"count":13},"20":{"player_id":69400,"player_name":"Cyril Th\u00e9r\u00e9au","vaep_value":0.3058062864,"offensive_value":0.2250466745,"defensive_value":0.0807596119,"count":92},"21":{"player_id":116171,"player_name":"Jordan Veretout","vaep_value":0.1741320694,"offensive_value":0.1553399938,"defensive_value":0.0187920757,"count":44},"22":{"player_id":134413,"player_name":"Milan Badelj","vaep_value":0.2057038753,"offensive_value":0.0760703948,"defensive_value":0.1296334805,"count":43},"23":{"player_id":220359,"player_name":"Marco Andreolli","vaep_value":0.0437065135,"offensive_value":-0.0844680157,"defensive_value":0.1281745292,"count":20},"24":{"player_id":269152,"player_name":"Marco Andreolli","vaep_value":-0.2534096712,"offensive_value":-0.0405383501,"defensive_value":-0.2128713211,"count":46},"25":{"player_id":283832,"player_name":"Jo\u00e3o Pedro Geraldino dos Santos Galv\u00e3o","vaep_value":0.1821763339,"offensive_value":0.0359733275,"defensive_value":0.1462030064,"count":49},"26":{"player_id":286223,"player_name":"Leonardo Pavoletti","vaep_value":0.2201245346,"offensive_value":0.0922345905,"defensive_value":0.1278899441,"count":72},"27":{"player_id":424241,"player_name":"Jo\u00e3o Pedro Geraldino dos Santos Galv\u00e3o","vaep_value":0.1473050517,"offensive_value":0.1764665605,"defensive_value":-0.0291615088,"count":81},"28":{"player_id":447804,"player_name":"Cristiano Biraghi","vaep_value":0.3490558084,"offensive_value":0.3721623695,"defensive_value":-0.0231065612,"count":67}}