{"0":{"player_id":0,"player_name":"Max Kruse","vaep_value":-0.0189189052,"offensive_value":0.0003126734,"defensive_value":-0.0192315786,"count":12},"1":{"player_id":77,"player_name":"Philipp Bargfrede","vaep_value":0.1771800235,"offensive_value":0.0717464122,"defensive_value":0.1054336113,"count":55},"2":{"player_id":11095,"player_name":"Niklas Moisander","vaep_value":0.1793591793,"offensive_value":0.1160715751,"defensive_value":0.0632876043,"count":42},"3":{"player_id":14692,"player_name":"Holger Badstuber","vaep_value":0.0484184478,"offensive_value":0.0613773946,"defensive_value":-0.0129589468,"count":49},"4":{"player_id":14696,"player_name":"Holger Badstuber","vaep_value":0.0501737968,"offensive_value":0.0544507158,"defensive_value":-0.0042769191,"count":46},"5":{"player_id":14715,"player_name":"Philipp Bargfrede","vaep_value":-0.1164438299,"offensive_value":-0.0683494273,"defensive_value":-0.0480944026,"count":77},"6":{"player_id":14754,"player_name":"Philipp Bargfrede","vaep_value":0.0704234068,"offensive_value":0.0667430838,"defensive_value":0.003680323,"count":104},"7":{"player_id":15032,"player_name":"Santiago Lionel Ascac\u00edbar","vaep_value":0.2046815837,"offensive_value":0.1471085094,"defensive_value":0.0575730742,"count":50},"8":{"player_id":15798,"player_name":"Philipp Bargfrede","vaep_value":0.2004047786,"offensive_value":0.1486579084,"defensive_value":0.0517468702,"count":74},"9":{"player_id":16025,"player_name":"Philipp Bargfrede","vaep_value":0.978086594,"offensive_value":0.9700035307,"defensive_value":0.0080830633,"count":84},"10":{"player_id":16027,"player_name":"Benjamin Pavard","vaep_value":0.1724365625,"offensive_value":0.084121501,"defensive_value":0.0883150616,"count":77},"11":{"player_id":16094,"player_name":"Ron-Robert Zieler","vaep_value":-0.0285049218,"offensive_value":-0.0300138593,"defensive_value":0.0015089375,"count":15},"12":{"player_id":17136,"player_name":"Christian Gentner","vaep_value":0.0168768623,"offensive_value":-0.0049059419,"defensive_value":0.0217828042,"count":4},"13":{"player_id":25589,"player_name":"Christian Gentner","vaep_value":-0.0625870934,"offensive_value":-0.0078095605,"defensive_value":-0.0547775329,"count":6},"14":{"player_id":51217,"player_name":"Fin Bartels","vaep_value":0.2208319295,"offensive_value":0.2020955118,"defensive_value":0.0187364176,"count":49},"15":{"player_id":55990,"player_name":"Maximilian Eggestein","vaep_value":-0.0215628298,"offensive_value":-0.0008590913,"defensive_value":-0.0207037386,"count":52},"16":{"player_id":65055,"player_name":"Emiliano Adri\u00e1n Ins\u00faa Zapata","vaep_value":-0.0132169864,"offensive_value":0.0079899787,"defensive_value":-0.0212069651,"count":6},"17":{"player_id":70139,"player_name":"Milos Veljkovic","vaep_value":0.0022214911,"offensive_value":-0.0005897913,"defensive_value":0.0028112824,"count":45},"18":{"player_id":82340,"player_name":"Fin Bartels","vaep_value":0.1730361226,"offensive_value":0.1683715557,"defensive_value":0.0046645669,"count":51},"19":{"player_id":233910,"player_name":"Timo Baumgartl","vaep_value":0.0665776037,"offensive_value":0.0686329752,"defensive_value":-0.0020553715,"count":6},"20":{"player_id":235597,"player_name":"Timo Baumgartl","vaep_value":0.1098609717,"offensive_value":0.1489736697,"defensive_value":-0.0391126981,"count":95},"21":{"player_id":253822,"player_name":"Fin Bartels","vaep_value":0.0102304346,"offensive_value":0.1358225304,"defensive_value":-0.1255920958,"count":42},"22":{"player_id":254649,"player_name":"Maximilian Eggestein","vaep_value":-0.2288564771,"offensive_value":-0.1776044373,"defensive_value":-0.0512520397,"count":22},"23":{"player_id":272440,"player_name":"Theodor Gebre Selassie","vaep_value":-0.0416448816,"offensive_value":-0.0296286866,"defensive_value":-0.012016195,"count":57},"24":{"player_id":284469,"player_name":"Fin Bartels","vaep_value":-0.0204218075,"offensive_value":0.0176891785,"defensive_value":-0.038110986,"count":36},"25":{"player_id":328131,"player_name":"Josip Brekalo","vaep_value":0.0305929246,"offensive_value":0.0296120932,"defensive_value":0.0009808314,"count":9},"26":{"player_id":340646,"player_name":"Andreas Beck","vaep_value":0.2968847094,"offensive_value":0.071592371,"defensive_value":0.2252923385,"count":98},"27":{"player_id":345707,"player_name":"Andreas Beck","vaep_value":0.1467226756,"offensive_value":0.1122232578,"defensive_value":0.0344994179,"count":45},"28":{"player_id":413737,"player_name":"Niklas Moisander","vaep_value":0.3123849201,"offensive_value":0.1919967163,"defensive_value":0.1203882038,"count":71}}