{"0":{"player_id":0,"player_name":"Alessandro Murgia","vaep_value":0.0284724647,"offensive_value":0.1178463984,"defensive_value":-0.0893739337,"count":16},"1":{"player_id":3710,"player_name":"Luiz Felipe Ramos Marchi","vaep_value":-0.1477041924,"offensive_value":-0.1620397086,"defensive_value":0.0143355161,"count":25},"2":{"player_id":7926,"player_name":"Khouma El Hadji Babacar","vaep_value":-0.0427796266,"offensive_value":-0.0406056691,"defensive_value":-0.0021739574,"count":6},"3":{"player_id":7965,"player_name":"\u015etefan Daniel Radu","vaep_value":0.1980501495,"offensive_value":0.2149128378,"defensive_value":-0.0168626883,"count":73},"4":{"player_id":20550,"player_name":"Sergej Milinkovi\u0107-Savi\u0107","vaep_value":0.2462003321,"offensive_value":0.1207939733,"defensive_value":0.1254063587,"count":123},"5":{"player_id":20561,"player_name":"Luiz Felipe Ramos Marchi","vaep_value":0.0826350259,"offensive_value":0.0178026203,"defensive_value":0.0648324056,"count":29},"6":{"player_id":20635,"player_name":"Wallace Fortuna dos Santos","vaep_value":0.2285374306,"offensive_value":0.0911894934,"defensive_value":0.1373479372,"count":62},"7":{"player_id":20832,"player_name":"Lucas  Pezzini Leiva","vaep_value":0.1215430454,"offensive_value":0.0329055584,"defensive_value":0.088637487,"count":20},"8":{"player_id":20842,"player_name":"Adam Maru\u0161i\u0107","vaep_value":-0.0357851093,"offensive_value":0.0325821815,"defensive_value":-0.0683672908,"count":44},"9":{"player_id":21350,"player_name":"Wallace Fortuna dos Santos","vaep_value":0.0732402722,"offensive_value":0.0390740568,"defensive_value":0.0341662155,"count":40},"10":{"player_id":21384,"player_name":"Thomas Strakosha","vaep_value":-0.0062842347,"offensive_value":0.0068756336,"defensive_value":-0.0131598682,"count":34},"11":{"player_id":22162,"player_name":"Luiz Felipe Ramos Marchi","vaep_value":0.2364489696,"offensive_value":0.113666028,"defensive_value":0.1227829416,"count":81},"12":{"player_id":22163,"player_name":"Luiz Felipe Ramos Marchi","vaep_value":0.1107033897,"offensive_value":0.0946956713,"defensive_value":0.0160077184,"count":43},"13":{"player_id":22699,"player_name":"Sergej Milinkovi\u0107-Savi\u0107","vaep_value":-0.1541333181,"offensive_value":-0.1231234349,"defensive_value":-0.0310098832,"count":18},"14":{"player_id":37745,"player_name":"Ciro Immobile","vaep_value":0.2256822282,"offensive_value":0.2040005343,"defensive_value":0.0216816939,"count":48},"15":{"player_id":40806,"player_name":"Sergej Milinkovi\u0107-Savi\u0107","vaep_value":0.0872783582,"offensive_value":0.069319938,"defensive_value":0.0179584203,"count":80},"16":{"player_id":166534,"player_name":"Felipe  Anderson Pereira Gomes","vaep_value":0.0979739078,"offensive_value":0.0950567618,"defensive_value":0.0029171461,"count":36},"17":{"player_id":208696,"player_name":"Felipe  Anderson Pereira Gomes","vaep_value":0.157851446,"offensive_value":0.1922179137,"defensive_value":-0.0343664677,"count":61},"18":{"player_id":209400,"player_name":"Adam Maru\u0161i\u0107","vaep_value":0.1155996586,"offensive_value":0.0865465879,"defensive_value":0.0290530707,"count":39},"19":{"player_id":228928,"player_name":"Federico Peluso","vaep_value":0.0583820455,"offensive_value":0.0806816516,"defensive_value":-0.0222996061,"count":52},"20":{"player_id":246063,"player_name":"Adam Maru\u0161i\u0107","vaep_value":0.0032255219,"offensive_value":0.0092001085,"defensive_value":-0.0059745866,"count":10},"21":{"player_id":260250,"player_name":"Felipe  Anderson Pereira Gomes","vaep_value":0.2492361215,"offensive_value":0.1646493569,"defensive_value":0.0845867647,"count":113},"22":{"player_id":265865,"player_name":"Adam Maru\u0161i\u0107","vaep_value":1.8835574441,"offensive_value":1.8404157816,"defensive_value":0.0431416625,"count":112},"23":{"player_id":292310,"player_name":"Wallace Fortuna dos Santos","vaep_value":0.0293285422,"offensive_value":0.0175747842,"defensive_value":0.0117537579,"count":69},"24":{"player_id":346908,"player_name":"\u015etefan Daniel Radu","vaep_value":-0.0277358187,"offensive_value":0.0065486543,"defensive_value":-0.034284473,"count":66},"25":{"player_id":376362,"player_name":"\u015etefan Daniel Radu","vaep_value":0.2232730282,"offensive_value":0.192154617,"defensive_value":0.0311184111,"count":120},"26":{"player_id":403449,"player_name":"Lucas  Pezzini Leiva","vaep_value":0.3233247255,"offensive_value":0.2750663103,"defensive_value":0.0482584152,"count":89},"27":{"player_id":417231,"player_name":"Sergej Milinkovi\u0107-Savi\u0107","vaep_value":0.0185993705,"offensive_value":0.0508287477,"defensive_value":-0.0322293772,"count":81}}