{"0":{"player_id":0,"player_name":"Simone Zaza","vaep_value":0.0079981498,"offensive_value":0.0103454012,"defensive_value":-0.0023472514,"count":1},"1":{"player_id":3267,"player_name":"Daniel Parejo Mu\u00f1oz","vaep_value":0.0733934955,"offensive_value":0.2290522275,"defensive_value":-0.1556587319,"count":37},"2":{"player_id":3286,"player_name":"Mart\u00edn Montoya Torralbo","vaep_value":0.3897899029,"offensive_value":0.5016649671,"defensive_value":-0.1118750642,"count":120},"3":{"player_id":3339,"player_name":"Djen\u00e9 Dakonam Ortega","vaep_value":0.2885792287,"offensive_value":0.3040277791,"defensive_value":-0.0154485503,"count":56},"4":{"player_id":3572,"player_name":"Gabriel Armando de Abreu","vaep_value":0.2053667593,"offensive_value":0.1378334834,"defensive_value":0.0675332759,"count":41},"5":{"player_id":3605,"player_name":"Rodrigo Moreno Machado","vaep_value":0.0097681397,"offensive_value":0.0329796543,"defensive_value":-0.0232115146,"count":55},"6":{"player_id":3674,"player_name":"Andreas Hoelgebaum Pereira","vaep_value":0.9457154496,"offensive_value":0.8937497303,"defensive_value":0.0519657193,"count":28},"7":{"player_id":3856,"player_name":"Djen\u00e9 Dakonam Ortega","vaep_value":0.0399031936,"offensive_value":0.0395839568,"defensive_value":0.0003192368,"count":40},"8":{"player_id":3974,"player_name":"Francisco Jos\u00e9 Molinero Calder\u00f3n","vaep_value":-0.0852898658,"offensive_value":0.2940717148,"defensive_value":-0.3793615806,"count":61},"9":{"player_id":4009,"player_name":"Mart\u00edn Montoya Torralbo","vaep_value":-0.0118500099,"offensive_value":-0.0114897992,"defensive_value":-0.0003602107,"count":4},"10":{"player_id":4131,"player_name":"Carlos Soler Barrag\u00e1n","vaep_value":-0.1264378447,"offensive_value":-0.0366126216,"defensive_value":-0.0898252231,"count":29},"11":{"player_id":4892,"player_name":"Mart\u00edn Montoya Torralbo","vaep_value":0.2827135422,"offensive_value":0.2753944643,"defensive_value":0.007319078,"count":74},"12":{"player_id":5677,"player_name":"Amath Diedhiou Ndiaye","vaep_value":0.0696800466,"offensive_value":0.0076029438,"defensive_value":0.0620771028,"count":25},"13":{"player_id":20922,"player_name":"\u00c1ngel Luis Rodr\u00edguez D\u00edaz","vaep_value":0.0828092762,"offensive_value":0.0711707068,"defensive_value":0.0116385694,"count":22},"14":{"player_id":22202,"player_name":"\u00c1ngel Luis Rodr\u00edguez D\u00edaz","vaep_value":-0.1174317757,"offensive_value":-0.2064915327,"defensive_value":0.0890597571,"count":19},"15":{"player_id":25623,"player_name":"Francisco Jos\u00e9 Molinero Calder\u00f3n","vaep_value":0.1595065632,"offensive_value":0.0753280068,"defensive_value":0.0841785565,"count":41},"16":{"player_id":25888,"player_name":"\u00c1ngel Luis Rodr\u00edguez D\u00edaz","vaep_value":0.195293112,"offensive_value":0.1189518447,"defensive_value":0.0763412672,"count":5},"17":{"player_id":41363,"player_name":"Francisco Jos\u00e9 Molinero Calder\u00f3n","vaep_value":0.1146078919,"offensive_value":0.0533983151,"defensive_value":0.0612095768,"count":62},"18":{"player_id":70129,"player_name":"Amath Diedhiou Ndiaye","vaep_value":-0.1780479178,"offensive_value":-0.1491556432,"defensive_value":-0.0288922746,"count":33},"19":{"player_id":211853,"player_name":"Andreas Hoelgebaum Pereira","vaep_value":0.3132877285,"offensive_value":0.115162642,"defensive_value":0.1981250865,"count":68},"20":{"player_id":240445,"player_name":"Jos\u00e9 Luis Gay\u00e1 Pe\u00f1a","vaep_value":0.0561826103,"offensive_value":0.0546423354,"defensive_value":0.0015402749,"count":20},"21":{"player_id":250805,"player_name":"Jos\u00e9 Luis Gay\u00e1 Pe\u00f1a","vaep_value":0.5316219698,"offensive_value":0.144187251,"defensive_value":0.3874347188,"count":48},"22":{"player_id":250885,"player_name":"Andreas Hoelgebaum Pereira","vaep_value":-0.3817342676,"offensive_value":-0.3625975947,"defensive_value":-0.0191366728,"count":14},"23":{"player_id":286448,"player_name":"Jos\u00e9 Luis Gay\u00e1 Pe\u00f1a","vaep_value":-0.1261009668,"offensive_value":-0.0558441769,"defensive_value":-0.0702567899,"count":15},"24":{"player_id":293862,"player_name":"Djen\u00e9 Dakonam Ortega","vaep_value":0.0031457979,"offensive_value":0.0119524113,"defensive_value":-0.0088066134,"count":32},"25":{"player_id":344140,"player_name":"Mauro Wilney Arambarri Rosa","vaep_value":0.0754884366,"offensive_value":0.0538023013,"defensive_value":0.0216861353,"count":25},"26":{"player_id":372752,"player_name":"Geoffrey Kondogbia","vaep_value":-0.1100100362,"offensive_value":-0.0651416852,"defensive_value":-0.044868351,"count":75},"27":{"player_id":375771,"player_name":"Mauro Wilney Arambarri Rosa","vaep_value":-0.0063691754,"offensive_value":-0.0077442583,"defensive_value":0.0013750829,"count":5}}