{"0":{"player_id":0,"player_name":"Karim Benzema","vaep_value":-0.06853452,"offensive_value":-0.0540294873,"defensive_value":-0.0145050327,"count":6},"1":{"player_id":3290,"player_name":"Toni Kroos","vaep_value":-0.0032486035,"offensive_value":-0.0037989393,"defensive_value":0.0005503357,"count":1},"2":{"player_id":3306,"player_name":"Luka Modri\u0107","vaep_value":0.1903769489,"offensive_value":0.0155798859,"defensive_value":0.174797063,"count":77},"3":{"player_id":3309,"player_name":"Rapha\u00ebl Varane","vaep_value":-0.0036449404,"offensive_value":0.0678383256,"defensive_value":-0.0714832661,"count":84},"4":{"player_id":3310,"player_name":"Sergio Ramos Garc\u00eda","vaep_value":0.2450019628,"offensive_value":0.2420026798,"defensive_value":0.0029992829,"count":102},"5":{"player_id":3321,"player_name":"Toni Kroos","vaep_value":-0.1207558902,"offensive_value":-0.1085048318,"defensive_value":-0.0122510584,"count":32},"6":{"player_id":3322,"player_name":"Keylor Navas Gamboa","vaep_value":0.7249554773,"offensive_value":0.7626977768,"defensive_value":-0.0377422995,"count":46},"7":{"player_id":3397,"player_name":"Sergio Ramos Garc\u00eda","vaep_value":0.1399321017,"offensive_value":0.2236838229,"defensive_value":-0.0837517212,"count":45},"8":{"player_id":3409,"player_name":"Daniel Carvajal Ramos","vaep_value":0.0689867045,"offensive_value":0.0502241305,"defensive_value":0.0187625739,"count":42},"9":{"player_id":3414,"player_name":"Lucas V\u00e1zquez Iglesias","vaep_value":-0.0533687205,"offensive_value":0.0171465758,"defensive_value":-0.0705152963,"count":65},"10":{"player_id":3420,"player_name":"Marcelo Vieira da Silva J\u00fanior","vaep_value":-0.0060723331,"offensive_value":-0.0145815415,"defensive_value":0.0085092084,"count":7},"11":{"player_id":3421,"player_name":"Marco Asensio Willemsen","vaep_value":0.3157651665,"offensive_value":0.2875693927,"defensive_value":0.0281957738,"count":49},"12":{"player_id":3425,"player_name":"Sergio Ramos Garc\u00eda","vaep_value":-0.0087944884,"offensive_value":-0.0096775491,"defensive_value":0.0008830607,"count":13},"13":{"player_id":3503,"player_name":"Luka Modri\u0107","vaep_value":0.0117372035,"offensive_value":0.0379573538,"defensive_value":-0.0262201503,"count":49},"14":{"player_id":3563,"player_name":"Rapha\u00ebl Varane","vaep_value":0.0046361732,"offensive_value":0.0196431911,"defensive_value":-0.0150070179,"count":27},"15":{"player_id":3671,"player_name":"Sergio Ramos Garc\u00eda","vaep_value":0.3562775367,"offensive_value":0.1318424842,"defensive_value":0.2244350525,"count":41},"16":{"player_id":3750,"player_name":"Toni Kroos","vaep_value":0.1692335887,"offensive_value":0.0948462276,"defensive_value":0.0743873612,"count":57},"17":{"player_id":3915,"player_name":"Rapha\u00ebl Varane","vaep_value":0.1375036179,"offensive_value":0.0263644285,"defensive_value":0.1111391895,"count":33},"18":{"player_id":4498,"player_name":"Daniel Carvajal Ramos","vaep_value":0.2927816757,"offensive_value":0.3176075808,"defensive_value":-0.0248259051,"count":80},"19":{"player_id":4501,"player_name":"Rapha\u00ebl Varane","vaep_value":0.1126506942,"offensive_value":0.1435411609,"defensive_value":-0.0308904666,"count":98},"20":{"player_id":8278,"player_name":"I\u00f1igo C\u00f3rdoba Kerejeta","vaep_value":-0.1526104853,"offensive_value":-0.1312974417,"defensive_value":-0.0213130437,"count":13},"21":{"player_id":8287,"player_name":"Mikel San Jos\u00e9 Dom\u00ednguez","vaep_value":0.2193837409,"offensive_value":0.1999564855,"defensive_value":0.0194272554,"count":78},"22":{"player_id":14723,"player_name":"Mikel Balenziaga Oruesagasti","vaep_value":0.3529239606,"offensive_value":0.2755685776,"defensive_value":0.077355383,"count":92},"23":{"player_id":230862,"player_name":"\u00cd\u00f1igo Mart\u00ednez Berridi","vaep_value":0.0391751556,"offensive_value":0.0021782229,"defensive_value":0.0369969327,"count":38},"24":{"player_id":247141,"player_name":"Kepa Arrizabalaga Revuelta","vaep_value":0.6966711402,"offensive_value":0.7137385961,"defensive_value":-0.0170674559,"count":32},"25":{"player_id":288091,"player_name":"\u00cd\u00f1igo Lekue Mart\u00ednez","vaep_value":0.1860830693,"offensive_value":0.1917412694,"defensive_value":-0.0056582,"count":65},"26":{"player_id":344068,"player_name":"\u00cd\u00f1igo Lekue Mart\u00ednez","vaep_value":0.0459039379,"offensive_value":0.0572385096,"defensive_value":-0.0113345718,"count":29},"27":{"player_id":344075,"player_name":"Marcelo Vieira da Silva J\u00fanior","vaep_value":0.132911102,"offensive_value":0.0362996042,"defensive_value":0.0966114977,"count":43}}