{"0":{"player_id":0,"player_name":"Troy Deeney","vaep_value":0.0077902493,"offensive_value":0.0400459273,"defensive_value":-0.032255678,"count":8},"1":{"player_id":160,"player_name":"Adrian Mariappa","vaep_value":-0.06683276,"offensive_value":0.2699177349,"defensive_value":-0.3367504949,"count":92},"2":{"player_id":173,"player_name":"Jos\u00e9 Holebas","vaep_value":0.0112556851,"offensive_value":0.01385295,"defensive_value":-0.0025972648,"count":22},"3":{"player_id":8266,"player_name":"Mathias Jattah-Njie J\u00f8rgensen","vaep_value":0.0667815481,"offensive_value":0.0886231348,"defensive_value":-0.0218415867,"count":41},"4":{"player_id":8889,"player_name":"Christian Kabasele","vaep_value":0.0122336652,"offensive_value":0.0120039108,"defensive_value":0.0002297544,"count":12},"5":{"player_id":8897,"player_name":"Andr\u00e9 Mart\u00edn Carrillo D\u00edaz","vaep_value":0.0840774758,"offensive_value":0.029972781,"defensive_value":0.0541046949,"count":39},"6":{"player_id":8903,"player_name":"Daryl Janmaat","vaep_value":-0.0645746818,"offensive_value":-0.0423198888,"defensive_value":-0.022254793,"count":9},"7":{"player_id":9280,"player_name":"Daryl Janmaat","vaep_value":0.1776514956,"offensive_value":0.1255114148,"defensive_value":0.0521400807,"count":30},"8":{"player_id":9419,"player_name":"Christopher Schindler","vaep_value":0.5031361742,"offensive_value":0.514762809,"defensive_value":-0.0116266348,"count":39},"9":{"player_id":10663,"player_name":"Jonas L\u00f6ssl","vaep_value":-0.1848964912,"offensive_value":-0.177684234,"defensive_value":-0.0072122572,"count":10},"10":{"player_id":14688,"player_name":"Christopher Schindler","vaep_value":0.1467172055,"offensive_value":0.1021811469,"defensive_value":0.0445360586,"count":59},"11":{"player_id":14796,"player_name":"Elias Kachunga","vaep_value":-0.0613347589,"offensive_value":0.0145731632,"defensive_value":-0.0759079221,"count":24},"12":{"player_id":15215,"player_name":"Adrian Mariappa","vaep_value":0.0265491024,"offensive_value":-0.0037164614,"defensive_value":0.0302655638,"count":43},"13":{"player_id":15823,"player_name":"Adrian Mariappa","vaep_value":0.1426842642,"offensive_value":0.149184844,"defensive_value":-0.0065005798,"count":12},"14":{"player_id":16122,"player_name":"Adrian Mariappa","vaep_value":1.0327086009,"offensive_value":0.9019955937,"defensive_value":0.1307130072,"count":8},"15":{"player_id":16436,"player_name":"Andr\u00e9 Mart\u00edn Carrillo D\u00edaz","vaep_value":-0.0349860985,"offensive_value":-0.1955526986,"defensive_value":0.1605666,"count":44},"16":{"player_id":20505,"player_name":"Daryl Janmaat","vaep_value":0.006612197,"offensive_value":0.0069775814,"defensive_value":-0.0003653844,"count":5},"17":{"player_id":20593,"player_name":"Adrian Mariappa","vaep_value":0.1510069288,"offensive_value":0.1389931513,"defensive_value":0.0120137775,"count":53},"18":{"player_id":25798,"player_name":"Abdoulaye Doucour\u00e9","vaep_value":-0.0007661326,"offensive_value":0.0264794097,"defensive_value":-0.0272455423,"count":42},"19":{"player_id":28292,"player_name":"Christian Kabasele","vaep_value":0.5162031826,"offensive_value":0.9833935371,"defensive_value":-0.4671903545,"count":79},"20":{"player_id":38377,"player_name":"Richarlison de Andrade","vaep_value":0.4145467327,"offensive_value":0.4296117024,"defensive_value":-0.0150649697,"count":31},"21":{"player_id":55979,"player_name":"Florent Hadergjonaj","vaep_value":0.0412353575,"offensive_value":0.0865933863,"defensive_value":-0.0453580288,"count":26},"22":{"player_id":56038,"player_name":"Abdoulaye Doucour\u00e9","vaep_value":0.1025405165,"offensive_value":0.206730291,"defensive_value":-0.1041897745,"count":37},"23":{"player_id":62389,"player_name":"Abdoulaye Doucour\u00e9","vaep_value":1.2643274266,"offensive_value":1.2553489448,"defensive_value":0.0089784818,"count":67},"24":{"player_id":68085,"player_name":"Etienne Capoue","vaep_value":-0.1321708743,"offensive_value":0.140023596,"defensive_value":-0.2721944703,"count":67},"25":{"player_id":70156,"player_name":"Florent Hadergjonaj","vaep_value":0.1448134325,"offensive_value":0.1708044874,"defensive_value":-0.025991055,"count":55},"26":{"player_id":92899,"player_name":"Jos\u00e9 Holebas","vaep_value":-0.0641641846,"offensive_value":0.1169752117,"defensive_value":-0.1811393963,"count":72},"27":{"player_id":282550,"player_name":"Collin Quaner","vaep_value":0.3120667047,"offensive_value":0.1920922964,"defensive_value":0.1199744083,"count":52},"28":{"player_id":377071,"player_name":"Jos\u00e9 Holebas","vaep_value":0.004745326,"offensive_value":0.0011839118,"defensive_value":0.0035614142,"count":39}}