{"0":{"player_id":0,"player_name":"Gonzalo Gerardo Higua\u00edn","vaep_value":0.034676904,"offensive_value":0.0545574278,"defensive_value":-0.0198805238,"count":13},"1":{"player_id":3318,"player_name":"Medhi Amine El Mouttaqi Benatia","vaep_value":0.124546583,"offensive_value":0.094442738,"defensive_value":0.0301038451,"count":24},"2":{"player_id":3323,"player_name":"Mario Mand\u017euki\u0107","vaep_value":0.8299854536,"offensive_value":0.8330401687,"defensive_value":-0.0030547151,"count":28},"3":{"player_id":14943,"player_name":"Alex Sandro Lobo Silva","vaep_value":0.0208124565,"offensive_value":0.0183410081,"defensive_value":0.0024714484,"count":52},"4":{"player_id":20443,"player_name":"Alex Sandro Lobo Silva","vaep_value":0.2996280798,"offensive_value":0.2461455813,"defensive_value":0.0534824985,"count":72},"5":{"player_id":20455,"player_name":"Jordan Veretout","vaep_value":0.0581740934,"offensive_value":0.072175541,"defensive_value":-0.0140014476,"count":33},"6":{"player_id":20458,"player_name":"Jordan Veretout","vaep_value":-0.0113043184,"offensive_value":0.0351840416,"defensive_value":-0.04648836,"count":16},"7":{"player_id":20461,"player_name":"Marco Benassi","vaep_value":0.0103023906,"offensive_value":0.0255211085,"defensive_value":-0.015218718,"count":62},"8":{"player_id":20465,"player_name":"Marco Benassi","vaep_value":0.1422839172,"offensive_value":0.1328682785,"defensive_value":0.0094156386,"count":45},"9":{"player_id":20470,"player_name":"Claudio Marchisio","vaep_value":0.0630851146,"offensive_value":0.0039694547,"defensive_value":0.0591156599,"count":37},"10":{"player_id":20579,"player_name":"Alex Sandro Lobo Silva","vaep_value":-0.0025914434,"offensive_value":0.0974869337,"defensive_value":-0.1000783771,"count":62},"11":{"player_id":20663,"player_name":"Mario Mand\u017euki\u0107","vaep_value":-0.0834200059,"offensive_value":-0.0852713701,"defensive_value":0.0018513643,"count":15},"12":{"player_id":20866,"player_name":"Cristiano Biraghi","vaep_value":0.5184552547,"offensive_value":0.2416906039,"defensive_value":0.2767646508,"count":103},"13":{"player_id":21842,"player_name":"Cristiano Biraghi","vaep_value":0.1699510372,"offensive_value":0.208889833,"defensive_value":-0.0389387958,"count":82},"14":{"player_id":22380,"player_name":"Claudio Marchisio","vaep_value":0.1387490864,"offensive_value":0.1419213372,"defensive_value":-0.0031722508,"count":61},"15":{"player_id":23705,"player_name":"Miralem Pjani\u0107","vaep_value":0.1146154423,"offensive_value":0.0462009676,"defensive_value":0.0684144747,"count":23},"16":{"player_id":25541,"player_name":"Miralem Pjani\u0107","vaep_value":0.2207524889,"offensive_value":0.1604610119,"defensive_value":0.060291477,"count":90},"17":{"player_id":69400,"player_name":"Medhi Amine El Mouttaqi Benatia","vaep_value":0.196713208,"offensive_value":0.2341955481,"defensive_value":-0.0374823401,"count":106},"18":{"player_id":70084,"player_name":"Giorgio Chiellini","vaep_value":0.1462417605,"offensive_value":0.1072695135,"defensive_value":0.0389722469,"count":60},"19":{"player_id":86328,"player_name":"Medhi Amine El Mouttaqi Benatia","vaep_value":0.2045121116,"offensive_value":0.1347605078,"defensive_value":0.0697516038,"count":83},"20":{"player_id":105334,"player_name":"Stephan Lichtsteiner","vaep_value":0.0971403886,"offensive_value":0.0916395198,"defensive_value":0.0055008688,"count":13},"21":{"player_id":149076,"player_name":"Federico Bernardeschi","vaep_value":-0.0602082384,"offensive_value":-0.1104872497,"defensive_value":0.0502790113,"count":9},"22":{"player_id":246061,"player_name":"Federico Bernardeschi","vaep_value":0.9837427697,"offensive_value":0.9923812801,"defensive_value":-0.0086385104,"count":33},"23":{"player_id":269152,"player_name":"Alex Sandro Lobo Silva","vaep_value":-0.0264665162,"offensive_value":-0.0331839814,"defensive_value":0.0067174652,"count":15},"24":{"player_id":338249,"player_name":"Claudio Marchisio","vaep_value":0.0282053114,"offensive_value":0.0453317566,"defensive_value":-0.0171264452,"count":38},"25":{"player_id":361807,"player_name":"Mario Mand\u017euki\u0107","vaep_value":0.0405901446,"offensive_value":0.0048613951,"defensive_value":0.0357287495,"count":12},"26":{"player_id":424241,"player_name":"Mario Mand\u017euki\u0107","vaep_value":0.0255081608,"offensive_value":0.1291003076,"defensive_value":-0.1035921468,"count":94},"27":{"player_id":447804,"player_name":"Davide Astori","vaep_value":-0.1874520832,"offensive_value":-0.1734943055,"defensive_value":-0.0139577778,"count":44}}