{"0":{"player_id":0,"player_name":"Gianluca Caprari","vaep_value":0.0100484386,"offensive_value":0.0221747616,"defensive_value":-0.0121263231,"count":7},"1":{"player_id":130,"player_name":"Gianmarco Ferrari","vaep_value":1.0781482186,"offensive_value":0.992394881,"defensive_value":0.0857533376,"count":44},"2":{"player_id":7926,"player_name":"Adam Maru\u0161i\u0107","vaep_value":0.0660977828,"offensive_value":0.0812087051,"defensive_value":-0.0151109223,"count":14},"3":{"player_id":7965,"player_name":"Adam Maru\u0161i\u0107","vaep_value":0.0357707436,"offensive_value":0.006667,"defensive_value":0.0291037436,"count":56},"4":{"player_id":20460,"player_name":"Ciro Immobile","vaep_value":0.083483526,"offensive_value":0.0021951224,"defensive_value":0.0812884036,"count":42},"5":{"player_id":20479,"player_name":"Lucas  Pezzini Leiva","vaep_value":-0.1074509118,"offensive_value":-0.1016658028,"defensive_value":-0.005785109,"count":14},"6":{"player_id":20550,"player_name":"Sergej Milinkovi\u0107-Savi\u0107","vaep_value":0.2390882204,"offensive_value":0.1889181082,"defensive_value":0.0501701122,"count":69},"7":{"player_id":20561,"player_name":"Senad Luli\u0107","vaep_value":0.0735731703,"offensive_value":0.04131258,"defensive_value":0.0322605903,"count":61},"8":{"player_id":20689,"player_name":"Senad Luli\u0107","vaep_value":-0.0380098201,"offensive_value":-0.054425665,"defensive_value":0.0164158449,"count":39},"9":{"player_id":20802,"player_name":"Joachim Andersen","vaep_value":0.023569853,"offensive_value":0.0827875492,"defensive_value":-0.0592176962,"count":49},"10":{"player_id":20816,"player_name":"Emiliano Viviano","vaep_value":0.117406189,"offensive_value":0.1887849941,"defensive_value":-0.0713788051,"count":67},"11":{"player_id":21350,"player_name":"Gianmarco Ferrari","vaep_value":0.014848439,"offensive_value":-0.0011857384,"defensive_value":0.0160341774,"count":8},"12":{"player_id":21376,"player_name":"Gast\u00f3n Exequiel Ram\u00edrez Pereyra","vaep_value":-0.1057238512,"offensive_value":-0.0601963596,"defensive_value":-0.0455274916,"count":18},"13":{"player_id":21384,"player_name":"Senad Luli\u0107","vaep_value":1.5652076011,"offensive_value":1.5813314375,"defensive_value":-0.0161238363,"count":31},"14":{"player_id":22270,"player_name":"Gianmarco Ferrari","vaep_value":0.2882907535,"offensive_value":0.1077985463,"defensive_value":0.1804922072,"count":65},"15":{"player_id":37739,"player_name":"Emiliano Viviano","vaep_value":0.0895551379,"offensive_value":0.086077681,"defensive_value":0.0034774569,"count":65},"16":{"player_id":37745,"player_name":"\u015etefan Daniel Radu","vaep_value":-0.0187721418,"offensive_value":-0.039198145,"defensive_value":0.0204260033,"count":41},"17":{"player_id":40806,"player_name":"\u00c9dgar Osvaldo Barreto C\u00e1ceres","vaep_value":0.1501680803,"offensive_value":0.1969604787,"defensive_value":-0.0467923984,"count":70},"18":{"player_id":86243,"player_name":"Stefan de Vrij","vaep_value":-0.0534150321,"offensive_value":-0.0484751926,"defensive_value":-0.0049398395,"count":15},"19":{"player_id":99833,"player_name":"Thomas Strakosha","vaep_value":-0.0100617115,"offensive_value":0.1391726696,"defensive_value":-0.1492343812,"count":57},"20":{"player_id":105361,"player_name":"Senad Luli\u0107","vaep_value":0.1329621575,"offensive_value":0.0967337606,"defensive_value":0.0362283969,"count":67},"21":{"player_id":138174,"player_name":"Ciro Immobile","vaep_value":0.0130822158,"offensive_value":0.0162480955,"defensive_value":-0.0031658798,"count":22},"22":{"player_id":145787,"player_name":"Senad Luli\u0107","vaep_value":0.2192462577,"offensive_value":0.0850392797,"defensive_value":0.134206978,"count":70},"23":{"player_id":166534,"player_name":"Lucas Torreira Di Pascua","vaep_value":0.0395646397,"offensive_value":0.0906485842,"defensive_value":-0.0510839445,"count":36},"24":{"player_id":228928,"player_name":"Lucas Torreira Di Pascua","vaep_value":0.2745440817,"offensive_value":0.2706502712,"defensive_value":0.0038938104,"count":53},"25":{"player_id":240042,"player_name":"\u00c9dgar Osvaldo Barreto C\u00e1ceres","vaep_value":-0.0287960638,"offensive_value":-0.0186059997,"defensive_value":-0.0101900641,"count":29},"26":{"player_id":265865,"player_name":"Bartosz Bereszy\u0144ski","vaep_value":1.1555721356,"offensive_value":1.1253953921,"defensive_value":0.0301767435,"count":70},"27":{"player_id":333571,"player_name":"Joachim Andersen","vaep_value":-0.0910340723,"offensive_value":0.0852654815,"defensive_value":-0.1762995538,"count":78}}