{"0":{"player_id":0,"player_name":"Bruno Petkovi\u0107","vaep_value":0.0034153329,"offensive_value":-0.003777615,"defensive_value":0.0071929479,"count":4},"1":{"player_id":192,"player_name":"Mattia Valoti","vaep_value":0.1657990079,"offensive_value":0.075603347,"defensive_value":0.0901956608,"count":51},"2":{"player_id":20403,"player_name":"Mohamed Salim Fares","vaep_value":0.0693881309,"offensive_value":0.0325053062,"defensive_value":0.0368828247,"count":13},"3":{"player_id":20414,"player_name":"Mat\u00edas Agust\u00edn Silvestre","vaep_value":-0.304046453,"offensive_value":-0.0211908936,"defensive_value":-0.2828555594,"count":65},"4":{"player_id":20446,"player_name":"Jago\u0161 Vukovi\u0107","vaep_value":-0.0287949017,"offensive_value":-0.0293626725,"defensive_value":0.0005677708,"count":8},"5":{"player_id":20479,"player_name":"Mohamed Salim Fares","vaep_value":0.1291608207,"offensive_value":0.0639067908,"defensive_value":0.0652540299,"count":38},"6":{"player_id":20523,"player_name":"Nicolas David Andrade ","vaep_value":-0.044860735,"offensive_value":-0.048653107,"defensive_value":0.0037923721,"count":18},"7":{"player_id":20802,"player_name":"Antonio Aldo Caracciolo","vaep_value":0.0285524329,"offensive_value":0.0672074102,"defensive_value":-0.0386549773,"count":20},"8":{"player_id":20811,"player_name":"R\u00f4mulo  Souza Orestes Caldeira","vaep_value":0.2714099643,"offensive_value":0.2248202168,"defensive_value":0.0465897475,"count":83},"9":{"player_id":20816,"player_name":"Mattia Valoti","vaep_value":0.8658181026,"offensive_value":0.8853932455,"defensive_value":-0.0195751429,"count":79},"10":{"player_id":20869,"player_name":"Mat\u00edas Agust\u00edn Silvestre","vaep_value":0.1667510178,"offensive_value":0.1343463543,"defensive_value":0.0324046635,"count":78},"11":{"player_id":20935,"player_name":"Bartosz Bereszy\u0144ski","vaep_value":0.0533902433,"offensive_value":0.2141812189,"defensive_value":-0.1607909757,"count":70},"12":{"player_id":20949,"player_name":"Emiliano Viviano","vaep_value":0.1813309316,"offensive_value":-0.0002473122,"defensive_value":0.1815782438,"count":41},"13":{"player_id":21298,"player_name":"Mohamed Salim Fares","vaep_value":0.3239014217,"offensive_value":0.0954269583,"defensive_value":0.2284744635,"count":67},"14":{"player_id":21376,"player_name":"Jago\u0161 Vukovi\u0107","vaep_value":0.5081880369,"offensive_value":0.4631228566,"defensive_value":0.0450651803,"count":49},"15":{"player_id":22093,"player_name":"Antonio Aldo Caracciolo","vaep_value":0.0217557553,"offensive_value":0.0144993053,"defensive_value":0.00725645,"count":43},"16":{"player_id":22099,"player_name":"R\u00f4mulo  Souza Orestes Caldeira","vaep_value":0.2131336807,"offensive_value":0.0832044771,"defensive_value":0.1299292035,"count":38},"17":{"player_id":22270,"player_name":"Nicola Murru","vaep_value":0.4348337097,"offensive_value":0.3640543201,"defensive_value":0.0707793896,"count":83},"18":{"player_id":86243,"player_name":"Lucas Torreira Di Pascua","vaep_value":-0.1842460431,"offensive_value":-0.1713425082,"defensive_value":-0.0129035349,"count":22},"19":{"player_id":99833,"player_name":"Gianluca Caprari","vaep_value":0.1239718464,"offensive_value":0.234953074,"defensive_value":-0.1109812276,"count":91},"20":{"player_id":138174,"player_name":"Gianluca Caprari","vaep_value":0.0320145813,"offensive_value":0.0688126668,"defensive_value":-0.0367980856,"count":70},"21":{"player_id":240042,"player_name":"Bruno Petkovi\u0107","vaep_value":0.0928473802,"offensive_value":0.09568534,"defensive_value":-0.0028379598,"count":18},"22":{"player_id":252589,"player_name":"Lucas Torreira Di Pascua","vaep_value":-0.0081909173,"offensive_value":-0.0130183097,"defensive_value":0.0048273924,"count":32},"23":{"player_id":286225,"player_name":"\u00c9dgar Osvaldo Barreto C\u00e1ceres","vaep_value":-0.0404658509,"offensive_value":-0.0295393721,"defensive_value":-0.0109264788,"count":3},"24":{"player_id":328336,"player_name":"Lucas Torreira Di Pascua","vaep_value":0.1183585617,"offensive_value":0.0974822049,"defensive_value":0.0208763567,"count":68},"25":{"player_id":333571,"player_name":"Mat\u00edas Agust\u00edn Silvestre","vaep_value":0.6298857397,"offensive_value":0.5680496652,"defensive_value":0.0618360746,"count":107},"26":{"player_id":337225,"player_name":"Lucas Torreira Di Pascua","vaep_value":0.0777963193,"offensive_value":0.0742588646,"defensive_value":0.0035374546,"count":16},"27":{"player_id":343925,"player_name":"Gianluca Caprari","vaep_value":0.0570348543,"offensive_value":0.0541814564,"defensive_value":0.0028533979,"count":20},"28":{"player_id":410031,"player_name":"Duv\u00e1n Esteban Zapata Banguera","vaep_value":0.1293074597,"offensive_value":0.0849997313,"defensive_value":0.0443077284,"count":39}}