{"0":{"player_id":0,"player_name":"Maximiliano G\u00f3mez Gonz\u00e1lez","vaep_value":-0.0235629965,"offensive_value":-0.0083432056,"defensive_value":-0.0152197909,"count":9},"1":{"player_id":3338,"player_name":"Sergi G\u00f3mez Sol\u00e0","vaep_value":-0.0690213596,"offensive_value":-0.0060121681,"defensive_value":-0.0630091914,"count":49},"2":{"player_id":3704,"player_name":"Hugo Mallo Novegil","vaep_value":0.2191918537,"offensive_value":0.1452182692,"defensive_value":0.0739735845,"count":43},"3":{"player_id":3822,"player_name":"Iago Aspas Juncal","vaep_value":0.1070303954,"offensive_value":0.1930254842,"defensive_value":-0.0859950888,"count":48},"4":{"player_id":3827,"player_name":"Anaitz Arbilla Zabala","vaep_value":0.188930562,"offensive_value":0.2057224464,"defensive_value":-0.0167918844,"count":66},"5":{"player_id":3840,"player_name":"Marko Dmitrovi\u0107","vaep_value":0.8784843767,"offensive_value":0.8892242392,"defensive_value":-0.0107398625,"count":48},"6":{"player_id":3874,"player_name":"Rub\u00e9n Pe\u00f1a Jim\u00e9nez","vaep_value":-0.0813383202,"offensive_value":-0.0602543436,"defensive_value":-0.0210839766,"count":56},"7":{"player_id":3916,"player_name":"Rub\u00e9n Pe\u00f1a Jim\u00e9nez","vaep_value":0.2293769794,"offensive_value":0.0375766857,"defensive_value":0.1918002937,"count":45},"8":{"player_id":4014,"player_name":"Rub\u00e9n Pe\u00f1a Jim\u00e9nez","vaep_value":0.0277103318,"offensive_value":0.0393420295,"defensive_value":-0.0116316976,"count":20},"9":{"player_id":4094,"player_name":"Iv\u00e1n Alejo Peralta","vaep_value":0.0284301377,"offensive_value":0.0357174752,"defensive_value":-0.0072873376,"count":10},"10":{"player_id":4424,"player_name":"Sergi G\u00f3mez Sol\u00e0","vaep_value":0.2928609264,"offensive_value":0.1282513873,"defensive_value":0.1646095391,"count":67},"11":{"player_id":4780,"player_name":"Rub\u00e9n Pe\u00f1a Jim\u00e9nez","vaep_value":0.039939485,"offensive_value":0.0625840208,"defensive_value":-0.0226445359,"count":9},"12":{"player_id":4805,"player_name":"Enrique Garc\u00eda Mart\u00ednez","vaep_value":0.2327824432,"offensive_value":0.2818041423,"defensive_value":-0.0490216991,"count":75},"13":{"player_id":14836,"player_name":"Enrique Garc\u00eda Mart\u00ednez","vaep_value":-0.1031672801,"offensive_value":-0.1700236641,"defensive_value":0.066856384,"count":39},"14":{"player_id":20436,"player_name":"Daniel Wass","vaep_value":0.9548683815,"offensive_value":1.0073077665,"defensive_value":-0.052439385,"count":69},"15":{"player_id":26652,"player_name":"Joan Jord\u00e1n Moreno","vaep_value":0.3104202703,"offensive_value":0.2420754987,"defensive_value":0.0683447716,"count":53},"16":{"player_id":70507,"player_name":"Sergi G\u00f3mez Sol\u00e0","vaep_value":-0.0424844306,"offensive_value":-0.0533539853,"defensive_value":0.0108695547,"count":25},"17":{"player_id":86183,"player_name":"Joan Jord\u00e1n Moreno","vaep_value":0.0597490664,"offensive_value":0.0438599831,"defensive_value":0.0158890833,"count":4},"18":{"player_id":140046,"player_name":"Iv\u00e1n Alejo Peralta","vaep_value":0.1572743302,"offensive_value":0.2498549275,"defensive_value":-0.0925805974,"count":40},"19":{"player_id":140125,"player_name":"Rub\u00e9n Blanco Veiga","vaep_value":0.0701405726,"offensive_value":-0.007081951,"defensive_value":0.0772225236,"count":39},"20":{"player_id":167641,"player_name":"Gustavo Daniel Cabral C\u00e1ceres","vaep_value":0.1671655406,"offensive_value":0.0058588483,"defensive_value":0.1613066923,"count":36},"21":{"player_id":225948,"player_name":"Iago Aspas Juncal","vaep_value":0.2498013378,"offensive_value":0.2603627144,"defensive_value":-0.0105613766,"count":57},"22":{"player_id":241945,"player_name":"Anaitz Arbilla Zabala","vaep_value":-0.0192969857,"offensive_value":-0.0151165093,"defensive_value":-0.0041804764,"count":26},"23":{"player_id":247207,"player_name":"Anaitz Arbilla Zabala","vaep_value":0.3739956847,"offensive_value":0.264040739,"defensive_value":0.1099549457,"count":66},"24":{"player_id":269060,"player_name":"Takashi Inui","vaep_value":0.0216087484,"offensive_value":0.0179430328,"defensive_value":0.0036657156,"count":10},"25":{"player_id":279555,"player_name":"Takashi Inui","vaep_value":0.0403296581,"offensive_value":0.0410548891,"defensive_value":-0.000725231,"count":29},"26":{"player_id":281255,"player_name":"Rub\u00e9n Blanco Veiga","vaep_value":0.0956346121,"offensive_value":0.1131063939,"defensive_value":-0.0174717818,"count":28},"27":{"player_id":385273,"player_name":"Maximiliano G\u00f3mez Gonz\u00e1lez","vaep_value":-0.0715678036,"offensive_value":-0.0506592494,"defensive_value":-0.0209085542,"count":35},"28":{"player_id":395636,"player_name":"Maximiliano G\u00f3mez Gonz\u00e1lez","vaep_value":0.7877768305,"offensive_value":0.7334098467,"defensive_value":0.0543669838,"count":34}}