{"0":{"player_id":0,"player_name":"Adem Ljaji\u0107","vaep_value":0.0289731771,"offensive_value":0.0493678572,"defensive_value":-0.0203946801,"count":9},"1":{"player_id":394,"player_name":"Maximiliano Gast\u00f3n L\u00f3pez","vaep_value":0.1860418131,"offensive_value":0.149690402,"defensive_value":0.0363514111,"count":48},"2":{"player_id":8148,"player_name":"Nicolas N'Koulou","vaep_value":0.2766827352,"offensive_value":0.3266817796,"defensive_value":-0.0499990444,"count":63},"3":{"player_id":14745,"player_name":"Lyanco Evangelista Silveira Neves Vojnovi\u0107 ","vaep_value":0.2220874925,"offensive_value":0.164531159,"defensive_value":0.0575563335,"count":72},"4":{"player_id":14903,"player_name":"Cristian Daniel Ansaldi","vaep_value":0.1583285565,"offensive_value":0.0865718973,"defensive_value":0.0717566592,"count":59},"5":{"player_id":20422,"player_name":"Simone Scuffet","vaep_value":0.0045812466,"offensive_value":0.0073152995,"defensive_value":-0.0027340528,"count":31},"6":{"player_id":20583,"player_name":"Danilo Larangeira","vaep_value":0.0380183249,"offensive_value":0.0198204215,"defensive_value":0.0181979034,"count":30},"7":{"player_id":20941,"player_name":"Daniele Baselli","vaep_value":1.0640288118,"offensive_value":1.0793603256,"defensive_value":-0.0153315138,"count":68},"8":{"player_id":21234,"player_name":"Jens Stryger Larsen","vaep_value":0.8371273481,"offensive_value":0.7379491335,"defensive_value":0.0991782146,"count":35},"9":{"player_id":21314,"player_name":"Cristian Molinaro","vaep_value":0.0874118581,"offensive_value":0.0705246504,"defensive_value":0.0168872077,"count":30},"10":{"player_id":21507,"player_name":"Andrea Belotti","vaep_value":0.4089359805,"offensive_value":0.2162221214,"defensive_value":0.1927138591,"count":75},"11":{"player_id":22677,"player_name":"Emil Hallfre\u00f0sson","vaep_value":0.1524073,"offensive_value":0.0756306545,"defensive_value":0.0767766455,"count":25},"12":{"player_id":25421,"player_name":"Jens Stryger Larsen","vaep_value":0.0536811056,"offensive_value":0.1411325992,"defensive_value":-0.0874514936,"count":37},"13":{"player_id":25558,"player_name":"Lyanco Evangelista Silveira Neves Vojnovi\u0107 ","vaep_value":-0.419023324,"offensive_value":0.0086272805,"defensive_value":-0.4276506045,"count":47},"14":{"player_id":25898,"player_name":"Cristian Molinaro","vaep_value":0.105869783,"offensive_value":0.0307422434,"defensive_value":0.0751275396,"count":40},"15":{"player_id":56026,"player_name":"Nicolas N'Koulou","vaep_value":0.3953929961,"offensive_value":0.2812444289,"defensive_value":0.1141485672,"count":81},"16":{"player_id":101742,"player_name":"Salvatore Sirigu","vaep_value":0.2328654904,"offensive_value":0.1197691793,"defensive_value":0.1130963111,"count":47},"17":{"player_id":131184,"player_name":"Giuseppe Pezzella","vaep_value":0.0605938295,"offensive_value":0.0448211047,"defensive_value":0.0157727248,"count":11},"18":{"player_id":134508,"player_name":"Anton\u00edn Bar\u00e1k","vaep_value":0.0861997952,"offensive_value":0.0898333904,"defensive_value":-0.0036335952,"count":60},"19":{"player_id":213948,"player_name":"Emil Hallfre\u00f0sson","vaep_value":0.3159567019,"offensive_value":0.3676435565,"defensive_value":-0.0516868546,"count":67},"20":{"player_id":239288,"player_name":"Giuseppe Pezzella","vaep_value":0.2495941794,"offensive_value":0.1477726307,"defensive_value":0.1018215488,"count":36},"21":{"player_id":265172,"player_name":"Salvatore Sirigu","vaep_value":0.0510450241,"offensive_value":0.0728711925,"defensive_value":-0.0218261684,"count":62},"22":{"player_id":333913,"player_name":"Lyanco Evangelista Silveira Neves Vojnovi\u0107 ","vaep_value":0.7377393942,"offensive_value":0.7471124902,"defensive_value":-0.0093730961,"count":28},"23":{"player_id":334817,"player_name":"Nicolas N'Koulou","vaep_value":0.0238352311,"offensive_value":0.0064727457,"defensive_value":0.0173624854,"count":6},"24":{"player_id":339791,"player_name":"Lyanco Evangelista Silveira Neves Vojnovi\u0107 ","vaep_value":-0.0354688838,"offensive_value":-0.0212393044,"defensive_value":-0.0142295794,"count":16},"25":{"player_id":354547,"player_name":"Lyanco Evangelista Silveira Neves Vojnovi\u0107 ","vaep_value":0.1545162201,"offensive_value":0.1278521901,"defensive_value":0.02666403,"count":31},"26":{"player_id":377757,"player_name":"Rodrigo Javier de Paul","vaep_value":0.1783252971,"offensive_value":0.2320767672,"defensive_value":-0.0537514702,"count":64},"27":{"player_id":388398,"player_name":"Cristian Molinaro","vaep_value":0.0869170554,"offensive_value":0.0955781238,"defensive_value":-0.0086610684,"count":53}}