{"0":{"player_id":0,"player_name":"Diego Alejandro Rol\u00e1n Silva","vaep_value":0.101691406,"offensive_value":0.126515764,"defensive_value":-0.0248243581,"count":14},"1":{"player_id":3299,"player_name":"Zdravko Kuzmanovi\u0107","vaep_value":0.086603683,"offensive_value":0.1173304066,"defensive_value":-0.0307267236,"count":31},"2":{"player_id":3423,"player_name":"Paul Baysse","vaep_value":0.1364593881,"offensive_value":0.1335280465,"defensive_value":0.0029313415,"count":56},"3":{"player_id":3466,"player_name":"Rub\u00e9n Duarte S\u00e1nchez","vaep_value":0.1154890251,"offensive_value":0.0498742984,"defensive_value":0.0656147267,"count":40},"4":{"player_id":3538,"player_name":"Manuel Alejandro Garc\u00eda S\u00e1nchez","vaep_value":0.0194058726,"offensive_value":0.0047014891,"defensive_value":0.0147043834,"count":1},"5":{"player_id":3568,"player_name":"Luis Hern\u00e1ndez Rodr\u00edguez","vaep_value":0.1519011349,"offensive_value":0.1884513575,"defensive_value":-0.0365502226,"count":74},"6":{"player_id":3645,"player_name":"Rub\u00e9n Duarte S\u00e1nchez","vaep_value":0.0550726274,"offensive_value":0.0279778724,"defensive_value":0.027094755,"count":79},"7":{"player_id":3650,"player_name":"Paul Baysse","vaep_value":0.1861235705,"offensive_value":0.1268451273,"defensive_value":0.0592784432,"count":48},"8":{"player_id":3719,"player_name":"Rub\u00e9n Duarte S\u00e1nchez","vaep_value":0.1102023757,"offensive_value":0.085050124,"defensive_value":0.0251522517,"count":32},"9":{"player_id":3875,"player_name":"Luis Hern\u00e1ndez Rodr\u00edguez","vaep_value":-0.0093278044,"offensive_value":-0.0135588085,"defensive_value":0.004231004,"count":7},"10":{"player_id":5472,"player_name":"Luis Hern\u00e1ndez Rodr\u00edguez","vaep_value":0.3327013047,"offensive_value":0.3425151919,"defensive_value":-0.0098138872,"count":101},"11":{"player_id":7585,"player_name":"Manuel Alejandro Garc\u00eda S\u00e1nchez","vaep_value":0.1743033327,"offensive_value":0.0992131205,"defensive_value":0.0750902122,"count":53},"12":{"player_id":7857,"player_name":"Alfonso Pedraza Sag","vaep_value":0.1675608997,"offensive_value":0.1258678074,"defensive_value":0.0416930923,"count":66},"13":{"player_id":14757,"player_name":"Jos\u00e9 Luis Garc\u00eda del Pozo","vaep_value":-0.1191578234,"offensive_value":0.0195284332,"defensive_value":-0.1386862566,"count":71},"14":{"player_id":20450,"player_name":"Jos\u00e9 Luis Garc\u00eda del Pozo","vaep_value":0.0226562812,"offensive_value":0.0296066237,"defensive_value":-0.0069503424,"count":10},"15":{"player_id":26332,"player_name":"Rub\u00e9n Duarte S\u00e1nchez","vaep_value":0.1194057629,"offensive_value":0.0357952993,"defensive_value":0.0836104635,"count":60},"16":{"player_id":38436,"player_name":"Luis Hern\u00e1ndez Rodr\u00edguez","vaep_value":-0.016042513,"offensive_value":-0.0137645118,"defensive_value":-0.0022780012,"count":4},"17":{"player_id":116283,"player_name":"Rub\u00e9n Duarte S\u00e1nchez","vaep_value":-0.0501104699,"offensive_value":-0.0394220306,"defensive_value":-0.0106884394,"count":53},"18":{"player_id":224080,"player_name":"Rub\u00e9n Duarte S\u00e1nchez","vaep_value":0.0972140876,"offensive_value":0.0689582459,"defensive_value":0.0282558417,"count":53},"19":{"player_id":225022,"player_name":"Alfonso Pedraza Sag","vaep_value":0.2416683784,"offensive_value":0.1872341228,"defensive_value":0.0544342556,"count":59},"20":{"player_id":226005,"player_name":"Alfonso Pedraza Sag","vaep_value":0.0340762587,"offensive_value":0.0453800542,"defensive_value":-0.0113037955,"count":40},"21":{"player_id":247169,"player_name":"Jorge Franco Alviz","vaep_value":-0.116093545,"offensive_value":-0.1090063709,"defensive_value":-0.0070871741,"count":26},"22":{"player_id":259946,"player_name":"Paul Baysse","vaep_value":-0.0026973243,"offensive_value":0.0260746664,"defensive_value":-0.0287719907,"count":34},"23":{"player_id":278007,"player_name":"Javier Ontiveros Parra","vaep_value":0.0412100004,"offensive_value":0.0292648429,"defensive_value":0.0119451575,"count":25},"24":{"player_id":278278,"player_name":"Munir El Haddadi Mohamed","vaep_value":0.288171361,"offensive_value":0.3209782785,"defensive_value":-0.0328069176,"count":31},"25":{"player_id":359847,"player_name":"Luis Hern\u00e1ndez Rodr\u00edguez","vaep_value":-0.0623832046,"offensive_value":-0.0817441035,"defensive_value":0.0193608989,"count":48},"26":{"player_id":408293,"player_name":"Guillermo Alfonso Marip\u00e1n Loaysa","vaep_value":-0.0357457412,"offensive_value":0.0512015427,"defensive_value":-0.0869472838,"count":56},"27":{"player_id":485383,"player_name":"Luis Hern\u00e1ndez Rodr\u00edguez","vaep_value":0.0696618027,"offensive_value":0.0095620158,"defensive_value":0.060099787,"count":12},"28":{"player_id":489488,"player_name":"Adalberto Pe\u00f1aranda Maestre","vaep_value":0.5244248267,"offensive_value":0.5275388056,"defensive_value":-0.0031139789,"count":59}}