{"0":{"player_id":0,"player_name":"Karl Toko Ekambi","vaep_value":0.0113181951,"offensive_value":0.0182102979,"defensive_value":-0.0068921028,"count":3},"1":{"player_id":3276,"player_name":"Mateo Pavlovi\u0107","vaep_value":0.199696224,"offensive_value":0.1394314395,"defensive_value":0.0602647845,"count":70},"2":{"player_id":14722,"player_name":"Yohann Pel\u00e9","vaep_value":0.1292206198,"offensive_value":0.088928108,"defensive_value":0.0402925118,"count":70},"3":{"player_id":25714,"player_name":"Adil Rami","vaep_value":-0.0581648632,"offensive_value":-0.0267495467,"defensive_value":-0.0314153165,"count":34},"4":{"player_id":25743,"player_name":"Bouna Sarr","vaep_value":0.1196472204,"offensive_value":0.220085282,"defensive_value":-0.1004380616,"count":93},"5":{"player_id":25770,"player_name":"Adil Rami","vaep_value":0.2390017041,"offensive_value":0.1650073307,"defensive_value":0.0739943733,"count":48},"6":{"player_id":25781,"player_name":"Luiz Gustavo Dias","vaep_value":-0.5292862705,"offensive_value":0.0776703868,"defensive_value":-0.6069566573,"count":35},"7":{"player_id":26086,"player_name":"Jordan Amavi","vaep_value":0.9647611487,"offensive_value":0.9255474649,"defensive_value":0.0392136838,"count":55},"8":{"player_id":26120,"player_name":"Luiz Gustavo Dias","vaep_value":0.071058617,"offensive_value":0.0541767723,"defensive_value":0.0168818447,"count":71},"9":{"player_id":26265,"player_name":"Adil Rami","vaep_value":0.1755829408,"offensive_value":0.1815515193,"defensive_value":-0.0059685785,"count":72},"10":{"player_id":26368,"player_name":"Jordan Amavi","vaep_value":-0.6168221498,"offensive_value":-0.1099746487,"defensive_value":-0.5068475012,"count":69},"11":{"player_id":26539,"player_name":"Luiz Gustavo Dias","vaep_value":-0.0246815924,"offensive_value":-0.0334523108,"defensive_value":0.0087707185,"count":24},"12":{"player_id":26638,"player_name":"Maxime Lopez","vaep_value":0.0316735595,"offensive_value":0.0871462643,"defensive_value":-0.0554727048,"count":47},"13":{"player_id":26869,"player_name":"Jordan Amavi","vaep_value":0.1552186098,"offensive_value":0.1557992538,"defensive_value":-0.000580644,"count":30},"14":{"player_id":27646,"player_name":"Isma\u00ebl Traor\u00e9","vaep_value":0.0613053192,"offensive_value":0.0785939721,"defensive_value":-0.0172886529,"count":50},"15":{"player_id":27959,"player_name":"Isma\u00ebl Traor\u00e9","vaep_value":-0.0341236967,"offensive_value":-0.0424319055,"defensive_value":0.0083082088,"count":14},"16":{"player_id":28123,"player_name":"Jordan Amavi","vaep_value":-0.117394041,"offensive_value":-0.1075032101,"defensive_value":-0.009890831,"count":37},"17":{"player_id":69525,"player_name":"Jordan Amavi","vaep_value":0.0364527492,"offensive_value":0.0687147945,"defensive_value":-0.0322620453,"count":50},"18":{"player_id":70088,"player_name":"Prince Oniangu\u00e9","vaep_value":-0.0176337878,"offensive_value":-0.0236764227,"defensive_value":0.0060426348,"count":11},"19":{"player_id":86338,"player_name":"Jordan Amavi","vaep_value":-0.0260890567,"offensive_value":-0.0786045516,"defensive_value":0.0525154949,"count":42},"20":{"player_id":93331,"player_name":"Maxime Lopez","vaep_value":-0.0211550472,"offensive_value":-0.0211424418,"defensive_value":-0.0000126055,"count":1},"21":{"player_id":134494,"player_name":"Florian Thauvin","vaep_value":0.1035958264,"offensive_value":0.000135558,"defensive_value":0.1034602685,"count":24},"22":{"player_id":209209,"player_name":"Maxime Lopez","vaep_value":0.1846535073,"offensive_value":0.2052139154,"defensive_value":-0.0205604081,"count":57},"23":{"player_id":214628,"player_name":"Florian Thauvin","vaep_value":0.0607151347,"offensive_value":0.0824399394,"defensive_value":-0.0217248047,"count":86},"24":{"player_id":274344,"player_name":"Jordan Amavi","vaep_value":0.2845022008,"offensive_value":0.1814230481,"defensive_value":0.1030791526,"count":43},"25":{"player_id":280115,"player_name":"Clinton Mua N'Jie","vaep_value":0.0736804415,"offensive_value":0.1711816296,"defensive_value":-0.0975011881,"count":104},"26":{"player_id":366401,"player_name":"Lucas Ariel Ocampos","vaep_value":0.0885525695,"offensive_value":0.1116336788,"defensive_value":-0.0230811093,"count":76}}