{"0":{"player_id":0,"player_name":"Jay Rodriguez","vaep_value":0.0226549162,"offensive_value":0.0336160299,"defensive_value":-0.0109611137,"count":7},"1":{"player_id":3361,"player_name":"Chris Brunt","vaep_value":0.1128676814,"offensive_value":0.1476625007,"defensive_value":-0.0347948193,"count":67},"2":{"player_id":3413,"player_name":"Nemanja Mati\u0107","vaep_value":0.0059591371,"offensive_value":-0.0187485486,"defensive_value":0.0247076857,"count":69},"3":{"player_id":3577,"player_name":"James McClean","vaep_value":-0.0482374723,"offensive_value":-0.0334317742,"defensive_value":-0.0148056981,"count":46},"4":{"player_id":5281,"player_name":"Kieran  Gibbs","vaep_value":0.0146376545,"offensive_value":0.0625326732,"defensive_value":-0.0478950187,"count":45},"5":{"player_id":7853,"player_name":"Chris Smalling","vaep_value":0.224720779,"offensive_value":0.100739466,"defensive_value":0.123981313,"count":39},"6":{"player_id":7905,"player_name":"Ander Herrera Ag\u00fcera","vaep_value":-0.1027132143,"offensive_value":-0.0884038815,"defensive_value":-0.0143093328,"count":36},"7":{"player_id":7906,"player_name":"Luis Antonio Valencia Mosquera","vaep_value":-0.0188182679,"offensive_value":-0.0072190444,"defensive_value":-0.0115992235,"count":102},"8":{"player_id":7907,"player_name":"Nemanja Mati\u0107","vaep_value":0.001346586,"offensive_value":0.0008219518,"defensive_value":0.0005246343,"count":1},"9":{"player_id":7910,"player_name":"Paul Pogba","vaep_value":0.0997643623,"offensive_value":0.0384539205,"defensive_value":0.0613104418,"count":24},"10":{"player_id":7922,"player_name":"Ashley  Young","vaep_value":0.1980034022,"offensive_value":0.115329725,"defensive_value":0.0826736772,"count":50},"11":{"player_id":7934,"player_name":"Nemanja Mati\u0107","vaep_value":0.0378740339,"offensive_value":0.0149295308,"defensive_value":0.0229445031,"count":44},"12":{"player_id":7936,"player_name":"Victor Nilsson Lindel\u00f6f","vaep_value":0.0354565936,"offensive_value":0.0708315101,"defensive_value":-0.0353749165,"count":77},"13":{"player_id":7938,"player_name":"Nemanja Mati\u0107","vaep_value":0.3363182162,"offensive_value":0.3434462888,"defensive_value":-0.0071280727,"count":104},"14":{"player_id":7939,"player_name":"Alexis Alejandro S\u00e1nchez S\u00e1nchez","vaep_value":0.2275449,"offensive_value":0.255238496,"defensive_value":-0.027693596,"count":71},"15":{"player_id":8285,"player_name":"Ben Foster","vaep_value":0.0551238463,"offensive_value":-0.0654797588,"defensive_value":0.1206036051,"count":51},"16":{"player_id":8358,"player_name":"Ander Herrera Ag\u00fcera","vaep_value":0.1506011649,"offensive_value":0.173559233,"defensive_value":-0.0229580681,"count":38},"17":{"player_id":8360,"player_name":"Ander Herrera Ag\u00fcera","vaep_value":0.0485450857,"offensive_value":-0.0315466136,"defensive_value":0.0800916993,"count":34},"18":{"player_id":8370,"player_name":"Allan-Romeo Nyom","vaep_value":0.2130781569,"offensive_value":0.0870092066,"defensive_value":0.1260689503,"count":55},"19":{"player_id":8530,"player_name":"Craig Dawson","vaep_value":0.2679185339,"offensive_value":0.178647515,"defensive_value":0.089271019,"count":54},"20":{"player_id":8958,"player_name":"Chris Smalling","vaep_value":0.9561743588,"offensive_value":0.9766066342,"defensive_value":-0.0204322754,"count":49},"21":{"player_id":9414,"player_name":"Luis Antonio Valencia Mosquera","vaep_value":-0.0058274542,"offensive_value":-0.0031828869,"defensive_value":-0.0026445673,"count":26},"22":{"player_id":25537,"player_name":"Ander Herrera Ag\u00fcera","vaep_value":-0.0352084873,"offensive_value":-0.0176288937,"defensive_value":-0.0175795936,"count":7},"23":{"player_id":70122,"player_name":"Luis Antonio Valencia Mosquera","vaep_value":0.4244633897,"offensive_value":0.3866565254,"defensive_value":0.0378068642,"count":129},"24":{"player_id":71703,"player_name":"Nemanja Mati\u0107","vaep_value":0.2450588981,"offensive_value":0.201452644,"defensive_value":0.0436062542,"count":83},"25":{"player_id":86308,"player_name":"Chris Smalling","vaep_value":0.0066737689,"offensive_value":0.0010871924,"defensive_value":0.0055865764,"count":1},"26":{"player_id":119951,"player_name":"Victor Nilsson Lindel\u00f6f","vaep_value":0.0157945579,"offensive_value":0.050551392,"defensive_value":-0.0347568342,"count":48},"27":{"player_id":134513,"player_name":"Victor Nilsson Lindel\u00f6f","vaep_value":-0.0876335698,"offensive_value":-0.0565417681,"defensive_value":-0.0310918017,"count":35},"28":{"player_id":397178,"player_name":"Ashley  Young","vaep_value":-0.0460668207,"offensive_value":-0.0311974378,"defensive_value":-0.0148693828,"count":6}}