{"0":{"player_id":0,"player_name":"Karl Toko Ekambi","vaep_value":0.0048826707,"offensive_value":0.005258061,"defensive_value":-0.0003753903,"count":2},"1":{"player_id":25710,"player_name":"Mateo Pavlovi\u0107","vaep_value":0.265608683,"offensive_value":0.196962559,"defensive_value":0.068646124,"count":93},"2":{"player_id":25846,"player_name":"Fod\u00e9  Ballo Tour\u00e9","vaep_value":0.164011695,"offensive_value":0.1487875965,"defensive_value":0.0152240985,"count":50},"3":{"player_id":26086,"player_name":"Thiago Maia Alencar","vaep_value":0.1000141643,"offensive_value":0.0531307121,"defensive_value":0.0468834522,"count":34},"4":{"player_id":26120,"player_name":"Baptiste Santamaria","vaep_value":0.5042371444,"offensive_value":0.3705930613,"defensive_value":0.133644083,"count":56},"5":{"player_id":26265,"player_name":"Luiz de Ara\u00fajo Guimar\u00e3es Neto","vaep_value":0.1451783952,"offensive_value":0.147181706,"defensive_value":-0.0020033108,"count":44},"6":{"player_id":26539,"player_name":"Luiz de Ara\u00fajo Guimar\u00e3es Neto","vaep_value":-0.0642185004,"offensive_value":-0.0256518465,"defensive_value":-0.0385666538,"count":33},"7":{"player_id":26638,"player_name":"Luiz de Ara\u00fajo Guimar\u00e3es Neto","vaep_value":2.0106245378,"offensive_value":2.0038133417,"defensive_value":0.0068111961,"count":44},"8":{"player_id":26869,"player_name":"Lebo Mothiba","vaep_value":0.0804509132,"offensive_value":0.1131295005,"defensive_value":-0.0326785874,"count":28},"9":{"player_id":27646,"player_name":"Isma\u00ebl Traor\u00e9","vaep_value":-0.0551040686,"offensive_value":-0.0188688602,"defensive_value":-0.0362352084,"count":8},"10":{"player_id":28232,"player_name":"Thiago Maia Alencar","vaep_value":0.0210102126,"offensive_value":-0.0128243954,"defensive_value":0.033834608,"count":115},"11":{"player_id":41056,"player_name":"Ludovic Butelle","vaep_value":-0.2352782383,"offensive_value":-0.179784428,"defensive_value":-0.0554938102,"count":48},"12":{"player_id":69525,"player_name":"Bakary Adama Soumaoro","vaep_value":0.2073341545,"offensive_value":0.0844161621,"defensive_value":0.1229179924,"count":44},"13":{"player_id":134496,"player_name":"Vincent Manceau","vaep_value":0.330795855,"offensive_value":0.1296832229,"defensive_value":0.2011126322,"count":34},"14":{"player_id":209209,"player_name":"Baptiste Santamaria","vaep_value":0.0278508312,"offensive_value":0.0667690225,"defensive_value":-0.0389181913,"count":59},"15":{"player_id":213308,"player_name":"Baptiste Santamaria","vaep_value":0.1187576439,"offensive_value":0.1382865743,"defensive_value":-0.0195289304,"count":81},"16":{"player_id":247671,"player_name":"Mateo Pavlovi\u0107","vaep_value":0.7957177924,"offensive_value":0.8350537744,"defensive_value":-0.0393359819,"count":65},"17":{"player_id":250134,"player_name":"Yoann Andreu","vaep_value":0.1776008272,"offensive_value":0.2320377519,"defensive_value":-0.0544369248,"count":75},"18":{"player_id":256992,"player_name":"Vincent Manceau","vaep_value":0.0128798966,"offensive_value":0.0133585699,"defensive_value":-0.0004786734,"count":5},"19":{"player_id":257750,"player_name":"Mike Maignan","vaep_value":0.2201253413,"offensive_value":0.1659472382,"defensive_value":0.0541781031,"count":136},"20":{"player_id":274344,"player_name":"Lebo Mothiba","vaep_value":0.0935403107,"offensive_value":0.0434160202,"defensive_value":0.0501242905,"count":42},"21":{"player_id":286917,"player_name":"Lebo Mothiba","vaep_value":0.2230347898,"offensive_value":0.2073340071,"defensive_value":0.0157007826,"count":73},"22":{"player_id":366542,"player_name":"Fod\u00e9  Ballo Tour\u00e9","vaep_value":-0.0663777118,"offensive_value":-0.0618675749,"defensive_value":-0.0045101369,"count":32},"23":{"player_id":366546,"player_name":"Bakary Adama Soumaoro","vaep_value":0.1754176068,"offensive_value":0.2342017819,"defensive_value":-0.0587841751,"count":36},"24":{"player_id":372904,"player_name":"Kouadio Yves Dabila","vaep_value":-0.0164405734,"offensive_value":0.0002066373,"defensive_value":-0.0166472107,"count":91},"25":{"player_id":413582,"player_name":"Bakary Adama Soumaoro","vaep_value":0.1868191609,"offensive_value":0.1748208209,"defensive_value":0.01199834,"count":29},"26":{"player_id":471771,"player_name":"Thiago Maia Alencar","vaep_value":0.0624402056,"offensive_value":0.0691724778,"defensive_value":-0.0067322722,"count":3}}