{"0":{"player_id":0,"player_name":"Patrick Cutrone","vaep_value":0.1011500417,"offensive_value":0.1322069829,"defensive_value":-0.0310569413,"count":8},"1":{"player_id":3526,"player_name":"Lucas Rodrigo Biglia","vaep_value":0.173136184,"offensive_value":0.1474785027,"defensive_value":0.0256576813,"count":10},"2":{"player_id":3531,"player_name":"Fabio Borini","vaep_value":0.1855203542,"offensive_value":0.1603284397,"defensive_value":0.0251919145,"count":90},"3":{"player_id":11063,"player_name":"Leonardo Bonucci","vaep_value":0.5828435821,"offensive_value":0.6178847168,"defensive_value":-0.0350411347,"count":93},"4":{"player_id":14922,"player_name":"Cristian Eduardo Zapata Valencia","vaep_value":0.2018606914,"offensive_value":0.1808243814,"defensive_value":0.02103631,"count":91},"5":{"player_id":15524,"player_name":"Ricardo Iv\u00e1n Rodr\u00edguez Araya","vaep_value":1.0281246185,"offensive_value":1.0065585964,"defensive_value":0.0215660221,"count":70},"6":{"player_id":20449,"player_name":"Hakan \u00c7alhano\u011flu","vaep_value":0.1740802546,"offensive_value":0.1762653689,"defensive_value":-0.0021851143,"count":72},"7":{"player_id":20459,"player_name":"Ricardo Iv\u00e1n Rodr\u00edguez Araya","vaep_value":0.3436527891,"offensive_value":0.309979964,"defensive_value":0.033672825,"count":96},"8":{"player_id":20468,"player_name":"Cristian Eduardo Zapata Valencia","vaep_value":0.2823612032,"offensive_value":0.2837055569,"defensive_value":-0.0013443538,"count":32},"9":{"player_id":20633,"player_name":"Leonardo Bonucci","vaep_value":0.109893339,"offensive_value":0.1046139882,"defensive_value":0.0052793508,"count":31},"10":{"player_id":20653,"player_name":"Fabio Borini","vaep_value":0.0815501582,"offensive_value":0.0188447264,"defensive_value":0.0627054318,"count":7},"11":{"player_id":20748,"player_name":"Jes\u00fas Joaqu\u00edn Fern\u00e1ndez S\u00e1ez de la Torre","vaep_value":-0.2638620057,"offensive_value":0.0658861977,"defensive_value":-0.3297482034,"count":28},"12":{"player_id":20845,"player_name":"Fabio Borini","vaep_value":0.1471316481,"offensive_value":0.0820030278,"defensive_value":0.0651286203,"count":75},"13":{"player_id":21291,"player_name":"Cristian Eduardo Zapata Valencia","vaep_value":-0.0215721393,"offensive_value":-0.012927724,"defensive_value":-0.0086444153,"count":5},"14":{"player_id":21438,"player_name":"Ricardo Iv\u00e1n Rodr\u00edguez Araya","vaep_value":0.9068303987,"offensive_value":0.785080908,"defensive_value":0.1217494907,"count":30},"15":{"player_id":21564,"player_name":"Cristian Eduardo Zapata Valencia","vaep_value":0.1521139912,"offensive_value":0.1553392181,"defensive_value":-0.0032252269,"count":46},"16":{"player_id":21607,"player_name":"Leonardo Bonucci","vaep_value":0.2482525998,"offensive_value":0.2572838068,"defensive_value":-0.009031207,"count":44},"17":{"player_id":37732,"player_name":"Ricardo Iv\u00e1n Rodr\u00edguez Araya","vaep_value":0.3289681884,"offensive_value":0.2020912631,"defensive_value":0.1268769252,"count":118},"18":{"player_id":86301,"player_name":"Cristian Eduardo Zapata Valencia","vaep_value":0.0900141402,"offensive_value":0.0464476864,"defensive_value":0.0435664539,"count":44},"19":{"player_id":99511,"player_name":"Leonardo Bonucci","vaep_value":0.6760210407,"offensive_value":0.6940361515,"defensive_value":-0.0180151109,"count":27},"20":{"player_id":135927,"player_name":"Jes\u00fas Joaqu\u00edn Fern\u00e1ndez S\u00e1ez de la Torre","vaep_value":0.5001865454,"offensive_value":0.5068074455,"defensive_value":-0.0066209001,"count":12},"21":{"player_id":215869,"player_name":"Mattia Bani","vaep_value":0.2742060506,"offensive_value":0.0806349908,"defensive_value":0.1935710597,"count":45},"22":{"player_id":269188,"player_name":"Patrick Cutrone","vaep_value":0.2952223939,"offensive_value":0.1981978958,"defensive_value":0.0970244982,"count":70},"23":{"player_id":285109,"player_name":"Franck Yannick Kessi\u00e9","vaep_value":-0.8048462307,"offensive_value":-0.8074916154,"defensive_value":0.0026453848,"count":67},"24":{"player_id":350999,"player_name":"Patrick Cutrone","vaep_value":0.0681866738,"offensive_value":0.087023518,"defensive_value":-0.0188368442,"count":31},"25":{"player_id":351010,"player_name":"Jes\u00fas Joaqu\u00edn Fern\u00e1ndez S\u00e1ez de la Torre","vaep_value":0.4745695923,"offensive_value":0.4824237027,"defensive_value":-0.0078541104,"count":19},"26":{"player_id":415809,"player_name":"Fabio Borini","vaep_value":-0.0272086792,"offensive_value":0.0189365103,"defensive_value":-0.0461451896,"count":27}}