{"0":{"player_id":0,"player_name":"Julian Weigl","vaep_value":0.0494218477,"offensive_value":0.066924179,"defensive_value":-0.0175023313,"count":7},"1":{"player_id":11095,"player_name":"Jadon Sancho","vaep_value":0.100391906,"offensive_value":0.0422490912,"defensive_value":0.0581428148,"count":36},"2":{"player_id":14687,"player_name":"Manuel Akanji","vaep_value":0.1379474813,"offensive_value":0.2052155073,"defensive_value":-0.067268026,"count":106},"3":{"player_id":14696,"player_name":"Julian Weigl","vaep_value":0.0374218646,"offensive_value":0.0522873847,"defensive_value":-0.0148655202,"count":50},"4":{"player_id":14778,"player_name":"Sokratis Papastathopoulos","vaep_value":0.2378680245,"offensive_value":0.2032321838,"defensive_value":0.0346358407,"count":103},"5":{"player_id":14789,"player_name":"\u0141ukasz Piszczek","vaep_value":-0.4320399599,"offensive_value":-0.405090222,"defensive_value":-0.0269497379,"count":18},"6":{"player_id":14798,"player_name":"Sokratis Papastathopoulos","vaep_value":0.1529006098,"offensive_value":0.2417226237,"defensive_value":-0.0888220139,"count":101},"7":{"player_id":14806,"player_name":"\u00d6mer Toprak","vaep_value":0.2419701112,"offensive_value":0.164118695,"defensive_value":0.0778514162,"count":72},"8":{"player_id":15024,"player_name":"Manuel Akanji","vaep_value":0.7948218526,"offensive_value":0.8050650337,"defensive_value":-0.010243181,"count":59},"9":{"player_id":15771,"player_name":"\u00d6mer Toprak","vaep_value":-0.0112323767,"offensive_value":0.0346855151,"defensive_value":-0.0459178918,"count":39},"10":{"player_id":16025,"player_name":"Manuel Akanji","vaep_value":-0.1635931161,"offensive_value":-0.165134211,"defensive_value":0.001541095,"count":58},"11":{"player_id":17136,"player_name":"\u00d6mer Toprak","vaep_value":0.0439058868,"offensive_value":-0.0612557468,"defensive_value":0.1051616336,"count":23},"12":{"player_id":19392,"player_name":"\u0141ukasz Piszczek","vaep_value":-0.2240183264,"offensive_value":-0.1709339773,"defensive_value":-0.0530843491,"count":24},"13":{"player_id":49968,"player_name":"\u00d6mer Toprak","vaep_value":0.0579047735,"offensive_value":0.0749341028,"defensive_value":-0.0170293293,"count":44},"14":{"player_id":51217,"player_name":"Sokratis Papastathopoulos","vaep_value":0.1396702513,"offensive_value":0.1998404327,"defensive_value":-0.0601701814,"count":50},"15":{"player_id":55990,"player_name":"\u0141ukasz Piszczek","vaep_value":1.1540079631,"offensive_value":1.0147132018,"defensive_value":0.1392947613,"count":35},"16":{"player_id":82340,"player_name":"Sokratis Papastathopoulos","vaep_value":0.1300895702,"offensive_value":0.1330418109,"defensive_value":-0.0029522408,"count":36},"17":{"player_id":105622,"player_name":"\u00d6mer Toprak","vaep_value":-0.0721746105,"offensive_value":-0.0872976854,"defensive_value":0.015123075,"count":12},"18":{"player_id":224677,"player_name":"Roman B\u00fcrki","vaep_value":0.1238202729,"offensive_value":0.1072513873,"defensive_value":0.0165688855,"count":76},"19":{"player_id":239191,"player_name":"Manuel Akanji","vaep_value":0.1578811827,"offensive_value":0.1457011203,"defensive_value":0.0121800625,"count":29},"20":{"player_id":253822,"player_name":"\u00d6mer Toprak","vaep_value":-0.0122323022,"offensive_value":0.0768383205,"defensive_value":-0.0890706227,"count":47},"21":{"player_id":272440,"player_name":"Ji\u0159\u00ed Pavlenka","vaep_value":-0.0255777159,"offensive_value":-0.0469508104,"defensive_value":0.0213730944,"count":48},"22":{"player_id":297957,"player_name":"\u0141ukasz Piszczek","vaep_value":0.1423118451,"offensive_value":0.2356815898,"defensive_value":-0.0933697447,"count":89},"23":{"player_id":366203,"player_name":"Hans Carl Ludwig Augustinsson","vaep_value":0.0343492399,"offensive_value":0.0192154031,"defensive_value":0.0151338368,"count":9},"24":{"player_id":391530,"player_name":"Ji\u0159\u00ed Pavlenka","vaep_value":-0.0012564105,"offensive_value":-0.003219563,"defensive_value":0.0019631526,"count":24},"25":{"player_id":447223,"player_name":"Maximilian Eggestein","vaep_value":0.3234306091,"offensive_value":0.3254648316,"defensive_value":-0.0020342225,"count":49}}