{"0":{"player_id":0,"player_name":"Kevin De Bruyne","vaep_value":0.0433587793,"offensive_value":0.0540892261,"defensive_value":-0.0107304468,"count":6},"1":{"player_id":284,"player_name":"Vincent Kompany","vaep_value":-0.0349989685,"offensive_value":0.024064939,"defensive_value":-0.0590639075,"count":27},"2":{"player_id":7847,"player_name":"Bernardo Mota Veiga de Carvalho e Silva","vaep_value":0.2006707462,"offensive_value":0.0713114808,"defensive_value":0.1293592653,"count":37},"3":{"player_id":8192,"player_name":"Bernardo Mota Veiga de Carvalho e Silva","vaep_value":-0.1379308722,"offensive_value":0.0593017155,"defensive_value":-0.1972325876,"count":32},"4":{"player_id":8307,"player_name":"Ederson Santana de Moraes","vaep_value":0.1572803856,"offensive_value":0.1230016313,"defensive_value":0.0342787543,"count":148},"5":{"player_id":8317,"player_name":"Vincent Kompany","vaep_value":1.6143063973,"offensive_value":1.6044039961,"defensive_value":0.0099024012,"count":143},"6":{"player_id":8324,"player_name":"Aymeric  Laporte","vaep_value":0.8062846208,"offensive_value":0.769498127,"defensive_value":0.0367864937,"count":66},"7":{"player_id":8336,"player_name":"Aymeric  Laporte","vaep_value":0.0165947231,"offensive_value":0.1388400442,"defensive_value":-0.1222453211,"count":52},"8":{"player_id":8464,"player_name":"Vincent Kompany","vaep_value":0.3675329898,"offensive_value":0.2832922216,"defensive_value":0.0842407682,"count":120},"9":{"player_id":8498,"player_name":"Danilo Luiz da Silva","vaep_value":0.0351817198,"offensive_value":0.0103863261,"defensive_value":0.0247953937,"count":19},"10":{"player_id":8976,"player_name":"Aymeric  Laporte","vaep_value":0.0405170778,"offensive_value":0.0326802036,"defensive_value":0.0078368742,"count":26},"11":{"player_id":10252,"player_name":"David Josu\u00e9 Jim\u00e9nez Silva","vaep_value":0.0632043798,"offensive_value":-0.0629337733,"defensive_value":0.126138153,"count":8},"12":{"player_id":11066,"player_name":"Aymeric  Laporte","vaep_value":0.1132723505,"offensive_value":0.1707307058,"defensive_value":-0.0574583553,"count":63},"13":{"player_id":14808,"player_name":"Danilo Luiz da Silva","vaep_value":0.2973305824,"offensive_value":0.2409725005,"defensive_value":0.0563580819,"count":156},"14":{"player_id":21164,"player_name":"Vincent Kompany","vaep_value":-0.3999856526,"offensive_value":0.0112792181,"defensive_value":-0.4112648708,"count":13},"15":{"player_id":25571,"player_name":"Kevin De Bruyne","vaep_value":0.0127678296,"offensive_value":0.0163163783,"defensive_value":-0.0035485487,"count":23},"16":{"player_id":25572,"player_name":"Kevin De Bruyne","vaep_value":0.1876079899,"offensive_value":0.0109949082,"defensive_value":0.1766130817,"count":22},"17":{"player_id":26136,"player_name":"\u0130lkay G\u00fcndo\u011fan","vaep_value":0.2114119818,"offensive_value":0.2432390884,"defensive_value":-0.0318271067,"count":24},"18":{"player_id":38021,"player_name":"David Josu\u00e9 Jim\u00e9nez Silva","vaep_value":1.0001066638,"offensive_value":1.0127172138,"defensive_value":-0.01261055,"count":67},"19":{"player_id":61962,"player_name":"David Josu\u00e9 Jim\u00e9nez Silva","vaep_value":0.1266393918,"offensive_value":0.0489611241,"defensive_value":0.0776782676,"count":18},"20":{"player_id":61979,"player_name":"Fabian Delph","vaep_value":0.0106422959,"offensive_value":0.000537216,"defensive_value":0.01010508,"count":6},"21":{"player_id":70083,"player_name":"Vincent Kompany","vaep_value":0.1119196004,"offensive_value":0.1361813163,"defensive_value":-0.0242617159,"count":91},"22":{"player_id":71654,"player_name":"Aymeric  Laporte","vaep_value":-0.0153122695,"offensive_value":0.0612414922,"defensive_value":-0.0765537617,"count":24},"23":{"player_id":134502,"player_name":"Fabian Delph","vaep_value":0.6436840458,"offensive_value":0.5802640284,"defensive_value":0.0634200174,"count":139},"24":{"player_id":246866,"player_name":"Raheem Shaquille Sterling","vaep_value":0.2936176267,"offensive_value":0.0240611811,"defensive_value":0.2695564455,"count":34},"25":{"player_id":265673,"player_name":"Raheem Shaquille Sterling","vaep_value":0.726376238,"offensive_value":0.730971195,"defensive_value":-0.0045949569,"count":72},"26":{"player_id":340386,"player_name":"David Josu\u00e9 Jim\u00e9nez Silva","vaep_value":-0.3733040586,"offensive_value":-0.360480226,"defensive_value":-0.0128238326,"count":35},"27":{"player_id":343951,"player_name":"Mike van der Hoorn","vaep_value":0.0786682263,"offensive_value":0.0838660498,"defensive_value":-0.0051978235,"count":5},"28":{"player_id":447205,"player_name":"\u0141ukasz Fabia\u0144ski","vaep_value":0.1408191571,"offensive_value":0.1412509144,"defensive_value":-0.0004317573,"count":27}}