{"0":{"player_id":0,"player_name":"Marco Parolo","vaep_value":-0.0077557944,"offensive_value":0.0171367421,"defensive_value":-0.0248925366,"count":9},"1":{"player_id":130,"player_name":"Stefan de Vrij","vaep_value":0.2612686893,"offensive_value":0.144055339,"defensive_value":0.1172133503,"count":70},"2":{"player_id":3484,"player_name":"Sergej Milinkovi\u0107-Savi\u0107","vaep_value":0.1301576117,"offensive_value":0.14863085,"defensive_value":-0.0184732383,"count":78},"3":{"player_id":7965,"player_name":"Sergej Milinkovi\u0107-Savi\u0107","vaep_value":0.163235301,"offensive_value":0.143497511,"defensive_value":0.0197377899,"count":55},"4":{"player_id":20472,"player_name":"Luis Alberto Romero Alconchel","vaep_value":0.1231424789,"offensive_value":0.0851884627,"defensive_value":0.0379540161,"count":26},"5":{"player_id":20550,"player_name":"Sergej Milinkovi\u0107-Savi\u0107","vaep_value":0.3006765174,"offensive_value":0.2588345285,"defensive_value":0.0418419889,"count":76},"6":{"player_id":20561,"player_name":"\u015etefan Daniel Radu","vaep_value":0.1929313897,"offensive_value":0.0916409369,"defensive_value":0.1012904528,"count":78},"7":{"player_id":20636,"player_name":"Stefan de Vrij","vaep_value":0.1710374358,"offensive_value":0.1440594727,"defensive_value":0.026977963,"count":73},"8":{"player_id":20875,"player_name":"Bartolomeu Jacinto Quissanga","vaep_value":0.010841761,"offensive_value":0.0382193875,"defensive_value":-0.0273776265,"count":30},"9":{"player_id":21350,"player_name":"Marco Parolo","vaep_value":0.1307685589,"offensive_value":0.152249716,"defensive_value":-0.0214811571,"count":56},"10":{"player_id":21384,"player_name":"Bartolomeu Jacinto Quissanga","vaep_value":1.1158474044,"offensive_value":1.1321792943,"defensive_value":-0.01633189,"count":41},"11":{"player_id":21865,"player_name":"Lucas  Pezzini Leiva","vaep_value":0.1176837897,"offensive_value":0.0329202921,"defensive_value":0.0847634976,"count":21},"12":{"player_id":22732,"player_name":"Bartolomeu Jacinto Quissanga","vaep_value":0.3057068533,"offensive_value":0.2689725576,"defensive_value":0.0367342957,"count":90},"13":{"player_id":22933,"player_name":"Thomas Strakosha","vaep_value":-0.4714992892,"offensive_value":-0.4494763841,"defensive_value":-0.0220229051,"count":10},"14":{"player_id":23314,"player_name":"\u015etefan Daniel Radu","vaep_value":-0.0669317293,"offensive_value":-0.0800885233,"defensive_value":0.013156794,"count":46},"15":{"player_id":50073,"player_name":"Lucas  Pezzini Leiva","vaep_value":-0.0017674635,"offensive_value":0.0081407828,"defensive_value":-0.0099082463,"count":50},"16":{"player_id":116171,"player_name":"Sergej Milinkovi\u0107-Savi\u0107","vaep_value":0.2211218513,"offensive_value":0.1091115175,"defensive_value":0.1120103338,"count":98},"17":{"player_id":166534,"player_name":"Marco Sau","vaep_value":0.2013078121,"offensive_value":0.1166054478,"defensive_value":0.0847023642,"count":37},"18":{"player_id":208865,"player_name":"Jo\u00e3o Pedro Geraldino dos Santos Galv\u00e3o","vaep_value":0.9709246323,"offensive_value":0.9330639609,"defensive_value":0.0378606715,"count":79},"19":{"player_id":220359,"player_name":"Marco Sau","vaep_value":0.1927688824,"offensive_value":0.2252583458,"defensive_value":-0.0324894635,"count":17},"20":{"player_id":228928,"player_name":"Thomas Strakosha","vaep_value":0.0981727964,"offensive_value":0.1270364823,"defensive_value":-0.0288636859,"count":38},"21":{"player_id":265865,"player_name":"Thomas Strakosha","vaep_value":-0.1336902044,"offensive_value":-0.1821144833,"defensive_value":0.048424279,"count":75},"22":{"player_id":283832,"player_name":"Thomas Strakosha","vaep_value":0.0859876885,"offensive_value":0.0586787198,"defensive_value":0.0273089687,"count":66},"23":{"player_id":286223,"player_name":"Senad Luli\u0107","vaep_value":0.1796332657,"offensive_value":0.1753368782,"defensive_value":0.0042963875,"count":82},"24":{"player_id":346908,"player_name":"\u015etefan Daniel Radu","vaep_value":-0.0061069622,"offensive_value":-0.0288517172,"defensive_value":0.0227447551,"count":15},"25":{"player_id":376362,"player_name":"\u015etefan Daniel Radu","vaep_value":-0.0339774169,"offensive_value":-0.0153868257,"defensive_value":-0.0185905913,"count":13},"26":{"player_id":402898,"player_name":"Bartolomeu Jacinto Quissanga","vaep_value":0.0815229769,"offensive_value":0.10012481,"defensive_value":-0.0186018331,"count":15},"27":{"player_id":472938,"player_name":"Marco Parolo","vaep_value":-0.2065557665,"offensive_value":0.0348064988,"defensive_value":-0.2413622653,"count":26}}