{"0":{"player_id":0,"player_name":"Erik Alexander Exp\u00f3sito Hern\u00e1ndez","vaep_value":0.016273886,"offensive_value":0.0659632885,"defensive_value":-0.0496894026,"count":12},"1":{"player_id":3338,"player_name":"Jos\u00e9 Vicente G\u00f3mez Umpi\u00e9rrez","vaep_value":0.0511442713,"offensive_value":-0.008289702,"defensive_value":0.0594339733,"count":58},"2":{"player_id":3822,"player_name":"Alberto Aquilani","vaep_value":0.2060523872,"offensive_value":0.1570451099,"defensive_value":0.0490072774,"count":39},"3":{"player_id":3827,"player_name":"Joaqu\u00edn Navarro Jim\u00e9nez","vaep_value":0.1721418962,"offensive_value":0.1608015262,"defensive_value":0.0113403701,"count":79},"4":{"player_id":3840,"player_name":"Mat\u00edas Aguirregaray Guruceaga","vaep_value":0.1094881681,"offensive_value":0.181456283,"defensive_value":-0.0719681149,"count":71},"5":{"player_id":3970,"player_name":"Joaqu\u00edn Navarro Jim\u00e9nez","vaep_value":0.2398861765,"offensive_value":0.1255411762,"defensive_value":0.1143450004,"count":53},"6":{"player_id":4238,"player_name":"Alejandro G\u00e1lvez Jimena","vaep_value":0.1737171096,"offensive_value":0.0656145782,"defensive_value":0.1081025314,"count":53},"7":{"player_id":4272,"player_name":"Alejandro G\u00e1lvez Jimena","vaep_value":-0.0518049721,"offensive_value":0.0862073925,"defensive_value":-0.1380123646,"count":49},"8":{"player_id":4363,"player_name":"Sergi G\u00f3mez Sol\u00e0","vaep_value":0.0235217095,"offensive_value":0.0079701131,"defensive_value":0.0155515964,"count":39},"9":{"player_id":4424,"player_name":"Sergi G\u00f3mez Sol\u00e0","vaep_value":1.010691135,"offensive_value":1.0902487638,"defensive_value":-0.0795576288,"count":68},"10":{"player_id":4969,"player_name":"Alen Halilovi\u0107","vaep_value":0.0437920859,"offensive_value":0.0521590297,"defensive_value":-0.0083669438,"count":72},"11":{"player_id":20401,"player_name":"Pedro Pablo Hern\u00e1ndez","vaep_value":0.0969416007,"offensive_value":0.0639288042,"defensive_value":0.0330127964,"count":46},"12":{"player_id":20803,"player_name":"Iago Aspas Juncal","vaep_value":0.2410585124,"offensive_value":0.2804501642,"defensive_value":-0.0393916519,"count":64},"13":{"player_id":86183,"player_name":"Hugo Mallo Novegil","vaep_value":0.1015310915,"offensive_value":0.0866037771,"defensive_value":0.0149273144,"count":57},"14":{"player_id":86319,"player_name":"Iago Aspas Juncal","vaep_value":0.0844798594,"offensive_value":0.1396941443,"defensive_value":-0.0552142848,"count":39},"15":{"player_id":140125,"player_name":"Hugo Mallo Novegil","vaep_value":0.0102028057,"offensive_value":-0.0020308022,"defensive_value":0.0122336079,"count":27},"16":{"player_id":167641,"player_name":"Joaqu\u00edn Navarro Jim\u00e9nez","vaep_value":0.2880348504,"offensive_value":0.1577374275,"defensive_value":0.1302974229,"count":87},"17":{"player_id":234527,"player_name":"Iago Aspas Juncal","vaep_value":0.2767927856,"offensive_value":0.2363401661,"defensive_value":0.0404526194,"count":46},"18":{"player_id":241945,"player_name":"M\u00edchel Macedo Rocha Machado","vaep_value":0.0107200104,"offensive_value":0.0152745554,"defensive_value":-0.004554545,"count":19},"19":{"player_id":269060,"player_name":"M\u00edchel Macedo Rocha Machado","vaep_value":1.0762120316,"offensive_value":0.8568868074,"defensive_value":0.2193252242,"count":72},"20":{"player_id":281255,"player_name":"Alberto Aquilani","vaep_value":-0.1510032788,"offensive_value":-0.1193954111,"defensive_value":-0.0316078677,"count":40},"21":{"player_id":293862,"player_name":"Pedro Tanaus\u00fa Dom\u00ednguez Placeres","vaep_value":-0.0005783431,"offensive_value":-0.0043685536,"defensive_value":0.0037902106,"count":10},"22":{"player_id":302550,"player_name":"Jos\u00e9 Vicente G\u00f3mez Umpi\u00e9rrez","vaep_value":-0.0121156902,"offensive_value":-0.0059726951,"defensive_value":-0.0061429951,"count":19},"23":{"player_id":393881,"player_name":"Alen Halilovi\u0107","vaep_value":-0.0419179746,"offensive_value":-0.0391074396,"defensive_value":-0.002810535,"count":4},"24":{"player_id":395636,"player_name":"Alen Halilovi\u0107","vaep_value":-0.0862233366,"offensive_value":-0.0819963117,"defensive_value":-0.004227025,"count":24},"25":{"player_id":424624,"player_name":"Jonathan Castro Otto","vaep_value":0.0563179259,"offensive_value":0.0416737772,"defensive_value":0.0146441488,"count":41},"26":{"player_id":489417,"player_name":"Stanislav Lobotka","vaep_value":0.7905398542,"offensive_value":0.7991852519,"defensive_value":-0.0086453977,"count":24}}