{"0":{"player_id":0,"player_name":"Mikel Rico Moreno","vaep_value":-0.0304830585,"offensive_value":0.0196514029,"defensive_value":-0.0501344614,"count":12},"1":{"player_id":3290,"player_name":"Aymeric  Laporte","vaep_value":-0.0541803731,"offensive_value":-0.0141062154,"defensive_value":-0.0400741578,"count":27},"2":{"player_id":3330,"player_name":"Unai N\u00fa\u00f1ez Gestoso","vaep_value":0.2732160012,"offensive_value":0.1213498041,"defensive_value":0.1518661971,"count":27},"3":{"player_id":3397,"player_name":"Aymeric  Laporte","vaep_value":0.3459358709,"offensive_value":0.3674200438,"defensive_value":-0.0214841729,"count":29},"4":{"player_id":3408,"player_name":"Antonio Garc\u00eda Aranda","vaep_value":0.0072884139,"offensive_value":0.0067420742,"defensive_value":0.0005463398,"count":1},"5":{"player_id":3420,"player_name":"Markel Susaeta Laskurain","vaep_value":0.1927329533,"offensive_value":0.1432137146,"defensive_value":0.0495192386,"count":40},"6":{"player_id":3421,"player_name":"\u00cd\u00f1igo Lekue Mart\u00ednez","vaep_value":-0.1348714845,"offensive_value":-0.1552538639,"defensive_value":0.0203823794,"count":30},"7":{"player_id":3470,"player_name":"\u00cd\u00f1igo Lekue Mart\u00ednez","vaep_value":0.1485262259,"offensive_value":0.0953889008,"defensive_value":0.0531373251,"count":77},"8":{"player_id":3496,"player_name":"Oier Olaz\u00e1bal Paredes","vaep_value":0.4228639671,"offensive_value":0.2921437746,"defensive_value":0.1307201926,"count":71},"9":{"player_id":3503,"player_name":"David Remeseiro Salgueiro","vaep_value":-0.1267895832,"offensive_value":-0.1165071474,"defensive_value":-0.0102824358,"count":56},"10":{"player_id":3750,"player_name":"David Remeseiro Salgueiro","vaep_value":0.0481663006,"offensive_value":0.0754973425,"defensive_value":-0.0273310419,"count":27},"11":{"player_id":5290,"player_name":"Aymeric  Laporte","vaep_value":0.4778164039,"offensive_value":0.4069377491,"defensive_value":0.0708786548,"count":43},"12":{"player_id":5383,"player_name":"Sergio Postigo Redondo","vaep_value":-0.3531709694,"offensive_value":0.1103131024,"defensive_value":-0.4634840718,"count":74},"13":{"player_id":134502,"player_name":"Jos\u00e9 Manuel Rodr\u00edguez Benito","vaep_value":0.32030899,"offensive_value":0.0645674099,"defensive_value":0.25574158,"count":55},"14":{"player_id":167119,"player_name":"David Remeseiro Salgueiro","vaep_value":-0.0609752856,"offensive_value":-0.0578546505,"defensive_value":-0.0031206351,"count":8},"15":{"player_id":213124,"player_name":"Kepa Arrizabalaga Revuelta","vaep_value":-0.5839952072,"offensive_value":0.0350485401,"defensive_value":-0.6190437473,"count":67},"16":{"player_id":225089,"player_name":"Unai N\u00fa\u00f1ez Gestoso","vaep_value":0.1645441233,"offensive_value":0.2142366734,"defensive_value":-0.0496925501,"count":62},"17":{"player_id":230862,"player_name":"Aymeric  Laporte","vaep_value":0.1213511338,"offensive_value":0.2212406693,"defensive_value":-0.0998895355,"count":69},"18":{"player_id":247141,"player_name":"Unai N\u00fa\u00f1ez Gestoso","vaep_value":-0.0094788555,"offensive_value":-0.0066199182,"defensive_value":-0.0028589374,"count":9},"19":{"player_id":247220,"player_name":"Aymeric  Laporte","vaep_value":0.0429633627,"offensive_value":0.064478512,"defensive_value":-0.0215151493,"count":48},"20":{"player_id":254189,"player_name":"Sergio Postigo Redondo","vaep_value":-0.0439482766,"offensive_value":-0.0225712943,"defensive_value":-0.0213769822,"count":27},"21":{"player_id":259524,"player_name":"Moctar El Hacen El Id","vaep_value":0.0094193009,"offensive_value":0.0246886886,"defensive_value":-0.0152693876,"count":54},"22":{"player_id":264778,"player_name":"Moctar El Hacen El Id","vaep_value":-0.0146797767,"offensive_value":0.0126159366,"defensive_value":-0.0272957133,"count":24},"23":{"player_id":274435,"player_name":"Moctar El Hacen El Id","vaep_value":0.0690921976,"offensive_value":0.094632847,"defensive_value":-0.0255406494,"count":18},"24":{"player_id":280383,"player_name":"Shaquell Moore","vaep_value":0.1290203509,"offensive_value":0.141904822,"defensive_value":-0.0128844711,"count":63},"25":{"player_id":286963,"player_name":"Aymeric  Laporte","vaep_value":0.1991105119,"offensive_value":0.1107215574,"defensive_value":0.0883889545,"count":43},"26":{"player_id":338201,"player_name":"Mikel Vesga Arruti","vaep_value":-0.446680851,"offensive_value":-0.4291750323,"defensive_value":-0.0175058187,"count":22},"27":{"player_id":344068,"player_name":"Unai N\u00fa\u00f1ez Gestoso","vaep_value":0.0056501183,"offensive_value":0.0336019993,"defensive_value":-0.0279518809,"count":53}}