{"0":{"player_id":0,"player_name":"Breel-Donald Embolo","vaep_value":0.0418334139,"offensive_value":0.021043818,"defensive_value":0.0207895959,"count":4},"1":{"player_id":7904,"player_name":"Nabil Bentaleb","vaep_value":-0.0201700506,"offensive_value":-0.0075418833,"defensive_value":-0.0126281673,"count":40},"2":{"player_id":8309,"player_name":"Max  Meyer","vaep_value":-0.0879417841,"offensive_value":-0.0382441733,"defensive_value":-0.0496976108,"count":55},"3":{"player_id":8628,"player_name":"Karim Rekik","vaep_value":-0.075570831,"offensive_value":-0.0520039711,"defensive_value":-0.0235668599,"count":38},"4":{"player_id":14689,"player_name":"Franco Mat\u00edas Di Santo","vaep_value":0.0557037697,"offensive_value":0.0608061884,"defensive_value":-0.0051024187,"count":69},"5":{"player_id":14762,"player_name":"Franco Mat\u00edas Di Santo","vaep_value":-0.0847921178,"offensive_value":-0.0639408636,"defensive_value":-0.0208512542,"count":6},"6":{"player_id":14775,"player_name":"Matija Nastasi\u0107","vaep_value":0.1111666931,"offensive_value":0.1567223367,"defensive_value":-0.0455556436,"count":68},"7":{"player_id":14847,"player_name":"Ronaldo  Aparecido Rodrigues","vaep_value":0.0743789278,"offensive_value":0.1297590941,"defensive_value":-0.0553801663,"count":31},"8":{"player_id":14989,"player_name":"Daniel Caligiuri","vaep_value":0.2203287528,"offensive_value":0.2149401953,"defensive_value":0.0053885576,"count":61},"9":{"player_id":15020,"player_name":"Benjamin Stambouli","vaep_value":0.0525897845,"offensive_value":0.101454353,"defensive_value":-0.0488645685,"count":59},"10":{"player_id":15103,"player_name":"Ronaldo  Aparecido Rodrigues","vaep_value":0.0925496756,"offensive_value":0.0326359951,"defensive_value":0.0599136805,"count":58},"11":{"player_id":15125,"player_name":"Benjamin Stambouli","vaep_value":0.0136382732,"offensive_value":0.146702042,"defensive_value":-0.1330637687,"count":79},"12":{"player_id":20932,"player_name":"Karim Rekik","vaep_value":0.1226428297,"offensive_value":0.0779710957,"defensive_value":0.044671734,"count":67},"13":{"player_id":25995,"player_name":"Marvin Plattenhardt","vaep_value":0.1992845623,"offensive_value":0.1651513185,"defensive_value":0.0341332438,"count":75},"14":{"player_id":32959,"player_name":"Breel-Donald Embolo","vaep_value":0.0492675467,"offensive_value":0.0406794347,"defensive_value":0.0085881121,"count":57},"15":{"player_id":54579,"player_name":"Marvin Plattenhardt","vaep_value":0.1424005665,"offensive_value":0.1207982078,"defensive_value":0.0216023587,"count":42},"16":{"player_id":134369,"player_name":"Rune  Almenning Jarstein","vaep_value":0.1237847497,"offensive_value":0.0868316933,"defensive_value":0.0369530563,"count":67},"17":{"player_id":134399,"player_name":"Bastian Oczipka","vaep_value":-0.0164803374,"offensive_value":0.0009349759,"defensive_value":-0.0174153133,"count":23},"18":{"player_id":135810,"player_name":"Ralf F\u00e4hrmann","vaep_value":0.7267087384,"offensive_value":0.7411738916,"defensive_value":-0.0144651532,"count":23},"19":{"player_id":144766,"player_name":"Matija Nastasi\u0107","vaep_value":0.0369870703,"offensive_value":-0.0223731959,"defensive_value":0.0593602662,"count":66},"20":{"player_id":173212,"player_name":"Ronaldo  Aparecido Rodrigues","vaep_value":0.0762849764,"offensive_value":0.0454148939,"defensive_value":0.0308700826,"count":64},"21":{"player_id":208652,"player_name":"Nabil Bentaleb","vaep_value":0.054738223,"offensive_value":0.0871379413,"defensive_value":-0.0323997183,"count":44},"22":{"player_id":208716,"player_name":"Ronaldo  Aparecido Rodrigues","vaep_value":0.0108218549,"offensive_value":0.0170490677,"defensive_value":-0.0062272127,"count":15},"23":{"player_id":218896,"player_name":"Matija Nastasi\u0107","vaep_value":0.0141419814,"offensive_value":0.0287201513,"defensive_value":-0.0145781699,"count":25},"24":{"player_id":282772,"player_name":"Bastian Oczipka","vaep_value":-0.069892184,"offensive_value":-0.0428449288,"defensive_value":-0.0270472552,"count":32},"25":{"player_id":337890,"player_name":"Nabil Bentaleb","vaep_value":-0.0193544165,"offensive_value":-0.0138444703,"defensive_value":-0.0055099463,"count":12},"26":{"player_id":425926,"player_name":"Matija Nastasi\u0107","vaep_value":0.1583914781,"offensive_value":0.1122955387,"defensive_value":0.0460959395,"count":27},"27":{"player_id":471348,"player_name":"Ronaldo  Aparecido Rodrigues","vaep_value":0.0220822203,"offensive_value":0.013546631,"defensive_value":0.0085355893,"count":5}}