{"0":{"player_id":3310,"player_name":"Marcos Danilo Ure\u00f1a Porras","vaep_value":0.2685936972,"offensive_value":0.1796599886,"defensive_value":0.0889337086,"count":130},"1":{"player_id":3431,"player_name":"Keylor Navas Gamboa","vaep_value":-0.1095341489,"offensive_value":-0.0117381969,"defensive_value":-0.097795952,"count":69},"2":{"player_id":3802,"player_name":"Jos\u00e9 Paulo Bezzera Maciel J\u00fanior","vaep_value":1.0020800079,"offensive_value":0.9863509615,"defensive_value":0.0157290464,"count":107},"3":{"player_id":3915,"player_name":"\u00d3scar Esau Duarte Gait\u00e1n","vaep_value":0.1081968867,"offensive_value":0.2596493615,"defensive_value":-0.1514524748,"count":54},"4":{"player_id":11155,"player_name":"Marcelo Vieira da Silva J\u00fanior","vaep_value":0.1892840026,"offensive_value":0.0722441007,"defensive_value":0.1170399019,"count":46},"5":{"player_id":15808,"player_name":"Jhonny Acosta Zamora","vaep_value":0.0717824619,"offensive_value":0.0732623388,"defensive_value":-0.0014798769,"count":16},"6":{"player_id":20394,"player_name":"David Alberto Guzm\u00e1n P\u00e9rez","vaep_value":-0.0239824848,"offensive_value":-0.104769732,"defensive_value":0.0807872472,"count":94},"7":{"player_id":40550,"player_name":"Keylor Navas Gamboa","vaep_value":0.0753053805,"offensive_value":0.0285416064,"defensive_value":0.0467637741,"count":44},"8":{"player_id":40707,"player_name":"Bryan Oviedo","vaep_value":0.6063439531,"offensive_value":0.5004494166,"defensive_value":0.1058945365,"count":104},"9":{"player_id":40756,"player_name":"Bryan Oviedo","vaep_value":0.3429281102,"offensive_value":0.3431152106,"defensive_value":-0.0001871005,"count":102},"10":{"player_id":40810,"player_name":"Jos\u00e9 Paulo Bezzera Maciel J\u00fanior","vaep_value":0.995020018,"offensive_value":1.0588233456,"defensive_value":-0.0638033276,"count":87},"11":{"player_id":51004,"player_name":"Bryan Oviedo","vaep_value":0.2221781064,"offensive_value":0.0959253396,"defensive_value":0.1262527668,"count":38},"12":{"player_id":55977,"player_name":"Bryan Ruiz Gonz\u00e1lez","vaep_value":0.1973448719,"offensive_value":0.1798942479,"defensive_value":0.017450624,"count":40},"13":{"player_id":55982,"player_name":"F\u00e1gner Conserva Lemos","vaep_value":-0.1117740372,"offensive_value":0.0303967973,"defensive_value":-0.1421708346,"count":38},"14":{"player_id":55988,"player_name":"Jos\u00e9 Paulo Bezzera Maciel J\u00fanior","vaep_value":-0.098224647,"offensive_value":-0.1033167756,"defensive_value":0.0050921286,"count":13},"15":{"player_id":101796,"player_name":"Carlos Henrique Casimiro","vaep_value":-0.0401817451,"offensive_value":-0.0288214239,"defensive_value":-0.0113603212,"count":17},"16":{"player_id":105333,"player_name":"Carlos Henrique Casimiro","vaep_value":-0.0940683623,"offensive_value":-0.1044990791,"defensive_value":0.0104307168,"count":34},"17":{"player_id":105334,"player_name":"Marcelo Vieira da Silva J\u00fanior","vaep_value":0.3327226429,"offensive_value":0.3284478261,"defensive_value":0.0042748168,"count":40},"18":{"player_id":105339,"player_name":"Bryan Oviedo","vaep_value":0.0326811775,"offensive_value":0.0045370299,"defensive_value":0.0281441476,"count":9},"19":{"player_id":125250,"player_name":"Bryan Oviedo","vaep_value":0.0992288074,"offensive_value":0.0314608848,"defensive_value":0.0677679225,"count":34},"20":{"player_id":125260,"player_name":"Giancarlo Gonz\u00e1lez Castro","vaep_value":0.0728905057,"offensive_value":0.074330912,"defensive_value":-0.0014404063,"count":40},"21":{"player_id":125268,"player_name":"Jhonny Acosta Zamora","vaep_value":0.070385322,"offensive_value":0.0097787958,"defensive_value":0.0606065262,"count":6},"22":{"player_id":125284,"player_name":"Keylor Navas Gamboa","vaep_value":0.255483465,"offensive_value":0.0752632773,"defensive_value":0.1802201878,"count":33},"23":{"player_id":125286,"player_name":"Carlos Henrique Casimiro","vaep_value":0.030412718,"offensive_value":0.0818111612,"defensive_value":-0.0513984433,"count":24},"24":{"player_id":125452,"player_name":"F\u00e1gner Conserva Lemos","vaep_value":-0.0065095668,"offensive_value":0.0611823366,"defensive_value":-0.0676919034,"count":32},"25":{"player_id":125512,"player_name":"Thiago Emiliano da Silva","vaep_value":0.0934390496,"offensive_value":0.0071197995,"defensive_value":0.0863192501,"count":8},"26":{"player_id":214220,"player_name":"Jo\u00e3o Miranda de Souza Filho","vaep_value":0.1469810036,"offensive_value":0.0290583442,"defensive_value":0.1179226594,"count":23},"27":{"player_id":340386,"player_name":"Marcelo Vieira da Silva J\u00fanior","vaep_value":0.0890119969,"offensive_value":0.0679839927,"defensive_value":0.0210280041,"count":34}}