{"0":{"player_id":0,"player_name":"Marko Arnautovi\u0107","vaep_value":0.0339848984,"offensive_value":0.055814249,"defensive_value":-0.0218293506,"count":8},"1":{"player_id":3582,"player_name":"Aaron Cresswell","vaep_value":0.0318049063,"offensive_value":0.1396843065,"defensive_value":-0.1078794001,"count":37},"2":{"player_id":7941,"player_name":"Steve Cook","vaep_value":-0.019377016,"offensive_value":-0.0059826863,"defensive_value":-0.0133943297,"count":14},"3":{"player_id":7970,"player_name":"Cheikhou Kouyat\u00e9","vaep_value":0.1218165108,"offensive_value":0.1081428863,"defensive_value":0.0136736245,"count":16},"4":{"player_id":7989,"player_name":"Asmir Begovi\u0107","vaep_value":1.5198947183,"offensive_value":1.474513484,"defensive_value":0.0453812343,"count":75},"5":{"player_id":8005,"player_name":"Asmir Begovi\u0107","vaep_value":1.0719603188,"offensive_value":1.035371236,"defensive_value":0.0365890828,"count":51},"6":{"player_id":8313,"player_name":"Simon Francis","vaep_value":-0.0930459128,"offensive_value":0.0775073712,"defensive_value":-0.170553284,"count":55},"7":{"player_id":8460,"player_name":"Simon Francis","vaep_value":0.1403677122,"offensive_value":0.110802795,"defensive_value":0.0295649172,"count":74},"8":{"player_id":8582,"player_name":"Jordon  Ibe","vaep_value":-0.0255201469,"offensive_value":0.0816600535,"defensive_value":-0.1071802004,"count":43},"9":{"player_id":8726,"player_name":"Manuel Lanzini","vaep_value":0.2682489919,"offensive_value":0.1052009959,"defensive_value":0.163047996,"count":34},"10":{"player_id":9277,"player_name":"Marko Arnautovi\u0107","vaep_value":0.0933580257,"offensive_value":0.1095623266,"defensive_value":-0.0162043009,"count":56},"11":{"player_id":9279,"player_name":"Marko Arnautovi\u0107","vaep_value":0.1934306769,"offensive_value":0.2130917171,"defensive_value":-0.0196610402,"count":72},"12":{"player_id":9293,"player_name":"Simon Francis","vaep_value":0.0406096824,"offensive_value":0.0362649604,"defensive_value":0.004344722,"count":11},"13":{"player_id":9637,"player_name":"Arthur Masuaku","vaep_value":-0.2606409483,"offensive_value":-0.2632953713,"defensive_value":0.002654423,"count":27},"14":{"player_id":9739,"player_name":"Arthur Masuaku","vaep_value":0.040922247,"offensive_value":0.0739502517,"defensive_value":-0.0330280047,"count":51},"15":{"player_id":11669,"player_name":"Arthur Masuaku","vaep_value":0.7041057432,"offensive_value":0.7098739736,"defensive_value":-0.0057682304,"count":37},"16":{"player_id":14703,"player_name":"Simon Francis","vaep_value":1.832093187,"offensive_value":1.8113743783,"defensive_value":0.0207188088,"count":39},"17":{"player_id":20620,"player_name":"Joshua King","vaep_value":0.0500408622,"offensive_value":0.0266369416,"defensive_value":0.0234039206,"count":41},"18":{"player_id":21100,"player_name":"Jordon  Ibe","vaep_value":0.1854857007,"offensive_value":0.1155916379,"defensive_value":0.0698940628,"count":40},"19":{"player_id":25572,"player_name":"Simon Francis","vaep_value":-0.1171633555,"offensive_value":-0.0771245251,"defensive_value":-0.0400388304,"count":21},"20":{"player_id":26499,"player_name":"Steve Cook","vaep_value":0.1541146475,"offensive_value":0.2047045729,"defensive_value":-0.0505899254,"count":57},"21":{"player_id":37725,"player_name":"Nathan Ak\u00e9","vaep_value":0.0104813132,"offensive_value":0.0294694345,"defensive_value":-0.0189881213,"count":35},"22":{"player_id":41174,"player_name":"Adam Smith","vaep_value":-0.0390566578,"offensive_value":-0.0948122145,"defensive_value":0.0557555567,"count":59},"23":{"player_id":62224,"player_name":"Ryan Fraser","vaep_value":0.4857736379,"offensive_value":0.5309766657,"defensive_value":-0.0452030278,"count":64},"24":{"player_id":134102,"player_name":"Adam Smith","vaep_value":0.5724711029,"offensive_value":0.8247061558,"defensive_value":-0.2522350529,"count":55},"25":{"player_id":134351,"player_name":"Nathan Ak\u00e9","vaep_value":-0.078283187,"offensive_value":-0.0839988561,"defensive_value":0.0057156691,"count":12},"26":{"player_id":302518,"player_name":"Steve Cook","vaep_value":0.3199261985,"offensive_value":0.2245605201,"defensive_value":0.0953656783,"count":69},"27":{"player_id":379209,"player_name":"Steve Cook","vaep_value":0.0051624817,"offensive_value":0.0184355055,"defensive_value":-0.0132730238,"count":8}}