{"0":{"player_id":0,"player_name":"Anaitz Arbilla Zabala","vaep_value":0.0288363313,"offensive_value":0.0520639587,"defensive_value":-0.0232276274,"count":5},"1":{"player_id":3290,"player_name":"Enrique Garc\u00eda Mart\u00ednez","vaep_value":0.73696043,"offensive_value":0.7630954867,"defensive_value":-0.0261350566,"count":24},"2":{"player_id":3408,"player_name":"Enrique Garc\u00eda Mart\u00ednez","vaep_value":0.0977937151,"offensive_value":0.1421368244,"defensive_value":-0.0443431094,"count":59},"3":{"player_id":3414,"player_name":"Enric Saborit Teixidor","vaep_value":0.1732677251,"offensive_value":0.1469766247,"defensive_value":0.0262911005,"count":51},"4":{"player_id":3420,"player_name":"Xabier Etxeita Gorritxategi","vaep_value":0.0605631334,"offensive_value":0.0707527995,"defensive_value":-0.0101896661,"count":33},"5":{"player_id":3503,"player_name":"Unai N\u00fa\u00f1ez Gestoso","vaep_value":-0.0899208777,"offensive_value":-0.0720282287,"defensive_value":-0.017892649,"count":28},"6":{"player_id":3595,"player_name":"Iago Herrer\u00edn Buis\u00e1n","vaep_value":0.1144689999,"offensive_value":0.0697937711,"defensive_value":0.0446752288,"count":7},"7":{"player_id":3642,"player_name":"Anaitz Arbilla Zabala","vaep_value":-0.0233629138,"offensive_value":-0.018180292,"defensive_value":-0.0051826218,"count":55},"8":{"player_id":3704,"player_name":"\u00cd\u00f1igo Lekue Mart\u00ednez","vaep_value":0.1501599902,"offensive_value":0.1288909068,"defensive_value":0.0212690834,"count":59},"9":{"player_id":3843,"player_name":"Ander Iturraspe Derteano","vaep_value":0.0133614444,"offensive_value":0.033312471,"defensive_value":-0.0199510267,"count":69},"10":{"player_id":3874,"player_name":"\u00cd\u00f1igo Lekue Mart\u00ednez","vaep_value":0.7961137765,"offensive_value":0.7654004632,"defensive_value":0.0307133132,"count":34},"11":{"player_id":4094,"player_name":"Unai N\u00fa\u00f1ez Gestoso","vaep_value":-0.0215875326,"offensive_value":-0.0034026434,"defensive_value":-0.0181848892,"count":12},"12":{"player_id":4113,"player_name":"Unai N\u00fa\u00f1ez Gestoso","vaep_value":0.1269561468,"offensive_value":-0.0355388325,"defensive_value":0.1624949793,"count":44},"13":{"player_id":4476,"player_name":"Xabier Etxeita Gorritxategi","vaep_value":0.1250105368,"offensive_value":0.1876330767,"defensive_value":-0.0626225399,"count":41},"14":{"player_id":4780,"player_name":"Unai N\u00fa\u00f1ez Gestoso","vaep_value":0.2121960278,"offensive_value":0.1321383568,"defensive_value":0.080057671,"count":58},"15":{"player_id":4805,"player_name":"Ander Iturraspe Derteano","vaep_value":0.3037029728,"offensive_value":0.2250125428,"defensive_value":0.07869043,"count":74},"16":{"player_id":5290,"player_name":"David Junc\u00e0 Re\u00f1\u00e9","vaep_value":0.0229786212,"offensive_value":0.0044352259,"defensive_value":0.0185433953,"count":36},"17":{"player_id":14836,"player_name":"Takashi Inui","vaep_value":0.0441200441,"offensive_value":0.0553570373,"defensive_value":-0.0112369932,"count":47},"18":{"player_id":140046,"player_name":"David Junc\u00e0 Re\u00f1\u00e9","vaep_value":0.0928922733,"offensive_value":0.1451832571,"defensive_value":-0.0522909837,"count":35},"19":{"player_id":167119,"player_name":"\u00cd\u00f1igo Lekue Mart\u00ednez","vaep_value":-0.0186221745,"offensive_value":-0.0150810212,"defensive_value":-0.0035411533,"count":5},"20":{"player_id":212644,"player_name":"I\u00f1aki Williams Arthuer","vaep_value":0.018292639,"offensive_value":-0.0213808082,"defensive_value":0.0396734472,"count":53},"21":{"player_id":225948,"player_name":"\u00cd\u00f1igo Lekue Mart\u00ednez","vaep_value":0.2895823895,"offensive_value":0.2681155668,"defensive_value":0.0214668227,"count":88},"22":{"player_id":230862,"player_name":"\u00cd\u00f1igo Lekue Mart\u00ednez","vaep_value":0.3655426329,"offensive_value":0.1885507312,"defensive_value":0.1769919018,"count":74},"23":{"player_id":247141,"player_name":"David Junc\u00e0 Re\u00f1\u00e9","vaep_value":0.2098871415,"offensive_value":0.196182634,"defensive_value":0.0137045075,"count":26},"24":{"player_id":279555,"player_name":"Papakouli Diop","vaep_value":0.0293563148,"offensive_value":0.0433732495,"defensive_value":-0.0140169347,"count":31},"25":{"player_id":344068,"player_name":"David Junc\u00e0 Re\u00f1\u00e9","vaep_value":0.0719511138,"offensive_value":0.0066457679,"defensive_value":0.0653053458,"count":59},"26":{"player_id":385273,"player_name":"Anaitz Arbilla Zabala","vaep_value":0.0773217471,"offensive_value":0.0589916911,"defensive_value":0.018330056,"count":16}}