{"0":{"player_id":0,"player_name":"Lucas P\u00e9rez Mart\u00ednez","vaep_value":0.034526846,"offensive_value":0.0868934132,"defensive_value":-0.0523665672,"count":15},"1":{"player_id":3325,"player_name":"Guilherme dos Santos Torres","vaep_value":0.2550935684,"offensive_value":0.3075543258,"defensive_value":-0.0524607574,"count":77},"2":{"player_id":3451,"player_name":"Celso Borges Mora","vaep_value":0.7701411314,"offensive_value":0.7679641999,"defensive_value":0.0021769315,"count":49},"3":{"player_id":3465,"player_name":"Sidnei Rechel da Silva J\u00fanior","vaep_value":0.1235949275,"offensive_value":0.1199571642,"defensive_value":0.0036377634,"count":67},"4":{"player_id":3554,"player_name":"Fabian Lukas Sch\u00e4r","vaep_value":0.0902986157,"offensive_value":0.0982206102,"defensive_value":-0.0079219944,"count":32},"5":{"player_id":3934,"player_name":"Sidnei Rechel da Silva J\u00fanior","vaep_value":-0.0103447981,"offensive_value":-0.0074516829,"defensive_value":-0.0028931152,"count":15},"6":{"player_id":3963,"player_name":"Celso Borges Mora","vaep_value":-0.0724018873,"offensive_value":0.1023028735,"defensive_value":-0.1747047608,"count":39},"7":{"player_id":4013,"player_name":"Sidnei Rechel da Silva J\u00fanior","vaep_value":0.1400898804,"offensive_value":0.0608145942,"defensive_value":0.0792752863,"count":41},"8":{"player_id":4326,"player_name":"Fabian Lukas Sch\u00e4r","vaep_value":0.1559384477,"offensive_value":0.0792432525,"defensive_value":0.0766951952,"count":58},"9":{"player_id":4511,"player_name":"Juan Francisco Moreno Fuertes","vaep_value":0.0112562256,"offensive_value":0.0062311161,"defensive_value":0.0050251095,"count":1},"10":{"player_id":4683,"player_name":"Rub\u00e9n Iv\u00e1n Mart\u00ednez Andrade","vaep_value":-0.029583993,"offensive_value":-0.0053266446,"defensive_value":-0.0242573484,"count":25},"11":{"player_id":4879,"player_name":"Fabian Lukas Sch\u00e4r","vaep_value":0.0603949881,"offensive_value":0.0758505943,"defensive_value":-0.0154556062,"count":65},"12":{"player_id":6365,"player_name":"Celso Borges Mora","vaep_value":0.2239568413,"offensive_value":0.0774762854,"defensive_value":0.1464805559,"count":61},"13":{"player_id":6370,"player_name":"Guilherme dos Santos Torres","vaep_value":-0.013862152,"offensive_value":-0.012439416,"defensive_value":-0.001422736,"count":44},"14":{"player_id":6513,"player_name":"Nabil El Zhar","vaep_value":0.1225780926,"offensive_value":0.1109624655,"defensive_value":0.0116156271,"count":49},"15":{"player_id":26167,"player_name":"Javier Eraso Go\u00f1i","vaep_value":-0.0765224433,"offensive_value":-0.027548906,"defensive_value":-0.0489735373,"count":33},"16":{"player_id":32577,"player_name":"Adri\u00e1n L\u00f3pez \u00c1lvarez","vaep_value":0.1613020728,"offensive_value":0.1221491622,"defensive_value":0.0391529106,"count":67},"17":{"player_id":32652,"player_name":"Emre \u00c7olak","vaep_value":-0.0203386104,"offensive_value":-0.007410685,"defensive_value":-0.0129279254,"count":78},"18":{"player_id":32968,"player_name":"Fernando Navarro i Corbacho","vaep_value":-0.0229661791,"offensive_value":-0.0227751168,"defensive_value":-0.0001910622,"count":15},"19":{"player_id":40614,"player_name":"Adri\u00e1n L\u00f3pez \u00c1lvarez","vaep_value":0.1430875341,"offensive_value":0.0904040658,"defensive_value":0.0526834683,"count":81},"20":{"player_id":43051,"player_name":"Emre \u00c7olak","vaep_value":-0.1222993599,"offensive_value":-0.0472540313,"defensive_value":-0.0750453286,"count":55},"21":{"player_id":50102,"player_name":"Guilherme dos Santos Torres","vaep_value":0.1001316176,"offensive_value":0.0243683713,"defensive_value":0.0757632463,"count":57},"22":{"player_id":51004,"player_name":"Celso Borges Mora","vaep_value":0.2181688509,"offensive_value":0.1872381931,"defensive_value":0.0309306578,"count":71},"23":{"player_id":105541,"player_name":"Fabian Lukas Sch\u00e4r","vaep_value":0.0619290214,"offensive_value":0.0672711669,"defensive_value":-0.0053421456,"count":41},"24":{"player_id":169002,"player_name":"Juan Francisco Moreno Fuertes","vaep_value":0.1316342843,"offensive_value":0.1245870499,"defensive_value":0.0070472343,"count":69},"25":{"player_id":239843,"player_name":"Guilherme dos Santos Torres","vaep_value":-0.0035470069,"offensive_value":-0.0010826767,"defensive_value":-0.0024643302,"count":2},"26":{"player_id":263091,"player_name":"Sidnei Rechel da Silva J\u00fanior","vaep_value":0.1278119895,"offensive_value":0.0558636319,"defensive_value":0.0719483576,"count":24},"27":{"player_id":265807,"player_name":"Diego Rico Salguero","vaep_value":-0.0283277726,"offensive_value":0.027569515,"defensive_value":-0.0558972877,"count":14},"28":{"player_id":364005,"player_name":"Diego Rico Salguero","vaep_value":-0.0098343433,"offensive_value":-0.0064863418,"defensive_value":-0.0033480015,"count":3}}