{"0":{"player_id":0,"player_name":"Marco Borriello","vaep_value":0.0515969843,"offensive_value":0.0838322395,"defensive_value":-0.0322352552,"count":10},"1":{"player_id":20448,"player_name":"Federico Viviani","vaep_value":0.5441892305,"offensive_value":0.5559694292,"defensive_value":-0.0117801987,"count":68},"2":{"player_id":20476,"player_name":"Manuel Lazzari","vaep_value":0.0088168168,"offensive_value":0.0108215159,"defensive_value":-0.0020046991,"count":14},"3":{"player_id":20635,"player_name":"Francesco Acerbi","vaep_value":0.0592399641,"offensive_value":0.0227240638,"defensive_value":0.0365159003,"count":33},"4":{"player_id":20661,"player_name":"Manuel Lazzari","vaep_value":-0.0191285538,"offensive_value":-0.0193836503,"defensive_value":0.0002550965,"count":2},"5":{"player_id":20832,"player_name":"Pasquale Schiattarella","vaep_value":0.193526289,"offensive_value":0.1203471015,"defensive_value":0.0731791875,"count":30},"6":{"player_id":20842,"player_name":"Sauli V\u00e4is\u00e4nen","vaep_value":0.145153202,"offensive_value":0.1783709333,"defensive_value":-0.0332177313,"count":60},"7":{"player_id":20911,"player_name":"Felipe Dias da Silva dal Belo","vaep_value":-0.1107496339,"offensive_value":-0.072845581,"defensive_value":-0.0379040529,"count":48},"8":{"player_id":20928,"player_name":"Matteo Politano","vaep_value":0.0667711336,"offensive_value":0.0804125866,"defensive_value":-0.013641453,"count":63},"9":{"player_id":21098,"player_name":"Matteo Politano","vaep_value":0.1776366903,"offensive_value":0.1070414492,"defensive_value":0.0705952412,"count":39},"10":{"player_id":21114,"player_name":"Matteo Politano","vaep_value":-0.0599696343,"offensive_value":-0.0590740868,"defensive_value":-0.0008955474,"count":29},"11":{"player_id":21162,"player_name":"Matteo Politano","vaep_value":-0.0859687219,"offensive_value":0.0626314761,"defensive_value":-0.148600198,"count":30},"12":{"player_id":21861,"player_name":"Marco Borriello","vaep_value":-0.0189333233,"offensive_value":-0.0361527172,"defensive_value":0.0172193939,"count":34},"13":{"player_id":22152,"player_name":"Federico Viviani","vaep_value":0.1816956068,"offensive_value":0.1840311466,"defensive_value":-0.0023355398,"count":71},"14":{"player_id":22162,"player_name":"Sauli V\u00e4is\u00e4nen","vaep_value":0.2050219148,"offensive_value":0.1575441801,"defensive_value":0.0474777347,"count":77},"15":{"player_id":22163,"player_name":"Manuel Lazzari","vaep_value":0.0076879379,"offensive_value":-0.036414284,"defensive_value":0.044102222,"count":59},"16":{"player_id":22383,"player_name":"Manuel Lazzari","vaep_value":0.3986668931,"offensive_value":0.289665512,"defensive_value":0.1090013811,"count":42},"17":{"player_id":22699,"player_name":"Pasquale Schiattarella","vaep_value":-0.0207185539,"offensive_value":-0.0161506305,"defensive_value":-0.0045679234,"count":4},"18":{"player_id":22864,"player_name":"Matteo Politano","vaep_value":0.12409196,"offensive_value":0.027780803,"defensive_value":0.096311157,"count":34},"19":{"player_id":23386,"player_name":"Pasquale Schiattarella","vaep_value":-0.0927373935,"offensive_value":-0.0675862294,"defensive_value":-0.0251511642,"count":20},"20":{"player_id":134420,"player_name":"Federico Peluso","vaep_value":0.1446498206,"offensive_value":0.1518355308,"defensive_value":-0.0071857101,"count":64},"21":{"player_id":170738,"player_name":"Joseph Alfred Duncan","vaep_value":-0.3977013563,"offensive_value":0.0707345546,"defensive_value":-0.4684359109,"count":57},"22":{"player_id":208696,"player_name":"Joseph Alfred Duncan","vaep_value":1.0531556536,"offensive_value":1.0618357607,"defensive_value":-0.0086801071,"count":51},"23":{"player_id":209400,"player_name":"Francesco Magnanelli","vaep_value":-0.6277851919,"offensive_value":-0.751080692,"defensive_value":0.1232955001,"count":55},"24":{"player_id":226200,"player_name":"Marcello Gazzola","vaep_value":-0.0297838601,"offensive_value":-0.0096110535,"defensive_value":-0.0201728066,"count":55},"25":{"player_id":239298,"player_name":"Domenico Berardi","vaep_value":0.0221238236,"offensive_value":0.0219431664,"defensive_value":0.0001806573,"count":5},"26":{"player_id":246063,"player_name":"Filippo Costa","vaep_value":0.1018253733,"offensive_value":0.0885642161,"defensive_value":0.0132611572,"count":19},"27":{"player_id":263432,"player_name":"Matteo Politano","vaep_value":0.1978225983,"offensive_value":0.1835528105,"defensive_value":0.0142697878,"count":56},"28":{"player_id":302798,"player_name":"Domenico Berardi","vaep_value":0.0092783815,"offensive_value":0.0099145062,"defensive_value":-0.0006361248,"count":4}}