{"0":{"player_id":0,"player_name":"Simone Zaza","vaep_value":0.0542720164,"offensive_value":0.0891521631,"defensive_value":-0.0348801467,"count":15},"1":{"player_id":3286,"player_name":"Daniel Parejo Mu\u00f1oz","vaep_value":0.257369151,"offensive_value":0.2226619897,"defensive_value":0.0347071612,"count":64},"2":{"player_id":3304,"player_name":"Geoffrey Kondogbia","vaep_value":0.1328653377,"offensive_value":0.143056269,"defensive_value":-0.0101909314,"count":52},"3":{"player_id":3310,"player_name":"Jeison Fabi\u00e1n Murillo Cer\u00f3n","vaep_value":0.2636065242,"offensive_value":0.3149848192,"defensive_value":-0.0513782949,"count":94},"4":{"player_id":3321,"player_name":"R\u00faben Miguel Nunes Vezo","vaep_value":-0.4125319262,"offensive_value":-0.3815671502,"defensive_value":-0.0309647759,"count":40},"5":{"player_id":3339,"player_name":"Rodrigo Moreno Machado","vaep_value":0.0268807884,"offensive_value":0.0400548456,"defensive_value":-0.0131740572,"count":33},"6":{"player_id":3563,"player_name":"Daniel Carvajal Ramos","vaep_value":0.0171581398,"offensive_value":0.0171123194,"defensive_value":0.0000458205,"count":45},"7":{"player_id":3915,"player_name":"Carlos Henrique Casimiro","vaep_value":0.0825454171,"offensive_value":0.0655997726,"defensive_value":0.0169456445,"count":26},"8":{"player_id":4065,"player_name":"Jos\u00e9 Ignacio Fern\u00e1ndez Iglesias","vaep_value":0.1844398971,"offensive_value":-0.0056723924,"defensive_value":0.1901122895,"count":25},"9":{"player_id":4498,"player_name":"Marcelo Vieira da Silva J\u00fanior","vaep_value":0.2054673519,"offensive_value":0.1641955399,"defensive_value":0.041271812,"count":13},"10":{"player_id":4501,"player_name":"Karim Benzema","vaep_value":0.3033060592,"offensive_value":0.3599367836,"defensive_value":-0.0566307243,"count":103},"11":{"player_id":4892,"player_name":"Karim Benzema","vaep_value":0.1868013801,"offensive_value":0.1171393176,"defensive_value":0.0696620626,"count":38},"12":{"player_id":8278,"player_name":"Antonio Latorre Grueso","vaep_value":0.1053796494,"offensive_value":0.109449645,"defensive_value":-0.0040699956,"count":38},"13":{"player_id":8287,"player_name":"Simone Zaza","vaep_value":0.2284989598,"offensive_value":0.2312289253,"defensive_value":-0.0027299655,"count":81},"14":{"player_id":14723,"player_name":"Antonio Latorre Grueso","vaep_value":-0.2141050317,"offensive_value":-0.2319168116,"defensive_value":0.0178117799,"count":89},"15":{"player_id":20922,"player_name":"Carlos Henrique Casimiro","vaep_value":0.0658089449,"offensive_value":0.1793674631,"defensive_value":-0.1135585182,"count":36},"16":{"player_id":22202,"player_name":"Daniel Carvajal Ramos","vaep_value":-0.3502270121,"offensive_value":-0.3284650863,"defensive_value":-0.0217619258,"count":37},"17":{"player_id":25623,"player_name":"Toni Kroos","vaep_value":1.0114041776,"offensive_value":0.9930890886,"defensive_value":0.0183150891,"count":58},"18":{"player_id":40756,"player_name":"Carlos Henrique Casimiro","vaep_value":0.1080130875,"offensive_value":0.0708288697,"defensive_value":0.0371842178,"count":63},"19":{"player_id":69404,"player_name":"Jos\u00e9 Ignacio Fern\u00e1ndez Iglesias","vaep_value":0.055155525,"offensive_value":0.0601313149,"defensive_value":-0.0049757899,"count":38},"20":{"player_id":70129,"player_name":"Marco Asensio Willemsen","vaep_value":-0.0389351451,"offensive_value":0.0283552906,"defensive_value":-0.0672904357,"count":46},"21":{"player_id":211853,"player_name":"Marcelo Vieira da Silva J\u00fanior","vaep_value":0.0725969722,"offensive_value":0.06970753,"defensive_value":0.0028894423,"count":27},"22":{"player_id":250885,"player_name":"Marco Asensio Willemsen","vaep_value":0.0913669665,"offensive_value":0.0780502865,"defensive_value":0.01331668,"count":8},"23":{"player_id":288091,"player_name":"Francisco Rom\u00e1n Alarc\u00f3n Su\u00e1rez","vaep_value":1.8508733567,"offensive_value":1.8548009421,"defensive_value":-0.0039275854,"count":70},"24":{"player_id":293862,"player_name":"Carlos Henrique Casimiro","vaep_value":0.0003084997,"offensive_value":0.012017352,"defensive_value":-0.0117088524,"count":3},"25":{"player_id":302542,"player_name":"Daniel Carvajal Ramos","vaep_value":0.0052127882,"offensive_value":0.0042098174,"defensive_value":0.0010029709,"count":4},"26":{"player_id":326535,"player_name":"Gareth Frank Bale","vaep_value":0.2789598956,"offensive_value":0.2080576909,"defensive_value":0.0709022047,"count":43},"27":{"player_id":344120,"player_name":"Geoffrey Kondogbia","vaep_value":-0.1311542523,"offensive_value":-0.1235787235,"defensive_value":-0.0075755288,"count":6},"28":{"player_id":372752,"player_name":"Geoffrey Kondogbia","vaep_value":0.8731585762,"offensive_value":0.8590303519,"defensive_value":0.0141282243,"count":39}}