{"0":{"player_id":0,"player_name":"Michael Olunga","vaep_value":0.003242777,"offensive_value":0.0421805538,"defensive_value":-0.0389377768,"count":13},"1":{"player_id":3287,"player_name":"Alejandro Granell Nogu\u00e9","vaep_value":0.9953121076,"offensive_value":0.8809645339,"defensive_value":0.1143475737,"count":37},"2":{"player_id":3399,"player_name":"Borja Garc\u00eda Freire","vaep_value":0.089931328,"offensive_value":0.0960625977,"defensive_value":-0.0061312697,"count":18},"3":{"player_id":3407,"player_name":"Juan Pedro Ram\u00edrez L\u00f3pez","vaep_value":0.237990117,"offensive_value":0.0913844905,"defensive_value":0.1466056266,"count":70},"4":{"player_id":3443,"player_name":"Bernardo Jos\u00e9 Espinosa Z\u00fa\u00f1iga","vaep_value":0.0946212664,"offensive_value":0.115677105,"defensive_value":-0.0210558387,"count":29},"5":{"player_id":3510,"player_name":"Jon\u00e1s  Ramalho Chimeno","vaep_value":0.0881339284,"offensive_value":0.0784059423,"defensive_value":0.0097279861,"count":8},"6":{"player_id":3682,"player_name":"Antoine Griezmann","vaep_value":1.2214807855,"offensive_value":1.1951466276,"defensive_value":0.0263341579,"count":63},"7":{"player_id":3692,"player_name":"Jon\u00e1s  Ramalho Chimeno","vaep_value":0.4332469091,"offensive_value":0.2389267191,"defensive_value":0.19432019,"count":55},"8":{"player_id":4278,"player_name":"Yannick Ferreira Carrasco","vaep_value":-0.0445049137,"offensive_value":-0.0425521338,"defensive_value":-0.0019527799,"count":68},"9":{"player_id":4338,"player_name":"Jon\u00e1s  Ramalho Chimeno","vaep_value":0.1426612494,"offensive_value":0.1058970175,"defensive_value":0.0367642319,"count":38},"10":{"player_id":4360,"player_name":"Yannick Ferreira Carrasco","vaep_value":0.0704758868,"offensive_value":0.0615528042,"defensive_value":0.0089230826,"count":51},"11":{"player_id":4375,"player_name":"Alejandro Granell Nogu\u00e9","vaep_value":0.0200060194,"offensive_value":0.0148766958,"defensive_value":0.0051293236,"count":8},"12":{"player_id":4488,"player_name":"Antoine Griezmann","vaep_value":0.3179160131,"offensive_value":0.1206721825,"defensive_value":0.1972438306,"count":103},"13":{"player_id":6210,"player_name":"Yassine Bounou","vaep_value":-0.0373065142,"offensive_value":0.0066888873,"defensive_value":-0.0439954015,"count":52},"14":{"player_id":8311,"player_name":"Juan Pedro Ram\u00edrez L\u00f3pez","vaep_value":0.178926833,"offensive_value":0.1397290297,"defensive_value":0.0391978032,"count":65},"15":{"player_id":25445,"player_name":"\u0160ime Vrsaljko","vaep_value":-0.0110008586,"offensive_value":0.0035221761,"defensive_value":-0.0145230347,"count":5},"16":{"player_id":69409,"player_name":"Bernardo Jos\u00e9 Espinosa Z\u00fa\u00f1iga","vaep_value":-0.0983180628,"offensive_value":-0.0758925141,"defensive_value":-0.0224255487,"count":50},"17":{"player_id":70273,"player_name":"\u0160ime Vrsaljko","vaep_value":0.0773457915,"offensive_value":0.0802859333,"defensive_value":-0.0029401418,"count":19},"18":{"player_id":91702,"player_name":"Stefan Savi\u0107","vaep_value":0.2337720801,"offensive_value":0.1533346723,"defensive_value":0.0804374078,"count":60},"19":{"player_id":120631,"player_name":"Jos\u00e9 Mar\u00eda Gim\u00e9nez de Vargas","vaep_value":0.0336241511,"offensive_value":0.0490202119,"defensive_value":-0.0153960608,"count":16},"20":{"player_id":134769,"player_name":"Bernardo Jos\u00e9 Espinosa Z\u00fa\u00f1iga","vaep_value":0.2703815539,"offensive_value":0.2761468403,"defensive_value":-0.0057652864,"count":54},"21":{"player_id":214062,"player_name":"Stefan Savi\u0107","vaep_value":0.3936113754,"offensive_value":0.3769365977,"defensive_value":0.0166747777,"count":66},"22":{"player_id":217031,"player_name":"Jos\u00e9 Mar\u00eda Gim\u00e9nez de Vargas","vaep_value":0.1106919284,"offensive_value":0.0451683817,"defensive_value":0.0655235467,"count":95},"23":{"player_id":227894,"player_name":"Sa\u00fal \u00d1\u00edguez Esclapez","vaep_value":0.2597530899,"offensive_value":0.1409212055,"defensive_value":0.1188318843,"count":59},"24":{"player_id":230895,"player_name":"Stefan Savi\u0107","vaep_value":0.1597571732,"offensive_value":0.0756341734,"defensive_value":0.0841229998,"count":61},"25":{"player_id":254408,"player_name":"Jon\u00e1s  Ramalho Chimeno","vaep_value":-0.153369778,"offensive_value":-0.1473458458,"defensive_value":-0.0060239322,"count":54},"26":{"player_id":266885,"player_name":"Jon\u00e1s  Ramalho Chimeno","vaep_value":-0.1190800116,"offensive_value":-0.1146607968,"defensive_value":-0.0044192148,"count":32},"27":{"player_id":279545,"player_name":"Lucas  Hern\u00e1ndez Pi","vaep_value":0.1035037074,"offensive_value":0.1040492635,"defensive_value":-0.0005455561,"count":68}}