{"0":{"player_id":0,"player_name":"Emiliano Sala","vaep_value":0.0179044018,"offensive_value":0.0297624245,"defensive_value":-0.0118580228,"count":7},"1":{"player_id":8899,"player_name":"Pr\u00e9juce Niguimb\u00e9 Nakoulma","vaep_value":-0.0679406492,"offensive_value":-0.0281077256,"defensive_value":-0.0398329237,"count":40},"2":{"player_id":25519,"player_name":"Diego Carlos Santos Silva","vaep_value":0.0754501419,"offensive_value":0.091803031,"defensive_value":-0.0163528891,"count":21},"3":{"player_id":25523,"player_name":"J\u00fanior Osmar Ignacio  Alonso Mujica","vaep_value":0.2831599249,"offensive_value":0.21959974,"defensive_value":0.0635601849,"count":42},"4":{"player_id":25605,"player_name":"Luiz de Ara\u00fajo Guimar\u00e3es Neto","vaep_value":-0.0710945068,"offensive_value":0.0607298492,"defensive_value":-0.1318243559,"count":40},"5":{"player_id":25923,"player_name":"Nicolas de Roussel de Pr\u00e9ville","vaep_value":0.0501592564,"offensive_value":0.041824364,"defensive_value":0.0083348925,"count":33},"6":{"player_id":26276,"player_name":"Luiz de Ara\u00fajo Guimar\u00e3es Neto","vaep_value":-0.4434170924,"offensive_value":0.0616656503,"defensive_value":-0.5050827428,"count":44},"7":{"player_id":28122,"player_name":"Valentin Rongier","vaep_value":-0.0620036564,"offensive_value":0.0226579573,"defensive_value":-0.0846616137,"count":67},"8":{"player_id":28232,"player_name":"Abdoulaye Tour\u00e9","vaep_value":0.0621991062,"offensive_value":0.0972671547,"defensive_value":-0.0350680485,"count":53},"9":{"player_id":37734,"player_name":"Emiliano Sala","vaep_value":0.0438508819,"offensive_value":-0.0113545432,"defensive_value":0.055205425,"count":17},"10":{"player_id":41056,"player_name":"Alexander Ka\u010danikli\u0107","vaep_value":0.5763166749,"offensive_value":0.4748044573,"defensive_value":0.1015122177,"count":67},"11":{"player_id":70959,"player_name":"Mike Maignan","vaep_value":0.2561013342,"offensive_value":0.1006636436,"defensive_value":0.1554376907,"count":69},"12":{"player_id":99453,"player_name":"Mike Maignan","vaep_value":-0.0988421445,"offensive_value":-0.0492307888,"defensive_value":-0.0496113556,"count":33},"13":{"player_id":134496,"player_name":"Fod\u00e9  Ballo Tour\u00e9","vaep_value":0.1934361248,"offensive_value":0.1315114284,"defensive_value":0.0619246964,"count":37},"14":{"player_id":144867,"player_name":"Luiz de Ara\u00fajo Guimar\u00e3es Neto","vaep_value":0.1549804435,"offensive_value":0.2156039067,"defensive_value":-0.0606234631,"count":77},"15":{"player_id":209028,"player_name":"J\u00fanior Osmar Ignacio  Alonso Mujica","vaep_value":-0.0579506144,"offensive_value":-0.0044651285,"defensive_value":-0.0534854858,"count":17},"16":{"player_id":213308,"player_name":"J\u00fanior Osmar Ignacio  Alonso Mujica","vaep_value":1.0638656715,"offensive_value":1.0531014474,"defensive_value":0.0107642241,"count":87},"17":{"player_id":217872,"player_name":"L\u00e9vy Koffi Djidji","vaep_value":0.0572730211,"offensive_value":0.0354345063,"defensive_value":0.0218385148,"count":16},"18":{"player_id":217874,"player_name":"Valentin Rongier","vaep_value":0.1325290458,"offensive_value":0.0087249812,"defensive_value":0.1238040646,"count":35},"19":{"player_id":242446,"player_name":"Nicolas Pallois","vaep_value":0.0901858375,"offensive_value":0.1589216816,"defensive_value":-0.0687358441,"count":57},"20":{"player_id":250134,"player_name":"Luiz de Ara\u00fajo Guimar\u00e3es Neto","vaep_value":-0.5161496644,"offensive_value":-0.4570219978,"defensive_value":-0.0591276666,"count":55},"21":{"player_id":257750,"player_name":"Valentin Rongier","vaep_value":-0.0180730959,"offensive_value":-0.0194082703,"defensive_value":0.0013351743,"count":8},"22":{"player_id":260002,"player_name":"Valentin Rongier","vaep_value":-0.0342992473,"offensive_value":-0.0261925536,"defensive_value":-0.0081066937,"count":66},"23":{"player_id":270866,"player_name":"Thiago Henrique Mendes Ribeiro","vaep_value":0.0986601606,"offensive_value":0.1161962221,"defensive_value":-0.0175360616,"count":46},"24":{"player_id":284322,"player_name":"Pr\u00e9juce Niguimb\u00e9 Nakoulma","vaep_value":-0.0153646102,"offensive_value":-0.0154032172,"defensive_value":0.0000386069,"count":4},"25":{"player_id":286553,"player_name":"Edgar Miguel I\u00e9","vaep_value":1.0199521281,"offensive_value":0.9585261531,"defensive_value":0.0614259749,"count":42},"26":{"player_id":286917,"player_name":"Ibrahim Amadou","vaep_value":0.0242913184,"offensive_value":0.0180975457,"defensive_value":0.0061937727,"count":38},"27":{"player_id":364772,"player_name":"J\u00fanior Osmar Ignacio  Alonso Mujica","vaep_value":0.1531801459,"offensive_value":0.0268205598,"defensive_value":0.1263595861,"count":10},"28":{"player_id":413597,"player_name":"Fod\u00e9  Ballo Tour\u00e9","vaep_value":0.1493464209,"offensive_value":0.1673054222,"defensive_value":-0.0179590014,"count":25}}