{"0":{"player_id":0,"player_name":"Michy Batshuayi Tunga","vaep_value":-0.0236138725,"offensive_value":-0.0111782546,"defensive_value":-0.0124356179,"count":5},"1":{"player_id":14706,"player_name":"Shinji Kagawa","vaep_value":0.1864620295,"offensive_value":0.2023806234,"defensive_value":-0.015918594,"count":36},"2":{"player_id":14749,"player_name":"Jeremy Toljan","vaep_value":0.6724241168,"offensive_value":0.5883932097,"defensive_value":0.084030907,"count":61},"3":{"player_id":14770,"player_name":"\u00d6mer Toprak","vaep_value":0.0182203251,"offensive_value":0.0143708494,"defensive_value":0.0038494758,"count":7},"4":{"player_id":14778,"player_name":"Manuel Akanji","vaep_value":0.3138213521,"offensive_value":0.1496774594,"defensive_value":0.1641438927,"count":118},"5":{"player_id":14789,"player_name":"\u0141ukasz Piszczek","vaep_value":0.0336100912,"offensive_value":0.0277653998,"defensive_value":0.0058446914,"count":56},"6":{"player_id":14798,"player_name":"Christian Mathenia","vaep_value":0.0855327103,"offensive_value":0.1372308426,"defensive_value":-0.0516981323,"count":96},"7":{"player_id":14806,"player_name":"Julian Weigl","vaep_value":0.9992666183,"offensive_value":0.9998132938,"defensive_value":-0.0005466755,"count":14},"8":{"player_id":14816,"player_name":"Julian Weigl","vaep_value":0.1111688644,"offensive_value":0.0245294215,"defensive_value":0.0866394428,"count":43},"9":{"player_id":15024,"player_name":"Marco Reus","vaep_value":0.1713741394,"offensive_value":0.1494110023,"defensive_value":0.0219631371,"count":35},"10":{"player_id":15232,"player_name":"Marco Reus","vaep_value":-0.0026529077,"offensive_value":0.0016731897,"defensive_value":-0.0043260974,"count":17},"11":{"player_id":15449,"player_name":"Andr\u00e9 Sch\u00fcrrle","vaep_value":0.2600220212,"offensive_value":0.1621224808,"defensive_value":0.0978995404,"count":58},"12":{"player_id":15812,"player_name":"Andr\u00e9 Sch\u00fcrrle","vaep_value":0.2383262843,"offensive_value":0.170900132,"defensive_value":0.0674261523,"count":44},"13":{"player_id":15877,"player_name":"M\u00ebrgim Mavraj","vaep_value":0.0060169614,"offensive_value":-0.0031340705,"defensive_value":0.009151032,"count":13},"14":{"player_id":18704,"player_name":"Jeremy Toljan","vaep_value":0.029224774,"offensive_value":0.0965719128,"defensive_value":-0.0673471388,"count":30},"15":{"player_id":20876,"player_name":"Andr\u00e9 Sch\u00fcrrle","vaep_value":0.1107885459,"offensive_value":0.0923924076,"defensive_value":0.0183961383,"count":43},"16":{"player_id":38093,"player_name":"Gotoku Sakai","vaep_value":0.2703725136,"offensive_value":0.2783606783,"defensive_value":-0.0079881648,"count":31},"17":{"player_id":49968,"player_name":"Jeremy Toljan","vaep_value":0.1950786192,"offensive_value":0.1154759338,"defensive_value":0.0796026854,"count":40},"18":{"player_id":127796,"player_name":"Shinji Kagawa","vaep_value":0.0266307025,"offensive_value":0.0807171408,"defensive_value":-0.0540864383,"count":61},"19":{"player_id":143566,"player_name":"Jeremy Toljan","vaep_value":0.1435838165,"offensive_value":0.0829498525,"defensive_value":0.0606339641,"count":90},"20":{"player_id":149389,"player_name":"Jeremy Toljan","vaep_value":0.012987925,"offensive_value":0.1028247164,"defensive_value":-0.0898367914,"count":87},"21":{"player_id":224677,"player_name":"Jeremy Toljan","vaep_value":0.2012854876,"offensive_value":0.1014282496,"defensive_value":0.099857238,"count":81},"22":{"player_id":241966,"player_name":"Andr\u00e9 Sch\u00fcrrle","vaep_value":0.0124124594,"offensive_value":0.0564594296,"defensive_value":-0.0440469702,"count":34},"23":{"player_id":272363,"player_name":"Julian Weigl","vaep_value":0.4022194707,"offensive_value":0.3427619359,"defensive_value":0.0594575348,"count":20},"24":{"player_id":297957,"player_name":"\u00d6mer Toprak","vaep_value":0.173209188,"offensive_value":0.1254893742,"defensive_value":0.0477198139,"count":86},"25":{"player_id":327009,"player_name":"Roman B\u00fcrki","vaep_value":0.0175669204,"offensive_value":-0.0163391581,"defensive_value":0.0339060784,"count":61},"26":{"player_id":365441,"player_name":"\u00d6mer Toprak","vaep_value":0.047285115,"offensive_value":0.0307145843,"defensive_value":0.0165705307,"count":44},"27":{"player_id":391530,"player_name":"Jeremy Toljan","vaep_value":0.3927736074,"offensive_value":0.338770818,"defensive_value":0.0540027894,"count":44},"28":{"player_id":491365,"player_name":"Gotoku Sakai","vaep_value":-0.0965158639,"offensive_value":-0.0952244895,"defensive_value":-0.0012913744,"count":19}}