{"0":{"player_id":0,"player_name":"Oscar Hiljemark","vaep_value":0.0378450317,"offensive_value":0.059970425,"defensive_value":-0.0221253933,"count":8},"1":{"player_id":3548,"player_name":"Ervin Zukanovi\u0107","vaep_value":-0.1237806992,"offensive_value":-0.1208452134,"defensive_value":-0.0029354858,"count":7},"2":{"player_id":9080,"player_name":"Filippo Costa","vaep_value":0.2443555238,"offensive_value":0.2457550764,"defensive_value":-0.0013995526,"count":26},"3":{"player_id":20503,"player_name":"Ervin Zukanovi\u0107","vaep_value":-0.1022741626,"offensive_value":-0.0736169501,"defensive_value":-0.0286572125,"count":12},"4":{"player_id":20655,"player_name":"Nicol\u00e1s Federico Spolli","vaep_value":0.2066170305,"offensive_value":0.1950117673,"defensive_value":0.0116052632,"count":40},"5":{"player_id":20661,"player_name":"Mattia Perin","vaep_value":-0.03933445,"offensive_value":-0.0378492211,"defensive_value":-0.0014852289,"count":26},"6":{"player_id":20749,"player_name":"Nicol\u00e1s Federico Spolli","vaep_value":-0.0341379792,"offensive_value":-0.0561673945,"defensive_value":0.0220294153,"count":80},"7":{"player_id":20911,"player_name":"Davide Biraschi","vaep_value":0.4403471407,"offensive_value":0.3742103365,"defensive_value":0.0661368042,"count":76},"8":{"player_id":20928,"player_name":"Francesco Vicari","vaep_value":0.1941290636,"offensive_value":0.1599921123,"defensive_value":0.0341369513,"count":70},"9":{"player_id":21072,"player_name":"Alberto Grassi","vaep_value":-0.0409387117,"offensive_value":-0.0312895079,"defensive_value":-0.0096492039,"count":42},"10":{"player_id":21114,"player_name":"Alberto Grassi","vaep_value":-0.1800598628,"offensive_value":-0.1609505208,"defensive_value":-0.019109342,"count":31},"11":{"player_id":21177,"player_name":"Alberto Paloschi","vaep_value":0.0814347507,"offensive_value":0.0762189208,"defensive_value":0.0052158299,"count":17},"12":{"player_id":21468,"player_name":"Mirco Antenucci","vaep_value":0.0866201622,"offensive_value":0.0570692257,"defensive_value":0.0295509365,"count":28},"13":{"player_id":38532,"player_name":"Mirco Antenucci","vaep_value":0.5093174746,"offensive_value":0.4842066763,"defensive_value":0.0251107983,"count":73},"14":{"player_id":45579,"player_name":"Everton Luiz Guimaraes Bilher","vaep_value":0.1445585944,"offensive_value":0.0553329877,"defensive_value":0.0892256068,"count":42},"15":{"player_id":51145,"player_name":"Andrea Bertolacci","vaep_value":0.1008775313,"offensive_value":0.1090001467,"defensive_value":-0.0081226154,"count":49},"16":{"player_id":70974,"player_name":"Pasquale Schiattarella","vaep_value":-0.0485287418,"offensive_value":-0.0435449076,"defensive_value":-0.0049838342,"count":3},"17":{"player_id":99661,"player_name":"Mattia Perin","vaep_value":0.4158057186,"offensive_value":0.0897787919,"defensive_value":0.3260269267,"count":81},"18":{"player_id":115933,"player_name":"Darko Lazovi\u0107","vaep_value":-0.6394247207,"offensive_value":-0.6261266315,"defensive_value":-0.0132980893,"count":20},"19":{"player_id":116269,"player_name":"Darko Lazovi\u0107","vaep_value":0.0465191781,"offensive_value":-0.008612765,"defensive_value":0.0551319431,"count":74},"20":{"player_id":127534,"player_name":"Alex Meret","vaep_value":0.4783080424,"offensive_value":0.4511610393,"defensive_value":0.0271470031,"count":67},"21":{"player_id":134420,"player_name":"Francesco Vicari","vaep_value":0.2987959466,"offensive_value":0.2157784764,"defensive_value":0.0830174702,"count":60},"22":{"player_id":134435,"player_name":"Felipe Dias da Silva dal Belo","vaep_value":-0.063592862,"offensive_value":-0.1274484525,"defensive_value":0.0638555905,"count":58},"23":{"player_id":206318,"player_name":"Nicol\u00e1s Federico Spolli","vaep_value":0.0796172109,"offensive_value":0.1468975926,"defensive_value":-0.0672803817,"count":56},"24":{"player_id":226200,"player_name":"Felipe Dias da Silva dal Belo","vaep_value":0.9476165829,"offensive_value":0.9760671756,"defensive_value":-0.0284505928,"count":61},"25":{"player_id":263432,"player_name":"Francesco Vicari","vaep_value":-0.1721437979,"offensive_value":-0.0181678049,"defensive_value":-0.1539759929,"count":18},"26":{"player_id":286215,"player_name":"Pasquale Schiattarella","vaep_value":-0.1152144185,"offensive_value":0.1617787345,"defensive_value":-0.276993153,"count":33},"27":{"player_id":339192,"player_name":"Thiago Rangel Cionek","vaep_value":0.0063567827,"offensive_value":0.0020259256,"defensive_value":0.0043308572,"count":1}}