{"0":{"player_id":0,"player_name":"Facundo Juli\u00e1n P\u00edriz Gonz\u00e1lez","vaep_value":0.1082744969,"offensive_value":0.1190003892,"defensive_value":-0.0107258924,"count":6},"1":{"player_id":3308,"player_name":"Giovanni-Guy Yann Sio","vaep_value":-0.0980615092,"offensive_value":-0.1029087924,"defensive_value":0.0048472832,"count":47},"2":{"player_id":14945,"player_name":"Nordi Mukiele Mulere","vaep_value":0.1053279262,"offensive_value":0.098490325,"defensive_value":0.0068376012,"count":27},"3":{"player_id":20677,"player_name":"Kevin N'Doram","vaep_value":0.1492564245,"offensive_value":0.0741192042,"defensive_value":0.0751372203,"count":18},"4":{"player_id":20948,"player_name":"F\u00e1bio Henrique Tavares","vaep_value":-0.0155744595,"offensive_value":0.0171647533,"defensive_value":-0.0327392127,"count":10},"5":{"player_id":21097,"player_name":"F\u00e1bio Henrique Tavares","vaep_value":0.1157639131,"offensive_value":0.0710332801,"defensive_value":0.044730633,"count":45},"6":{"player_id":25457,"player_name":"Jorge Marco de Oliveira Moraes","vaep_value":0.1995309051,"offensive_value":0.1402436378,"defensive_value":0.0592872673,"count":57},"7":{"player_id":25829,"player_name":"Ruben Aguilar","vaep_value":0.027257237,"offensive_value":0.0242172871,"defensive_value":0.0030399499,"count":6},"8":{"player_id":25993,"player_name":"Vitorino Hilton da Silva","vaep_value":0.2208779833,"offensive_value":0.0920903361,"defensive_value":0.1287876471,"count":48},"9":{"player_id":26016,"player_name":"Giovanni-Guy Yann Sio","vaep_value":0.1884578197,"offensive_value":0.1088902814,"defensive_value":0.0795675383,"count":38},"10":{"player_id":28117,"player_name":"Jorge Marco de Oliveira Moraes","vaep_value":0.1811356919,"offensive_value":0.0635717749,"defensive_value":0.1175639171,"count":58},"11":{"player_id":28335,"player_name":"Vitorino Hilton da Silva","vaep_value":0.1144162994,"offensive_value":0.1922176781,"defensive_value":-0.0778013787,"count":75},"12":{"player_id":28922,"player_name":"Facundo Juli\u00e1n P\u00edriz Gonz\u00e1lez","vaep_value":0.2054238771,"offensive_value":0.194697683,"defensive_value":0.0107261941,"count":66},"13":{"player_id":116345,"player_name":"Benjamin Lecomte","vaep_value":-0.0974770935,"offensive_value":-0.099666466,"defensive_value":0.0021893725,"count":50},"14":{"player_id":135747,"player_name":"J\u00e9r\u00f4me Roussillon","vaep_value":0.129237978,"offensive_value":0.1690393998,"defensive_value":-0.0398014218,"count":33},"15":{"player_id":135913,"player_name":"Salomon Junior Sambia","vaep_value":0.0971740689,"offensive_value":0.0395771554,"defensive_value":0.0575969135,"count":31},"16":{"player_id":149101,"player_name":"Facundo Juli\u00e1n P\u00edriz Gonz\u00e1lez","vaep_value":0.2539053066,"offensive_value":0.276295434,"defensive_value":-0.0223901274,"count":58},"17":{"player_id":207143,"player_name":"Salomon Junior Sambia","vaep_value":0.2529522673,"offensive_value":0.2482142304,"defensive_value":0.0047380369,"count":73},"18":{"player_id":244335,"player_name":"Vitorino Hilton da Silva","vaep_value":0.0991467612,"offensive_value":0.0872357925,"defensive_value":0.0119109687,"count":11},"19":{"player_id":246946,"player_name":"Jorge Marco de Oliveira Moraes","vaep_value":0.0637803756,"offensive_value":-0.0280715184,"defensive_value":0.091851894,"count":67},"20":{"player_id":256480,"player_name":"Ruben Aguilar","vaep_value":-0.2937348506,"offensive_value":-0.296971591,"defensive_value":0.0032367404,"count":17},"21":{"player_id":263766,"player_name":"Jorge Marco de Oliveira Moraes","vaep_value":0.0881375372,"offensive_value":0.0586437266,"defensive_value":0.0294938106,"count":28},"22":{"player_id":276978,"player_name":"Ellyes Skhiri","vaep_value":-0.0529031291,"offensive_value":-0.0517791687,"defensive_value":-0.0011239605,"count":5},"23":{"player_id":276983,"player_name":"Ellyes Skhiri","vaep_value":0.0041645889,"offensive_value":0.0084579382,"defensive_value":-0.0042933493,"count":10},"24":{"player_id":300784,"player_name":"Kamil Glik","vaep_value":0.0510397223,"offensive_value":0.0269114188,"defensive_value":0.0241283035,"count":71},"25":{"player_id":331923,"player_name":"Pedro Filipe Teod\u00f3sio Mendes","vaep_value":0.1718425384,"offensive_value":0.1092610697,"defensive_value":0.0625814687,"count":67},"26":{"player_id":335763,"player_name":"Nordi Mukiele Mulere","vaep_value":0.2894567746,"offensive_value":0.2686120741,"defensive_value":0.0208447005,"count":65},"27":{"player_id":341973,"player_name":"Kevin N'Doram","vaep_value":0.1630099659,"offensive_value":0.1695838484,"defensive_value":-0.0065738825,"count":65},"28":{"player_id":344744,"player_name":"Rachid Ghezzal","vaep_value":0.0546301711,"offensive_value":0.052548479,"defensive_value":0.0020816921,"count":36}}