{"0":{"player_id":0,"player_name":"Jay Rodriguez","vaep_value":0.0230363868,"offensive_value":0.0355081283,"defensive_value":-0.0124717415,"count":6},"1":{"player_id":3577,"player_name":"Ahmed Hegazy","vaep_value":0.0335870419,"offensive_value":0.0171038067,"defensive_value":0.0164832352,"count":22},"2":{"player_id":5281,"player_name":"James McClean","vaep_value":0.0575391824,"offensive_value":0.047337418,"defensive_value":0.0102017644,"count":45},"3":{"player_id":7907,"player_name":"Ahmed Hegazy","vaep_value":0.0604769066,"offensive_value":0.0785990814,"defensive_value":-0.0181221748,"count":9},"4":{"player_id":8277,"player_name":"Oleksandr Zinchenko","vaep_value":0.5311938681,"offensive_value":0.4696531211,"defensive_value":0.0615407471,"count":117},"5":{"player_id":8314,"player_name":"Raheem Shaquille Sterling","vaep_value":0.1876349864,"offensive_value":0.1352312582,"defensive_value":0.0524037281,"count":35},"6":{"player_id":8317,"player_name":"David Josu\u00e9 Jim\u00e9nez Silva","vaep_value":0.0047344744,"offensive_value":0.0032480996,"defensive_value":0.0014863748,"count":32},"7":{"player_id":8325,"player_name":"Oleksandr Zinchenko","vaep_value":0.8811006694,"offensive_value":0.8382251965,"defensive_value":0.0428754729,"count":40},"8":{"player_id":8358,"player_name":"Aymeric  Laporte","vaep_value":-0.030073768,"offensive_value":0.102810581,"defensive_value":-0.132884349,"count":32},"9":{"player_id":8360,"player_name":"Nicol\u00e1s Hern\u00e1n Otamendi","vaep_value":0.1784243075,"offensive_value":0.11581372,"defensive_value":0.0626105875,"count":45},"10":{"player_id":8362,"player_name":"Aymeric  Laporte","vaep_value":0.0946361063,"offensive_value":0.0167241915,"defensive_value":0.0779119148,"count":17},"11":{"player_id":8530,"player_name":"Nicol\u00e1s Hern\u00e1n Otamendi","vaep_value":-0.2175196667,"offensive_value":-0.0271696378,"defensive_value":-0.1903500289,"count":27},"12":{"player_id":8958,"player_name":"Aymeric  Laporte","vaep_value":0.0538424596,"offensive_value":0.0394906305,"defensive_value":0.0143518291,"count":32},"13":{"player_id":9414,"player_name":"Sergio Leonel Ag\u00fcero del Castillo","vaep_value":-0.0838653889,"offensive_value":0.0092324252,"defensive_value":-0.0930978141,"count":16},"14":{"player_id":11066,"player_name":"Sergio Leonel Ag\u00fcero del Castillo","vaep_value":0.1129962658,"offensive_value":0.0916826031,"defensive_value":0.0213136626,"count":69},"15":{"player_id":14808,"player_name":"Oleksandr Zinchenko","vaep_value":0.4291674976,"offensive_value":0.3402097886,"defensive_value":0.088957709,"count":44},"16":{"player_id":25537,"player_name":"Aymeric  Laporte","vaep_value":-0.0689409246,"offensive_value":0.0082486392,"defensive_value":-0.0771895638,"count":12},"17":{"player_id":38021,"player_name":"Ederson Santana de Moraes","vaep_value":0.90209312,"offensive_value":0.9119963348,"defensive_value":-0.0099032148,"count":84},"18":{"player_id":70086,"player_name":"Kyle Walker","vaep_value":0.1647747413,"offensive_value":0.1534996938,"defensive_value":0.0112750474,"count":76},"19":{"player_id":71654,"player_name":"Nicol\u00e1s Hern\u00e1n Otamendi","vaep_value":0.0609873687,"offensive_value":0.0744269444,"defensive_value":-0.0134395756,"count":24},"20":{"player_id":86308,"player_name":"Nicol\u00e1s Hern\u00e1n Otamendi","vaep_value":0.0693394828,"offensive_value":0.0185029993,"defensive_value":0.0508364835,"count":32},"21":{"player_id":105339,"player_name":"Kyle Walker","vaep_value":1.0470897192,"offensive_value":1.0065352332,"defensive_value":0.0405544859,"count":73},"22":{"player_id":119951,"player_name":"Fernando Luiz Rosa","vaep_value":0.2263458604,"offensive_value":0.0862261719,"defensive_value":0.1401196885,"count":49},"23":{"player_id":134502,"player_name":"Craig Dawson","vaep_value":0.2217270073,"offensive_value":0.2168506519,"defensive_value":0.0048763554,"count":86},"24":{"player_id":241564,"player_name":"Craig Dawson","vaep_value":0.284942363,"offensive_value":0.2758653106,"defensive_value":0.0090770524,"count":104},"25":{"player_id":265673,"player_name":"Oleksandr Zinchenko","vaep_value":-0.0609623556,"offensive_value":-0.0906250975,"defensive_value":0.0296627418,"count":82},"26":{"player_id":404397,"player_name":"Raheem Shaquille Sterling","vaep_value":-0.2972439743,"offensive_value":-0.2980299862,"defensive_value":0.0007860119,"count":12},"27":{"player_id":434159,"player_name":"David Josu\u00e9 Jim\u00e9nez Silva","vaep_value":-0.0359677338,"offensive_value":-0.0216279746,"defensive_value":-0.0143397592,"count":17}}