{"0":{"player_id":0,"player_name":"Daniel Bessa","vaep_value":0.0233207902,"offensive_value":0.035287819,"defensive_value":-0.0119670288,"count":7},"1":{"player_id":8148,"player_name":"Bruno Zuculini","vaep_value":1.0154149563,"offensive_value":1.0381752484,"defensive_value":-0.0227602922,"count":64},"2":{"player_id":14745,"player_name":"Alex Ferrari","vaep_value":-0.1515589409,"offensive_value":0.2843300779,"defensive_value":-0.4358890188,"count":70},"3":{"player_id":14903,"player_name":"Alex Ferrari","vaep_value":0.0135026927,"offensive_value":0.0451656019,"defensive_value":-0.0316629092,"count":70},"4":{"player_id":20414,"player_name":"Cristian Molinaro","vaep_value":-0.0224820779,"offensive_value":-0.1031667626,"defensive_value":0.0806846847,"count":40},"5":{"player_id":20460,"player_name":"Bruno Zuculini","vaep_value":0.1024222313,"offensive_value":0.1012190958,"defensive_value":0.0012031356,"count":32},"6":{"player_id":20536,"player_name":"M'Baye Babacar Niang","vaep_value":-0.1483804286,"offensive_value":-0.0593264066,"defensive_value":-0.089054022,"count":14},"7":{"player_id":20927,"player_name":"R\u00f4mulo  Souza Orestes Caldeira","vaep_value":0.0688552634,"offensive_value":0.0597749527,"defensive_value":0.0090803107,"count":20},"8":{"player_id":20935,"player_name":"Tom\u00e1s Eduardo Rinc\u00f3n Hern\u00e1ndez","vaep_value":0.0122785696,"offensive_value":0.0111362536,"defensive_value":0.001142316,"count":8},"9":{"player_id":20941,"player_name":"Alessio Cerci","vaep_value":0.3309503876,"offensive_value":0.3461703588,"defensive_value":-0.0152199712,"count":64},"10":{"player_id":20947,"player_name":"Daniele Verde","vaep_value":-0.0172066964,"offensive_value":0.0341925906,"defensive_value":-0.051399287,"count":38},"11":{"player_id":21019,"player_name":"Salvatore Sirigu","vaep_value":0.3081597266,"offensive_value":0.24955318,"defensive_value":0.0586065466,"count":78},"12":{"player_id":21234,"player_name":"Salvatore Sirigu","vaep_value":-0.2955942458,"offensive_value":-0.2742345391,"defensive_value":-0.0213597066,"count":25},"13":{"player_id":21298,"player_name":"Salvatore Sirigu","vaep_value":0.0932476325,"offensive_value":0.0878432933,"defensive_value":0.0054043392,"count":47},"14":{"player_id":22093,"player_name":"Nicolas N'Koulou","vaep_value":0.5822912359,"offensive_value":0.2700725748,"defensive_value":0.3122186611,"count":46},"15":{"player_id":22381,"player_name":"Lorenzo De Silvestri","vaep_value":0.6384638486,"offensive_value":0.5943273676,"defensive_value":0.044136481,"count":70},"16":{"player_id":25421,"player_name":"Nicolas N'Koulou","vaep_value":0.1011954471,"offensive_value":0.1153762585,"defensive_value":-0.0141808114,"count":53},"17":{"player_id":25558,"player_name":"Nicolas N'Koulou","vaep_value":0.1808861315,"offensive_value":0.0746145097,"defensive_value":0.1062716218,"count":69},"18":{"player_id":25878,"player_name":"Salvatore Sirigu","vaep_value":0.2298736133,"offensive_value":0.0448608695,"defensive_value":0.1850127438,"count":25},"19":{"player_id":25898,"player_name":"Lyanco Evangelista Silveira Neves Vojnovi\u0107 ","vaep_value":1.2208142405,"offensive_value":1.2146922993,"defensive_value":0.0061219413,"count":63},"20":{"player_id":86309,"player_name":"Nicolas N'Koulou","vaep_value":0.4651032714,"offensive_value":0.1637803221,"defensive_value":0.3013229494,"count":78},"21":{"player_id":101742,"player_name":"Lorenzo De Silvestri","vaep_value":0.216876335,"offensive_value":0.2501582573,"defensive_value":-0.0332819223,"count":61},"22":{"player_id":252473,"player_name":"Mohamed Salim Fares","vaep_value":-0.0195262264,"offensive_value":-0.0210719034,"defensive_value":0.001545677,"count":9},"23":{"player_id":263433,"player_name":"Lorenzo De Silvestri","vaep_value":0.155666235,"offensive_value":0.1109612088,"defensive_value":0.0447050262,"count":52},"24":{"player_id":328336,"player_name":"Alex Ferrari","vaep_value":0.4348161024,"offensive_value":0.2897164507,"defensive_value":0.1450996517,"count":72},"25":{"player_id":334817,"player_name":"Lorenzo De Silvestri","vaep_value":-0.0039817218,"offensive_value":-0.0099983066,"defensive_value":0.0060165848,"count":15},"26":{"player_id":343925,"player_name":"Nicolas N'Koulou","vaep_value":0.0653148275,"offensive_value":0.0676300604,"defensive_value":-0.0023152329,"count":29},"27":{"player_id":377757,"player_name":"Salvatore Sirigu","vaep_value":0.3694316016,"offensive_value":0.2001986221,"defensive_value":0.1692329795,"count":69},"28":{"player_id":410031,"player_name":"Mirko Valdifiori","vaep_value":0.1496754232,"offensive_value":0.173919973,"defensive_value":-0.0242445498,"count":30}}