{"0":{"player_id":0,"player_name":"Arnaldo Antonio Sanabria Ayala","vaep_value":-0.0255101365,"offensive_value":0.0035860033,"defensive_value":-0.0290961398,"count":6},"1":{"player_id":3270,"player_name":"Zouhair Feddal","vaep_value":0.1514839125,"offensive_value":0.1139260168,"defensive_value":0.0375578956,"count":61},"2":{"player_id":3282,"player_name":"Ra\u00fal Rodr\u00edguez Navas","vaep_value":-0.0210396618,"offensive_value":0.083733033,"defensive_value":-0.1047726949,"count":17},"3":{"player_id":3296,"player_name":"Ger\u00f3nimo Rulli","vaep_value":0.1605480874,"offensive_value":0.148501687,"defensive_value":0.0120464005,"count":37},"4":{"player_id":3358,"player_name":"Jos\u00e9 Andr\u00e9s Guardado Hern\u00e1ndez","vaep_value":0.0751043829,"offensive_value":0.0631915203,"defensive_value":0.0119128627,"count":39},"5":{"player_id":3384,"player_name":"Xabier Prieto Argarate","vaep_value":-0.0169786797,"offensive_value":0.13453087,"defensive_value":-0.1515095497,"count":67},"6":{"player_id":3571,"player_name":"Mikel Oyarzabal Ugarte","vaep_value":1.0681433549,"offensive_value":1.0598983543,"defensive_value":0.0082450006,"count":51},"7":{"player_id":3576,"player_name":"\u00c1lvaro Odriozola Arzallus","vaep_value":0.0851482986,"offensive_value":0.0758946552,"defensive_value":0.0092536434,"count":17},"8":{"player_id":3676,"player_name":"K\u00e9vin Manuel Rodrigues","vaep_value":0.0306239731,"offensive_value":0.2891236159,"defensive_value":-0.2584996428,"count":94},"9":{"player_id":3678,"player_name":"K\u00e9vin Manuel Rodrigues","vaep_value":0.7864059896,"offensive_value":0.8117498345,"defensive_value":-0.0253438449,"count":38},"10":{"player_id":3680,"player_name":"David Zurutuza Veillet","vaep_value":0.1134290561,"offensive_value":0.0974225847,"defensive_value":0.0160064715,"count":58},"11":{"player_id":3685,"player_name":"David Zurutuza Veillet","vaep_value":0.0158194354,"offensive_value":0.0606688873,"defensive_value":-0.0448494519,"count":24},"12":{"player_id":3791,"player_name":"Ra\u00fal Rodr\u00edguez Navas","vaep_value":1.1963228933,"offensive_value":0.9580847067,"defensive_value":0.2382381866,"count":64},"13":{"player_id":3828,"player_name":"Asier Illarramendi Andonegi","vaep_value":0.0141433799,"offensive_value":0.0059721163,"defensive_value":0.0081712636,"count":65},"14":{"player_id":5268,"player_name":"Juan Miguel Jim\u00e9nez L\u00f3pez","vaep_value":0.8425520903,"offensive_value":0.8979744453,"defensive_value":-0.055422355,"count":10},"15":{"player_id":26307,"player_name":"David Zurutuza Veillet","vaep_value":0.1586908799,"offensive_value":0.0568654377,"defensive_value":0.1018254423,"count":45},"16":{"player_id":40770,"player_name":"K\u00e9vin Manuel Rodrigues","vaep_value":0.6323132782,"offensive_value":0.6844420438,"defensive_value":-0.0521287656,"count":37},"17":{"player_id":56009,"player_name":"Antonio Barrag\u00e1n Fern\u00e1ndez","vaep_value":-0.0834170001,"offensive_value":-0.0240315653,"defensive_value":-0.0593854348,"count":40},"18":{"player_id":70120,"player_name":"Francisco Javier  Garc\u00eda Fern\u00e1ndez","vaep_value":0.1517890925,"offensive_value":0.0420128577,"defensive_value":0.1097762347,"count":38},"19":{"player_id":86212,"player_name":"Fabi\u00e1n Ruiz Pe\u00f1a","vaep_value":0.0351660582,"offensive_value":0.1044443895,"defensive_value":-0.0692783312,"count":33},"20":{"player_id":91122,"player_name":"Diego Javier Llorente R\u00edos","vaep_value":-0.0624660996,"offensive_value":-0.0095641355,"defensive_value":-0.0529019642,"count":10},"21":{"player_id":209012,"player_name":"Ger\u00f3nimo Rulli","vaep_value":-0.0680763565,"offensive_value":0.134243022,"defensive_value":-0.2023193784,"count":69},"22":{"player_id":225946,"player_name":"Ra\u00fal Rodr\u00edguez Navas","vaep_value":0.6267822569,"offensive_value":0.6702221353,"defensive_value":-0.0434398784,"count":27},"23":{"player_id":225996,"player_name":"K\u00e9vin Manuel Rodrigues","vaep_value":0.9302850055,"offensive_value":0.9670968959,"defensive_value":-0.0368118904,"count":80},"24":{"player_id":278289,"player_name":"Antonio Barrag\u00e1n Fern\u00e1ndez","vaep_value":0.3779503298,"offensive_value":0.4799678705,"defensive_value":-0.1020175407,"count":56},"25":{"player_id":279571,"player_name":"Antonio Ad\u00e1n Garrido","vaep_value":-0.002762245,"offensive_value":0.0184102748,"defensive_value":-0.0211725198,"count":1},"26":{"player_id":346195,"player_name":"Ra\u00fal Rodr\u00edguez Navas","vaep_value":0.111722935,"offensive_value":0.082323533,"defensive_value":0.029399402,"count":48},"27":{"player_id":355599,"player_name":"K\u00e9vin Manuel Rodrigues","vaep_value":0.9099709831,"offensive_value":0.9344256773,"defensive_value":-0.0244546942,"count":54},"28":{"player_id":372753,"player_name":"David Zurutuza Veillet","vaep_value":-0.0982194941,"offensive_value":-0.045528861,"defensive_value":-0.0526906331,"count":9}}