{"0":{"player_id":0,"player_name":"Fabio Quagliarella","vaep_value":0.0487305727,"offensive_value":0.059579985,"defensive_value":-0.0108494123,"count":9},"1":{"player_id":14904,"player_name":"Andrea Costa","vaep_value":0.0706177655,"offensive_value":0.2188768182,"defensive_value":-0.1482590527,"count":56},"2":{"player_id":20446,"player_name":"Jacopo Sala","vaep_value":0.0063599213,"offensive_value":0.0031860368,"defensive_value":0.0031738845,"count":4},"3":{"player_id":20479,"player_name":"Fabio Quagliarella","vaep_value":0.0082105142,"offensive_value":0.0208753748,"defensive_value":-0.0126648606,"count":48},"4":{"player_id":20609,"player_name":"Lorenzo Venuti","vaep_value":-0.0022983025,"offensive_value":0.0125966915,"defensive_value":-0.014894994,"count":26},"5":{"player_id":20689,"player_name":"Gianluca Caprari","vaep_value":0.2264888791,"offensive_value":0.1626666316,"defensive_value":0.0638222474,"count":55},"6":{"player_id":20802,"player_name":"Vid Belec","vaep_value":0.0420299424,"offensive_value":0.0732766769,"defensive_value":-0.0312467346,"count":27},"7":{"player_id":20811,"player_name":"Berat  Djimsiti","vaep_value":0.0015132201,"offensive_value":0.0851175709,"defensive_value":-0.0836043508,"count":64},"8":{"player_id":20816,"player_name":"Cristiano Lombardi","vaep_value":0.1000154502,"offensive_value":0.1644221807,"defensive_value":-0.0644067306,"count":44},"9":{"player_id":21004,"player_name":"Ledian Memushaj","vaep_value":0.1635031224,"offensive_value":0.2442792149,"defensive_value":-0.0807760925,"count":85},"10":{"player_id":21322,"player_name":"Gianmarco Ferrari","vaep_value":0.1148858335,"offensive_value":0.1041721217,"defensive_value":0.0107137117,"count":15},"11":{"player_id":21376,"player_name":"Cristiano Lombardi","vaep_value":0.6917668459,"offensive_value":0.7344697372,"defensive_value":-0.0427028913,"count":37},"12":{"player_id":22270,"player_name":"Ledian Memushaj","vaep_value":0.1888872022,"offensive_value":0.1524900445,"defensive_value":0.0363971577,"count":53},"13":{"player_id":22323,"player_name":"Enrico Brignola","vaep_value":0.0917386431,"offensive_value":0.1194559068,"defensive_value":-0.0277172637,"count":76},"14":{"player_id":22552,"player_name":"Benito Nicolas Viola","vaep_value":0.1341652559,"offensive_value":0.0601101663,"defensive_value":0.0740550896,"count":37},"15":{"player_id":22614,"player_name":"Vasco Regini","vaep_value":0.0545497763,"offensive_value":0.0352542085,"defensive_value":0.0192955678,"count":40},"16":{"player_id":22695,"player_name":"Cristiano Lombardi","vaep_value":0.2596692819,"offensive_value":0.2629276325,"defensive_value":-0.0032583505,"count":69},"17":{"player_id":24269,"player_name":"Ledian Memushaj","vaep_value":1.7104344174,"offensive_value":1.7324435792,"defensive_value":-0.0220091619,"count":24},"18":{"player_id":37739,"player_name":"Cristiano Lombardi","vaep_value":0.1132053642,"offensive_value":0.0822769613,"defensive_value":0.0309284029,"count":66},"19":{"player_id":50007,"player_name":"Fabio Lucioni","vaep_value":0.1047704155,"offensive_value":0.0705280064,"defensive_value":0.034242409,"count":55},"20":{"player_id":137161,"player_name":"Andrea Costa","vaep_value":-0.0282064761,"offensive_value":-0.0260669133,"defensive_value":-0.0021395629,"count":25},"21":{"player_id":138174,"player_name":"Benito Nicolas Viola","vaep_value":0.0596792693,"offensive_value":0.0315177569,"defensive_value":0.0281615125,"count":20},"22":{"player_id":240042,"player_name":"Emiliano Viviano","vaep_value":0.9216359992,"offensive_value":0.9230279443,"defensive_value":-0.0013919451,"count":8},"23":{"player_id":255670,"player_name":"Berat  Djimsiti","vaep_value":0.1379236779,"offensive_value":0.0515917491,"defensive_value":0.0863319288,"count":54},"24":{"player_id":284960,"player_name":"Dennis Praet","vaep_value":0.1572752162,"offensive_value":0.1061207633,"defensive_value":0.0511544528,"count":51},"25":{"player_id":333571,"player_name":"Dennis Praet","vaep_value":-0.0437818937,"offensive_value":-0.072514298,"defensive_value":0.0287324042,"count":29},"26":{"player_id":385655,"player_name":"Cristiano Lombardi","vaep_value":0.0234264148,"offensive_value":0.1027877681,"defensive_value":-0.0793613533,"count":40},"27":{"player_id":402017,"player_name":"Berat  Djimsiti","vaep_value":-0.006382137,"offensive_value":-0.0158997532,"defensive_value":0.0095176162,"count":5},"28":{"player_id":454457,"player_name":"Fabio Lucioni","vaep_value":0.8514314638,"offensive_value":0.841597639,"defensive_value":0.0098338248,"count":37}}