{"0":{"player_id":0,"player_name":"Ryad Boudebouz","vaep_value":0.0642799238,"offensive_value":0.0972808625,"defensive_value":-0.0330009387,"count":11},"1":{"player_id":3293,"player_name":"Jos\u00e9 Andr\u00e9s Guardado Hern\u00e1ndez","vaep_value":0.0168720889,"offensive_value":0.0142530904,"defensive_value":0.0026189985,"count":9},"2":{"player_id":3296,"player_name":"Francisco Javier  Garc\u00eda Fern\u00e1ndez","vaep_value":0.224707573,"offensive_value":0.1472371598,"defensive_value":0.0774704132,"count":40},"3":{"player_id":3317,"player_name":"Jordi Amat Maas","vaep_value":0.0394139729,"offensive_value":0.0183627116,"defensive_value":0.0210512613,"count":46},"4":{"player_id":3335,"player_name":"Marc Bartra Aregall","vaep_value":0.2329810869,"offensive_value":0.1339372809,"defensive_value":0.099043806,"count":115},"5":{"player_id":3358,"player_name":"Jordi Amat Maas","vaep_value":0.0440826723,"offensive_value":0.0400816444,"defensive_value":0.0040010279,"count":10},"6":{"player_id":3384,"player_name":"H\u00e9ctor Junior Firpo Adames","vaep_value":-0.0042636979,"offensive_value":0.0057222272,"defensive_value":-0.0099859251,"count":53},"7":{"player_id":3788,"player_name":"Jordi Amat Maas","vaep_value":-0.028413819,"offensive_value":-0.0142832249,"defensive_value":-0.014130594,"count":111},"8":{"player_id":3797,"player_name":"Aar\u00f3n Mart\u00edn Caricol","vaep_value":0.1137329295,"offensive_value":0.0402176409,"defensive_value":0.0735152885,"count":54},"9":{"player_id":3798,"player_name":"Aar\u00f3n Mart\u00edn Caricol","vaep_value":0.0579487523,"offensive_value":0.0090607461,"defensive_value":0.0488880062,"count":9},"10":{"player_id":3803,"player_name":"Jordi Amat Maas","vaep_value":0.0012021416,"offensive_value":0.0476668681,"defensive_value":-0.0464647264,"count":21},"11":{"player_id":3816,"player_name":"Ryad Boudebouz","vaep_value":-0.0076819591,"offensive_value":0.0504655887,"defensive_value":-0.0581475478,"count":11},"12":{"player_id":4303,"player_name":"Aar\u00f3n Mart\u00edn Caricol","vaep_value":0.1444637273,"offensive_value":0.0623299847,"defensive_value":0.0821337425,"count":33},"13":{"player_id":5268,"player_name":"\u00d3scar Esau Duarte Gait\u00e1n","vaep_value":-0.0093025818,"offensive_value":-0.0091748182,"defensive_value":-0.0001277636,"count":1},"14":{"player_id":5400,"player_name":"Leonardo Carrilho Baptist\u00e3o","vaep_value":0.2825149629,"offensive_value":0.2875204472,"defensive_value":-0.0050054842,"count":39},"15":{"player_id":7623,"player_name":"Francisco Javier Guerrero Mart\u00edn","vaep_value":-0.0558013042,"offensive_value":-0.0297398452,"defensive_value":-0.026061459,"count":21},"16":{"player_id":25461,"player_name":"Leonardo Carrilho Baptist\u00e3o","vaep_value":0.9684333878,"offensive_value":1.0064623913,"defensive_value":-0.0380290035,"count":93},"17":{"player_id":26307,"player_name":"H\u00e9ctor Junior Firpo Adames","vaep_value":0.4079469208,"offensive_value":0.1041266442,"defensive_value":0.3038202766,"count":126},"18":{"player_id":26518,"player_name":"Ryad Boudebouz","vaep_value":-0.0343849827,"offensive_value":-0.0366064382,"defensive_value":0.0022214556,"count":41},"19":{"player_id":56009,"player_name":"Fabi\u00e1n Ruiz Pe\u00f1a","vaep_value":0.0603498152,"offensive_value":0.0666810991,"defensive_value":-0.0063312839,"count":8},"20":{"player_id":70120,"player_name":"\u00d3scar Esau Duarte Gait\u00e1n","vaep_value":0.1792460318,"offensive_value":0.1369903153,"defensive_value":0.0422557165,"count":85},"21":{"player_id":125250,"player_name":"Antonio Ad\u00e1n Garrido","vaep_value":0.0657862845,"offensive_value":0.0539646056,"defensive_value":0.011821679,"count":34},"22":{"player_id":247206,"player_name":"Jordi Amat Maas","vaep_value":0.0184768084,"offensive_value":0.0719072332,"defensive_value":-0.0534304248,"count":30},"23":{"player_id":282438,"player_name":"Antonio Ad\u00e1n Garrido","vaep_value":0.0727951487,"offensive_value":0.1530391015,"defensive_value":-0.0802439528,"count":53},"24":{"player_id":341751,"player_name":"Jordi Amat Maas","vaep_value":-0.0338190751,"offensive_value":0.0457712708,"defensive_value":-0.0795903458,"count":50},"25":{"player_id":346195,"player_name":"Jordi Amat Maas","vaep_value":0.2433955132,"offensive_value":0.2206448554,"defensive_value":0.0227506578,"count":97},"26":{"player_id":364820,"player_name":"H\u00e9ctor Junior Firpo Adames","vaep_value":-0.0481284704,"offensive_value":-0.0393829404,"defensive_value":-0.00874553,"count":16},"27":{"player_id":364850,"player_name":"David L\u00f3pez Silva","vaep_value":1.0192741466,"offensive_value":1.0231135336,"defensive_value":-0.003839387,"count":85},"28":{"player_id":372753,"player_name":"Pau L\u00f3pez Sabata","vaep_value":0.7752130752,"offensive_value":0.8215827694,"defensive_value":-0.0463696942,"count":96}}