{"0":{"player_id":0,"player_name":"Philipp Bargfrede","vaep_value":-0.0747882896,"offensive_value":-0.0447208441,"defensive_value":-0.0300674455,"count":9},"1":{"player_id":77,"player_name":"Sebastian Langkamp","vaep_value":0.231161057,"offensive_value":0.2553159995,"defensive_value":-0.0241549425,"count":73},"2":{"player_id":14692,"player_name":"Philipp Bargfrede","vaep_value":0.3483162823,"offensive_value":0.2930175299,"defensive_value":0.0552987524,"count":51},"3":{"player_id":14696,"player_name":"Philipp Max","vaep_value":0.1309834969,"offensive_value":0.1272927172,"defensive_value":0.0036907797,"count":22},"4":{"player_id":14900,"player_name":"Florian Kainz","vaep_value":-0.4470522084,"offensive_value":0.0552514485,"defensive_value":-0.5023036569,"count":38},"5":{"player_id":14914,"player_name":"Max Kruse","vaep_value":0.2048776313,"offensive_value":0.0789155799,"defensive_value":0.1259620513,"count":49},"6":{"player_id":14997,"player_name":"Rani Khedira","vaep_value":0.010737928,"offensive_value":-0.0661260237,"defensive_value":0.0768639516,"count":64},"7":{"player_id":15771,"player_name":"Rani Khedira","vaep_value":0.1128544562,"offensive_value":0.102040577,"defensive_value":0.0108138792,"count":58},"8":{"player_id":15777,"player_name":"Philipp Max","vaep_value":0.2583809749,"offensive_value":0.1864018559,"defensive_value":0.071979119,"count":95},"9":{"player_id":15781,"player_name":"Theodor Gebre Selassie","vaep_value":0.0251296496,"offensive_value":0.0036388732,"defensive_value":0.0214907763,"count":54},"10":{"player_id":15782,"player_name":"Philipp Bargfrede","vaep_value":0.1673467318,"offensive_value":0.0610284777,"defensive_value":0.106318254,"count":30},"11":{"player_id":16025,"player_name":"Ishak Belfodil","vaep_value":0.9583141639,"offensive_value":0.9643620766,"defensive_value":-0.0060479128,"count":79},"12":{"player_id":16432,"player_name":"Max Kruse","vaep_value":0.0251920896,"offensive_value":0.0028264449,"defensive_value":0.0223656447,"count":57},"13":{"player_id":16826,"player_name":"Maximilian Eggestein","vaep_value":1.1390797147,"offensive_value":1.0773278712,"defensive_value":0.0617518434,"count":76},"14":{"player_id":20692,"player_name":"Max Kruse","vaep_value":2.0332059077,"offensive_value":2.0799835012,"defensive_value":-0.0467775936,"count":62},"15":{"player_id":51217,"player_name":"Max Kruse","vaep_value":-0.0522131362,"offensive_value":0.0255195219,"defensive_value":-0.0777326581,"count":66},"16":{"player_id":55990,"player_name":"Ja-Cheol Koo","vaep_value":0.0427169253,"offensive_value":-0.0600591993,"defensive_value":0.1027761246,"count":33},"17":{"player_id":56424,"player_name":"Philipp Bargfrede","vaep_value":0.0247531384,"offensive_value":0.0269127171,"defensive_value":-0.0021595787,"count":4},"18":{"player_id":65055,"player_name":"Hans Carl Ludwig Augustinsson","vaep_value":0.3188859134,"offensive_value":0.3287579534,"defensive_value":-0.00987204,"count":41},"19":{"player_id":65075,"player_name":"Rani Khedira","vaep_value":0.055486534,"offensive_value":0.0074962905,"defensive_value":0.0479902435,"count":87},"20":{"player_id":65180,"player_name":"Rani Khedira","vaep_value":0.0316770877,"offensive_value":0.0290921289,"defensive_value":0.0025849588,"count":31},"21":{"player_id":82340,"player_name":"Ishak Belfodil","vaep_value":-0.0840003975,"offensive_value":0.0199625739,"defensive_value":-0.1039629714,"count":69},"22":{"player_id":221411,"player_name":"Marwin Hitz","vaep_value":-0.0585430461,"offensive_value":0.0783114572,"defensive_value":-0.1368545033,"count":57},"23":{"player_id":253822,"player_name":"Florian Kainz","vaep_value":-0.5158482201,"offensive_value":0.1058116795,"defensive_value":-0.6216598996,"count":41},"24":{"player_id":272440,"player_name":"Jonathan Schmid","vaep_value":0.1768318178,"offensive_value":0.1870677536,"defensive_value":-0.0102359358,"count":50},"25":{"player_id":337960,"player_name":"Jonathan Schmid","vaep_value":-0.0524196187,"offensive_value":-0.088645148,"defensive_value":0.0362255293,"count":32},"26":{"player_id":354997,"player_name":"Gojko Ka\u010dar","vaep_value":0.0143612211,"offensive_value":0.0131797781,"defensive_value":0.001181443,"count":4},"27":{"player_id":391441,"player_name":"Marco Richter","vaep_value":0.0141328087,"offensive_value":0.0117490725,"defensive_value":0.0023837362,"count":2}}