{"0":{"player_id":0,"player_name":"Paulo Bruno Exequiel Dybala","vaep_value":0.0254348728,"offensive_value":0.0433227934,"defensive_value":-0.0178879206,"count":5},"1":{"player_id":3323,"player_name":"Daniele Rugani","vaep_value":-0.0519795188,"offensive_value":-0.0459604354,"defensive_value":-0.0060190834,"count":18},"2":{"player_id":14943,"player_name":"Felipe Dias da Silva dal Belo","vaep_value":-0.0444753983,"offensive_value":-0.0349428514,"defensive_value":-0.0095325469,"count":10},"3":{"player_id":20395,"player_name":"Manuel Lazzari","vaep_value":0.1908931695,"offensive_value":0.2061894264,"defensive_value":-0.0152962569,"count":114},"4":{"player_id":20443,"player_name":"Thiago Rangel Cionek","vaep_value":0.0952700816,"offensive_value":0.1386239627,"defensive_value":-0.0433538811,"count":109},"5":{"player_id":20455,"player_name":"Manuel Lazzari","vaep_value":0.0735423027,"offensive_value":0.0261664072,"defensive_value":0.0473758955,"count":20},"6":{"player_id":20458,"player_name":"Pasquale Schiattarella","vaep_value":0.0328215525,"offensive_value":0.0271120118,"defensive_value":0.0057095407,"count":14},"7":{"player_id":20461,"player_name":"Francesco Vicari","vaep_value":0.2331839924,"offensive_value":0.2093283643,"defensive_value":0.0238556281,"count":91},"8":{"player_id":20503,"player_name":"Daniele Rugani","vaep_value":0.016845342,"offensive_value":0.0036865568,"defensive_value":0.0131587852,"count":1},"9":{"player_id":20588,"player_name":"Gianluigi Buffon","vaep_value":-0.1079210755,"offensive_value":-0.0981222204,"defensive_value":-0.0097988552,"count":75},"10":{"player_id":20661,"player_name":"Giorgio Chiellini","vaep_value":-0.0458447866,"offensive_value":-0.0396137218,"defensive_value":-0.0062310648,"count":20},"11":{"player_id":20911,"player_name":"Kwadwo Asamoah","vaep_value":0.2249403469,"offensive_value":0.1663051043,"defensive_value":0.0586352426,"count":74},"12":{"player_id":20928,"player_name":"Giorgio Chiellini","vaep_value":0.1203350119,"offensive_value":0.0907584656,"defensive_value":0.0295765463,"count":53},"13":{"player_id":21114,"player_name":"Daniele Rugani","vaep_value":0.1311799247,"offensive_value":0.060420976,"defensive_value":0.0707589487,"count":45},"14":{"player_id":21620,"player_name":"Mattia De Sciglio","vaep_value":0.0242383047,"offensive_value":-0.0096366998,"defensive_value":0.0338750045,"count":32},"15":{"player_id":25437,"player_name":"Alberto Grassi","vaep_value":0.0591658303,"offensive_value":0.0738669492,"defensive_value":-0.0147011189,"count":53},"16":{"player_id":45579,"player_name":"Felipe Dias da Silva dal Belo","vaep_value":0.0084542104,"offensive_value":0.006418715,"defensive_value":0.0020354954,"count":4},"17":{"player_id":70084,"player_name":"Felipe Dias da Silva dal Belo","vaep_value":-0.2219282276,"offensive_value":-0.223250756,"defensive_value":0.0013225285,"count":75},"18":{"player_id":89186,"player_name":"Francesco Vicari","vaep_value":0.1109029271,"offensive_value":0.1541907799,"defensive_value":-0.0432878528,"count":73},"19":{"player_id":99661,"player_name":"Pasquale Schiattarella","vaep_value":-0.0439322209,"offensive_value":-0.0388578274,"defensive_value":-0.0050743935,"count":67},"20":{"player_id":105334,"player_name":"Thiago Rangel Cionek","vaep_value":0.2491139561,"offensive_value":0.2705334903,"defensive_value":-0.0214195342,"count":92},"21":{"player_id":134420,"player_name":"Thiago Rangel Cionek","vaep_value":-0.0880034508,"offensive_value":-0.0856909346,"defensive_value":-0.0023125162,"count":47},"22":{"player_id":134427,"player_name":"Manuel Lazzari","vaep_value":0.1417420727,"offensive_value":0.1065485002,"defensive_value":0.0351935724,"count":78},"23":{"player_id":134435,"player_name":"Alberto Paloschi","vaep_value":0.0665715237,"offensive_value":0.0423015472,"defensive_value":0.0242699764,"count":29},"24":{"player_id":226200,"player_name":"Miralem Pjani\u0107","vaep_value":0.0870816783,"offensive_value":0.0021189408,"defensive_value":0.0849627375,"count":63},"25":{"player_id":263432,"player_name":"Alberto Paloschi","vaep_value":0.0023374319,"offensive_value":0.0316370105,"defensive_value":-0.0292995786,"count":45},"26":{"player_id":286215,"player_name":"Alex Sandro Lobo Silva","vaep_value":0.0082937429,"offensive_value":0.0441801954,"defensive_value":-0.0358864525,"count":25},"27":{"player_id":350569,"player_name":"Pasquale Schiattarella","vaep_value":-0.0416605314,"offensive_value":-0.0008083964,"defensive_value":-0.040852135,"count":3},"28":{"player_id":361807,"player_name":"Mattia De Sciglio","vaep_value":0.0311726694,"offensive_value":0.0366998019,"defensive_value":-0.0055271325,"count":17}}