{"0":{"player_id":0,"player_name":"Javier Eraso Go\u00f1i","vaep_value":-0.0000937146,"offensive_value":0.020278502,"defensive_value":-0.0203722166,"count":10},"1":{"player_id":254,"player_name":"Claudio Beauvue","vaep_value":0.1904428051,"offensive_value":0.2242183108,"defensive_value":-0.0337755057,"count":69},"2":{"player_id":3645,"player_name":"Gabriel Appelt Pires","vaep_value":0.0368616544,"offensive_value":0.0355261995,"defensive_value":0.0013354549,"count":36},"3":{"player_id":3719,"player_name":"Diego Rico Salguero","vaep_value":0.1180724658,"offensive_value":0.2121847954,"defensive_value":-0.0941123297,"count":41},"4":{"player_id":3779,"player_name":"Ignasi Miquel i Pons","vaep_value":0.1310488416,"offensive_value":0.1480258923,"defensive_value":-0.0169770507,"count":25},"5":{"player_id":3866,"player_name":"Alberto  Bueno Calvo","vaep_value":0.050635553,"offensive_value":0.0254233683,"defensive_value":0.0252121846,"count":24},"6":{"player_id":3934,"player_name":"Rub\u00e9n Salvador P\u00e9rez Del M\u00e1rmol","vaep_value":0.0166029442,"offensive_value":0.0088016196,"defensive_value":0.0078013246,"count":71},"7":{"player_id":3963,"player_name":"Rub\u00e9n Salvador P\u00e9rez Del M\u00e1rmol","vaep_value":0.1165116117,"offensive_value":0.1459090209,"defensive_value":-0.0293974092,"count":29},"8":{"player_id":4009,"player_name":"Iv\u00e1n Cu\u00e9llar Sacrist\u00e1n","vaep_value":0.1505844748,"offensive_value":0.1303832553,"defensive_value":0.0202012195,"count":40},"9":{"player_id":4013,"player_name":"Dimitrios Siovas","vaep_value":0.2422169981,"offensive_value":0.1896677238,"defensive_value":0.0525492743,"count":90},"10":{"player_id":5195,"player_name":"Rub\u00e9n Salvador P\u00e9rez Del M\u00e1rmol","vaep_value":-0.0116024389,"offensive_value":-0.0117205307,"defensive_value":0.0001180918,"count":1},"11":{"player_id":5472,"player_name":"Dimitrios Siovas","vaep_value":0.1599237737,"offensive_value":0.1077862871,"defensive_value":0.0521374866,"count":45},"12":{"player_id":5791,"player_name":"Iv\u00e1n Cu\u00e9llar Sacrist\u00e1n","vaep_value":-0.0076780517,"offensive_value":-0.0069995001,"defensive_value":-0.0006785516,"count":7},"13":{"player_id":6281,"player_name":"Unai Bustinza Mart\u00ednez","vaep_value":0.24187759,"offensive_value":0.2263107784,"defensive_value":0.0155668115,"count":89},"14":{"player_id":6365,"player_name":"Joseba Zald\u00faa Bengoetxea","vaep_value":0.2272638595,"offensive_value":0.1343388554,"defensive_value":0.0929250041,"count":58},"15":{"player_id":6370,"player_name":"Rub\u00e9n Salvador P\u00e9rez Del M\u00e1rmol","vaep_value":0.7874415443,"offensive_value":0.8042716917,"defensive_value":-0.0168301474,"count":55},"16":{"player_id":7857,"player_name":"Youssef En-Nesyri","vaep_value":0.0912088667,"offensive_value":0.0861710459,"defensive_value":0.0050378208,"count":45},"17":{"player_id":14757,"player_name":"Youssef En-Nesyri","vaep_value":0.1145789075,"offensive_value":0.0539506829,"defensive_value":0.0606282246,"count":20},"18":{"player_id":20808,"player_name":"Gonzalo Castro Iriz\u00e1bal","vaep_value":-0.0023480949,"offensive_value":-0.0011549275,"defensive_value":-0.0011931674,"count":1},"19":{"player_id":26167,"player_name":"Alberto  Bueno Calvo","vaep_value":-0.0481794741,"offensive_value":-0.0451892465,"defensive_value":-0.0029902276,"count":21},"20":{"player_id":32968,"player_name":"Mehdi Lacen","vaep_value":0.8707470871,"offensive_value":0.8783301667,"defensive_value":-0.0075830796,"count":63},"21":{"player_id":43051,"player_name":"Gonzalo Castro Iriz\u00e1bal","vaep_value":0.1724955139,"offensive_value":0.1100895853,"defensive_value":0.0624059286,"count":82},"22":{"player_id":93003,"player_name":"Gonzalo Castro Iriz\u00e1bal","vaep_value":0.1369355217,"offensive_value":0.0530952227,"defensive_value":0.083840299,"count":61},"23":{"player_id":105616,"player_name":"Iv\u00e1n Cu\u00e9llar Sacrist\u00e1n","vaep_value":-0.0582181427,"offensive_value":-0.0084779728,"defensive_value":-0.0497401699,"count":10},"24":{"player_id":116283,"player_name":"Dimitrios Siovas","vaep_value":-0.2247122603,"offensive_value":-0.231683758,"defensive_value":0.0069714977,"count":51},"25":{"player_id":169002,"player_name":"Dimitrios Siovas","vaep_value":0.060193958,"offensive_value":0.0862793132,"defensive_value":-0.0260853552,"count":77},"26":{"player_id":263091,"player_name":"Mehdi Lacen","vaep_value":0.0095176764,"offensive_value":0.0060650259,"defensive_value":0.0034526505,"count":1},"27":{"player_id":278007,"player_name":"Manuel Rolando Iturra Urrutia","vaep_value":0.0204329835,"offensive_value":0.0080385291,"defensive_value":0.0123944544,"count":49},"28":{"player_id":447821,"player_name":"Gonzalo Castro Iriz\u00e1bal","vaep_value":-0.0711845296,"offensive_value":-0.0431200105,"defensive_value":-0.0280645191,"count":28}}