{"0":{"player_id":0,"player_name":"Jay Rodriguez","vaep_value":0.0059124575,"offensive_value":0.0325366788,"defensive_value":-0.0266242214,"count":8},"1":{"player_id":3327,"player_name":"Chris Brunt","vaep_value":-0.1105642423,"offensive_value":-0.1088560298,"defensive_value":-0.0017082125,"count":5},"2":{"player_id":3523,"player_name":"Jamal Lascelles","vaep_value":0.0519769555,"offensive_value":-0.0195331661,"defensive_value":0.0715101216,"count":97},"3":{"player_id":3577,"player_name":"Kieran  Gibbs","vaep_value":-0.3335729403,"offensive_value":-0.3504395646,"defensive_value":0.0168666242,"count":53},"4":{"player_id":5281,"player_name":"Jay Rodriguez","vaep_value":0.0621749579,"offensive_value":0.0561878443,"defensive_value":0.0059871137,"count":59},"5":{"player_id":7853,"player_name":"Kieran  Gibbs","vaep_value":0.1456380442,"offensive_value":0.1503533137,"defensive_value":-0.0047152694,"count":75},"6":{"player_id":7914,"player_name":"James McClean","vaep_value":0.002894185,"offensive_value":0.0027083447,"defensive_value":0.0001858403,"count":1},"7":{"player_id":7967,"player_name":"Martin D\u00fabravka","vaep_value":0.4191837425,"offensive_value":0.4244240347,"defensive_value":-0.0052402922,"count":103},"8":{"player_id":7978,"player_name":"Ahmed Hegazy","vaep_value":0.047927917,"offensive_value":0.0978721161,"defensive_value":-0.0499441992,"count":48},"9":{"player_id":8285,"player_name":"Jonjo Shelvey","vaep_value":0.4671017072,"offensive_value":0.2801700092,"defensive_value":0.186931698,"count":56},"10":{"player_id":8358,"player_name":"Jamal Lascelles","vaep_value":0.1638464216,"offensive_value":0.2033847088,"defensive_value":-0.0395382872,"count":41},"11":{"player_id":8360,"player_name":"Ahmed Hegazy","vaep_value":0.1602480215,"offensive_value":0.0417645891,"defensive_value":0.1184834323,"count":47},"12":{"player_id":8370,"player_name":"Kieran  Gibbs","vaep_value":0.266859822,"offensive_value":0.1758943738,"defensive_value":0.0909654482,"count":52},"13":{"player_id":8530,"player_name":"Jonjo Shelvey","vaep_value":0.0215404222,"offensive_value":0.0783744643,"defensive_value":-0.0568340421,"count":41},"14":{"player_id":8620,"player_name":"Jonjo Shelvey","vaep_value":0.1266314838,"offensive_value":0.0914973048,"defensive_value":0.0351341789,"count":85},"15":{"player_id":8686,"player_name":"Craig Dawson","vaep_value":0.010959149,"offensive_value":0.0102869505,"defensive_value":0.0006721985,"count":1},"16":{"player_id":8833,"player_name":"James McClean","vaep_value":0.240895067,"offensive_value":0.1692408599,"defensive_value":0.0716542071,"count":93},"17":{"player_id":8958,"player_name":"Jos\u00e9 Salom\u00f3n Rond\u00f3n Gim\u00e9nez","vaep_value":-0.026195541,"offensive_value":-0.0063768456,"defensive_value":-0.0198186954,"count":40},"18":{"player_id":9227,"player_name":"Robert Kenedy Nunes do Nascimento","vaep_value":0.313784784,"offensive_value":0.3466696924,"defensive_value":-0.0328849084,"count":80},"19":{"player_id":9414,"player_name":"Jay Rodriguez","vaep_value":1.030384932,"offensive_value":1.0373121094,"defensive_value":-0.0069271774,"count":43},"20":{"player_id":12536,"player_name":"Jonjo Shelvey","vaep_value":-0.1604253523,"offensive_value":-0.143310437,"defensive_value":-0.0171149153,"count":15},"21":{"player_id":25537,"player_name":"Dwight Gayle","vaep_value":-0.01183234,"offensive_value":-0.0135391264,"defensive_value":0.0017067863,"count":9},"22":{"player_id":104851,"player_name":"Robert Kenedy Nunes do Nascimento","vaep_value":0.026484762,"offensive_value":0.0451762988,"defensive_value":-0.0186915369,"count":30},"23":{"player_id":119630,"player_name":"Mohamed Diam\u00e9","vaep_value":-0.0095981441,"offensive_value":-0.0053096651,"defensive_value":-0.004288479,"count":13},"24":{"player_id":119951,"player_name":"Jake Livermore","vaep_value":0.2234561369,"offensive_value":0.027083912,"defensive_value":0.1963722248,"count":46},"25":{"player_id":230883,"player_name":"Jamal Lascelles","vaep_value":0.1929316568,"offensive_value":0.2015130632,"defensive_value":-0.0085814063,"count":41},"26":{"player_id":252365,"player_name":"Martin D\u00fabravka","vaep_value":0.1357771422,"offensive_value":0.1506034848,"defensive_value":-0.0148263426,"count":89},"27":{"player_id":254898,"player_name":"Allan-Romeo Nyom","vaep_value":0.0999613436,"offensive_value":0.0740588057,"defensive_value":0.0259025379,"count":77},"28":{"player_id":293686,"player_name":"Craig Dawson","vaep_value":0.0221949208,"offensive_value":-0.0194129599,"defensive_value":0.0416078807,"count":19}}