{"0":{"player_id":0,"player_name":"Marco Benassi","vaep_value":0.0220734912,"offensive_value":0.045404803,"defensive_value":-0.0233313118,"count":7},"1":{"player_id":20478,"player_name":"Vitor Hugo Franchescoli de Souza","vaep_value":-0.1331692655,"offensive_value":-0.1317136013,"defensive_value":-0.0014556642,"count":7},"2":{"player_id":20635,"player_name":"Francesco Magnanelli","vaep_value":0.1192308622,"offensive_value":0.0649989331,"defensive_value":0.0542319291,"count":43},"3":{"player_id":20832,"player_name":"Vincent Laurini","vaep_value":0.1482160524,"offensive_value":0.1940430899,"defensive_value":-0.0458270374,"count":36},"4":{"player_id":20842,"player_name":"Federico Peluso","vaep_value":0.0583728246,"offensive_value":0.1135876041,"defensive_value":-0.0552147796,"count":53},"5":{"player_id":21025,"player_name":"Vincent Laurini","vaep_value":-0.0119909645,"offensive_value":-0.0144594252,"defensive_value":0.0024684607,"count":41},"6":{"player_id":21861,"player_name":"Riccardo Saponara","vaep_value":-0.0043413488,"offensive_value":-0.0341293084,"defensive_value":0.0297879596,"count":28},"7":{"player_id":22162,"player_name":"Vincent Laurini","vaep_value":0.0823898753,"offensive_value":0.1203791221,"defensive_value":-0.0379892468,"count":69},"8":{"player_id":22163,"player_name":"Diego Falcinelli","vaep_value":0.2481745767,"offensive_value":0.2102468181,"defensive_value":0.0379277585,"count":44},"9":{"player_id":22313,"player_name":"Riccardo Saponara","vaep_value":0.2080786786,"offensive_value":0.3255212225,"defensive_value":-0.117442544,"count":84},"10":{"player_id":22380,"player_name":"Matteo Politano","vaep_value":-0.2033215703,"offensive_value":-0.0873935857,"defensive_value":-0.1159279846,"count":72},"11":{"player_id":22383,"player_name":"Matteo Politano","vaep_value":0.1031053396,"offensive_value":0.035512301,"defensive_value":0.0675930385,"count":51},"12":{"player_id":22699,"player_name":"Vitor Hugo Franchescoli de Souza","vaep_value":-0.0284761426,"offensive_value":-0.0581893461,"defensive_value":0.0297132034,"count":17},"13":{"player_id":25541,"player_name":"Vitor Hugo Franchescoli de Souza","vaep_value":0.3713187716,"offensive_value":0.2850322606,"defensive_value":0.0862865109,"count":71},"14":{"player_id":26000,"player_name":"Marco Benassi","vaep_value":0.0007313777,"offensive_value":0.0068627323,"defensive_value":-0.0061313546,"count":24},"15":{"player_id":44510,"player_name":"Federico Chiesa","vaep_value":0.0523879824,"offensive_value":0.1162635888,"defensive_value":-0.0638756064,"count":75},"16":{"player_id":116225,"player_name":"Vincent Laurini","vaep_value":0.0270910755,"offensive_value":0.0459899688,"defensive_value":-0.0188988933,"count":43},"17":{"player_id":208696,"player_name":"Nikola Milenkovi\u0107","vaep_value":0.966338544,"offensive_value":0.9815900123,"defensive_value":-0.0152514683,"count":43},"18":{"player_id":209400,"player_name":"Vitor Hugo Franchescoli de Souza","vaep_value":-0.0126179724,"offensive_value":-0.0144958433,"defensive_value":0.0018778709,"count":35},"19":{"player_id":222766,"player_name":"Maximiliano Mart\u00edn Olivera De Andrea","vaep_value":-0.0137506477,"offensive_value":-0.010095078,"defensive_value":-0.0036555696,"count":8},"20":{"player_id":265431,"player_name":"Vitor Hugo Franchescoli de Souza","vaep_value":0.123460368,"offensive_value":0.0769838558,"defensive_value":0.0464765122,"count":30},"21":{"player_id":267185,"player_name":"Nikola Milenkovi\u0107","vaep_value":0.0044226693,"offensive_value":0.0127463636,"defensive_value":-0.0083236943,"count":5},"22":{"player_id":269152,"player_name":"Vincent Laurini","vaep_value":-0.0099955194,"offensive_value":0.0406333294,"defensive_value":-0.0506288488,"count":19},"23":{"player_id":292991,"player_name":"Vitor Hugo Franchescoli de Souza","vaep_value":0.1441614546,"offensive_value":0.12724505,"defensive_value":0.0169164046,"count":42},"24":{"player_id":338249,"player_name":"Riccardo Saponara","vaep_value":0.0935653641,"offensive_value":0.0400437154,"defensive_value":0.0535216487,"count":25},"25":{"player_id":403449,"player_name":"Jordan Veretout","vaep_value":0.1120537597,"offensive_value":0.1089033973,"defensive_value":0.0031503624,"count":50},"26":{"player_id":417231,"player_name":"Vitor Hugo Franchescoli de Souza","vaep_value":-0.0321606387,"offensive_value":-0.0129923953,"defensive_value":-0.0191682434,"count":47},"27":{"player_id":424241,"player_name":"Mauricio Lemos Merladet","vaep_value":0.1216001194,"offensive_value":0.1264255206,"defensive_value":-0.0048254012,"count":67},"28":{"player_id":447804,"player_name":"Mauricio Lemos Merladet","vaep_value":-0.1895128338,"offensive_value":-0.157318732,"defensive_value":-0.0321941018,"count":40}}