{"0":{"player_id":383,"player_name":"Gabriel Fernando de Jesus","vaep_value":0.2939217319,"offensive_value":0.2318809351,"defensive_value":0.0620407967,"count":47},"1":{"player_id":3310,"player_name":"Carlos Henrique Casimiro","vaep_value":-0.0359107011,"offensive_value":-0.0055365383,"defensive_value":-0.0303741628,"count":11},"2":{"player_id":3431,"player_name":"Jos\u00e9 Paulo Bezzera Maciel J\u00fanior","vaep_value":0.4497542402,"offensive_value":0.0559986015,"defensive_value":0.3937556387,"count":60},"3":{"player_id":3434,"player_name":"Jo\u00e3o Miranda de Souza Filho","vaep_value":0.2523016791,"offensive_value":0.2533092536,"defensive_value":-0.0010075745,"count":94},"4":{"player_id":3802,"player_name":"Philippe Coutinho Correia","vaep_value":0.2334568102,"offensive_value":0.2050994782,"defensive_value":0.0283573319,"count":73},"5":{"player_id":8306,"player_name":"Jo\u00e3o Miranda de Souza Filho","vaep_value":0.3524319537,"offensive_value":0.2501935461,"defensive_value":0.1022384076,"count":67},"6":{"player_id":11095,"player_name":"Marcelo Vieira da Silva J\u00fanior","vaep_value":-0.0928293135,"offensive_value":0.056820625,"defensive_value":-0.1496499385,"count":54},"7":{"player_id":14785,"player_name":"Du\u0161an Tadi\u0107","vaep_value":0.0086017504,"offensive_value":0.0074439007,"defensive_value":0.0011578497,"count":22},"8":{"player_id":15214,"player_name":"Marcelo Vieira da Silva J\u00fanior","vaep_value":0.3670255475,"offensive_value":0.230353312,"defensive_value":0.1366722356,"count":52},"9":{"player_id":20394,"player_name":"Nikola Milenkovi\u0107","vaep_value":1.0223393554,"offensive_value":1.0124418356,"defensive_value":0.0098975198,"count":60},"10":{"player_id":20941,"player_name":"Nikola Milenkovi\u0107","vaep_value":0.2051041968,"offensive_value":0.2132129758,"defensive_value":-0.008108779,"count":60},"11":{"player_id":40550,"player_name":"Jo\u00e3o Miranda de Souza Filho","vaep_value":0.9211606694,"offensive_value":0.9189350351,"defensive_value":0.0022256343,"count":36},"12":{"player_id":40707,"player_name":"Alisson Rams\u00e9s Becker","vaep_value":-0.0086452359,"offensive_value":0.0368845746,"defensive_value":-0.0455298105,"count":82},"13":{"player_id":40756,"player_name":"Jo\u00e3o Miranda de Souza Filho","vaep_value":0.2833511968,"offensive_value":0.1012750025,"defensive_value":0.1820761943,"count":93},"14":{"player_id":40810,"player_name":"Nikola Milenkovi\u0107","vaep_value":0.3226659076,"offensive_value":0.3280884857,"defensive_value":-0.0054225781,"count":128},"15":{"player_id":70122,"player_name":"Marcelo Vieira da Silva J\u00fanior","vaep_value":0.2486551747,"offensive_value":0.1072411218,"defensive_value":0.1414140529,"count":75},"16":{"player_id":105333,"player_name":"Philippe Coutinho Correia","vaep_value":0.1341710268,"offensive_value":0.1271804265,"defensive_value":0.0069906003,"count":80},"17":{"player_id":105339,"player_name":"Marcelo Vieira da Silva J\u00fanior","vaep_value":0.1095059223,"offensive_value":0.0887120303,"defensive_value":0.020793892,"count":39},"18":{"player_id":127671,"player_name":"Neymar da Silva Santos Junior","vaep_value":0.124690038,"offensive_value":0.1029260678,"defensive_value":0.0217639703,"count":31},"19":{"player_id":127796,"player_name":"Philippe Coutinho Correia","vaep_value":0.1491154425,"offensive_value":0.1904971283,"defensive_value":-0.0413816858,"count":34},"20":{"player_id":128214,"player_name":"Marcelo Vieira da Silva J\u00fanior","vaep_value":-0.6201857643,"offensive_value":-0.3789428421,"defensive_value":-0.2412429221,"count":27},"21":{"player_id":140085,"player_name":"Gabriel Fernando de Jesus","vaep_value":0.1957319205,"offensive_value":0.0817507165,"defensive_value":0.113981204,"count":18},"22":{"player_id":214220,"player_name":"Neymar da Silva Santos Junior","vaep_value":0.149002759,"offensive_value":0.0931172668,"defensive_value":0.0558854922,"count":21},"23":{"player_id":237274,"player_name":"Sergej Milinkovi\u0107-Savi\u0107","vaep_value":-0.0141649994,"offensive_value":-0.005148741,"defensive_value":-0.0090162584,"count":15},"24":{"player_id":265865,"player_name":"Carlos Henrique Casimiro","vaep_value":0.109965254,"offensive_value":0.1183368047,"defensive_value":-0.0083715507,"count":66},"25":{"player_id":340386,"player_name":"Carlos Henrique Casimiro","vaep_value":-0.1227100688,"offensive_value":-0.2239481148,"defensive_value":0.101238046,"count":43},"26":{"player_id":424241,"player_name":"Nemanja Mati\u0107","vaep_value":0.0806832229,"offensive_value":0.0468956733,"defensive_value":0.0337875496,"count":54}}