{"0":{"player_id":0,"player_name":"Maxime Lopez","vaep_value":0.046272913,"offensive_value":0.0668554022,"defensive_value":-0.0205824892,"count":7},"1":{"player_id":3276,"player_name":"Val\u00e8re Germain","vaep_value":0.1265531414,"offensive_value":0.0480510053,"defensive_value":0.078502136,"count":78},"2":{"player_id":7915,"player_name":"Ludovic Baal","vaep_value":-0.4011278892,"offensive_value":-0.041648165,"defensive_value":-0.3594797242,"count":65},"3":{"player_id":25470,"player_name":"Firmin Ndombe Mubele","vaep_value":0.2174323678,"offensive_value":0.1837768541,"defensive_value":0.0336555138,"count":44},"4":{"player_id":25552,"player_name":"Adil Rami","vaep_value":0.0920007526,"offensive_value":0.1042658318,"defensive_value":-0.0122650792,"count":31},"5":{"player_id":25598,"player_name":"Ludovic Baal","vaep_value":0.0942484012,"offensive_value":0.0968588594,"defensive_value":-0.0026104582,"count":98},"6":{"player_id":25625,"player_name":"Adil Rami","vaep_value":0.4830285944,"offensive_value":0.4016509079,"defensive_value":0.0813776865,"count":57},"7":{"player_id":25714,"player_name":"Patrice Evra","vaep_value":0.1014627722,"offensive_value":0.1174106057,"defensive_value":-0.0159478334,"count":68},"8":{"player_id":25743,"player_name":"Dimitri  Payet","vaep_value":-0.0374417106,"offensive_value":0.0463775246,"defensive_value":-0.0838192352,"count":48},"9":{"player_id":25770,"player_name":"Gerzino Nyamsi","vaep_value":-0.1229570589,"offensive_value":-0.0697100389,"defensive_value":-0.05324702,"count":68},"10":{"player_id":25776,"player_name":null,"vaep_value":0.885419324,"offensive_value":0.8814685391,"defensive_value":0.0039507849,"count":26},"11":{"player_id":25784,"player_name":"Maxime Lopez","vaep_value":0.1027686166,"offensive_value":0.0558271023,"defensive_value":0.0469415144,"count":57},"12":{"player_id":25826,"player_name":"Ludovic Baal","vaep_value":0.178664441,"offensive_value":0.1113878689,"defensive_value":0.0672765721,"count":60},"13":{"player_id":70088,"player_name":"Benjamin Andr\u00e9","vaep_value":-0.6171814019,"offensive_value":0.0239239985,"defensive_value":-0.6411054004,"count":13},"14":{"player_id":82690,"player_name":"Ludovic Baal","vaep_value":0.1726445112,"offensive_value":0.2519878412,"defensive_value":-0.07934333,"count":29},"15":{"player_id":94695,"player_name":"Hiroki Sakai","vaep_value":0.1030452477,"offensive_value":0.0486646818,"defensive_value":0.0543805659,"count":25},"16":{"player_id":134494,"player_name":"Gr\u00e9gory Sertic","vaep_value":-0.0131084069,"offensive_value":-0.0085802644,"defensive_value":-0.0045281425,"count":17},"17":{"player_id":209086,"player_name":"Benjamin Andr\u00e9","vaep_value":0.7846021884,"offensive_value":0.8338045061,"defensive_value":-0.0492023177,"count":54},"18":{"player_id":228963,"player_name":"Benjamin Andr\u00e9","vaep_value":0.1143142434,"offensive_value":0.0809165768,"defensive_value":0.0333976666,"count":52},"19":{"player_id":228981,"player_name":"Benjamin Bourigeaud","vaep_value":1.311429962,"offensive_value":1.3427105077,"defensive_value":-0.0312805456,"count":53},"20":{"player_id":264989,"player_name":"Hamari Traor\u00e9","vaep_value":-0.8887625409,"offensive_value":-0.864173988,"defensive_value":-0.0245885529,"count":38},"21":{"player_id":280115,"player_name":"Hamari Traor\u00e9","vaep_value":0.161838468,"offensive_value":0.1571386666,"defensive_value":0.0046998014,"count":56},"22":{"player_id":325781,"player_name":"Isma\u00efla Sarr","vaep_value":-0.1146805785,"offensive_value":-0.1144659966,"defensive_value":-0.0002145818,"count":1},"23":{"player_id":366401,"player_name":"Isma\u00efla Sarr","vaep_value":-0.0417854306,"offensive_value":-0.0849251535,"defensive_value":0.0431397229,"count":31},"24":{"player_id":366571,"player_name":"Wahbi Khazri","vaep_value":0.1305683156,"offensive_value":0.1359486314,"defensive_value":-0.0053803158,"count":14},"25":{"player_id":366581,"player_name":"Florian Thauvin","vaep_value":0.866868203,"offensive_value":0.8452718833,"defensive_value":0.0215963197,"count":20},"26":{"player_id":372547,"player_name":"Maxime Lopez","vaep_value":-0.041128498,"offensive_value":-0.0320137506,"defensive_value":-0.0091147474,"count":22},"27":{"player_id":448079,"player_name":"Gr\u00e9gory Sertic","vaep_value":0.2372630984,"offensive_value":0.2670084536,"defensive_value":-0.0297453552,"count":25}}