{"0":{"player_id":0,"player_name":"Florin Andone","vaep_value":0.0072060153,"offensive_value":0.0334881842,"defensive_value":-0.0262821689,"count":15},"1":{"player_id":3286,"player_name":"Celso Borges Mora","vaep_value":0.1013036057,"offensive_value":0.1391879845,"defensive_value":-0.0378843788,"count":89},"2":{"player_id":3325,"player_name":"Juan Francisco Moreno Fuertes","vaep_value":-0.0205860136,"offensive_value":-0.0452171697,"defensive_value":0.0246311561,"count":85},"3":{"player_id":3339,"player_name":"Ra\u00fal Albentosa Redal","vaep_value":-0.0008416008,"offensive_value":-0.0380906546,"defensive_value":0.0372490538,"count":11},"4":{"player_id":3451,"player_name":"Luis Carlos Correia Pinto","vaep_value":-0.1500012341,"offensive_value":-0.2280252485,"defensive_value":0.0780240144,"count":54},"5":{"player_id":3554,"player_name":"Sidnei Rechel da Silva J\u00fanior","vaep_value":0.0975357078,"offensive_value":0.1257888379,"defensive_value":-0.0282531301,"count":30},"6":{"player_id":4511,"player_name":"Juan Francisco Moreno Fuertes","vaep_value":-0.0349376884,"offensive_value":-0.0245831938,"defensive_value":-0.0103544946,"count":38},"7":{"player_id":4892,"player_name":"Juan Francisco Moreno Fuertes","vaep_value":0.1047441064,"offensive_value":0.1505474104,"defensive_value":-0.0458033039,"count":63},"8":{"player_id":6165,"player_name":"Ra\u00fal Albentosa Redal","vaep_value":0.5274101242,"offensive_value":0.521174776,"defensive_value":0.0062353482,"count":35},"9":{"player_id":7302,"player_name":"Sidnei Rechel da Silva J\u00fanior","vaep_value":0.0750227245,"offensive_value":0.0663920089,"defensive_value":0.0086307155,"count":49},"10":{"player_id":7864,"player_name":"Guilherme dos Santos Torres","vaep_value":0.1653516202,"offensive_value":0.1290503633,"defensive_value":0.0363012569,"count":59},"11":{"player_id":20922,"player_name":"Ra\u00fal Albentosa Redal","vaep_value":0.0770417128,"offensive_value":0.0972812998,"defensive_value":-0.0202395869,"count":20},"12":{"player_id":22202,"player_name":"Juan Francisco Moreno Fuertes","vaep_value":-0.0203959508,"offensive_value":-0.0177173568,"defensive_value":-0.002678594,"count":6},"13":{"player_id":32577,"player_name":"Lucas P\u00e9rez Mart\u00ednez","vaep_value":0.0522721489,"offensive_value":0.1000803951,"defensive_value":-0.0478082462,"count":53},"14":{"player_id":32652,"player_name":"Celso Borges Mora","vaep_value":0.0393838514,"offensive_value":0.0298926626,"defensive_value":0.0094911888,"count":40},"15":{"player_id":40614,"player_name":"Pedro Mosquera Parada","vaep_value":0.2802854467,"offensive_value":0.0847986912,"defensive_value":0.1954867555,"count":85},"16":{"player_id":41363,"player_name":"Francis Coquelin","vaep_value":0.1639681133,"offensive_value":0.0920451507,"defensive_value":0.0719229626,"count":53},"17":{"player_id":51004,"player_name":"Daniel Parejo Mu\u00f1oz","vaep_value":-0.1695635995,"offensive_value":-0.1508296931,"defensive_value":-0.0187339064,"count":35},"18":{"player_id":70112,"player_name":"Daniel Parejo Mu\u00f1oz","vaep_value":0.0666473764,"offensive_value":0.0970549152,"defensive_value":-0.0304075388,"count":55},"19":{"player_id":70129,"player_name":"Ezequiel Marcelo Garay","vaep_value":0.9049894008,"offensive_value":0.8244550028,"defensive_value":0.080534398,"count":57},"20":{"player_id":70451,"player_name":"Sidnei Rechel da Silva J\u00fanior","vaep_value":0.2786264423,"offensive_value":0.2722955728,"defensive_value":0.0063308695,"count":94},"21":{"player_id":86307,"player_name":"Luis Carlos Correia Pinto","vaep_value":-0.1128221868,"offensive_value":-0.1031946135,"defensive_value":-0.0096275733,"count":17},"22":{"player_id":105541,"player_name":"Adri\u00e1n L\u00f3pez \u00c1lvarez","vaep_value":0.730923726,"offensive_value":0.7592427168,"defensive_value":-0.0283189907,"count":79},"23":{"player_id":211853,"player_name":"Francis Coquelin","vaep_value":0.1709324106,"offensive_value":0.1603180004,"defensive_value":0.0106144103,"count":72},"24":{"player_id":237034,"player_name":"Lucas P\u00e9rez Mart\u00ednez","vaep_value":1.0286691775,"offensive_value":1.043411494,"defensive_value":-0.0147423165,"count":58},"25":{"player_id":250885,"player_name":"Florin Andone","vaep_value":-0.1152238282,"offensive_value":-0.0922848291,"defensive_value":-0.0229389991,"count":27},"26":{"player_id":265864,"player_name":"R\u00faben Miguel Nunes Vezo","vaep_value":0.0639377771,"offensive_value":0.0437798639,"defensive_value":0.0201579132,"count":55},"27":{"player_id":364005,"player_name":"Luis Carlos Correia Pinto","vaep_value":0.0940364806,"offensive_value":0.0768643121,"defensive_value":0.0171721686,"count":19}}