{"0":{"player_id":0,"player_name":"Gianluca Lapadula","vaep_value":0.0475671741,"offensive_value":0.0631430233,"defensive_value":-0.0155758492,"count":7},"1":{"player_id":394,"player_name":"Ervin Zukanovi\u0107","vaep_value":0.0459361017,"offensive_value":0.0724461287,"defensive_value":-0.026510027,"count":45},"2":{"player_id":9080,"player_name":"Davide Biraschi","vaep_value":0.2173331129,"offensive_value":0.2607935694,"defensive_value":-0.0434604564,"count":51},"3":{"player_id":20422,"player_name":"Armando Izzo","vaep_value":0.0162582783,"offensive_value":-0.0042382602,"defensive_value":0.0204965385,"count":16},"4":{"player_id":20540,"player_name":"Gianluca Lapadula","vaep_value":0.083013084,"offensive_value":0.1396429911,"defensive_value":-0.0566299071,"count":45},"5":{"player_id":20583,"player_name":"Goran Pandev","vaep_value":0.1421654015,"offensive_value":0.00563493,"defensive_value":0.1365304715,"count":41},"6":{"player_id":20655,"player_name":"Goran Pandev","vaep_value":-0.060469992,"offensive_value":-0.0505846995,"defensive_value":-0.0098852925,"count":15},"7":{"player_id":20749,"player_name":"Albano Benjam\u00edn Bizzarri","vaep_value":-0.1008644167,"offensive_value":0.0541013215,"defensive_value":-0.1549657382,"count":78},"8":{"player_id":20938,"player_name":"Samir Caetano de Souza Santos","vaep_value":1.0016378599,"offensive_value":0.9495152216,"defensive_value":0.0521226382,"count":46},"9":{"player_id":21072,"player_name":"Nicol\u00e1s Federico Spolli","vaep_value":0.1519425187,"offensive_value":0.0934228554,"defensive_value":0.0585196633,"count":71},"10":{"player_id":21177,"player_name":"Giuseppe Pezzella","vaep_value":-0.0494426118,"offensive_value":-0.0207025099,"defensive_value":-0.0287401018,"count":52},"11":{"player_id":21288,"player_name":"Rodrigo Javier de Paul","vaep_value":0.5394347106,"offensive_value":0.5262248597,"defensive_value":0.0132098509,"count":53},"12":{"player_id":21314,"player_name":"Giuseppe Pezzella","vaep_value":0.0511471966,"offensive_value":0.0048119773,"defensive_value":0.0463352193,"count":18},"13":{"player_id":21468,"player_name":"Andrea Bertolacci","vaep_value":0.0701315985,"offensive_value":0.0484002307,"defensive_value":0.0217313678,"count":20},"14":{"player_id":22020,"player_name":"Andrea Bertolacci","vaep_value":-0.2133988272,"offensive_value":-0.2086866107,"defensive_value":-0.0047122166,"count":11},"15":{"player_id":22559,"player_name":"Goran Pandev","vaep_value":0.0001713375,"offensive_value":-0.0165457602,"defensive_value":0.0167170977,"count":72},"16":{"player_id":22677,"player_name":"Stephane Omeonga","vaep_value":-0.0314093918,"offensive_value":0.0082505314,"defensive_value":-0.0396599232,"count":7},"17":{"player_id":22883,"player_name":"Miguel Lu\u00eds Pinto Veloso","vaep_value":0.202229317,"offensive_value":0.2235743819,"defensive_value":-0.0213450649,"count":86},"18":{"player_id":38532,"player_name":"Armando Izzo","vaep_value":0.4706419169,"offensive_value":0.4351078328,"defensive_value":0.0355340841,"count":87},"19":{"player_id":56026,"player_name":"Giuseppe Pezzella","vaep_value":0.1689423465,"offensive_value":0.1027498555,"defensive_value":0.066192491,"count":49},"20":{"player_id":115933,"player_name":"Kevin Lasagna","vaep_value":-0.1894519008,"offensive_value":-0.1729699979,"defensive_value":-0.0164819029,"count":37},"21":{"player_id":134508,"player_name":"Mattia Perin","vaep_value":0.2881404733,"offensive_value":-0.0017439143,"defensive_value":0.2898843876,"count":40},"22":{"player_id":206318,"player_name":"Ervin Zukanovi\u0107","vaep_value":-0.0207485651,"offensive_value":-0.0109371111,"defensive_value":-0.009811454,"count":38},"23":{"player_id":213948,"player_name":"Francesco Migliore","vaep_value":-0.0129405067,"offensive_value":0.0201759868,"defensive_value":-0.0331164935,"count":38},"24":{"player_id":248950,"player_name":"Nicol\u00e1s Federico Spolli","vaep_value":0.2382754076,"offensive_value":0.1348725761,"defensive_value":0.1034028315,"count":47},"25":{"player_id":333913,"player_name":"Armando Izzo","vaep_value":-0.0197008866,"offensive_value":-0.0705127148,"defensive_value":0.0508118282,"count":19},"26":{"player_id":349102,"player_name":"Nicol\u00e1s Federico Spolli","vaep_value":0.0292944663,"offensive_value":0.0300830526,"defensive_value":-0.0007885863,"count":34},"27":{"player_id":354547,"player_name":"Ervin Zukanovi\u0107","vaep_value":0.0424925595,"offensive_value":0.0472393884,"defensive_value":-0.0047468289,"count":43},"28":{"player_id":388398,"player_name":"Andrea Bertolacci","vaep_value":0.0554654165,"offensive_value":0.0507050516,"defensive_value":0.0047603649,"count":51}}