{"0":{"player_id":0,"player_name":"Simone Verdi","vaep_value":0.0194175369,"offensive_value":0.0394760072,"defensive_value":-0.0200584703,"count":6},"1":{"player_id":11156,"player_name":"Giancarlo Gonz\u00e1lez Castro","vaep_value":0.0194795961,"offensive_value":0.0784000213,"defensive_value":-0.0589204251,"count":38},"2":{"player_id":20526,"player_name":"Stefan Simi\u010d","vaep_value":0.2124796282,"offensive_value":0.1313683477,"defensive_value":0.0811112805,"count":94},"3":{"player_id":20529,"player_name":"Andrea Poli","vaep_value":0.0436250364,"offensive_value":-0.0317201697,"defensive_value":0.0753452061,"count":70},"4":{"player_id":20604,"player_name":"Mario Sampirisi","vaep_value":0.1461802528,"offensive_value":0.1195739782,"defensive_value":0.0266062745,"count":38},"5":{"player_id":20796,"player_name":"Marcello Trotta","vaep_value":-0.0108410618,"offensive_value":-0.0095024938,"defensive_value":-0.0013385681,"count":1},"6":{"player_id":20815,"player_name":"Giancarlo Gonz\u00e1lez Castro","vaep_value":0.2394898994,"offensive_value":0.1099121789,"defensive_value":0.1295777204,"count":45},"7":{"player_id":21078,"player_name":"Angelo Esmael da Costa J\u00fanior","vaep_value":0.0074418125,"offensive_value":0.0050334572,"defensive_value":0.0024083554,"count":3},"8":{"player_id":21123,"player_name":"Filip Helander","vaep_value":1.9936570543,"offensive_value":2.0535190764,"defensive_value":-0.0598620221,"count":69},"9":{"player_id":21280,"player_name":"Giancarlo Gonz\u00e1lez Castro","vaep_value":0.0130860213,"offensive_value":0.0986581296,"defensive_value":-0.0855721083,"count":42},"10":{"player_id":21296,"player_name":"Emil Krafth","vaep_value":0.0833044045,"offensive_value":0.0814024322,"defensive_value":0.0019019723,"count":51},"11":{"player_id":21494,"player_name":"Giancarlo Gonz\u00e1lez Castro","vaep_value":0.0862211633,"offensive_value":0.1237887462,"defensive_value":-0.0375675829,"count":27},"12":{"player_id":21528,"player_name":"Filip Helander","vaep_value":0.1774604208,"offensive_value":0.1060525563,"defensive_value":0.0714078645,"count":47},"13":{"player_id":21655,"player_name":"Godfred Donsah","vaep_value":0.3845083278,"offensive_value":0.201924935,"defensive_value":0.1825833928,"count":40},"14":{"player_id":49979,"player_name":"Lorenzo Crisetig","vaep_value":0.2583183731,"offensive_value":0.2806855569,"defensive_value":-0.0223671838,"count":51},"15":{"player_id":50805,"player_name":"Federico Di Francesco","vaep_value":0.2529403882,"offensive_value":0.1978781588,"defensive_value":0.0550622295,"count":84},"16":{"player_id":51064,"player_name":"Giancarlo Gonz\u00e1lez Castro","vaep_value":-0.2273509662,"offensive_value":0.2001043489,"defensive_value":-0.4274553151,"count":62},"17":{"player_id":51151,"player_name":"Giancarlo Gonz\u00e1lez Castro","vaep_value":0.2190682974,"offensive_value":0.0950129519,"defensive_value":0.1240553455,"count":11},"18":{"player_id":69513,"player_name":"Lorenzo Crisetig","vaep_value":1.8397515603,"offensive_value":1.8707684146,"defensive_value":-0.0310168543,"count":23},"19":{"player_id":72397,"player_name":"Godfred Donsah","vaep_value":0.1461255873,"offensive_value":0.0880923399,"defensive_value":0.0580332474,"count":5},"20":{"player_id":82266,"player_name":"Godfred Donsah","vaep_value":0.0735946639,"offensive_value":0.027756792,"defensive_value":0.0458378719,"count":36},"21":{"player_id":125286,"player_name":"Adam Masina","vaep_value":0.1334260725,"offensive_value":0.215255646,"defensive_value":-0.0818295735,"count":101},"22":{"player_id":137048,"player_name":"Filip Helander","vaep_value":0.1567034993,"offensive_value":0.0531483071,"defensive_value":0.1035551921,"count":39},"23":{"player_id":149846,"player_name":"Giancarlo Gonz\u00e1lez Castro","vaep_value":0.0810142325,"offensive_value":0.0812368274,"defensive_value":-0.0002225949,"count":22},"24":{"player_id":232822,"player_name":"Filip Helander","vaep_value":0.2456113197,"offensive_value":0.2523612101,"defensive_value":-0.0067498904,"count":65},"25":{"player_id":259292,"player_name":"Filip Helander","vaep_value":-0.1663647543,"offensive_value":-0.1544402032,"defensive_value":-0.0119245511,"count":15},"26":{"player_id":272878,"player_name":"Godfred Donsah","vaep_value":-0.2206674569,"offensive_value":-0.0215874871,"defensive_value":-0.1990799698,"count":42},"27":{"player_id":295273,"player_name":"Daniel Pavlovic","vaep_value":0.106594281,"offensive_value":0.0157461793,"defensive_value":0.0908481018,"count":37},"28":{"player_id":302799,"player_name":"Adrian Marius Stoian","vaep_value":0.146952817,"offensive_value":0.0351453652,"defensive_value":0.1118074519,"count":45}}