{"0":{"player_id":3289,"player_name":"Vladim\u00edr Darida","vaep_value":0.4729457261,"offensive_value":0.3215730662,"defensive_value":0.15137266,"count":51},"1":{"player_id":3448,"player_name":"David Pavelka","vaep_value":0.172186209,"offensive_value":0.1345173033,"defensive_value":0.0376689057,"count":45},"2":{"player_id":7869,"player_name":"Vladim\u00edr Darida","vaep_value":0.2465473439,"offensive_value":0.22361906,"defensive_value":0.022928284,"count":24},"3":{"player_id":7882,"player_name":"Pavel Kade\u0159\u00e1bek","vaep_value":0.2292198755,"offensive_value":0.1855881839,"defensive_value":0.0436316915,"count":39},"4":{"player_id":15076,"player_name":"Bo\u0159ek Do\u010dkal","vaep_value":0.0200960232,"offensive_value":-0.0825254123,"defensive_value":0.1026214355,"count":11},"5":{"player_id":15094,"player_name":"Vladim\u00edr Darida","vaep_value":0.0397553405,"offensive_value":0.0206855046,"defensive_value":0.0190698359,"count":43},"6":{"player_id":21351,"player_name":"Jaroslav Pla\u0161il","vaep_value":0.2222192443,"offensive_value":0.1616927333,"defensive_value":0.060526511,"count":49},"7":{"player_id":25596,"player_name":"Hakan Kadir Balta","vaep_value":0.0580208984,"offensive_value":0.0747420895,"defensive_value":-0.0167211911,"count":41},"8":{"player_id":32524,"player_name":"Ladislav Krej\u010d\u00ed","vaep_value":0.2995496613,"offensive_value":0.2772561272,"defensive_value":0.0222935341,"count":46},"9":{"player_id":32566,"player_name":"Bo\u0159ek Do\u010dkal","vaep_value":-0.0461194297,"offensive_value":-0.0725736155,"defensive_value":0.0264541858,"count":32},"10":{"player_id":32572,"player_name":"Vladim\u00edr Darida","vaep_value":0.6121110047,"offensive_value":0.5949208358,"defensive_value":0.0171901689,"count":27},"11":{"player_id":32580,"player_name":"Vladim\u00edr Darida","vaep_value":0.1227626666,"offensive_value":0.093359019,"defensive_value":0.0294036476,"count":53},"12":{"player_id":32582,"player_name":"Daniel Pudil","vaep_value":0.082322086,"offensive_value":0.0313159221,"defensive_value":0.0510061639,"count":67},"13":{"player_id":32636,"player_name":"Vladim\u00edr Darida","vaep_value":-0.1793761656,"offensive_value":-0.1772596994,"defensive_value":-0.0021164662,"count":6},"14":{"player_id":32642,"player_name":"Vladim\u00edr Darida","vaep_value":0.1318424498,"offensive_value":0.1510455986,"defensive_value":-0.0192031488,"count":41},"15":{"player_id":32656,"player_name":"Petr \u010cech","vaep_value":0.1269110133,"offensive_value":0.1301774354,"defensive_value":-0.0032664221,"count":67},"16":{"player_id":32923,"player_name":"G\u00f6khan G\u00f6n\u00fcl","vaep_value":0.4156822406,"offensive_value":0.4272400816,"defensive_value":-0.011557841,"count":31},"17":{"player_id":54375,"player_name":"David Pavelka","vaep_value":0.1872580608,"offensive_value":0.2070369784,"defensive_value":-0.0197789176,"count":48},"18":{"player_id":82266,"player_name":"Daniel Pudil","vaep_value":0.0724991498,"offensive_value":0.0939238788,"defensive_value":-0.0214247291,"count":31},"19":{"player_id":82359,"player_name":"Ladislav Krej\u010d\u00ed","vaep_value":-0.046787574,"offensive_value":0.0094741382,"defensive_value":-0.0562617122,"count":15},"20":{"player_id":82487,"player_name":"Ladislav Krej\u010d\u00ed","vaep_value":-0.1350758141,"offensive_value":0.0744810965,"defensive_value":-0.2095569106,"count":44},"21":{"player_id":82518,"player_name":"Tom\u00e1\u0161  Necid","vaep_value":0.0046613778,"offensive_value":0.0497817886,"defensive_value":-0.0451204108,"count":81},"22":{"player_id":82520,"player_name":"Ozan Tufan","vaep_value":-0.017444218,"offensive_value":-0.0419571223,"defensive_value":0.0245129042,"count":3},"23":{"player_id":82644,"player_name":"Daniel Pudil","vaep_value":0.1590770127,"offensive_value":0.0976741246,"defensive_value":0.0614028881,"count":50},"24":{"player_id":83082,"player_name":"Hakan Kadir Balta","vaep_value":-0.0594763563,"offensive_value":-0.0679146126,"defensive_value":0.0084382563,"count":7},"25":{"player_id":101607,"player_name":"Daniel Pudil","vaep_value":0.0156670678,"offensive_value":0.0400249293,"defensive_value":-0.0243578615,"count":29},"26":{"player_id":223071,"player_name":"David Pavelka","vaep_value":0.9744185021,"offensive_value":0.9336697893,"defensive_value":0.0407487128,"count":31},"27":{"player_id":281255,"player_name":"Daniel Pudil","vaep_value":0.0305555922,"offensive_value":0.0256892075,"defensive_value":0.0048663847,"count":23}}