{"0":{"player_id":3318,"player_name":"Carlos Alberto Vela Garrido","vaep_value":0.0868091317,"offensive_value":0.008556634,"defensive_value":0.0782524978,"count":61},"1":{"player_id":3319,"player_name":"H\u00e9ctor Miguel Herrera L\u00f3pez","vaep_value":0.1471247001,"offensive_value":0.1495545278,"defensive_value":-0.0024298277,"count":90},"2":{"player_id":3384,"player_name":"Jes\u00fas Daniel Gallardo Vasconcelos","vaep_value":0.1092568278,"offensive_value":0.1015664698,"defensive_value":0.007690358,"count":32},"3":{"player_id":3685,"player_name":"H\u00e9ctor Alfredo Moreno Herrera","vaep_value":0.1901589148,"offensive_value":0.1841448609,"defensive_value":0.0060140538,"count":35},"4":{"player_id":3795,"player_name":"Hugo Ayala Castro","vaep_value":0.0045977207,"offensive_value":-0.0158406377,"defensive_value":0.0204383584,"count":42},"5":{"player_id":7941,"player_name":"Francisco Guillermo Ochoa Maga\u00f1a","vaep_value":-0.0104837189,"offensive_value":-0.0234622301,"defensive_value":0.0129785112,"count":23},"6":{"player_id":14712,"player_name":"Mesut \u00d6zil","vaep_value":0.1649006041,"offensive_value":0.0835883948,"defensive_value":0.0813122093,"count":36},"7":{"player_id":14716,"player_name":"Sami Khedira","vaep_value":0.4971751557,"offensive_value":0.5123587864,"defensive_value":-0.0151836307,"count":119},"8":{"player_id":14723,"player_name":"Jes\u00fas Daniel Gallardo Vasconcelos","vaep_value":0.2955040645,"offensive_value":0.3032525935,"defensive_value":-0.0077485291,"count":98},"9":{"player_id":14731,"player_name":"Thomas M\u00fcller","vaep_value":-0.1786610477,"offensive_value":-0.193660547,"defensive_value":0.0149994993,"count":4},"10":{"player_id":14732,"player_name":"Hirving Rodrigo Lozano Bahena","vaep_value":-0.0524591991,"offensive_value":-0.0077384794,"defensive_value":-0.0447207197,"count":63},"11":{"player_id":14795,"player_name":"H\u00e9ctor Miguel Herrera L\u00f3pez","vaep_value":0.1815767264,"offensive_value":0.1201837406,"defensive_value":0.0613929857,"count":55},"12":{"player_id":14862,"player_name":"Jos\u00e9 Andr\u00e9s Guardado Hern\u00e1ndez","vaep_value":0.0704581876,"offensive_value":0.0453686211,"defensive_value":0.0250895665,"count":73},"13":{"player_id":15024,"player_name":"Carlos Alberto Vela Garrido","vaep_value":0.1495077799,"offensive_value":0.1509072917,"defensive_value":-0.0013995118,"count":32},"14":{"player_id":15125,"player_name":"Javier Hern\u00e1ndez Balc\u00e1zar","vaep_value":0.202912514,"offensive_value":0.2065517926,"defensive_value":-0.0036392786,"count":32},"15":{"player_id":25816,"player_name":"Javier Hern\u00e1ndez Balc\u00e1zar","vaep_value":0.08883203,"offensive_value":0.2030443435,"defensive_value":-0.1142123136,"count":51},"16":{"player_id":59003,"player_name":"Carlos Joel Salcedo Hern\u00e1ndez","vaep_value":0.0544451269,"offensive_value":0.0121147524,"defensive_value":0.0423303745,"count":9},"17":{"player_id":112366,"player_name":"Carlos Joel Salcedo Hern\u00e1ndez","vaep_value":0.2600738326,"offensive_value":0.2664377352,"defensive_value":-0.0063639026,"count":36},"18":{"player_id":112392,"player_name":"Hugo Ayala Castro","vaep_value":0.0049969697,"offensive_value":0.0098994243,"defensive_value":-0.0049024546,"count":11},"19":{"player_id":112459,"player_name":"H\u00e9ctor Alfredo Moreno Herrera","vaep_value":0.2234568003,"offensive_value":0.2062441666,"defensive_value":0.0172126337,"count":52},"20":{"player_id":112777,"player_name":"Javier Hern\u00e1ndez Balc\u00e1zar","vaep_value":0.0293750603,"offensive_value":0.0268473143,"defensive_value":0.002527746,"count":27},"21":{"player_id":146583,"player_name":"Carlos Alberto Vela Garrido","vaep_value":0.0955911598,"offensive_value":0.089580955,"defensive_value":0.0060102048,"count":8},"22":{"player_id":173214,"player_name":"Hirving Rodrigo Lozano Bahena","vaep_value":-0.1698940138,"offensive_value":-0.1660544046,"defensive_value":-0.0038396093,"count":24},"23":{"player_id":224593,"player_name":"J\u00e9r\u00f4me Boateng","vaep_value":0.3773753711,"offensive_value":0.4172027555,"defensive_value":-0.0398273843,"count":109},"24":{"player_id":255387,"player_name":"Miguel Arturo Lay\u00fan Prado","vaep_value":0.4858541782,"offensive_value":0.1436680348,"defensive_value":0.3421861434,"count":42},"25":{"player_id":295156,"player_name":"Manuel Neuer","vaep_value":0.6649598354,"offensive_value":0.9013618398,"defensive_value":-0.2364020044,"count":38},"26":{"player_id":336178,"player_name":"Marvin Plattenhardt","vaep_value":0.2265449608,"offensive_value":0.114816256,"defensive_value":0.1117287048,"count":79},"27":{"player_id":448210,"player_name":"Toni Kroos","vaep_value":0.0050904088,"offensive_value":0.0327225741,"defensive_value":-0.0276321652,"count":13}}