{"0":{"player_id":0,"player_name":"Marco Parolo","vaep_value":0.0977095609,"offensive_value":0.0547713845,"defensive_value":0.0429381764,"count":13},"1":{"player_id":130,"player_name":"Stefan de Vrij","vaep_value":0.3037030059,"offensive_value":0.0649865075,"defensive_value":0.2387164984,"count":54},"2":{"player_id":3484,"player_name":"Lucas Torreira Di Pascua","vaep_value":0.1695972798,"offensive_value":0.187451435,"defensive_value":-0.0178541552,"count":57},"3":{"player_id":4792,"player_name":"Lucas Torreira Di Pascua","vaep_value":-0.0280658832,"offensive_value":0.0071686143,"defensive_value":-0.0352344975,"count":24},"4":{"player_id":7965,"player_name":"\u015etefan Daniel Radu","vaep_value":0.1370152287,"offensive_value":0.0570221662,"defensive_value":0.0799930625,"count":57},"5":{"player_id":20446,"player_name":"\u015etefan Daniel Radu","vaep_value":0.0412793588,"offensive_value":0.0339713406,"defensive_value":0.0073080182,"count":4},"6":{"player_id":20479,"player_name":"Senad Luli\u0107","vaep_value":0.075217439,"offensive_value":0.078830036,"defensive_value":-0.003612597,"count":24},"7":{"player_id":20523,"player_name":"Senad Luli\u0107","vaep_value":-0.0236138466,"offensive_value":-0.0257121748,"defensive_value":0.0020983282,"count":12},"8":{"player_id":20550,"player_name":"\u00c9dgar Osvaldo Barreto C\u00e1ceres","vaep_value":0.3246583091,"offensive_value":0.1850793033,"defensive_value":0.1395790058,"count":71},"9":{"player_id":20561,"player_name":"Mat\u00edas Agust\u00edn Silvestre","vaep_value":0.2250834026,"offensive_value":0.2071363351,"defensive_value":0.0179470675,"count":61},"10":{"player_id":20689,"player_name":"Bartosz Bereszy\u0144ski","vaep_value":0.3058199481,"offensive_value":0.2529595898,"defensive_value":0.0528603584,"count":64},"11":{"player_id":20802,"player_name":"Lucas Torreira Di Pascua","vaep_value":0.0509483166,"offensive_value":0.1615753961,"defensive_value":-0.1106270795,"count":35},"12":{"player_id":20811,"player_name":"Gast\u00f3n Exequiel Ram\u00edrez Pereyra","vaep_value":0.0661404446,"offensive_value":0.054926153,"defensive_value":0.0112142916,"count":46},"13":{"player_id":20816,"player_name":"Gianmarco Ferrari","vaep_value":-0.0114560069,"offensive_value":-0.0280013226,"defensive_value":0.0165453157,"count":54},"14":{"player_id":20869,"player_name":"Bartosz Bereszy\u0144ski","vaep_value":0.1600296744,"offensive_value":0.1688978309,"defensive_value":-0.0088681565,"count":45},"15":{"player_id":21350,"player_name":"Thomas Strakosha","vaep_value":-0.0459616847,"offensive_value":-0.0199529866,"defensive_value":-0.026008698,"count":79},"16":{"player_id":21384,"player_name":"Sergej Milinkovi\u0107-Savi\u0107","vaep_value":-0.1611731222,"offensive_value":-0.2652805351,"defensive_value":0.1041074129,"count":36},"17":{"player_id":22270,"player_name":"Sergej Milinkovi\u0107-Savi\u0107","vaep_value":0.1409593371,"offensive_value":0.0612772843,"defensive_value":0.0796820528,"count":40},"18":{"player_id":37739,"player_name":"Lucas  Pezzini Leiva","vaep_value":0.2791823301,"offensive_value":0.1311502173,"defensive_value":0.1480321129,"count":48},"19":{"player_id":37745,"player_name":"Fabio Quagliarella","vaep_value":-0.0154400591,"offensive_value":-0.0079280282,"defensive_value":-0.0075120309,"count":13},"20":{"player_id":86243,"player_name":"\u00c9dgar Osvaldo Barreto C\u00e1ceres","vaep_value":0.759764728,"offensive_value":0.7733729065,"defensive_value":-0.0136081785,"count":31},"21":{"player_id":99833,"player_name":"Gast\u00f3n Exequiel Ram\u00edrez Pereyra","vaep_value":0.4043687137,"offensive_value":0.3996971775,"defensive_value":0.0046715363,"count":86},"22":{"player_id":101635,"player_name":"Lucas Torreira Di Pascua","vaep_value":0.8642051419,"offensive_value":0.865994965,"defensive_value":-0.0017898231,"count":5},"23":{"player_id":166534,"player_name":"Duv\u00e1n Esteban Zapata Banguera","vaep_value":0.1007582665,"offensive_value":0.0886547926,"defensive_value":0.0121034739,"count":40},"24":{"player_id":208865,"player_name":"Stefan de Vrij","vaep_value":0.0469833405,"offensive_value":0.0264421797,"defensive_value":0.0205411608,"count":29},"25":{"player_id":228928,"player_name":"Stefan de Vrij","vaep_value":0.0528662464,"offensive_value":0.0717179613,"defensive_value":-0.0188517149,"count":64},"26":{"player_id":240042,"player_name":"Lucas  Pezzini Leiva","vaep_value":-0.0077298653,"offensive_value":-0.0147122876,"defensive_value":0.0069824223,"count":9},"27":{"player_id":265865,"player_name":"Sergej Milinkovi\u0107-Savi\u0107","vaep_value":1.1903147288,"offensive_value":1.1519071462,"defensive_value":0.0384075826,"count":70},"28":{"player_id":333571,"player_name":"Adam Maru\u0161i\u0107","vaep_value":0.14250739,"offensive_value":0.1452573329,"defensive_value":-0.0027499429,"count":86}}