{"0":{"player_id":0,"player_name":"Valter Birsa","vaep_value":0.0117586631,"offensive_value":0.046167074,"defensive_value":-0.0344084109,"count":8},"1":{"player_id":394,"player_name":"Mattia Bani","vaep_value":0.1254678707,"offensive_value":0.1204380264,"defensive_value":0.0050298444,"count":78},"2":{"player_id":20495,"player_name":"Mariusz St\u0119pi\u0144ski","vaep_value":0.1846005264,"offensive_value":0.1602294012,"defensive_value":0.0243711252,"count":99},"3":{"player_id":20540,"player_name":"Fabrizio Cacciatore","vaep_value":0.1156647999,"offensive_value":0.0515708902,"defensive_value":0.0640939097,"count":41},"4":{"player_id":20583,"player_name":"Samir Caetano de Souza Santos","vaep_value":0.023958978,"offensive_value":0.0821870981,"defensive_value":-0.0582281201,"count":68},"5":{"player_id":20633,"player_name":"Samir Caetano de Souza Santos","vaep_value":0.4040363351,"offensive_value":0.3024727046,"defensive_value":0.1015636305,"count":28},"6":{"player_id":20653,"player_name":"Giuseppe Pezzella","vaep_value":-0.0896664776,"offensive_value":-0.0612670269,"defensive_value":-0.0283994507,"count":61},"7":{"player_id":20662,"player_name":"Jakub Jankto","vaep_value":-0.0187330201,"offensive_value":-0.0165415425,"defensive_value":-0.0021914776,"count":4},"8":{"player_id":20748,"player_name":"Nenad Tomovi\u0107","vaep_value":0.0814896167,"offensive_value":0.048854029,"defensive_value":0.0326355876,"count":72},"9":{"player_id":21291,"player_name":"Kevin Lasagna","vaep_value":0.1345445331,"offensive_value":0.1436744394,"defensive_value":-0.0091299063,"count":68},"10":{"player_id":21314,"player_name":"Anton\u00edn Bar\u00e1k","vaep_value":-0.0748397551,"offensive_value":-0.0045890382,"defensive_value":-0.0702507169,"count":9},"11":{"player_id":21564,"player_name":"Anton\u00edn Bar\u00e1k","vaep_value":1.1693794441,"offensive_value":1.095000199,"defensive_value":0.0743792451,"count":70},"12":{"player_id":21607,"player_name":"Silvan Widmer","vaep_value":0.440896003,"offensive_value":0.4410055601,"defensive_value":-0.0001095571,"count":101},"13":{"player_id":24964,"player_name":"Bram Nuytinck","vaep_value":-0.1275734447,"offensive_value":-0.1290195493,"defensive_value":0.0014461046,"count":26},"14":{"player_id":50069,"player_name":"Albano Benjam\u00edn Bizzarri","vaep_value":0.0487263066,"offensive_value":0.0266537996,"defensive_value":0.0220725071,"count":55},"15":{"player_id":56026,"player_name":"Perparim Hetemaj","vaep_value":0.0027410062,"offensive_value":0.0015438385,"defensive_value":0.0011971677,"count":3},"16":{"player_id":99511,"player_name":"Bram Nuytinck","vaep_value":-0.1038004375,"offensive_value":-0.0897588527,"defensive_value":-0.0140415848,"count":24},"17":{"player_id":134508,"player_name":"Silvan Widmer","vaep_value":0.1049520085,"offensive_value":0.0109305226,"defensive_value":0.0940214859,"count":55},"18":{"player_id":213948,"player_name":"Seko Fofana","vaep_value":0.0743577873,"offensive_value":0.0794628679,"defensive_value":-0.0051050805,"count":34},"19":{"player_id":215869,"player_name":"Danilo Larangeira","vaep_value":0.0699840501,"offensive_value":0.1047740304,"defensive_value":-0.0347899803,"count":59},"20":{"player_id":234533,"player_name":"Bram Nuytinck","vaep_value":-0.0243720927,"offensive_value":-0.0031671994,"defensive_value":-0.0212048932,"count":6},"21":{"player_id":238832,"player_name":"Perparim Hetemaj","vaep_value":-0.0212522058,"offensive_value":-0.0198221002,"defensive_value":-0.0014301057,"count":10},"22":{"player_id":248950,"player_name":"Jakub Jankto","vaep_value":0.1995341158,"offensive_value":0.0821016809,"defensive_value":0.1174324349,"count":71},"23":{"player_id":265172,"player_name":"Silvan Widmer","vaep_value":0.1100336763,"offensive_value":0.0644078995,"defensive_value":0.0456257768,"count":52},"24":{"player_id":278813,"player_name":"Seko Fofana","vaep_value":0.1795049146,"offensive_value":0.1318128172,"defensive_value":0.0476920974,"count":56},"25":{"player_id":333913,"player_name":"Samuel Bastien","vaep_value":-0.076012735,"offensive_value":-0.0642006814,"defensive_value":-0.0118120536,"count":21},"26":{"player_id":354547,"player_name":"Samuel Bastien","vaep_value":0.138709884,"offensive_value":0.053996035,"defensive_value":0.084713849,"count":46},"27":{"player_id":388398,"player_name":"Ivan Radovanovi\u0107","vaep_value":-0.0131813899,"offensive_value":0.0410405425,"defensive_value":-0.0542219324,"count":60}}