{"0":{"player_id":0,"player_name":"Dan Gosling","vaep_value":-0.0145741897,"offensive_value":0.0029188977,"defensive_value":-0.0174930873,"count":5},"1":{"player_id":36,"player_name":"Andrew Surman","vaep_value":0.1734801031,"offensive_value":0.1632279773,"defensive_value":0.0102521258,"count":97},"2":{"player_id":48,"player_name":"Joshua King","vaep_value":0.1181518538,"offensive_value":0.0178435671,"defensive_value":0.1003082867,"count":105},"3":{"player_id":54,"player_name":"Heung-Min Son","vaep_value":1.1952336853,"offensive_value":1.2402590988,"defensive_value":-0.0450254135,"count":83},"4":{"player_id":3424,"player_name":"Heung-Min Son","vaep_value":0.0411116199,"offensive_value":0.0290283205,"defensive_value":0.0120832995,"count":3},"5":{"player_id":7989,"player_name":"Joshua King","vaep_value":0.0055206942,"offensive_value":0.0140766498,"defensive_value":-0.0085559556,"count":34},"6":{"player_id":8296,"player_name":"Jan Vertonghen","vaep_value":-0.0742660544,"offensive_value":-0.0721552558,"defensive_value":-0.0021107986,"count":3},"7":{"player_id":8351,"player_name":"Toby Alderweireld","vaep_value":0.0539624607,"offensive_value":0.0321865377,"defensive_value":0.021775923,"count":40},"8":{"player_id":8460,"player_name":"Harry Winks","vaep_value":0.0727003512,"offensive_value":0.1121896055,"defensive_value":-0.0394892542,"count":33},"9":{"player_id":8717,"player_name":"Kieran Trippier","vaep_value":-0.2650494371,"offensive_value":-0.2521577941,"defensive_value":-0.012891643,"count":30},"10":{"player_id":8726,"player_name":"Harry Winks","vaep_value":-0.0853789635,"offensive_value":0.1015103363,"defensive_value":-0.1868892998,"count":37},"11":{"player_id":8945,"player_name":"Davinson S\u00e1nchez Mina","vaep_value":0.0748917717,"offensive_value":0.0872141564,"defensive_value":-0.0123223846,"count":131},"12":{"player_id":8959,"player_name":"Toby Alderweireld","vaep_value":0.0030445376,"offensive_value":0.0040958036,"defensive_value":-0.001051266,"count":27},"13":{"player_id":9277,"player_name":"Jan Vertonghen","vaep_value":0.0804550697,"offensive_value":0.0532613734,"defensive_value":0.0271936962,"count":27},"14":{"player_id":9279,"player_name":"Eric  Dier","vaep_value":-0.1383507093,"offensive_value":0.0255876221,"defensive_value":-0.1639383314,"count":44},"15":{"player_id":9285,"player_name":"Toby Alderweireld","vaep_value":0.1807993253,"offensive_value":0.1635585675,"defensive_value":0.0172407578,"count":43},"16":{"player_id":9637,"player_name":"Davinson S\u00e1nchez Mina","vaep_value":-0.1074264693,"offensive_value":-0.0502254807,"defensive_value":-0.0572009886,"count":33},"17":{"player_id":9739,"player_name":"Toby Alderweireld","vaep_value":0.1198034221,"offensive_value":0.1354854537,"defensive_value":-0.0156820316,"count":12},"18":{"player_id":13484,"player_name":"Jan Vertonghen","vaep_value":-0.2403030643,"offensive_value":-0.2249715388,"defensive_value":-0.0153315256,"count":55},"19":{"player_id":14911,"player_name":"Jan Vertonghen","vaep_value":-0.0258376843,"offensive_value":-0.0219176582,"defensive_value":-0.0039200261,"count":42},"20":{"player_id":25381,"player_name":"Bamidele Alli","vaep_value":0.1779843631,"offensive_value":0.1132551336,"defensive_value":0.0647292294,"count":27},"21":{"player_id":25804,"player_name":"Steve Cook","vaep_value":0.3793404385,"offensive_value":0.3688157769,"defensive_value":0.0105246616,"count":20},"22":{"player_id":134102,"player_name":"Toby Alderweireld","vaep_value":0.112105725,"offensive_value":0.0398873459,"defensive_value":0.0722183791,"count":40},"23":{"player_id":210044,"player_name":"Hugo Lloris","vaep_value":0.056698953,"offensive_value":0.0389601319,"defensive_value":0.0177388211,"count":84},"24":{"player_id":240070,"player_name":"Davinson S\u00e1nchez Mina","vaep_value":0.1597973645,"offensive_value":0.1370959337,"defensive_value":0.0227014308,"count":84},"25":{"player_id":245813,"player_name":"Kieran Trippier","vaep_value":0.0259081547,"offensive_value":0.0102751339,"defensive_value":0.0156330208,"count":1},"26":{"player_id":257762,"player_name":"Harry Winks","vaep_value":0.2062649789,"offensive_value":0.1989196765,"defensive_value":0.0073453024,"count":118},"27":{"player_id":270828,"player_name":"Kieran Trippier","vaep_value":0.0088823237,"offensive_value":0.0000070599,"defensive_value":0.0088752639,"count":1},"28":{"player_id":302518,"player_name":"Charlie Daniels","vaep_value":0.0546200689,"offensive_value":0.0558731058,"defensive_value":-0.0012530369,"count":33}}