{"0":{"player_id":0,"player_name":"Rodrigue Casimir Ninga","vaep_value":0.0306873049,"offensive_value":0.053438853,"defensive_value":-0.0227515481,"count":13},"1":{"player_id":3308,"player_name":"Paul Lasne","vaep_value":0.1169555915,"offensive_value":0.0729537187,"defensive_value":0.0440018728,"count":54},"2":{"player_id":3450,"player_name":"Daniel Congr\u00e9","vaep_value":0.3701499153,"offensive_value":0.3787805086,"defensive_value":-0.0086305933,"count":30},"3":{"player_id":8533,"player_name":"Isaac Mbenza","vaep_value":0.0479672081,"offensive_value":-0.0722637883,"defensive_value":0.1202309964,"count":68},"4":{"player_id":20948,"player_name":"Isaac Mbenza","vaep_value":0.0396433347,"offensive_value":0.0099160855,"defensive_value":0.0297272492,"count":39},"5":{"player_id":21097,"player_name":"Paul Lasne","vaep_value":-0.1503838071,"offensive_value":-0.0365529141,"defensive_value":-0.1138308931,"count":59},"6":{"player_id":25457,"player_name":"Youri Tielemans","vaep_value":0.1571927076,"offensive_value":0.1948342464,"defensive_value":-0.0376415388,"count":54},"7":{"player_id":25786,"player_name":"Radamel Falcao Garc\u00eda Z\u00e1rate","vaep_value":-0.0383223863,"offensive_value":-0.0186250487,"defensive_value":-0.0196973376,"count":38},"8":{"player_id":25829,"player_name":"Djibril Sidib\u00e9","vaep_value":0.2452162721,"offensive_value":0.152806493,"defensive_value":0.0924097791,"count":47},"9":{"player_id":25993,"player_name":"Djibril Sidib\u00e9","vaep_value":0.2301761527,"offensive_value":0.1703635394,"defensive_value":0.0598126133,"count":58},"10":{"player_id":26008,"player_name":"Kamil Glik","vaep_value":0.8359207597,"offensive_value":0.845107703,"defensive_value":-0.0091869433,"count":8},"11":{"player_id":26016,"player_name":"Almamy Tour\u00e9","vaep_value":0.0758093679,"offensive_value":0.1022006054,"defensive_value":-0.0263912375,"count":29},"12":{"player_id":26196,"player_name":"Kamil Glik","vaep_value":-0.0200041808,"offensive_value":0.0764247364,"defensive_value":-0.0964289173,"count":80},"13":{"player_id":26665,"player_name":"Jemerson de Jesus Nascimento","vaep_value":-0.0061008905,"offensive_value":-0.0009723355,"defensive_value":-0.005128555,"count":2},"14":{"player_id":28117,"player_name":"Kamil Glik","vaep_value":0.0861628632,"offensive_value":0.0918332688,"defensive_value":-0.0056704056,"count":19},"15":{"player_id":28335,"player_name":"Almamy Tour\u00e9","vaep_value":-0.0522678447,"offensive_value":0.0029191823,"defensive_value":-0.055187027,"count":77},"16":{"player_id":28922,"player_name":"Kamil Glik","vaep_value":0.09103365,"offensive_value":0.063400011,"defensive_value":0.0276336389,"count":60},"17":{"player_id":70093,"player_name":"Jemerson de Jesus Nascimento","vaep_value":-0.0001797908,"offensive_value":0.0081336903,"defensive_value":-0.0083134811,"count":10},"18":{"player_id":116345,"player_name":"Thomas Lemar","vaep_value":0.0759002307,"offensive_value":0.0368132053,"defensive_value":0.0390870253,"count":9},"19":{"player_id":135747,"player_name":"Almamy Tour\u00e9","vaep_value":0.1989038599,"offensive_value":0.1723159472,"defensive_value":0.0265879127,"count":39},"20":{"player_id":135913,"player_name":"Marcos Paulo Mesquita Lopes","vaep_value":0.5048477226,"offensive_value":0.4934923365,"defensive_value":0.0113553861,"count":29},"21":{"player_id":143189,"player_name":"Youri Tielemans","vaep_value":-0.0080778474,"offensive_value":0.0023743268,"defensive_value":-0.0104521742,"count":28},"22":{"player_id":149101,"player_name":"Kamil Glik","vaep_value":0.0569217484,"offensive_value":0.1256991464,"defensive_value":-0.068777398,"count":66},"23":{"player_id":207143,"player_name":"Jemerson de Jesus Nascimento","vaep_value":-0.0085101424,"offensive_value":0.048856493,"defensive_value":-0.0573666354,"count":69},"24":{"player_id":246946,"player_name":"Djibril Sidib\u00e9","vaep_value":-0.0180085088,"offensive_value":0.0079220459,"defensive_value":-0.0259305547,"count":54},"25":{"player_id":256480,"player_name":"Thomas Lemar","vaep_value":0.0920095507,"offensive_value":0.0330837283,"defensive_value":0.0589258224,"count":3},"26":{"player_id":263766,"player_name":"Ellyes Skhiri","vaep_value":-0.0535860762,"offensive_value":0.0142754664,"defensive_value":-0.0678615427,"count":65},"27":{"player_id":263802,"player_name":"Djibril Sidib\u00e9","vaep_value":0.2993811631,"offensive_value":0.1906529841,"defensive_value":0.108728179,"count":68},"28":{"player_id":276983,"player_name":"Vitorino Hilton da Silva","vaep_value":0.0453893291,"offensive_value":0.0587131991,"defensive_value":-0.01332387,"count":27}}