{"0":{"player_id":0,"player_name":"Lars Stindl","vaep_value":0.0198513118,"offensive_value":0.039700557,"defensive_value":-0.0198492452,"count":11},"1":{"player_id":14838,"player_name":"Christoph Kramer","vaep_value":0.0787844925,"offensive_value":0.0280728377,"defensive_value":0.0507116548,"count":67},"2":{"player_id":14863,"player_name":"Matthias Ginter","vaep_value":0.121613754,"offensive_value":0.0621561299,"defensive_value":0.0594576241,"count":79},"3":{"player_id":14991,"player_name":"Jannik Vestergaard","vaep_value":0.1789324314,"offensive_value":0.098655972,"defensive_value":0.0802764594,"count":84},"4":{"player_id":15014,"player_name":"Matthias Ginter","vaep_value":0.1672756163,"offensive_value":0.2320739011,"defensive_value":-0.0647982848,"count":70},"5":{"player_id":15018,"player_name":"Yann Sommer","vaep_value":-0.1312771175,"offensive_value":-0.1088947665,"defensive_value":-0.022382351,"count":36},"6":{"player_id":15039,"player_name":"Jannik Vestergaard","vaep_value":0.2670523117,"offensive_value":0.3019499856,"defensive_value":-0.0348976739,"count":14},"7":{"player_id":15051,"player_name":"Matthias Ginter","vaep_value":0.0913155058,"offensive_value":0.0907335042,"defensive_value":0.0005820016,"count":68},"8":{"player_id":15107,"player_name":"Christoph Kramer","vaep_value":0.9922402885,"offensive_value":1.0045556158,"defensive_value":-0.0123153273,"count":38},"9":{"player_id":15265,"player_name":"Matthias Ginter","vaep_value":0.0618711128,"offensive_value":0.157814252,"defensive_value":-0.0959431392,"count":41},"10":{"player_id":15278,"player_name":"Jannik Vestergaard","vaep_value":0.0660570401,"offensive_value":0.0332460299,"defensive_value":0.0328110103,"count":21},"11":{"player_id":15543,"player_name":"Matthias Ginter","vaep_value":0.0222779977,"offensive_value":0.0039746948,"defensive_value":0.0183033029,"count":15},"12":{"player_id":15806,"player_name":"Jannik Vestergaard","vaep_value":0.24208066,"offensive_value":0.1188286078,"defensive_value":0.1232520521,"count":84},"13":{"player_id":16094,"player_name":"Lars Stindl","vaep_value":0.8108631314,"offensive_value":0.812441949,"defensive_value":-0.0015788176,"count":35},"14":{"player_id":16843,"player_name":"Oscar Wendt","vaep_value":0.2759035279,"offensive_value":0.1123496065,"defensive_value":0.1635539214,"count":58},"15":{"player_id":18591,"player_name":"Frederik Hillesborg S\u00f8rensen","vaep_value":-0.1119991442,"offensive_value":-0.1280868563,"defensive_value":0.0160877121,"count":8},"16":{"player_id":18669,"player_name":"Oscar Wendt","vaep_value":-0.0090348733,"offensive_value":0.0700430387,"defensive_value":-0.079077912,"count":53},"17":{"player_id":20680,"player_name":"Frederik Hillesborg S\u00f8rensen","vaep_value":0.7145456729,"offensive_value":0.7766766314,"defensive_value":-0.0621309585,"count":57},"18":{"player_id":25622,"player_name":"Oscar Wendt","vaep_value":0.2883471539,"offensive_value":0.2382548267,"defensive_value":0.0500923272,"count":46},"19":{"player_id":49855,"player_name":"Frederik Hillesborg S\u00f8rensen","vaep_value":0.0456523744,"offensive_value":0.0908232098,"defensive_value":-0.0451708355,"count":52},"20":{"player_id":127685,"player_name":"Oscar Wendt","vaep_value":0.3854338106,"offensive_value":0.3647611219,"defensive_value":0.0206726887,"count":42},"21":{"player_id":221452,"player_name":"Lars Stindl","vaep_value":0.1629568284,"offensive_value":0.1569826119,"defensive_value":0.0059742165,"count":30},"22":{"player_id":236528,"player_name":"Dominique Heintz","vaep_value":0.0724787955,"offensive_value":0.0752569521,"defensive_value":-0.0027781565,"count":67},"23":{"player_id":263490,"player_name":"Christoph Kramer","vaep_value":-0.0051534194,"offensive_value":-0.0065740873,"defensive_value":0.0014206679,"count":3},"24":{"player_id":272338,"player_name":"Lukas Kl\u00fcnter","vaep_value":0.027522567,"offensive_value":0.0063837199,"defensive_value":0.0211388471,"count":46},"25":{"player_id":275384,"player_name":"Oscar Wendt","vaep_value":0.359480719,"offensive_value":0.1247463501,"defensive_value":0.2347343689,"count":56},"26":{"player_id":356903,"player_name":"Thorgan Hazard","vaep_value":0.1850294004,"offensive_value":0.0984744729,"defensive_value":0.0865549275,"count":54},"27":{"player_id":360992,"player_name":"Marco H\u00f6ger","vaep_value":0.2112881806,"offensive_value":0.2146111551,"defensive_value":-0.0033229745,"count":52},"28":{"player_id":404219,"player_name":"Marco H\u00f6ger","vaep_value":0.0545742506,"offensive_value":0.0404905222,"defensive_value":0.0140837284,"count":22}}