{"0":{"player_id":0,"player_name":"Raffael Caetano de Ara\u00fajo","vaep_value":0.0358032729,"offensive_value":0.0550779342,"defensive_value":-0.0192746613,"count":8},"1":{"player_id":14838,"player_name":"Christoph Kramer","vaep_value":0.0880243366,"offensive_value":0.0383323157,"defensive_value":0.0496920209,"count":58},"2":{"player_id":14885,"player_name":"Denis Lemi Zakaria Lako Lado","vaep_value":-0.2253194182,"offensive_value":0.0918016343,"defensive_value":-0.3171210525,"count":50},"3":{"player_id":14991,"player_name":"Matthias Ginter","vaep_value":0.1505396882,"offensive_value":0.0915692572,"defensive_value":0.058970431,"count":82},"4":{"player_id":15014,"player_name":"Jannik Vestergaard","vaep_value":-0.0315109803,"offensive_value":-0.0217389611,"defensive_value":-0.0097720192,"count":68},"5":{"player_id":15018,"player_name":"Matthias Ginter","vaep_value":0.1415744631,"offensive_value":0.0946523107,"defensive_value":0.0469221524,"count":27},"6":{"player_id":15032,"player_name":"Jannik Vestergaard","vaep_value":0.0250433525,"offensive_value":0.0683372219,"defensive_value":-0.0432938694,"count":31},"7":{"player_id":15051,"player_name":"Matthias Ginter","vaep_value":0.1676834415,"offensive_value":0.1496869081,"defensive_value":0.0179965334,"count":66},"8":{"player_id":15061,"player_name":"Nico Elvedi","vaep_value":-0.0408835754,"offensive_value":0.0705845875,"defensive_value":-0.111468163,"count":30},"9":{"player_id":15107,"player_name":"Dennis Aogo","vaep_value":0.9918371181,"offensive_value":0.9948507432,"defensive_value":-0.003013625,"count":43},"10":{"player_id":15798,"player_name":"Marcin Kami\u0144ski","vaep_value":0.0886027315,"offensive_value":0.1094023463,"defensive_value":-0.0207996148,"count":60},"11":{"player_id":15804,"player_name":"Timo Baumgartl","vaep_value":0.0013033635,"offensive_value":-0.0042824745,"defensive_value":0.005585838,"count":7},"12":{"player_id":15806,"player_name":"Marcin Kami\u0144ski","vaep_value":0.1061945142,"offensive_value":0.0392788752,"defensive_value":0.066915639,"count":91},"13":{"player_id":16094,"player_name":"Christoph Kramer","vaep_value":-0.2424190849,"offensive_value":-0.2022918164,"defensive_value":-0.0401272685,"count":39},"14":{"player_id":25622,"player_name":"Benjamin Pavard","vaep_value":0.0432639616,"offensive_value":-0.0052956169,"defensive_value":0.0485595785,"count":65},"15":{"player_id":49907,"player_name":"Timo Baumgartl","vaep_value":-0.009655359,"offensive_value":-0.0000349628,"defensive_value":-0.0096203962,"count":1},"16":{"player_id":99410,"player_name":"Andreas Beck","vaep_value":0.1380485423,"offensive_value":0.1202938191,"defensive_value":0.0177547232,"count":68},"17":{"player_id":233910,"player_name":"Timo Baumgartl","vaep_value":0.0807255009,"offensive_value":0.0605483016,"defensive_value":0.0201771994,"count":30},"18":{"player_id":235597,"player_name":"Marcin Kami\u0144ski","vaep_value":0.2857583165,"offensive_value":0.1906639928,"defensive_value":0.0950943237,"count":66},"19":{"player_id":236528,"player_name":"Nico Elvedi","vaep_value":0.1826103937,"offensive_value":0.2068942698,"defensive_value":-0.0242838761,"count":85},"20":{"player_id":254649,"player_name":"Dennis Aogo","vaep_value":0.0370685739,"offensive_value":0.0080278866,"defensive_value":0.0290406873,"count":21},"21":{"player_id":284469,"player_name":"Simon Terodde","vaep_value":0.0093366452,"offensive_value":0.0217616015,"defensive_value":-0.0124249563,"count":24},"22":{"player_id":284580,"player_name":"Dennis Aogo","vaep_value":0.0722959784,"offensive_value":0.0758749244,"defensive_value":-0.003578946,"count":16},"23":{"player_id":340646,"player_name":"Anastasios Donis","vaep_value":0.2078709654,"offensive_value":0.151026227,"defensive_value":0.0568447383,"count":79},"24":{"player_id":349099,"player_name":"Marcin Kami\u0144ski","vaep_value":0.087011212,"offensive_value":0.0372295604,"defensive_value":0.0497816516,"count":45},"25":{"player_id":356908,"player_name":"Lars Stindl","vaep_value":0.0767402989,"offensive_value":0.0658034929,"defensive_value":0.010936806,"count":15},"26":{"player_id":360992,"player_name":"Lars Stindl","vaep_value":0.1354371727,"offensive_value":0.0660361458,"defensive_value":0.0694010269,"count":62},"27":{"player_id":404219,"player_name":"Raffael Caetano de Ara\u00fajo","vaep_value":0.2200067705,"offensive_value":0.1944507337,"defensive_value":0.0255560367,"count":53},"28":{"player_id":413737,"player_name":"Lars Stindl","vaep_value":0.15634089,"offensive_value":0.0723870269,"defensive_value":0.0839538631,"count":66}}