{"0":{"player_id":0,"player_name":"Rafael Alc\u00e2ntara do Nascimento","vaep_value":0.0549951586,"offensive_value":0.0635631373,"defensive_value":-0.0085679787,"count":6},"1":{"player_id":625,"player_name":"Roberto Gagliardini","vaep_value":0.2896540037,"offensive_value":0.2713512556,"defensive_value":0.0183027481,"count":82},"2":{"player_id":3344,"player_name":"Borja Valero Iglesias","vaep_value":0.0877602473,"offensive_value":0.1001668953,"defensive_value":-0.012406648,"count":61},"3":{"player_id":3431,"player_name":"Jo\u00e3o Pedro Cavaco Cancelo","vaep_value":0.1154583879,"offensive_value":0.1419723319,"defensive_value":-0.026513944,"count":62},"4":{"player_id":3543,"player_name":"Milan \u0160kriniar","vaep_value":0.0982846527,"offensive_value":0.0402598389,"defensive_value":0.0580248138,"count":73},"5":{"player_id":7982,"player_name":"Roberto Gagliardini","vaep_value":0.0467600541,"offensive_value":0.0328886973,"defensive_value":0.0138713567,"count":59},"6":{"player_id":14812,"player_name":"Jo\u00e3o Pedro Cavaco Cancelo","vaep_value":-0.1992215841,"offensive_value":-0.2194797667,"defensive_value":0.0202581825,"count":51},"7":{"player_id":20404,"player_name":"Jo\u00e3o Pedro Cavaco Cancelo","vaep_value":0.2260191365,"offensive_value":0.1941857233,"defensive_value":0.0318334132,"count":87},"8":{"player_id":20571,"player_name":"Jo\u00e3o Miranda de Souza Filho","vaep_value":0.1189782452,"offensive_value":0.0843720858,"defensive_value":0.0346061594,"count":60},"9":{"player_id":20626,"player_name":"Samir Handanovi\u010d","vaep_value":0.1317990193,"offensive_value":0.1062950953,"defensive_value":0.025503924,"count":14},"10":{"player_id":20841,"player_name":"Marten de Roon","vaep_value":0.1250402262,"offensive_value":0.108220969,"defensive_value":0.0168192572,"count":76},"11":{"player_id":21077,"player_name":"Marten de Roon","vaep_value":-0.035290749,"offensive_value":-0.0156435112,"defensive_value":-0.0196472377,"count":78},"12":{"player_id":21094,"player_name":"Danilo D'Ambrosio","vaep_value":0.3409379398,"offensive_value":0.1723697727,"defensive_value":0.1685681671,"count":78},"13":{"player_id":41034,"player_name":"Remo Freuler","vaep_value":0.2008762733,"offensive_value":0.1578556794,"defensive_value":0.0430205939,"count":88},"14":{"player_id":49991,"player_name":"Remo Freuler","vaep_value":0.0808927335,"offensive_value":0.0575543167,"defensive_value":0.0233384168,"count":68},"15":{"player_id":50849,"player_name":"Jo\u00e3o Miranda de Souza Filho","vaep_value":0.0891731216,"offensive_value":0.0689565041,"defensive_value":0.0202166175,"count":36},"16":{"player_id":135150,"player_name":"Jo\u00e3o Miranda de Souza Filho","vaep_value":-0.0343534788,"offensive_value":-0.0171884997,"defensive_value":-0.0171649791,"count":22},"17":{"player_id":135903,"player_name":"Marten de Roon","vaep_value":-0.0458506997,"offensive_value":0.0207385078,"defensive_value":-0.0665892075,"count":61},"18":{"player_id":138408,"player_name":"Alejandro Dar\u00edo G\u00f3mez","vaep_value":0.3465205027,"offensive_value":0.1311262595,"defensive_value":0.2153942432,"count":106},"19":{"player_id":206314,"player_name":"Borja Valero Iglesias","vaep_value":-0.0638461767,"offensive_value":-0.0730168174,"defensive_value":0.0091706407,"count":19},"20":{"player_id":241676,"player_name":"Robin Gosens","vaep_value":0.2094956184,"offensive_value":0.1538527502,"defensive_value":0.0556428682,"count":64},"21":{"player_id":263803,"player_name":"Jo\u00e3o Pedro Cavaco Cancelo","vaep_value":0.0069596762,"offensive_value":0.039980733,"defensive_value":-0.0330210568,"count":9},"22":{"player_id":280419,"player_name":"Alejandro Dar\u00edo G\u00f3mez","vaep_value":0.0493103639,"offensive_value":0.0224093661,"defensive_value":0.0269009979,"count":64},"23":{"player_id":288663,"player_name":"Mattia Caldara","vaep_value":0.1219275946,"offensive_value":0.0324496473,"defensive_value":0.0894779473,"count":51},"24":{"player_id":295176,"player_name":"Samir Handanovi\u010d","vaep_value":0.1589279668,"offensive_value":0.1249393803,"defensive_value":0.0339885865,"count":52},"25":{"player_id":346913,"player_name":"Danilo D'Ambrosio","vaep_value":-0.0061480619,"offensive_value":-0.0040950852,"defensive_value":-0.0020529767,"count":5},"26":{"player_id":352993,"player_name":"Samir Handanovi\u010d","vaep_value":-0.0113637901,"offensive_value":-0.0104153766,"defensive_value":-0.0009484135,"count":1},"27":{"player_id":491409,"player_name":"Milan \u0160kriniar","vaep_value":-0.1636309642,"offensive_value":-0.1520255343,"defensive_value":-0.0116054299,"count":17}}