{"0":{"player_id":0,"player_name":"Munir El Haddadi Mohamed","vaep_value":0.0366876648,"offensive_value":0.057108657,"defensive_value":-0.0204209922,"count":7},"1":{"player_id":151,"player_name":"Rodrigo Ely","vaep_value":0.1236367667,"offensive_value":0.13844627,"defensive_value":-0.0148095033,"count":43},"2":{"player_id":3267,"player_name":"Vicente Guaita Panadero","vaep_value":0.1434840086,"offensive_value":0.146964515,"defensive_value":-0.0034805064,"count":30},"3":{"player_id":3299,"player_name":"V\u00edctor Laguardia Cisneros","vaep_value":0.1004135326,"offensive_value":0.1107323528,"defensive_value":-0.0103188202,"count":27},"4":{"player_id":3423,"player_name":"John Guidetti","vaep_value":0.0323048282,"offensive_value":-0.0162453242,"defensive_value":0.0485501523,"count":6},"5":{"player_id":3466,"player_name":"Leandro Daniel Cabrera Sas\u00eda","vaep_value":0.0290348189,"offensive_value":0.0226266009,"defensive_value":0.0064082179,"count":2},"6":{"player_id":3538,"player_name":"Vitorino Gabriel  Pacheco Antunes","vaep_value":-0.0186144602,"offensive_value":-0.0153363533,"defensive_value":-0.0032781069,"count":2},"7":{"player_id":3605,"player_name":"V\u00edctor Laguardia Cisneros","vaep_value":-0.2781302321,"offensive_value":-0.2303362496,"defensive_value":-0.0477939826,"count":25},"8":{"player_id":3650,"player_name":"Rub\u00e9n Sobrino Pozuelo","vaep_value":0.1161270801,"offensive_value":0.0802635401,"defensive_value":0.03586354,"count":51},"9":{"player_id":3674,"player_name":"Vitorino Gabriel  Pacheco Antunes","vaep_value":-0.0419209305,"offensive_value":-0.0326666188,"defensive_value":-0.0092543117,"count":24},"10":{"player_id":3885,"player_name":"Jorge Molina Vidal","vaep_value":0.0478743059,"offensive_value":0.0576698252,"defensive_value":-0.0097955193,"count":44},"11":{"player_id":3974,"player_name":"Fernando Pacheco Flores","vaep_value":0.3158733362,"offensive_value":0.2003270384,"defensive_value":0.1155462977,"count":71},"12":{"player_id":4131,"player_name":"Rodrigo Ely","vaep_value":0.0686814039,"offensive_value":0.0699890009,"defensive_value":-0.001307597,"count":17},"13":{"player_id":4343,"player_name":"Dami\u00e1n Nicol\u00e1s Su\u00e1rez Su\u00e1rez","vaep_value":-0.0297967574,"offensive_value":-0.0198275952,"defensive_value":-0.0099691622,"count":11},"14":{"player_id":4358,"player_name":"\u00c1ngel Luis Rodr\u00edguez D\u00edaz","vaep_value":1.1326132147,"offensive_value":1.1209175481,"defensive_value":0.0116956666,"count":41},"15":{"player_id":7585,"player_name":"Dami\u00e1n Nicol\u00e1s Su\u00e1rez Su\u00e1rez","vaep_value":0.0176564527,"offensive_value":0.0486471538,"defensive_value":-0.0309907011,"count":58},"16":{"player_id":20406,"player_name":"Rub\u00e9n Duarte S\u00e1nchez","vaep_value":-0.0345234064,"offensive_value":-0.0654538036,"defensive_value":0.0309303972,"count":31},"17":{"player_id":25577,"player_name":"\u00c1ngel Luis Rodr\u00edguez D\u00edaz","vaep_value":-0.0161039592,"offensive_value":-0.0103603452,"defensive_value":-0.0057436139,"count":10},"18":{"player_id":25888,"player_name":"Rub\u00e9n Duarte S\u00e1nchez","vaep_value":0.3457933243,"offensive_value":0.2422123564,"defensive_value":0.103580968,"count":60},"19":{"player_id":93000,"player_name":"Munir El Haddadi Mohamed","vaep_value":-0.6121348159,"offensive_value":-0.5695571949,"defensive_value":-0.0425776209,"count":64},"20":{"player_id":94828,"player_name":"Rub\u00e9n Duarte S\u00e1nchez","vaep_value":-0.0175898725,"offensive_value":-0.0248146731,"defensive_value":0.0072248006,"count":26},"21":{"player_id":134249,"player_name":"Rub\u00e9n Sobrino Pozuelo","vaep_value":-0.0595475833,"offensive_value":-0.0335694995,"defensive_value":-0.0259780838,"count":28},"22":{"player_id":208694,"player_name":"Rub\u00e9n Sobrino Pozuelo","vaep_value":0.132472107,"offensive_value":0.1482833241,"defensive_value":-0.0158112171,"count":44},"23":{"player_id":225022,"player_name":"Manuel Alejandro Garc\u00eda S\u00e1nchez","vaep_value":-0.1739775038,"offensive_value":0.2496749619,"defensive_value":-0.4236524657,"count":59},"24":{"player_id":226005,"player_name":"Gaku Shibasaki","vaep_value":0.0036910429,"offensive_value":0.0452804785,"defensive_value":-0.0415894357,"count":44},"25":{"player_id":250805,"player_name":"Mart\u00edn Aguirregabiria Padilla","vaep_value":-0.0381082797,"offensive_value":0.073120467,"defensive_value":-0.1112287467,"count":54},"26":{"player_id":278278,"player_name":"Munir El Haddadi Mohamed","vaep_value":0.6739650253,"offensive_value":0.6966294544,"defensive_value":-0.0226644291,"count":41},"27":{"player_id":344140,"player_name":"Mart\u00edn Aguirregabiria Padilla","vaep_value":0.0886333593,"offensive_value":0.0091049054,"defensive_value":0.0795284539,"count":33},"28":{"player_id":489488,"player_name":"Tom\u00e1s Pina Isla","vaep_value":0.2410209025,"offensive_value":0.2497875841,"defensive_value":-0.0087666815,"count":43}}