{"0":{"player_id":0,"player_name":"Georginio Wijnaldum","vaep_value":0.0020631023,"offensive_value":0.0335046491,"defensive_value":-0.0314415467,"count":7},"1":{"player_id":116,"player_name":"Dejan Lovren","vaep_value":-0.0948542149,"offensive_value":-0.1177557561,"defensive_value":0.0229015412,"count":33},"2":{"player_id":3802,"player_name":"Ben Chilwell","vaep_value":1.0630996232,"offensive_value":1.071031041,"defensive_value":-0.0079314178,"count":64},"3":{"player_id":4908,"player_name":"Emre Can","vaep_value":0.1761521558,"offensive_value":0.165021589,"defensive_value":0.0111305668,"count":69},"4":{"player_id":7868,"player_name":"Marc Albrighton","vaep_value":0.011584755,"offensive_value":0.0370029728,"defensive_value":-0.0254182178,"count":10},"5":{"player_id":7907,"player_name":"Andy King","vaep_value":-0.0036559303,"offensive_value":0.0035889703,"defensive_value":-0.0072449006,"count":13},"6":{"player_id":7964,"player_name":"Jamie Vardy","vaep_value":1.3466642856,"offensive_value":1.2319693395,"defensive_value":0.114694946,"count":95},"7":{"player_id":8013,"player_name":"Jo\u00ebl Andre Job Matip","vaep_value":0.0996272691,"offensive_value":0.1834420402,"defensive_value":-0.0838147711,"count":50},"8":{"player_id":8319,"player_name":"Emre Can","vaep_value":-0.0013426504,"offensive_value":0.0014739826,"defensive_value":-0.002816633,"count":10},"9":{"player_id":8480,"player_name":"Ben Chilwell","vaep_value":0.1315800357,"offensive_value":0.1486266265,"defensive_value":-0.0170465908,"count":37},"10":{"player_id":8488,"player_name":"Simon Mignolet","vaep_value":0.1430222809,"offensive_value":0.1008089317,"defensive_value":0.0422133491,"count":45},"11":{"player_id":8498,"player_name":"Jo\u00ebl Andre Job Matip","vaep_value":0.1357474813,"offensive_value":0.1373498829,"defensive_value":-0.0016024016,"count":45},"12":{"player_id":8514,"player_name":"Joe Gomez","vaep_value":-0.1511204439,"offensive_value":0.165964575,"defensive_value":-0.317085019,"count":47},"13":{"player_id":8653,"player_name":"Jordan Brian Henderson","vaep_value":0.4462741852,"offensive_value":0.5322063245,"defensive_value":-0.0859321393,"count":72},"14":{"player_id":12829,"player_name":"Mohamed  Salah Ghaly","vaep_value":0.0696512375,"offensive_value":0.0218032697,"defensive_value":0.0478479678,"count":24},"15":{"player_id":14763,"player_name":"Emre Can","vaep_value":0.5334361544,"offensive_value":0.583122211,"defensive_value":-0.0496860567,"count":24},"16":{"player_id":14870,"player_name":"Jordan Brian Henderson","vaep_value":0.2271437956,"offensive_value":0.0736413095,"defensive_value":0.1535024861,"count":63},"17":{"player_id":15808,"player_name":"Emre Can","vaep_value":-0.507107467,"offensive_value":-0.244440864,"defensive_value":-0.2626666031,"count":32},"18":{"player_id":18550,"player_name":"Jo\u00ebl Andre Job Matip","vaep_value":0.245637407,"offensive_value":0.2046648334,"defensive_value":0.0409725736,"count":71},"19":{"player_id":25393,"player_name":"Dejan Lovren","vaep_value":-0.0380860177,"offensive_value":-0.0399758264,"defensive_value":0.0018898087,"count":57},"20":{"player_id":26150,"player_name":null,"vaep_value":0.0331236534,"offensive_value":0.0711996938,"defensive_value":-0.0380760405,"count":35},"21":{"player_id":119630,"player_name":"Philippe Coutinho Correia","vaep_value":-0.1193438473,"offensive_value":-0.1124013755,"defensive_value":-0.0069424717,"count":5},"22":{"player_id":120353,"player_name":"Roberto Firmino Barbosa de Oliveira","vaep_value":0.5963352309,"offensive_value":0.5503939979,"defensive_value":0.045941233,"count":50},"23":{"player_id":149019,"player_name":"Philippe Coutinho Correia","vaep_value":0.175866086,"offensive_value":0.0930524825,"defensive_value":0.0828136036,"count":63},"24":{"player_id":257899,"player_name":"Jordan Brian Henderson","vaep_value":0.1853491083,"offensive_value":0.1780125152,"defensive_value":0.0073365931,"count":79},"25":{"player_id":265366,"player_name":"Roberto Firmino Barbosa de Oliveira","vaep_value":-0.0759551472,"offensive_value":0.0655747465,"defensive_value":-0.1415298936,"count":62},"26":{"player_id":283142,"player_name":"Jordan Brian Henderson","vaep_value":0.0895264295,"offensive_value":0.0723597952,"defensive_value":0.0171666343,"count":11},"27":{"player_id":285508,"player_name":"Mohamed  Salah Ghaly","vaep_value":0.0014358275,"offensive_value":0.0126837697,"defensive_value":-0.0112479422,"count":10},"28":{"player_id":350976,"player_name":"Emre Can","vaep_value":0.1240584739,"offensive_value":0.1771476322,"defensive_value":-0.0530891584,"count":68}}