{"0":{"player_id":0,"player_name":"Alexandre Lacazette","vaep_value":0.04279307,"offensive_value":0.0551331504,"defensive_value":-0.0123400805,"count":13},"1":{"player_id":3319,"player_name":"Shkodran Mustafi","vaep_value":1.1386705449,"offensive_value":1.1889472978,"defensive_value":-0.0502767529,"count":138},"2":{"player_id":3361,"player_name":"Nemanja Mati\u0107","vaep_value":0.9557393771,"offensive_value":1.051645827,"defensive_value":-0.0959064499,"count":90},"3":{"player_id":3413,"player_name":"Nemanja Mati\u0107","vaep_value":0.1098710077,"offensive_value":0.1072596959,"defensive_value":0.0026113119,"count":19},"4":{"player_id":3560,"player_name":"Alexis Alejandro S\u00e1nchez S\u00e1nchez","vaep_value":0.2340444303,"offensive_value":0.153125992,"defensive_value":0.0809184383,"count":73},"5":{"player_id":7855,"player_name":"Alexandre Lacazette","vaep_value":0.3805663894,"offensive_value":0.285713287,"defensive_value":0.0948531025,"count":77},"6":{"player_id":7870,"player_name":"Paul Pogba","vaep_value":-0.0461172208,"offensive_value":-0.0826554378,"defensive_value":0.036538217,"count":99},"7":{"player_id":7882,"player_name":"Ashley  Young","vaep_value":0.1039412103,"offensive_value":0.0473353609,"defensive_value":0.0566058494,"count":29},"8":{"player_id":7905,"player_name":"H\u00e9ctor Beller\u00edn Moruno","vaep_value":0.4041387873,"offensive_value":0.1605902922,"defensive_value":0.2435484951,"count":28},"9":{"player_id":7910,"player_name":"Mesut \u00d6zil","vaep_value":0.050011459,"offensive_value":0.3120646549,"defensive_value":-0.2620531959,"count":43},"10":{"player_id":7922,"player_name":"H\u00e9ctor Beller\u00edn Moruno","vaep_value":0.2733514156,"offensive_value":0.0283432264,"defensive_value":0.2450081892,"count":22},"11":{"player_id":7934,"player_name":"Mesut \u00d6zil","vaep_value":1.2463071304,"offensive_value":1.1962786291,"defensive_value":0.0500285013,"count":31},"12":{"player_id":7936,"player_name":"Sead Kola\u0161inac","vaep_value":1.0225032867,"offensive_value":0.9750826338,"defensive_value":0.0474206529,"count":33},"13":{"player_id":7938,"player_name":"Luis Antonio Valencia Mosquera","vaep_value":1.3922228912,"offensive_value":1.0726342278,"defensive_value":0.3195886634,"count":43},"14":{"player_id":7939,"player_name":"Victor Nilsson Lindel\u00f6f","vaep_value":0.253265177,"offensive_value":-0.0269107421,"defensive_value":0.2801759191,"count":44},"15":{"player_id":7945,"player_name":"David de Gea Quintana","vaep_value":-0.0430047282,"offensive_value":-0.0517792506,"defensive_value":0.0087745225,"count":23},"16":{"player_id":14869,"player_name":"Granit Xhaka","vaep_value":0.7666785513,"offensive_value":0.2165767507,"defensive_value":0.5501018006,"count":55},"17":{"player_id":20612,"player_name":"Sead Kola\u0161inac","vaep_value":0.0090134162,"offensive_value":0.0125137337,"defensive_value":-0.0035003175,"count":7},"18":{"player_id":21095,"player_name":"Aaron Ramsey","vaep_value":0.0326497781,"offensive_value":0.0011906051,"defensive_value":0.031459173,"count":2},"19":{"player_id":25413,"player_name":"Victor Nilsson Lindel\u00f6f","vaep_value":-0.268025473,"offensive_value":-0.2281328677,"defensive_value":-0.0398926053,"count":53},"20":{"player_id":26010,"player_name":"David de Gea Quintana","vaep_value":-0.1588757472,"offensive_value":-0.1590496182,"defensive_value":0.0001738709,"count":6},"21":{"player_id":49876,"player_name":"Shkodran Mustafi","vaep_value":0.6546979516,"offensive_value":0.6227753784,"defensive_value":0.0319225732,"count":68},"22":{"player_id":70122,"player_name":"Paul Pogba","vaep_value":0.3322779785,"offensive_value":0.0936331649,"defensive_value":0.2386448137,"count":49},"23":{"player_id":71703,"player_name":"Ignacio Monreal Eraso","vaep_value":0.193810823,"offensive_value":0.0323494324,"defensive_value":0.1614613907,"count":28},"24":{"player_id":101652,"player_name":"Sead Kola\u0161inac","vaep_value":0.0819205382,"offensive_value":0.1493023699,"defensive_value":-0.0673818317,"count":38},"25":{"player_id":134513,"player_name":"Sead Kola\u0161inac","vaep_value":0.2220408075,"offensive_value":0.2355890591,"defensive_value":-0.0135482515,"count":31},"26":{"player_id":167145,"player_name":"Luis Antonio Valencia Mosquera","vaep_value":0.1334112574,"offensive_value":0.0661413721,"defensive_value":0.0672698853,"count":73},"27":{"player_id":230020,"player_name":"Paul Pogba","vaep_value":0.0476644707,"offensive_value":0.0763316019,"defensive_value":-0.0286671312,"count":66},"28":{"player_id":397178,"player_name":"Luis Antonio Valencia Mosquera","vaep_value":-0.0332128503,"offensive_value":-0.0038886336,"defensive_value":-0.0293242168,"count":1}}