{"0":{"player_id":0,"player_name":"Lucas P\u00e9rez Mart\u00ednez","vaep_value":0.0060128212,"offensive_value":0.058697609,"defensive_value":-0.0526847878,"count":10},"1":{"player_id":3287,"player_name":"Celso Borges Mora","vaep_value":0.9979694983,"offensive_value":1.0204813045,"defensive_value":-0.0225118062,"count":40},"2":{"player_id":3325,"player_name":"Juan Francisco Moreno Fuertes","vaep_value":0.1176606334,"offensive_value":0.1488481042,"defensive_value":-0.0311874708,"count":112},"3":{"player_id":3407,"player_name":"Sidnei Rechel da Silva J\u00fanior","vaep_value":-0.2849772827,"offensive_value":0.1225429259,"defensive_value":-0.4075202086,"count":44},"4":{"player_id":3451,"player_name":"Ra\u00fal Albentosa Redal","vaep_value":-0.1007590193,"offensive_value":-0.0862481557,"defensive_value":-0.0145108636,"count":14},"5":{"player_id":3692,"player_name":"Juan Francisco Moreno Fuertes","vaep_value":-0.0299144385,"offensive_value":0.0316663679,"defensive_value":-0.0615808064,"count":36},"6":{"player_id":4278,"player_name":"Federico Nicol\u00e1s Cartabia","vaep_value":0.0770636629,"offensive_value":0.0514802202,"defensive_value":0.0255834428,"count":24},"7":{"player_id":4360,"player_name":"Celso Borges Mora","vaep_value":0.0058115051,"offensive_value":0.0470039068,"defensive_value":-0.0411924017,"count":45},"8":{"player_id":6165,"player_name":"Juan Francisco Moreno Fuertes","vaep_value":-0.1286264608,"offensive_value":-0.1113230535,"defensive_value":-0.0173034073,"count":6},"9":{"player_id":6210,"player_name":"Ra\u00fal Albentosa Redal","vaep_value":0.1578575119,"offensive_value":0.1941679306,"defensive_value":-0.0363104187,"count":57},"10":{"player_id":7302,"player_name":"Sidnei Rechel da Silva J\u00fanior","vaep_value":-0.3409293823,"offensive_value":0.0737317904,"defensive_value":-0.4146611727,"count":56},"11":{"player_id":32577,"player_name":"Ra\u00fal Albentosa Redal","vaep_value":0.1109052155,"offensive_value":0.0441185888,"defensive_value":0.0667866267,"count":51},"12":{"player_id":32652,"player_name":"Juan Francisco Moreno Fuertes","vaep_value":0.003292872,"offensive_value":-0.0507139594,"defensive_value":0.0540068314,"count":45},"13":{"player_id":40614,"player_name":"Federico Nicol\u00e1s Cartabia","vaep_value":0.2456131792,"offensive_value":0.1922177131,"defensive_value":0.0533954661,"count":88},"14":{"player_id":50272,"player_name":"Jon\u00e1s  Ramalho Chimeno","vaep_value":0.0236028096,"offensive_value":-0.0027468432,"defensive_value":0.0263496528,"count":25},"15":{"player_id":51004,"player_name":"Jon\u00e1s  Ramalho Chimeno","vaep_value":-0.0132353129,"offensive_value":-0.0414127622,"defensive_value":0.0281774494,"count":72},"16":{"player_id":70451,"player_name":"Federico Santiago Valverde Dipetta","vaep_value":0.0835309163,"offensive_value":0.0860266578,"defensive_value":-0.0024957416,"count":64},"17":{"player_id":91702,"player_name":"Juan Francisco Moreno Fuertes","vaep_value":-0.0956035742,"offensive_value":-0.0736885907,"defensive_value":-0.0219149835,"count":17},"18":{"player_id":105541,"player_name":"Juan Francisco Moreno Fuertes","vaep_value":0.2435763553,"offensive_value":0.2841216647,"defensive_value":-0.0405453093,"count":46},"19":{"player_id":120631,"player_name":"Ra\u00fal Albentosa Redal","vaep_value":0.0112031761,"offensive_value":0.1391372911,"defensive_value":-0.127934115,"count":33},"20":{"player_id":214062,"player_name":"Sidnei Rechel da Silva J\u00fanior","vaep_value":0.2113842845,"offensive_value":0.2026690053,"defensive_value":0.0087152792,"count":27},"21":{"player_id":230895,"player_name":"Ra\u00fal Albentosa Redal","vaep_value":0.0321283995,"offensive_value":0.0179264124,"defensive_value":0.0142019871,"count":24},"22":{"player_id":230897,"player_name":"Juan Pedro Ram\u00edrez L\u00f3pez","vaep_value":0.0409235017,"offensive_value":-0.0280759588,"defensive_value":0.0689994604,"count":68},"23":{"player_id":239843,"player_name":"Juan Pedro Ram\u00edrez L\u00f3pez","vaep_value":0.040809962,"offensive_value":0.0482100111,"defensive_value":-0.0074000491,"count":16},"24":{"player_id":263105,"player_name":"Jon\u00e1s  Ramalho Chimeno","vaep_value":0.1363342276,"offensive_value":0.0793713749,"defensive_value":0.0569628527,"count":50},"25":{"player_id":282448,"player_name":"Juan Francisco Moreno Fuertes","vaep_value":-0.0889652233,"offensive_value":-0.059014677,"defensive_value":-0.0299505463,"count":58},"26":{"player_id":285491,"player_name":"Juan Pedro Ram\u00edrez L\u00f3pez","vaep_value":-0.0177834064,"offensive_value":0.1043399891,"defensive_value":-0.1221233956,"count":26},"27":{"player_id":364005,"player_name":"Sidnei Rechel da Silva J\u00fanior","vaep_value":0.0540540125,"offensive_value":0.1313221041,"defensive_value":-0.0772680916,"count":49},"28":{"player_id":443324,"player_name":"Francis Odinaka Uzoho","vaep_value":-0.1911679844,"offensive_value":-0.0692376278,"defensive_value":-0.1219303566,"count":23}}