{"0":{"player_id":0,"player_name":"Francisco Rom\u00e1n Alarc\u00f3n Su\u00e1rez","vaep_value":0.0240106854,"offensive_value":0.0744204746,"defensive_value":-0.0504097892,"count":13},"1":{"player_id":3306,"player_name":"Luka Modri\u0107","vaep_value":-0.0574790474,"offensive_value":0.1418149674,"defensive_value":-0.1992940148,"count":95},"2":{"player_id":3309,"player_name":"Toni Kroos","vaep_value":0.2909594198,"offensive_value":0.1893412224,"defensive_value":0.1016181974,"count":62},"3":{"player_id":3310,"player_name":"Carlos Henrique Casimiro","vaep_value":0.403687062,"offensive_value":0.4197857394,"defensive_value":-0.0160986774,"count":96},"4":{"player_id":3321,"player_name":"Sergio Ramos Garc\u00eda","vaep_value":-0.0352053379,"offensive_value":-0.0258554351,"defensive_value":-0.0093499029,"count":8},"5":{"player_id":3322,"player_name":"Toni Kroos","vaep_value":0.7525385308,"offensive_value":0.751799311,"defensive_value":0.0007392198,"count":30},"6":{"player_id":3486,"player_name":"Marcelo Vieira da Silva J\u00fanior","vaep_value":0.0585451529,"offensive_value":0.0821941493,"defensive_value":-0.0236489964,"count":39},"7":{"player_id":3529,"player_name":"Marcelo Vieira da Silva J\u00fanior","vaep_value":0.1226654322,"offensive_value":0.1691158066,"defensive_value":-0.0464503744,"count":90},"8":{"player_id":3563,"player_name":"Sergio Ramos Garc\u00eda","vaep_value":0.2794433567,"offensive_value":0.2376207041,"defensive_value":0.0418226526,"count":94},"9":{"player_id":3695,"player_name":"Rapha\u00ebl Varane","vaep_value":0.140220472,"offensive_value":0.0810401135,"defensive_value":0.0591803585,"count":46},"10":{"player_id":4332,"player_name":"Sergio Ramos Garc\u00eda","vaep_value":0.1292778861,"offensive_value":0.1353180375,"defensive_value":-0.0060401513,"count":42},"11":{"player_id":4498,"player_name":"Toni Kroos","vaep_value":0.0248866586,"offensive_value":0.0207825606,"defensive_value":0.0041040981,"count":19},"12":{"player_id":4501,"player_name":"Francisco Rom\u00e1n Alarc\u00f3n Su\u00e1rez","vaep_value":-0.1242301391,"offensive_value":-0.1130848662,"defensive_value":-0.0111452729,"count":88},"13":{"player_id":8278,"player_name":"Mario Gaspar P\u00e9rez Mart\u00ednez","vaep_value":0.7504234253,"offensive_value":0.7519465606,"defensive_value":-0.0015231352,"count":46},"14":{"player_id":8287,"player_name":"Marcelo Vieira da Silva J\u00fanior","vaep_value":0.0805187339,"offensive_value":0.1083585983,"defensive_value":-0.0278398644,"count":67},"15":{"player_id":14723,"player_name":"Cristiano Ronaldo dos Santos Aveiro","vaep_value":0.320439177,"offensive_value":0.2577329599,"defensive_value":0.0627062171,"count":102},"16":{"player_id":20393,"player_name":"Carlos Henrique Casimiro","vaep_value":0.3123548939,"offensive_value":0.061744752,"defensive_value":0.2506101419,"count":35},"17":{"player_id":20623,"player_name":"Francisco Rom\u00e1n Alarc\u00f3n Su\u00e1rez","vaep_value":0.1807551726,"offensive_value":0.1706020162,"defensive_value":0.0101531565,"count":58},"18":{"player_id":22578,"player_name":"Marcelo Vieira da Silva J\u00fanior","vaep_value":0.0339578469,"offensive_value":0.0643170543,"defensive_value":-0.0303592074,"count":46},"19":{"player_id":40756,"player_name":"\u00c1lvaro Gonz\u00e1lez Sober\u00f3n","vaep_value":0.0389160594,"offensive_value":-0.0398591252,"defensive_value":0.0787751846,"count":68},"20":{"player_id":69404,"player_name":"\u00c1lvaro Gonz\u00e1lez Sober\u00f3n","vaep_value":0.1574159153,"offensive_value":0.140558721,"defensive_value":0.0168571942,"count":20},"21":{"player_id":122832,"player_name":"Daniele Bonera","vaep_value":0.0691604647,"offensive_value":0.0350305454,"defensive_value":0.0341299193,"count":23},"22":{"player_id":134174,"player_name":"Javier Fuego Mart\u00ednez","vaep_value":0.9817186359,"offensive_value":0.9356283846,"defensive_value":0.0460902513,"count":14},"23":{"player_id":267134,"player_name":"Daniele Bonera","vaep_value":0.8623591097,"offensive_value":0.8635492476,"defensive_value":-0.0011901379,"count":12},"24":{"player_id":274435,"player_name":"Andr\u00e9s Eduardo Fern\u00e1ndez Moreno","vaep_value":-0.1472283353,"offensive_value":-0.116769595,"defensive_value":-0.0304587403,"count":32},"25":{"player_id":286994,"player_name":"Adri\u00e1n Mar\u00edn G\u00f3mez","vaep_value":0.0789293508,"offensive_value":0.0980747379,"defensive_value":-0.0191453871,"count":64},"26":{"player_id":352985,"player_name":"Adri\u00e1n Mar\u00edn G\u00f3mez","vaep_value":0.2144421195,"offensive_value":0.1301308773,"defensive_value":0.0843112422,"count":38},"27":{"player_id":364860,"player_name":"Javier Fuego Mart\u00ednez","vaep_value":0.267413131,"offensive_value":0.2365619892,"defensive_value":0.0308511418,"count":86},"28":{"player_id":399676,"player_name":"Pablo Fornals Malla","vaep_value":0.1980574282,"offensive_value":-0.036648606,"defensive_value":0.2347060342,"count":58}}