{"0":{"player_id":0,"player_name":"Nikola Kalini\u0107","vaep_value":0.0757796461,"offensive_value":0.1158639642,"defensive_value":-0.0400843181,"count":16},"1":{"player_id":625,"player_name":"Leonardo Bonucci","vaep_value":0.0734847677,"offensive_value":0.0809883021,"defensive_value":-0.0075035344,"count":56},"2":{"player_id":3526,"player_name":"Ricardo Iv\u00e1n Rodr\u00edguez Araya","vaep_value":0.0806354698,"offensive_value":0.2001560655,"defensive_value":-0.1195205958,"count":101},"3":{"player_id":14922,"player_name":"Giacomo Bonaventura","vaep_value":0.0594493297,"offensive_value":0.0657422522,"defensive_value":-0.0062929225,"count":73},"4":{"player_id":15524,"player_name":"Ricardo Iv\u00e1n Rodr\u00edguez Araya","vaep_value":-0.0085726781,"offensive_value":-0.0080765032,"defensive_value":-0.0004961749,"count":4},"5":{"player_id":20390,"player_name":"Mattia Caldara","vaep_value":0.234515186,"offensive_value":0.2364725363,"defensive_value":-0.0019573503,"count":90},"6":{"player_id":20404,"player_name":"Bryan Cristante","vaep_value":1.0255692399,"offensive_value":1.0303142546,"defensive_value":-0.0047450147,"count":37},"7":{"player_id":20449,"player_name":"Bryan Cristante","vaep_value":0.13574509,"offensive_value":0.033889401,"defensive_value":0.101855689,"count":51},"8":{"player_id":20459,"player_name":"Bryan Cristante","vaep_value":0.1566081509,"offensive_value":0.1380397103,"defensive_value":0.0185684406,"count":69},"9":{"player_id":20820,"player_name":"Bryan Cristante","vaep_value":0.9554430515,"offensive_value":0.955123644,"defensive_value":0.0003194074,"count":28},"10":{"player_id":20841,"player_name":"Leonardo Spinazzola","vaep_value":0.2560601414,"offensive_value":0.1993224525,"defensive_value":0.0567376888,"count":84},"11":{"player_id":20845,"player_name":"Leonardo Spinazzola","vaep_value":0.1710500293,"offensive_value":0.1333561734,"defensive_value":0.0376938559,"count":55},"12":{"player_id":20943,"player_name":"Andrea Masiello","vaep_value":0.0277718069,"offensive_value":0.0198259149,"defensive_value":0.0079458921,"count":74},"13":{"player_id":21077,"player_name":"Mattia Caldara","vaep_value":-0.0047888397,"offensive_value":0.0418186787,"defensive_value":-0.0466075183,"count":64},"14":{"player_id":21620,"player_name":"Rafael Tol\u00f3i","vaep_value":-0.0110559169,"offensive_value":-0.0172141185,"defensive_value":0.0061582016,"count":4},"15":{"player_id":37732,"player_name":"Marten de Roon","vaep_value":0.0062314875,"offensive_value":0.0412027955,"defensive_value":-0.034971308,"count":15},"16":{"player_id":41034,"player_name":"Hans Hateboer","vaep_value":0.2385868438,"offensive_value":0.1619248401,"defensive_value":0.0766620038,"count":56},"17":{"player_id":49991,"player_name":"Marten de Roon","vaep_value":0.0063920352,"offensive_value":-0.0205516249,"defensive_value":0.0269436601,"count":63},"18":{"player_id":50849,"player_name":"Riccardo Montolivo","vaep_value":0.1233268982,"offensive_value":0.1528405137,"defensive_value":-0.0295136155,"count":42},"19":{"player_id":105376,"player_name":"Riccardo Montolivo","vaep_value":-0.1548074412,"offensive_value":-0.1368946154,"defensive_value":-0.0179128258,"count":35},"20":{"player_id":135927,"player_name":"Bryan Cristante","vaep_value":-0.033911519,"offensive_value":-0.0322257285,"defensive_value":-0.0016857905,"count":6},"21":{"player_id":190167,"player_name":"Hans Hateboer","vaep_value":0.0264840859,"offensive_value":0.074141762,"defensive_value":-0.047657676,"count":68},"22":{"player_id":246175,"player_name":"Ricardo Iv\u00e1n Rodr\u00edguez Araya","vaep_value":-0.025618239,"offensive_value":0.0136972123,"defensive_value":-0.0393154513,"count":28},"23":{"player_id":280419,"player_name":"Andrea Masiello","vaep_value":0.0586536261,"offensive_value":0.0193751515,"defensive_value":0.0392784746,"count":43},"24":{"player_id":285109,"player_name":"Etrit Berisha","vaep_value":-0.129743477,"offensive_value":-0.1288624976,"defensive_value":-0.0008809794,"count":66},"25":{"player_id":288663,"player_name":"Giacomo Bonaventura","vaep_value":-0.0051413327,"offensive_value":-0.0414125533,"defensive_value":0.0362712205,"count":43},"26":{"player_id":350999,"player_name":"Riccardo Montolivo","vaep_value":0.1602492153,"offensive_value":0.0488622376,"defensive_value":0.1113869777,"count":32},"27":{"player_id":351010,"player_name":null,"vaep_value":-0.0126198498,"offensive_value":-0.0577864575,"defensive_value":0.0451666077,"count":34}}