{"0":{"player_id":0,"player_name":"Kevin Volland","vaep_value":-0.0287591529,"offensive_value":0.0263194984,"defensive_value":-0.0550786513,"count":7},"1":{"player_id":14766,"player_name":"Charles Mariano Ar\u00e1nguiz Sandoval","vaep_value":0.0091095017,"offensive_value":0.0530534168,"defensive_value":-0.0439439151,"count":26},"2":{"player_id":14768,"player_name":"Benjamin Henrichs","vaep_value":0.1306066011,"offensive_value":0.1746302863,"defensive_value":-0.0440236852,"count":47},"3":{"player_id":14786,"player_name":"Wendell Nascimento Borges","vaep_value":0.038668535,"offensive_value":0.0663085645,"defensive_value":-0.0276400296,"count":52},"4":{"player_id":14788,"player_name":"Benjamin Henrichs","vaep_value":-0.0971208431,"offensive_value":-0.1007001996,"defensive_value":0.0035793565,"count":3},"5":{"player_id":14803,"player_name":"Sven Bender","vaep_value":0.0914849922,"offensive_value":0.0850452691,"defensive_value":0.0064397231,"count":83},"6":{"player_id":15178,"player_name":"Benjamin Henrichs","vaep_value":0.0949803178,"offensive_value":0.058632921,"defensive_value":0.0363473968,"count":35},"7":{"player_id":15231,"player_name":"Stefan Bell","vaep_value":-0.0377803097,"offensive_value":-0.0313727823,"defensive_value":-0.0064075274,"count":26},"8":{"player_id":15399,"player_name":"Wendell Nascimento Borges","vaep_value":0.2287126398,"offensive_value":0.2925778275,"defensive_value":-0.0638651877,"count":64},"9":{"player_id":16303,"player_name":"Benjamin Henrichs","vaep_value":0.153313239,"offensive_value":-0.0167388734,"defensive_value":0.1700521124,"count":37},"10":{"player_id":16443,"player_name":"Sven Bender","vaep_value":-0.0175052874,"offensive_value":-0.0098274045,"defensive_value":-0.0076778829,"count":36},"11":{"player_id":21469,"player_name":"Jonathan Tah","vaep_value":0.3114099129,"offensive_value":0.1475579364,"defensive_value":0.1638519765,"count":63},"12":{"player_id":35477,"player_name":"Bernd Leno","vaep_value":-0.0480059256,"offensive_value":-0.0438248556,"defensive_value":-0.00418107,"count":6},"13":{"player_id":40657,"player_name":"Charles Mariano Ar\u00e1nguiz Sandoval","vaep_value":0.348429506,"offensive_value":0.3040699182,"defensive_value":0.0443595878,"count":89},"14":{"player_id":49869,"player_name":"Charles Mariano Ar\u00e1nguiz Sandoval","vaep_value":0.1413949735,"offensive_value":0.1183940205,"defensive_value":0.023000953,"count":50},"15":{"player_id":66654,"player_name":"Giulio Donati","vaep_value":0.0138136249,"offensive_value":0.0158251878,"defensive_value":-0.0020115629,"count":4},"16":{"player_id":86517,"player_name":"Danny Latza","vaep_value":-0.1127065413,"offensive_value":-0.0823108886,"defensive_value":-0.0303956527,"count":46},"17":{"player_id":89559,"player_name":"Giulio Donati","vaep_value":0.1617741953,"offensive_value":0.0739180688,"defensive_value":0.0878561265,"count":70},"18":{"player_id":94764,"player_name":"Julian Brandt","vaep_value":0.9045652535,"offensive_value":0.8818070163,"defensive_value":0.0227582372,"count":11},"19":{"player_id":105619,"player_name":"Karim Bellarabi","vaep_value":0.3238752171,"offensive_value":0.337666125,"defensive_value":-0.0137909079,"count":91},"20":{"player_id":146583,"player_name":"Admir Mehmedi","vaep_value":0.2114542081,"offensive_value":0.2088858498,"defensive_value":0.0025683583,"count":34},"21":{"player_id":165425,"player_name":"Jonathan Tah","vaep_value":0.9246122445,"offensive_value":0.8907911053,"defensive_value":0.0338211391,"count":73},"22":{"player_id":223560,"player_name":"Bernd Leno","vaep_value":0.3030679012,"offensive_value":0.2810954725,"defensive_value":0.0219724288,"count":37},"23":{"player_id":228768,"player_name":"Julian Brandt","vaep_value":0.0918721611,"offensive_value":0.1511344719,"defensive_value":-0.0592623107,"count":75},"24":{"player_id":235450,"player_name":"Julian Brandt","vaep_value":1.1807258485,"offensive_value":1.156925139,"defensive_value":0.0238007095,"count":48},"25":{"player_id":258253,"player_name":"Dominik Kohr","vaep_value":0.1491939441,"offensive_value":0.1316154711,"defensive_value":0.017578473,"count":85},"26":{"player_id":302600,"player_name":"Levin Mete \u00d6ztunali","vaep_value":1.1103683445,"offensive_value":1.0361563289,"defensive_value":0.0742120156,"count":23},"27":{"player_id":425925,"player_name":"Levin Mete \u00d6ztunali","vaep_value":0.0477153211,"offensive_value":0.0265724099,"defensive_value":0.0211429112,"count":18}}