{"0":{"player_id":0,"player_name":"Jake Livermore","vaep_value":-0.0006021035,"offensive_value":0.0109510492,"defensive_value":-0.0115531527,"count":12},"1":{"player_id":179,"player_name":"Claudio Ariel Yacob","vaep_value":0.083372004,"offensive_value":-0.0228817912,"defensive_value":0.1062537952,"count":21},"2":{"player_id":284,"player_name":"Kieran  Gibbs","vaep_value":0.2222663666,"offensive_value":0.0769988939,"defensive_value":0.1452674727,"count":49},"3":{"player_id":471,"player_name":"Ahmed Hegazy","vaep_value":0.7858605703,"offensive_value":0.8162876447,"defensive_value":-0.0304270744,"count":36},"4":{"player_id":3577,"player_name":"Jonny Evans","vaep_value":-0.0060742282,"offensive_value":0.0560863619,"defensive_value":-0.0621605901,"count":49},"5":{"player_id":4365,"player_name":"Ahmed Hegazy","vaep_value":0.2180257837,"offensive_value":0.0638604984,"defensive_value":0.1541652853,"count":80},"6":{"player_id":5281,"player_name":"Ahmed Hegazy","vaep_value":0.1083002833,"offensive_value":0.1120957071,"defensive_value":-0.0037954238,"count":47},"7":{"player_id":7847,"player_name":"Jos\u00e9 Salom\u00f3n Rond\u00f3n Gim\u00e9nez","vaep_value":-0.024417382,"offensive_value":0.0546576829,"defensive_value":-0.0790750649,"count":27},"8":{"player_id":7853,"player_name":"Wayne Routledge","vaep_value":-0.0847594887,"offensive_value":0.0270449112,"defensive_value":-0.1118043999,"count":66},"9":{"player_id":7914,"player_name":"Wayne Routledge","vaep_value":-0.0630611621,"offensive_value":0.0749888384,"defensive_value":-0.1380500005,"count":61},"10":{"player_id":8192,"player_name":"Roque Mesa Quevedo","vaep_value":0.1731183543,"offensive_value":0.1360436047,"defensive_value":0.0370747496,"count":60},"11":{"player_id":8285,"player_name":"Allan-Romeo Nyom","vaep_value":0.1144867033,"offensive_value":0.1596145828,"defensive_value":-0.0451278795,"count":67},"12":{"player_id":8336,"player_name":"Jake Livermore","vaep_value":0.1265535543,"offensive_value":0.1505738153,"defensive_value":-0.024020261,"count":93},"13":{"player_id":8358,"player_name":"Jonny Evans","vaep_value":0.1275071959,"offensive_value":0.1319404866,"defensive_value":-0.0044332907,"count":39},"14":{"player_id":8370,"player_name":"Jake Livermore","vaep_value":0.0764616017,"offensive_value":0.0823251912,"defensive_value":-0.0058635896,"count":18},"15":{"player_id":8530,"player_name":"Jonny Evans","vaep_value":0.1199154914,"offensive_value":0.0406290122,"defensive_value":0.0792864793,"count":38},"16":{"player_id":8686,"player_name":"Ben Foster","vaep_value":-0.5744853682,"offensive_value":-0.0713530157,"defensive_value":-0.5031323525,"count":39},"17":{"player_id":8958,"player_name":"Ahmed Hegazy","vaep_value":0.0333947036,"offensive_value":0.0464343514,"defensive_value":-0.0130396477,"count":34},"18":{"player_id":8976,"player_name":"Mike van der Hoorn","vaep_value":0.3121735842,"offensive_value":0.3047037401,"defensive_value":0.0074698441,"count":74},"19":{"player_id":25571,"player_name":"Kieran  Gibbs","vaep_value":-0.0514645395,"offensive_value":-0.0222080254,"defensive_value":-0.029256514,"count":33},"20":{"player_id":61962,"player_name":"Claudio Ariel Yacob","vaep_value":-0.0236520505,"offensive_value":-0.0069649122,"defensive_value":-0.0166871382,"count":49},"21":{"player_id":77552,"player_name":"Kieran  Gibbs","vaep_value":0.0030103124,"offensive_value":-0.0701687189,"defensive_value":0.0731790314,"count":56},"22":{"player_id":77557,"player_name":"Jonny Evans","vaep_value":0.2518765584,"offensive_value":0.2460170087,"defensive_value":0.0058595497,"count":32},"23":{"player_id":86308,"player_name":"Ben Foster","vaep_value":-0.1033846856,"offensive_value":-0.0229136783,"defensive_value":-0.0804710073,"count":71},"24":{"player_id":119951,"player_name":"Ahmed Hegazy","vaep_value":-0.0115286272,"offensive_value":0.0177645793,"defensive_value":-0.0292932065,"count":46},"25":{"player_id":246866,"player_name":"Claudio Ariel Yacob","vaep_value":-0.3178642382,"offensive_value":-0.2452753253,"defensive_value":-0.0725889129,"count":49},"26":{"player_id":343951,"player_name":"Ahmed Hegazy","vaep_value":-0.0390040716,"offensive_value":-0.0320132081,"defensive_value":-0.0069908635,"count":9},"27":{"player_id":346071,"player_name":"Ben Foster","vaep_value":0.0769210598,"offensive_value":0.0294469115,"defensive_value":0.0474741482,"count":4},"28":{"player_id":434159,"player_name":"Claudio Ariel Yacob","vaep_value":0.1380927838,"offensive_value":0.1441027838,"defensive_value":-0.00601,"count":22}}