{"0":{"player_id":0,"player_name":"Mario  Barwuah Balotelli","vaep_value":-0.0140797732,"offensive_value":-0.0207127716,"defensive_value":0.0066329984,"count":14},"1":{"player_id":8326,"player_name":"Jean Micha\u00ebl Seri","vaep_value":1.1659812877,"offensive_value":0.8294642621,"defensive_value":0.3365170256,"count":46},"2":{"player_id":14722,"player_name":"Alassane Pl\u00e9a","vaep_value":0.2275816194,"offensive_value":0.1778763048,"defensive_value":0.0497053146,"count":55},"3":{"player_id":15010,"player_name":"Maxime Le Marchand","vaep_value":0.2136961701,"offensive_value":0.1515645984,"defensive_value":0.0621315717,"count":74},"4":{"player_id":25410,"player_name":"Dante Bonfim da Costa Santos","vaep_value":-0.1296953448,"offensive_value":-0.1121223789,"defensive_value":-0.0175729659,"count":53},"5":{"player_id":25552,"player_name":"Marlon Santos da Silva Barbosa","vaep_value":0.0574405449,"offensive_value":0.076349518,"defensive_value":-0.0189089731,"count":17},"6":{"player_id":25598,"player_name":"Dante Bonfim da Costa Santos","vaep_value":0.039138387,"offensive_value":0.0350470887,"defensive_value":0.0040912982,"count":24},"7":{"player_id":25714,"player_name":"Maxime Le Marchand","vaep_value":1.5001868517,"offensive_value":1.5488218573,"defensive_value":-0.0486350056,"count":67},"8":{"player_id":25743,"player_name":"Alassane Pl\u00e9a","vaep_value":0.1007697274,"offensive_value":0.1089321754,"defensive_value":-0.0081624481,"count":67},"9":{"player_id":25770,"player_name":"Alassane Pl\u00e9a","vaep_value":-0.2268546622,"offensive_value":-0.2237601506,"defensive_value":-0.0030945116,"count":54},"10":{"player_id":26093,"player_name":"Bouna Sarr","vaep_value":-0.0254259119,"offensive_value":-0.0238648485,"defensive_value":-0.0015610633,"count":4},"11":{"player_id":26135,"player_name":"Dimitri  Payet","vaep_value":0.0595913612,"offensive_value":0.0644885297,"defensive_value":-0.0048971685,"count":77},"12":{"player_id":26633,"player_name":"Florian Thauvin","vaep_value":0.1322220917,"offensive_value":0.0807226271,"defensive_value":0.0514994645,"count":87},"13":{"player_id":28123,"player_name":"Walter Daniel Ben\u00edtez","vaep_value":0.3246318928,"offensive_value":0.3306756087,"defensive_value":-0.0060437159,"count":12},"14":{"player_id":70088,"player_name":"Andr\u00e9-Frank Zambo Anguissa","vaep_value":0.0773361321,"offensive_value":-0.0142123527,"defensive_value":0.0915484848,"count":25},"15":{"player_id":86338,"player_name":"Bouna Sarr","vaep_value":0.051070075,"offensive_value":0.0979131596,"defensive_value":-0.0468430846,"count":37},"16":{"player_id":86745,"player_name":"Rolando Jorge Pires da Fonseca","vaep_value":0.4219068274,"offensive_value":0.0408131074,"defensive_value":0.38109372,"count":30},"17":{"player_id":131959,"player_name":"Steve Mandanda","vaep_value":0.1635370943,"offensive_value":0.0904760258,"defensive_value":0.0730610684,"count":85},"18":{"player_id":134494,"player_name":"Luiz Gustavo Dias","vaep_value":0.6280900571,"offensive_value":0.61542694,"defensive_value":0.012663117,"count":22},"19":{"player_id":209086,"player_name":"Jordan Amavi","vaep_value":0.0009250192,"offensive_value":-0.0083653384,"defensive_value":0.0092903576,"count":2},"20":{"player_id":214628,"player_name":"Luiz Gustavo Dias","vaep_value":0.2048555897,"offensive_value":0.2117836728,"defensive_value":-0.0069280831,"count":76},"21":{"player_id":228983,"player_name":"Andr\u00e9-Frank Zambo Anguissa","vaep_value":0.2934215215,"offensive_value":0.2273394031,"defensive_value":0.0660821184,"count":74},"22":{"player_id":266286,"player_name":"Andr\u00e9-Frank Zambo Anguissa","vaep_value":0.1797857885,"offensive_value":0.0481668838,"defensive_value":0.1316189048,"count":63},"23":{"player_id":276211,"player_name":"Andr\u00e9-Frank Zambo Anguissa","vaep_value":0.0267978903,"offensive_value":0.0973187339,"defensive_value":-0.0705208436,"count":46},"24":{"player_id":277629,"player_name":"Dimitri  Payet","vaep_value":0.1453838854,"offensive_value":0.125809179,"defensive_value":0.0195747063,"count":60},"25":{"player_id":366401,"player_name":"Florian Thauvin","vaep_value":0.3527042,"offensive_value":0.3264084982,"defensive_value":0.0262957017,"count":100},"26":{"player_id":404216,"player_name":"Dimitri  Payet","vaep_value":0.099663891,"offensive_value":0.074156796,"defensive_value":0.025507095,"count":73},"27":{"player_id":408827,"player_name":"Florian Thauvin","vaep_value":-0.0996064192,"offensive_value":-0.0882238427,"defensive_value":-0.0113825764,"count":8}}