{"0":{"player_id":0,"player_name":"Simone Padoin","vaep_value":0.2546342133,"offensive_value":0.2808471899,"defensive_value":-0.0262129767,"count":13},"1":{"player_id":3344,"player_name":"Filippo Romagna","vaep_value":0.0989566023,"offensive_value":0.0694013243,"defensive_value":0.0295552781,"count":83},"2":{"player_id":3431,"player_name":"Niccol\u00f2 Giannetti","vaep_value":0.1327398249,"offensive_value":0.1295511548,"defensive_value":0.0031886701,"count":66},"3":{"player_id":3543,"player_name":"Danilo D'Ambrosio","vaep_value":0.0492621649,"offensive_value":0.0605154713,"defensive_value":-0.0112533064,"count":78},"4":{"player_id":14812,"player_name":"Jo\u00e3o Miranda de Souza Filho","vaep_value":1.554923956,"offensive_value":1.5781870281,"defensive_value":-0.023263072,"count":72},"5":{"player_id":20472,"player_name":"Milan \u0160kriniar","vaep_value":-0.0246713513,"offensive_value":-0.01146322,"defensive_value":-0.0132081313,"count":13},"6":{"player_id":20519,"player_name":"Jo\u00e3o Pedro Cavaco Cancelo","vaep_value":0.0174453645,"offensive_value":0.0052464013,"defensive_value":0.0121989632,"count":2},"7":{"player_id":20556,"player_name":"Jo\u00e3o Miranda de Souza Filho","vaep_value":-0.0409327957,"offensive_value":-0.0390496361,"defensive_value":-0.0018831596,"count":16},"8":{"player_id":20571,"player_name":"Danilo D'Ambrosio","vaep_value":0.0644399261,"offensive_value":0.0444639856,"defensive_value":0.0199759405,"count":14},"9":{"player_id":20636,"player_name":"Ivan Peri\u0161i\u0107","vaep_value":0.0026390878,"offensive_value":0.0542244744,"defensive_value":-0.0515853865,"count":38},"10":{"player_id":20874,"player_name":"Danilo D'Ambrosio","vaep_value":-0.0036456763,"offensive_value":0.0155368411,"defensive_value":-0.0191825174,"count":26},"11":{"player_id":21094,"player_name":"Filippo Romagna","vaep_value":0.1310297176,"offensive_value":0.1435891374,"defensive_value":-0.0125594198,"count":77},"12":{"player_id":21865,"player_name":"Niccol\u00f2 Giannetti","vaep_value":-0.0297535203,"offensive_value":-0.0281561925,"defensive_value":-0.0015973278,"count":9},"13":{"player_id":21959,"player_name":"Marcelo Brozovi\u0107","vaep_value":-0.0869709087,"offensive_value":-0.0378172952,"defensive_value":-0.0491536135,"count":26},"14":{"player_id":40538,"player_name":"Marcelo Brozovi\u0107","vaep_value":0.0566764238,"offensive_value":0.0510528507,"defensive_value":0.0056235731,"count":38},"15":{"player_id":50073,"player_name":"Roberto Gagliardini","vaep_value":0.1033083176,"offensive_value":0.0653154081,"defensive_value":0.0379929096,"count":39},"16":{"player_id":69968,"player_name":"Jo\u00e3o Miranda de Souza Filho","vaep_value":1.031905822,"offensive_value":1.0007028165,"defensive_value":0.0312030055,"count":130},"17":{"player_id":92900,"player_name":"Marcelo Brozovi\u0107","vaep_value":-0.0052058711,"offensive_value":0.0049264971,"defensive_value":-0.0101323682,"count":6},"18":{"player_id":134413,"player_name":"Marcelo Brozovi\u0107","vaep_value":0.0335238539,"offensive_value":0.1031631657,"defensive_value":-0.0696393119,"count":37},"19":{"player_id":135903,"player_name":"Danilo D'Ambrosio","vaep_value":0.7148540387,"offensive_value":0.7538437068,"defensive_value":-0.0389896681,"count":101},"20":{"player_id":138408,"player_name":null,"vaep_value":0.3135959705,"offensive_value":0.2662658992,"defensive_value":0.0473300713,"count":95},"21":{"player_id":206314,"player_name":"Milan \u0160kriniar","vaep_value":0.6576882973,"offensive_value":0.6531440211,"defensive_value":0.0045442763,"count":29},"22":{"player_id":220359,"player_name":"Jo\u00e3o Pedro Cavaco Cancelo","vaep_value":-0.0967993976,"offensive_value":-0.0080460343,"defensive_value":-0.0887533634,"count":22},"23":{"player_id":241676,"player_name":"Milan \u0160kriniar","vaep_value":0.0324880445,"offensive_value":0.0455750944,"defensive_value":-0.0130870499,"count":32},"24":{"player_id":283832,"player_name":"Marcelo Brozovi\u0107","vaep_value":0.090960659,"offensive_value":0.0743861449,"defensive_value":0.0165745141,"count":33},"25":{"player_id":335634,"player_name":"Ivan Peri\u0161i\u0107","vaep_value":-0.0502035518,"offensive_value":-0.0322515691,"defensive_value":-0.0179519827,"count":33},"26":{"player_id":352993,"player_name":"Marco Andreolli","vaep_value":-0.2030823458,"offensive_value":-0.2088987425,"defensive_value":0.0058163967,"count":64},"27":{"player_id":402898,"player_name":"Jo\u00e3o Pedro Cavaco Cancelo","vaep_value":0.018130873,"offensive_value":0.0648306968,"defensive_value":-0.0466998238,"count":39},"28":{"player_id":434142,"player_name":"Roberto Gagliardini","vaep_value":0.0384503737,"offensive_value":0.0151743669,"defensive_value":0.0232760068,"count":11}}