{"0":{"player_id":0,"player_name":"Thomas Mangani","vaep_value":0.1006969884,"offensive_value":0.1229388446,"defensive_value":-0.0222418562,"count":10},"1":{"player_id":3334,"player_name":"Romain Thomas","vaep_value":0.4201002426,"offensive_value":0.4247412964,"defensive_value":-0.0046410538,"count":76},"2":{"player_id":14862,"player_name":"Isma\u00ebl Traor\u00e9","vaep_value":0.954835425,"offensive_value":0.9498817426,"defensive_value":0.0049536824,"count":69},"3":{"player_id":20394,"player_name":"Romain Thomas","vaep_value":0.1634935021,"offensive_value":0.0935346407,"defensive_value":0.0699588613,"count":76},"4":{"player_id":21174,"player_name":"Isma\u00ebl Traor\u00e9","vaep_value":1.6242757457,"offensive_value":1.6382106552,"defensive_value":-0.0139349095,"count":15},"5":{"player_id":21383,"player_name":"Alphonse Ar\u00e9ola","vaep_value":0.2908556387,"offensive_value":0.2666500793,"defensive_value":0.0242055595,"count":146},"6":{"player_id":25418,"player_name":"Thiago Emiliano da Silva","vaep_value":0.1987536917,"offensive_value":0.2487963836,"defensive_value":-0.0500426919,"count":37},"7":{"player_id":25440,"player_name":"Presnel Kimpembe","vaep_value":-0.2190228244,"offensive_value":-0.1930675293,"defensive_value":-0.0259552951,"count":66},"8":{"player_id":26044,"player_name":"Julian Draxler","vaep_value":-0.031794905,"offensive_value":-0.0349044735,"defensive_value":0.0031095685,"count":24},"9":{"player_id":26086,"player_name":"Adrien Rabiot","vaep_value":0.0360583593,"offensive_value":-0.063160632,"defensive_value":0.0992189914,"count":42},"10":{"player_id":26120,"player_name":"Daniel Alves da Silva","vaep_value":0.2293915925,"offensive_value":0.2417202691,"defensive_value":-0.0123286765,"count":65},"11":{"player_id":26265,"player_name":"Kylian Mbapp\u00e9 Lottin","vaep_value":0.1734861507,"offensive_value":0.1019000924,"defensive_value":0.0715860582,"count":53},"12":{"player_id":26638,"player_name":"Daniel Alves da Silva","vaep_value":-0.0144586588,"offensive_value":0.0812927528,"defensive_value":-0.0957514115,"count":38},"13":{"player_id":26938,"player_name":"Marco Verratti","vaep_value":0.1347679372,"offensive_value":0.0628798202,"defensive_value":0.071888117,"count":29},"14":{"player_id":29474,"player_name":"Marco Verratti","vaep_value":0.3482552754,"offensive_value":0.0295357734,"defensive_value":0.318719502,"count":52},"15":{"player_id":37824,"player_name":"Adrien Rabiot","vaep_value":0.2032703019,"offensive_value":0.2156972848,"defensive_value":-0.0124269829,"count":13},"16":{"player_id":40765,"player_name":"Layvin Kurzawa","vaep_value":-0.0197451783,"offensive_value":-0.0141382281,"defensive_value":-0.0056069503,"count":11},"17":{"player_id":54313,"player_name":"Gilles Sunu","vaep_value":-0.1766594867,"offensive_value":0.0264813867,"defensive_value":-0.2031408735,"count":49},"18":{"player_id":69525,"player_name":"Vincent Manceau","vaep_value":-0.1247844273,"offensive_value":-0.0373404702,"defensive_value":-0.0874439571,"count":14},"19":{"player_id":134540,"player_name":"Mateo Pavlovi\u0107","vaep_value":0.0459699674,"offensive_value":0.0165102545,"defensive_value":0.029459713,"count":93},"20":{"player_id":209117,"player_name":"Isma\u00ebl Traor\u00e9","vaep_value":0.3920002327,"offensive_value":0.35569404,"defensive_value":0.0363061927,"count":126},"21":{"player_id":209209,"player_name":"Romain Thomas","vaep_value":0.0231541874,"offensive_value":0.0114692034,"defensive_value":0.011684984,"count":33},"22":{"player_id":231138,"player_name":null,"vaep_value":0.2550400839,"offensive_value":0.1756154706,"defensive_value":0.0794246133,"count":97},"23":{"player_id":256992,"player_name":"Saliou Ciss","vaep_value":-0.0778840794,"offensive_value":-0.0356138807,"defensive_value":-0.0422701987,"count":28},"24":{"player_id":274344,"player_name":"Daniel Alves da Silva","vaep_value":-0.0069456588,"offensive_value":-0.021558981,"defensive_value":0.0146133222,"count":44},"25":{"player_id":275032,"player_name":null,"vaep_value":-0.0647103759,"offensive_value":0.0056028997,"defensive_value":-0.0703132756,"count":10},"26":{"player_id":353833,"player_name":"Karl Toko Ekambi","vaep_value":1.6755624816,"offensive_value":1.7045270728,"defensive_value":-0.0289645912,"count":42},"27":{"player_id":356237,"player_name":"Karl Toko Ekambi","vaep_value":-0.0486426302,"offensive_value":-0.0394629254,"defensive_value":-0.0091797048,"count":30},"28":{"player_id":366760,"player_name":"Alphonse Ar\u00e9ola","vaep_value":-0.0217759202,"offensive_value":0.0015756069,"defensive_value":-0.0233515271,"count":8}}