{"0":{"player_id":0,"player_name":"Luis Alberto Su\u00e1rez D\u00edaz","vaep_value":0.0387009237,"offensive_value":0.072021235,"defensive_value":-0.0333203113,"count":13},"1":{"player_id":3269,"player_name":"Sergio Busquets i Burgos","vaep_value":0.7086266186,"offensive_value":0.7232101501,"defensive_value":-0.0145835315,"count":100},"2":{"player_id":3286,"player_name":"Ivan Rakiti\u0107","vaep_value":0.1386288617,"offensive_value":0.0495326067,"defensive_value":0.089096255,"count":76},"3":{"player_id":3339,"player_name":"Sergio Busquets i Burgos","vaep_value":0.1005162103,"offensive_value":0.1203137166,"defensive_value":-0.0197975063,"count":49},"4":{"player_id":3346,"player_name":"Samuel Yves Umtiti","vaep_value":0.3577572558,"offensive_value":0.2805979833,"defensive_value":0.0771592725,"count":107},"5":{"player_id":3348,"player_name":"Jos\u00e9 Paulo Bezzera Maciel J\u00fanior","vaep_value":-0.0978428648,"offensive_value":-0.0991104688,"defensive_value":0.001267604,"count":23},"6":{"player_id":3353,"player_name":"Jordi Alba Ramos","vaep_value":0.0352730174,"offensive_value":0.0642893601,"defensive_value":-0.0290163427,"count":81},"7":{"player_id":3359,"player_name":"Jos\u00e9 Paulo Bezzera Maciel J\u00fanior","vaep_value":0.5669751518,"offensive_value":0.5907861208,"defensive_value":-0.023810969,"count":127},"8":{"player_id":3476,"player_name":"Samuel Yves Umtiti","vaep_value":-0.0224081553,"offensive_value":-0.0414023354,"defensive_value":0.01899418,"count":76},"9":{"player_id":4256,"player_name":"Samuel Yves Umtiti","vaep_value":0.0303910318,"offensive_value":0.0490669778,"defensive_value":-0.018675946,"count":19},"10":{"player_id":4892,"player_name":"Lionel Andr\u00e9s Messi Cuccittini","vaep_value":0.4279902257,"offensive_value":0.332590932,"defensive_value":0.0953992936,"count":50},"11":{"player_id":7860,"player_name":"Ivan Rakiti\u0107","vaep_value":-0.0064921492,"offensive_value":0.0012254845,"defensive_value":-0.0077176337,"count":55},"12":{"player_id":7972,"player_name":"Lionel Andr\u00e9s Messi Cuccittini","vaep_value":-0.1814348261,"offensive_value":-0.1454649703,"defensive_value":-0.0359698558,"count":38},"13":{"player_id":8323,"player_name":"Andr\u00e9s Iniesta Luj\u00e1n","vaep_value":0.0416736399,"offensive_value":0.0252458162,"defensive_value":0.0164278237,"count":21},"14":{"player_id":15008,"player_name":"Jordi Alba Ramos","vaep_value":0.0706317897,"offensive_value":0.0562461703,"defensive_value":0.0143856194,"count":29},"15":{"player_id":20922,"player_name":"Andr\u00e9s Iniesta Luj\u00e1n","vaep_value":0.0627949589,"offensive_value":0.1089480433,"defensive_value":-0.0461530844,"count":33},"16":{"player_id":22202,"player_name":"Jos\u00e9 Paulo Bezzera Maciel J\u00fanior","vaep_value":-0.1753614265,"offensive_value":-0.1153511329,"defensive_value":-0.0600102936,"count":24},"17":{"player_id":25397,"player_name":"Andr\u00e9s Iniesta Luj\u00e1n","vaep_value":0.3036987827,"offensive_value":0.2335266718,"defensive_value":0.0701721109,"count":94},"18":{"player_id":25623,"player_name":"Thomas Vermaelen","vaep_value":0.1244805134,"offensive_value":0.0980762126,"defensive_value":0.0264043008,"count":47},"19":{"player_id":40550,"player_name":"Sergio Busquets i Burgos","vaep_value":-0.1219734058,"offensive_value":-0.1092290478,"defensive_value":-0.012744358,"count":87},"20":{"player_id":41363,"player_name":"Samuel Yves Umtiti","vaep_value":0.1059846838,"offensive_value":0.0223326483,"defensive_value":0.0836520356,"count":37},"21":{"player_id":70112,"player_name":"N\u00e9lson Cabral Semedo","vaep_value":0.1552901427,"offensive_value":0.0954247561,"defensive_value":0.0598653867,"count":50},"22":{"player_id":70129,"player_name":"Samuel Yves Umtiti","vaep_value":0.8064823169,"offensive_value":0.8085240651,"defensive_value":-0.0020417481,"count":47},"23":{"player_id":211853,"player_name":"Jos\u00e9 Paulo Bezzera Maciel J\u00fanior","vaep_value":0.0327717979,"offensive_value":0.0028632707,"defensive_value":0.0299085272,"count":2},"24":{"player_id":222770,"player_name":"Samuel Yves Umtiti","vaep_value":-0.0071523349,"offensive_value":0.0475522322,"defensive_value":-0.0547045671,"count":73},"25":{"player_id":237034,"player_name":"Sergio Busquets i Burgos","vaep_value":0.0152477175,"offensive_value":0.0332600076,"defensive_value":-0.0180122901,"count":45},"26":{"player_id":240445,"player_name":"N\u00e9lson Cabral Semedo","vaep_value":0.0396013904,"offensive_value":0.0370853906,"defensive_value":0.0025159997,"count":11},"27":{"player_id":250885,"player_name":"Jos\u00e9 Paulo Bezzera Maciel J\u00fanior","vaep_value":0.0273734035,"offensive_value":0.0235840054,"defensive_value":0.0037893981,"count":6},"28":{"player_id":372752,"player_name":"Lionel Andr\u00e9s Messi Cuccittini","vaep_value":-0.0118841731,"offensive_value":-0.0210098962,"defensive_value":0.009125723,"count":31}}