{"0":{"player_id":0,"player_name":"Nathaniel Chalobah","vaep_value":0.0075703338,"offensive_value":0.0491508504,"defensive_value":-0.0415805166,"count":14},"1":{"player_id":116,"player_name":"Jos\u00e9 Holebas","vaep_value":-0.0385081241,"offensive_value":-0.0354730694,"defensive_value":-0.0030350547,"count":54},"2":{"player_id":160,"player_name":"Nathaniel Chalobah","vaep_value":0.0164224098,"offensive_value":0.0258615081,"defensive_value":-0.0094390983,"count":15},"3":{"player_id":3351,"player_name":"Nathaniel Chalobah","vaep_value":0.1298806049,"offensive_value":0.0899360881,"defensive_value":0.0399445168,"count":59},"4":{"player_id":4908,"player_name":"Daryl Janmaat","vaep_value":0.2128930528,"offensive_value":0.1887792527,"defensive_value":0.0241138001,"count":74},"5":{"player_id":7888,"player_name":"Sadio Man\u00e9","vaep_value":0.0074553976,"offensive_value":-0.0152650557,"defensive_value":0.0227204533,"count":31},"6":{"player_id":7929,"player_name":"Daryl Janmaat","vaep_value":0.1895648931,"offensive_value":0.1920583057,"defensive_value":-0.0024934126,"count":61},"7":{"player_id":7964,"player_name":"Younes Kaboul","vaep_value":0.251765284,"offensive_value":0.2815962752,"defensive_value":-0.0298309912,"count":71},"8":{"player_id":8266,"player_name":"Miguel \u00c1ngel Britos Cabrera","vaep_value":-0.0621368355,"offensive_value":0.2497991272,"defensive_value":-0.3119359628,"count":52},"9":{"player_id":8272,"player_name":"Younes Kaboul","vaep_value":0.1594676527,"offensive_value":0.1298728093,"defensive_value":0.0295948435,"count":68},"10":{"player_id":8319,"player_name":"Dejan Lovren","vaep_value":-0.0068459918,"offensive_value":-0.0017441195,"defensive_value":-0.0051018724,"count":5},"11":{"player_id":8514,"player_name":"Simon Mignolet","vaep_value":0.6954225088,"offensive_value":0.1547851861,"defensive_value":0.5406373227,"count":49},"12":{"player_id":10663,"player_name":"Simon Mignolet","vaep_value":-0.0011302829,"offensive_value":0.0015038438,"defensive_value":-0.0026341267,"count":4},"13":{"player_id":14870,"player_name":"Dejan Lovren","vaep_value":0.0639206442,"offensive_value":-0.0164211616,"defensive_value":0.0803418058,"count":75},"14":{"player_id":15808,"player_name":"Stefano Okaka Chuka","vaep_value":0.2734787014,"offensive_value":0.3151770154,"defensive_value":-0.041698314,"count":40},"15":{"player_id":18550,"player_name":"Simon Mignolet","vaep_value":-0.0619078223,"offensive_value":-0.014779145,"defensive_value":-0.0471286773,"count":62},"16":{"player_id":20505,"player_name":"Jo\u00ebl Andre Job Matip","vaep_value":0.8176969718,"offensive_value":0.8274426389,"defensive_value":-0.0097456671,"count":21},"17":{"player_id":20593,"player_name":"Emre Can","vaep_value":-0.0178505998,"offensive_value":-0.0115343635,"defensive_value":-0.0063162363,"count":9},"18":{"player_id":21160,"player_name":"Emre Can","vaep_value":0.9669859738,"offensive_value":0.9470364026,"defensive_value":0.0199495711,"count":53},"19":{"player_id":25393,"player_name":"Trent Alexander-Arnold","vaep_value":0.1785905872,"offensive_value":0.136428811,"defensive_value":0.0421617762,"count":67},"20":{"player_id":25747,"player_name":"Emre Can","vaep_value":1.1286248009,"offensive_value":1.1565464443,"defensive_value":-0.0279216433,"count":47},"21":{"player_id":28292,"player_name":"Alberto Moreno P\u00e9rez","vaep_value":1.2321867971,"offensive_value":1.1220602243,"defensive_value":0.1101265728,"count":86},"22":{"player_id":32968,"player_name":"Sadio Man\u00e9","vaep_value":0.0040742947,"offensive_value":0.0322222306,"defensive_value":-0.0281479359,"count":51},"23":{"player_id":92899,"player_name":"Alberto Moreno P\u00e9rez","vaep_value":0.2130595556,"offensive_value":0.3430947916,"defensive_value":-0.130035236,"count":65},"24":{"player_id":120353,"player_name":"Dejan Lovren","vaep_value":0.5839324191,"offensive_value":0.6316239007,"defensive_value":-0.0476914817,"count":32},"25":{"player_id":134708,"player_name":"Jo\u00ebl Andre Job Matip","vaep_value":-0.0113189146,"offensive_value":-0.0127683294,"defensive_value":0.0014494148,"count":4},"26":{"player_id":257899,"player_name":"Jo\u00ebl Andre Job Matip","vaep_value":0.0067484492,"offensive_value":0.0628315101,"defensive_value":-0.0560830609,"count":4},"27":{"player_id":346101,"player_name":"Younes Kaboul","vaep_value":0.5053400493,"offensive_value":0.2968715283,"defensive_value":0.208468521,"count":73},"28":{"player_id":377071,"player_name":"Younes Kaboul","vaep_value":0.297480188,"offensive_value":0.3145355398,"defensive_value":-0.0170553519,"count":14}}