{"0":{"player_id":0,"player_name":"Jermain  Defoe","vaep_value":-0.0125794694,"offensive_value":-0.0018509066,"defensive_value":-0.0107285628,"count":5},"1":{"player_id":3319,"player_name":"Dan Gosling","vaep_value":0.3403187662,"offensive_value":0.3635843379,"defensive_value":-0.0232655717,"count":79},"2":{"player_id":3361,"player_name":"Adam Smith","vaep_value":0.1527062165,"offensive_value":0.1619100777,"defensive_value":-0.0092038612,"count":15},"3":{"player_id":3560,"player_name":"Steve Cook","vaep_value":0.2207162852,"offensive_value":0.1201863072,"defensive_value":0.1005299779,"count":92},"4":{"player_id":7855,"player_name":"Asmir Begovi\u0107","vaep_value":0.064495797,"offensive_value":0.0568336579,"defensive_value":0.0076621391,"count":80},"5":{"player_id":7864,"player_name":"Laurent Koscielny","vaep_value":-0.1805882876,"offensive_value":-0.178554927,"defensive_value":-0.0020333606,"count":13},"6":{"player_id":7870,"player_name":"Dan Gosling","vaep_value":-0.1043776158,"offensive_value":-0.1048937731,"defensive_value":0.0005161572,"count":61},"7":{"player_id":7882,"player_name":"Harry Arter","vaep_value":0.2223256561,"offensive_value":0.1581488051,"defensive_value":0.064176851,"count":38},"8":{"player_id":7945,"player_name":"Tyrone Mings","vaep_value":1.6865101656,"offensive_value":1.7021727053,"defensive_value":-0.0156625398,"count":38},"9":{"player_id":7989,"player_name":"Charlie Daniels","vaep_value":0.1106529225,"offensive_value":0.0891487627,"defensive_value":0.0215041598,"count":63},"10":{"player_id":8296,"player_name":"Shkodran Mustafi","vaep_value":-0.0501363262,"offensive_value":0.0009422312,"defensive_value":-0.0510785574,"count":19},"11":{"player_id":8460,"player_name":"Petr \u010cech","vaep_value":-0.0474811152,"offensive_value":0.1083128616,"defensive_value":-0.1557939769,"count":55},"12":{"player_id":8726,"player_name":"Tyrone Mings","vaep_value":0.0885355398,"offensive_value":0.0590830289,"defensive_value":0.0294525109,"count":44},"13":{"player_id":9277,"player_name":"Asmir Begovi\u0107","vaep_value":0.2036608732,"offensive_value":0.1034230647,"defensive_value":0.1002378085,"count":67},"14":{"player_id":9279,"player_name":"Mesut \u00d6zil","vaep_value":0.1748748468,"offensive_value":0.0387082013,"defensive_value":0.1361666454,"count":33},"15":{"player_id":9283,"player_name":"Steve Cook","vaep_value":0.1699390798,"offensive_value":0.0803114554,"defensive_value":0.0896276244,"count":68},"16":{"player_id":9285,"player_name":"Ryan Fraser","vaep_value":0.1001504643,"offensive_value":0.1656501553,"defensive_value":-0.0654996911,"count":71},"17":{"player_id":9637,"player_name":"Charlie Daniels","vaep_value":-0.0862730098,"offensive_value":-0.0404074605,"defensive_value":-0.0458655492,"count":27},"18":{"player_id":9739,"player_name":"H\u00e9ctor Beller\u00edn Moruno","vaep_value":0.1320479962,"offensive_value":0.2197058427,"defensive_value":-0.0876578465,"count":30},"19":{"player_id":14869,"player_name":"Jermain  Defoe","vaep_value":0.3637483653,"offensive_value":0.3829359517,"defensive_value":-0.0191875864,"count":86},"20":{"player_id":20612,"player_name":"Ryan Fraser","vaep_value":0.1423053551,"offensive_value":0.1272034117,"defensive_value":0.0151019434,"count":81},"21":{"player_id":25413,"player_name":"Ryan Fraser","vaep_value":1.0443739796,"offensive_value":1.0062921441,"defensive_value":0.0380818355,"count":21},"22":{"player_id":26010,"player_name":"Shkodran Mustafi","vaep_value":-0.1593188253,"offensive_value":-0.1435014422,"defensive_value":-0.0158173831,"count":16},"23":{"player_id":49876,"player_name":"Dan Gosling","vaep_value":0.0266096156,"offensive_value":-0.0377481638,"defensive_value":0.0643577794,"count":93},"24":{"player_id":62224,"player_name":"Dan Gosling","vaep_value":-0.0373088162,"offensive_value":-0.0176265261,"defensive_value":-0.0196822901,"count":14},"25":{"player_id":134102,"player_name":"Mesut \u00d6zil","vaep_value":-0.0960571028,"offensive_value":-0.1260046642,"defensive_value":0.0299475614,"count":60},"26":{"player_id":167145,"player_name":"Mesut \u00d6zil","vaep_value":0.103122206,"offensive_value":0.1343922617,"defensive_value":-0.0312700557,"count":71},"27":{"player_id":239411,"player_name":"Granit Xhaka","vaep_value":0.0419037557,"offensive_value":0.0381515279,"defensive_value":0.0037522279,"count":37},"28":{"player_id":245813,"player_name":"H\u00e9ctor Beller\u00edn Moruno","vaep_value":0.0351010994,"offensive_value":0.0374488654,"defensive_value":-0.002347766,"count":9}}