{"0":{"player_id":0,"player_name":"Adama Niane","vaep_value":0.0069861936,"offensive_value":0.0105320294,"defensive_value":-0.0035458358,"count":3},"1":{"player_id":382,"player_name":"R\u00e9mi Walter","vaep_value":-0.028558169,"offensive_value":-0.0190025282,"defensive_value":-0.0095556409,"count":10},"2":{"player_id":7986,"player_name":"Baptiste Reynet","vaep_value":0.0602933014,"offensive_value":0.0390425809,"defensive_value":0.0212507205,"count":30},"3":{"player_id":25521,"player_name":"Oswaldo Augusto Vizcarrondo Ara\u00fajo","vaep_value":0.0242583542,"offensive_value":0.1457497,"defensive_value":-0.1214913458,"count":42},"4":{"player_id":25524,"player_name":"Oswaldo Augusto Vizcarrondo Ara\u00fajo","vaep_value":0.2032381762,"offensive_value":0.1770242285,"defensive_value":0.0262139477,"count":70},"5":{"player_id":25616,"player_name":"Valentin Rosier","vaep_value":0.0015814874,"offensive_value":-0.0342989093,"defensive_value":0.0358803966,"count":17},"6":{"player_id":25990,"player_name":"Mathieu Deplagne","vaep_value":0.1752084761,"offensive_value":0.1613182942,"defensive_value":0.0138901819,"count":79},"7":{"player_id":26024,"player_name":"Sa\u00eef-Eddine Khaoui","vaep_value":0.074542573,"offensive_value":0.0311380968,"defensive_value":0.0434044761,"count":47},"8":{"player_id":26100,"player_name":"Valentin Rosier","vaep_value":0.3255125852,"offensive_value":0.2627743609,"defensive_value":0.0627382243,"count":39},"9":{"player_id":26124,"player_name":"J\u00falio Tavares","vaep_value":0.1066409445,"offensive_value":0.0131855546,"defensive_value":0.0934553898,"count":7},"10":{"player_id":26311,"player_name":"J\u00falio Tavares","vaep_value":-0.0956122515,"offensive_value":-0.1097546358,"defensive_value":0.0141423843,"count":44},"11":{"player_id":26365,"player_name":"J\u00falio Tavares","vaep_value":0.2368248058,"offensive_value":0.1664138383,"defensive_value":0.0704109676,"count":49},"12":{"player_id":27354,"player_name":"Chang-Hoon Kwon","vaep_value":-0.0347239407,"offensive_value":0.0007170057,"defensive_value":-0.0354409463,"count":30},"13":{"player_id":28314,"player_name":"Chang-Hoon Kwon","vaep_value":0.1380773945,"offensive_value":0.0326624659,"defensive_value":0.1054149285,"count":60},"14":{"player_id":28866,"player_name":"Johann Obiang","vaep_value":0.0658873447,"offensive_value":0.098712788,"defensive_value":-0.0328254433,"count":51},"15":{"player_id":29641,"player_name":"Johann Obiang","vaep_value":-0.0345963488,"offensive_value":-0.0135619857,"defensive_value":-0.0210343631,"count":46},"16":{"player_id":29748,"player_name":"C\u00e9dric Yamber\u00e9","vaep_value":0.1159996329,"offensive_value":0.0702635492,"defensive_value":0.0457360836,"count":44},"17":{"player_id":112377,"player_name":"Johann Obiang","vaep_value":0.0308574488,"offensive_value":0.0056331605,"defensive_value":0.0252242883,"count":47},"18":{"player_id":120717,"player_name":"C\u00e9dric Yamber\u00e9","vaep_value":0.1503422591,"offensive_value":0.0625099365,"defensive_value":0.0878323226,"count":21},"19":{"player_id":149053,"player_name":"Oswaldo Augusto Vizcarrondo Ara\u00fajo","vaep_value":0.0954683024,"offensive_value":0.0406934973,"defensive_value":0.0547748051,"count":51},"20":{"player_id":149054,"player_name":"Mathieu Deplagne","vaep_value":-0.0138887427,"offensive_value":-0.0005918796,"defensive_value":-0.0132968631,"count":10},"21":{"player_id":209207,"player_name":"Papiss Mison Djilobodji","vaep_value":0.0777341493,"offensive_value":0.0691639042,"defensive_value":0.0085702451,"count":39},"22":{"player_id":215036,"player_name":"Mathieu Deplagne","vaep_value":0.2347402057,"offensive_value":0.2067627989,"defensive_value":0.0279774068,"count":57},"23":{"player_id":219350,"player_name":"Valentin Rosier","vaep_value":-0.1209946783,"offensive_value":-0.1354443035,"defensive_value":0.0144496252,"count":27},"24":{"player_id":256084,"player_name":"Romain Amalfitano","vaep_value":-0.1727768472,"offensive_value":-0.157342575,"defensive_value":-0.0154342721,"count":40},"25":{"player_id":275243,"player_name":"Romain Amalfitano","vaep_value":0.1901766682,"offensive_value":0.2207860102,"defensive_value":-0.030609342,"count":24},"26":{"player_id":295761,"player_name":"J\u00falio Tavares","vaep_value":0.1286522177,"offensive_value":0.1628662755,"defensive_value":-0.0342140578,"count":52},"27":{"player_id":393214,"player_name":"J\u00falio Tavares","vaep_value":0.0271668281,"offensive_value":0.0452421524,"defensive_value":-0.0180753243,"count":56},"28":{"player_id":393284,"player_name":"R\u00e9mi Walter","vaep_value":0.2296540109,"offensive_value":0.0857788406,"defensive_value":0.1438751703,"count":20}}