{"0":{"player_id":0,"player_name":"Demarai Gray","vaep_value":0.0026637219,"offensive_value":0.0161539149,"defensive_value":-0.0134901929,"count":7},"1":{"player_id":74,"player_name":"Harry  Maguire","vaep_value":-0.0085198252,"offensive_value":-0.0001088991,"defensive_value":-0.0084109261,"count":2},"2":{"player_id":116,"player_name":"Loris Karius","vaep_value":-0.0349127422,"offensive_value":-0.0386921,"defensive_value":0.0037793578,"count":6},"3":{"player_id":3802,"player_name":"Emre Can","vaep_value":0.0155243735,"offensive_value":0.102375948,"defensive_value":-0.0868515745,"count":78},"4":{"player_id":3928,"player_name":"Dejan Lovren","vaep_value":0.0503941209,"offensive_value":0.01818509,"defensive_value":0.0322090309,"count":38},"5":{"player_id":7868,"player_name":"Wes Morgan","vaep_value":0.1049741772,"offensive_value":0.0908539244,"defensive_value":0.0141202528,"count":15},"6":{"player_id":8013,"player_name":"Onyinye Wilfred Ndidi","vaep_value":0.1794733689,"offensive_value":0.0515907375,"defensive_value":0.1278826314,"count":42},"7":{"player_id":8319,"player_name":"Vicente Iborra De La Fuente","vaep_value":0.2985653782,"offensive_value":0.2644028573,"defensive_value":0.0341625209,"count":102},"8":{"player_id":8480,"player_name":"Wes Morgan","vaep_value":0.1038040916,"offensive_value":0.1518131149,"defensive_value":-0.0480090233,"count":46},"9":{"player_id":8488,"player_name":"Kasper Schmeichel","vaep_value":0.1141788376,"offensive_value":0.0179799332,"defensive_value":0.0961989044,"count":34},"10":{"player_id":8653,"player_name":"Riyad Mahrez","vaep_value":0.118545264,"offensive_value":0.0591725315,"defensive_value":0.0593727325,"count":66},"11":{"player_id":12829,"player_name":"Riyad Mahrez","vaep_value":0.7601070859,"offensive_value":0.7771985857,"defensive_value":-0.0170914998,"count":15},"12":{"player_id":14763,"player_name":"Demarai Gray","vaep_value":-0.0801598467,"offensive_value":-0.0612973403,"defensive_value":-0.0188625064,"count":7},"13":{"player_id":14853,"player_name":"Demarai Gray","vaep_value":0.3743754624,"offensive_value":0.3740045278,"defensive_value":0.0003709345,"count":77},"14":{"player_id":14870,"player_name":"Jo\u00ebl Andre Job Matip","vaep_value":0.2915134989,"offensive_value":0.1644855802,"defensive_value":0.1270279187,"count":82},"15":{"player_id":15175,"player_name":"Demarai Gray","vaep_value":0.0880814614,"offensive_value":0.0703441151,"defensive_value":0.0177373462,"count":31},"16":{"player_id":15808,"player_name":"Jo\u00ebl Andre Job Matip","vaep_value":0.122088505,"offensive_value":0.1273586929,"defensive_value":-0.005270188,"count":63},"17":{"player_id":18550,"player_name":"Demarai Gray","vaep_value":0.2925963554,"offensive_value":0.1313208314,"defensive_value":0.1612755241,"count":71},"18":{"player_id":25393,"player_name":"Andrew Robertson","vaep_value":0.1743670835,"offensive_value":0.0647860956,"defensive_value":0.1095809878,"count":58},"19":{"player_id":25747,"player_name":"Wes Morgan","vaep_value":0.2415908942,"offensive_value":0.2645321307,"defensive_value":-0.0229412365,"count":52},"20":{"player_id":26150,"player_name":"Daniel Amartey","vaep_value":0.2988500301,"offensive_value":0.204192765,"defensive_value":0.0946572651,"count":33},"21":{"player_id":119630,"player_name":"Onyinye Wilfred Ndidi","vaep_value":-0.0416318697,"offensive_value":-0.036987178,"defensive_value":-0.0046446917,"count":11},"22":{"player_id":120353,"player_name":"Daniel Amartey","vaep_value":1.6330225718,"offensive_value":1.6477046034,"defensive_value":-0.0146820316,"count":41},"23":{"player_id":192748,"player_name":"Kasper Schmeichel","vaep_value":0.0412245139,"offensive_value":0.0062547268,"defensive_value":0.0349697871,"count":2},"24":{"player_id":217078,"player_name":"Joe Gomez","vaep_value":0.1527069636,"offensive_value":0.1118776361,"defensive_value":0.0408293275,"count":56},"25":{"player_id":222220,"player_name":"Joe Gomez","vaep_value":0.1243090985,"offensive_value":0.1168442542,"defensive_value":0.0074648443,"count":108},"26":{"player_id":257899,"player_name":"Mohamed  Salah Ghaly","vaep_value":0.3347743959,"offensive_value":0.3050485881,"defensive_value":0.0297258078,"count":77},"27":{"player_id":265366,"player_name":"Philippe Coutinho Correia","vaep_value":0.2093670469,"offensive_value":0.0933890684,"defensive_value":0.1159779786,"count":67},"28":{"player_id":283142,"player_name":"Kasper Schmeichel","vaep_value":0.18354391,"offensive_value":0.1752836029,"defensive_value":0.0082603071,"count":48}}