{"0":{"player_id":0,"player_name":"Adama Niane","vaep_value":0.031268728,"offensive_value":0.0493451334,"defensive_value":-0.0180764054,"count":9},"1":{"player_id":123,"player_name":"Fran\u00e7ois Bellugou","vaep_value":-0.0828147208,"offensive_value":-0.0857089101,"defensive_value":0.0028941893,"count":11},"2":{"player_id":25745,"player_name":"Christopher H\u00e9relle","vaep_value":-0.059700578,"offensive_value":-0.0376588472,"defensive_value":-0.0220417308,"count":39},"3":{"player_id":25764,"player_name":"Oswaldo Augusto Vizcarrondo Ara\u00fajo","vaep_value":0.1025543727,"offensive_value":0.0786372584,"defensive_value":0.0239171144,"count":37},"4":{"player_id":25930,"player_name":"Mathieu Deplagne","vaep_value":0.2418403326,"offensive_value":0.2111976072,"defensive_value":0.0306427254,"count":33},"5":{"player_id":25937,"player_name":"Oswaldo Augusto Vizcarrondo Ara\u00fajo","vaep_value":0.1589319345,"offensive_value":0.0608226873,"defensive_value":0.0981092472,"count":56},"6":{"player_id":25942,"player_name":"Christopher H\u00e9relle","vaep_value":0.1697621325,"offensive_value":0.1544420661,"defensive_value":0.0153200664,"count":50},"7":{"player_id":25990,"player_name":"Christopher H\u00e9relle","vaep_value":0.1276527365,"offensive_value":0.0761067348,"defensive_value":0.0515460017,"count":57},"8":{"player_id":26006,"player_name":"Charles Traor\u00e9","vaep_value":-0.0278823776,"offensive_value":-0.0246738773,"defensive_value":-0.0032085003,"count":4},"9":{"player_id":28314,"player_name":"Kelvin Amian Adou","vaep_value":0.0433325237,"offensive_value":0.121168656,"defensive_value":-0.0778361324,"count":63},"10":{"player_id":28866,"player_name":"Kelvin Amian Adou","vaep_value":-0.0644223711,"offensive_value":-0.081004295,"defensive_value":0.0165819239,"count":53},"11":{"player_id":29641,"player_name":"Kelvin Amian Adou","vaep_value":0.193902996,"offensive_value":0.1325100183,"defensive_value":0.0613929777,"count":20},"12":{"player_id":43196,"player_name":"Kelvin Amian Adou","vaep_value":0.1305046475,"offensive_value":-0.0044468169,"defensive_value":0.1349514644,"count":41},"13":{"player_id":49919,"player_name":"Fran\u00e7ois Bellugou","vaep_value":0.1879596555,"offensive_value":0.2275846527,"defensive_value":-0.0396249972,"count":83},"14":{"player_id":50812,"player_name":"Kelvin Amian Adou","vaep_value":0.0484995266,"offensive_value":0.076874714,"defensive_value":-0.0283751874,"count":67},"15":{"player_id":93044,"player_name":"Issa Diop","vaep_value":-0.0705395156,"offensive_value":-0.0961950248,"defensive_value":0.0256555092,"count":29},"16":{"player_id":112377,"player_name":"Corentin Jean","vaep_value":0.1611638491,"offensive_value":0.1111564339,"defensive_value":0.0500074151,"count":48},"17":{"player_id":134512,"player_name":"Jacques Fran\u00e7ois Moubandje","vaep_value":0.103792894,"offensive_value":0.126117102,"defensive_value":-0.0223242081,"count":37},"18":{"player_id":144884,"player_name":"Samuel Grandsir","vaep_value":0.1144318945,"offensive_value":0.0428101658,"defensive_value":0.0716217287,"count":70},"19":{"player_id":149062,"player_name":"Jacques Fran\u00e7ois Moubandje","vaep_value":0.162149323,"offensive_value":0.1346388813,"defensive_value":0.0275104417,"count":30},"20":{"player_id":203113,"player_name":"Jimmy Durmaz","vaep_value":0.0151314506,"offensive_value":0.0148822432,"defensive_value":0.0002492074,"count":4},"21":{"player_id":219350,"player_name":"Jacques Fran\u00e7ois Moubandje","vaep_value":-0.2676858066,"offensive_value":-0.267158133,"defensive_value":-0.0005276736,"count":27},"22":{"player_id":253333,"player_name":"Samuel Grandsir","vaep_value":0.0038005357,"offensive_value":0.0086607293,"defensive_value":-0.0048601936,"count":9},"23":{"player_id":275243,"player_name":"Jacques Fran\u00e7ois Moubandje","vaep_value":0.2266086982,"offensive_value":0.1957604151,"defensive_value":0.0308482831,"count":28},"24":{"player_id":286380,"player_name":"Oswaldo Augusto Vizcarrondo Ara\u00fajo","vaep_value":0.2242029032,"offensive_value":0.2143517053,"defensive_value":0.0098511979,"count":68},"25":{"player_id":295761,"player_name":"Christopher H\u00e9relle","vaep_value":0.0467675525,"offensive_value":-0.0578805776,"defensive_value":0.1046481301,"count":62},"26":{"player_id":352986,"player_name":"Fran\u00e7ois Bellugou","vaep_value":0.0604787975,"offensive_value":-0.022800207,"defensive_value":0.0832790046,"count":61},"27":{"player_id":393284,"player_name":"Christopher H\u00e9relle","vaep_value":0.3277543865,"offensive_value":0.3638048139,"defensive_value":-0.0360504275,"count":70},"28":{"player_id":404213,"player_name":"Mamadou Samassa","vaep_value":0.2106203251,"offensive_value":0.1583855706,"defensive_value":0.0522347544,"count":38}}