{"0":{"player_id":0,"player_name":"Dwight Gayle","vaep_value":-0.0045447447,"offensive_value":0.0241950145,"defensive_value":-0.0287397592,"count":17},"1":{"player_id":370,"player_name":"Florian Lejeune","vaep_value":0.0708362269,"offensive_value":0.0523405946,"defensive_value":0.0184956323,"count":107},"2":{"player_id":3327,"player_name":"Emre Can","vaep_value":0.0139935974,"offensive_value":-0.028307616,"defensive_value":0.0423012134,"count":16},"3":{"player_id":3523,"player_name":"Emre Can","vaep_value":0.1321207726,"offensive_value":0.0875416632,"defensive_value":0.0445791094,"count":40},"4":{"player_id":7868,"player_name":"Alex Oxlade-Chamberlain","vaep_value":0.2513880093,"offensive_value":0.2508573149,"defensive_value":0.0005306944,"count":44},"5":{"player_id":7964,"player_name":"Mohamed Diam\u00e9","vaep_value":0.290889898,"offensive_value":0.204444275,"defensive_value":0.086445623,"count":118},"6":{"player_id":7978,"player_name":"Mikel Merino Zaz\u00f3n","vaep_value":0.119462207,"offensive_value":0.0701039279,"defensive_value":0.0493582791,"count":46},"7":{"player_id":8140,"player_name":"Jamal Lascelles","vaep_value":0.026509519,"offensive_value":0.0278724735,"defensive_value":-0.0013629545,"count":17},"8":{"player_id":8319,"player_name":"Sadio Man\u00e9","vaep_value":-0.0698258401,"offensive_value":-0.0497134017,"defensive_value":-0.0201124384,"count":12},"9":{"player_id":8620,"player_name":"Andrew Robertson","vaep_value":0.0459840063,"offensive_value":0.0175233805,"defensive_value":0.0284606258,"count":41},"10":{"player_id":8833,"player_name":"Florian Lejeune","vaep_value":0.1217400102,"offensive_value":0.0315395572,"defensive_value":0.0902004531,"count":41},"11":{"player_id":12536,"player_name":"Christian  Atsu Twasam","vaep_value":-0.0441405843,"offensive_value":-0.0475953548,"defensive_value":0.0034547705,"count":19},"12":{"player_id":14870,"player_name":"DeAndre Yedlin","vaep_value":0.0213763013,"offensive_value":0.0024787632,"defensive_value":0.0188975381,"count":1},"13":{"player_id":15175,"player_name":"Loris Karius","vaep_value":0.1342765759,"offensive_value":0.12229195,"defensive_value":0.0119846259,"count":57},"14":{"player_id":15808,"player_name":"Virgil van Dijk","vaep_value":0.1284116596,"offensive_value":0.12758418,"defensive_value":0.0008274796,"count":46},"15":{"player_id":18550,"player_name":"Trent Alexander-Arnold","vaep_value":0.0424771261,"offensive_value":0.0166722584,"defensive_value":0.0258048677,"count":102},"16":{"player_id":25393,"player_name":"Virgil van Dijk","vaep_value":0.3860971156,"offensive_value":0.3267831885,"defensive_value":0.0593139271,"count":113},"17":{"player_id":25747,"player_name":"Emre Can","vaep_value":0.6862542082,"offensive_value":0.6913597528,"defensive_value":-0.0051055446,"count":54},"18":{"player_id":70215,"player_name":"Andrew Robertson","vaep_value":0.1874038494,"offensive_value":0.1555044794,"defensive_value":0.03189937,"count":33},"19":{"player_id":104851,"player_name":"Emre Can","vaep_value":0.1584542724,"offensive_value":0.1119598056,"defensive_value":0.0464944668,"count":33},"20":{"player_id":120353,"player_name":"Dejan Lovren","vaep_value":0.5740008245,"offensive_value":0.6106503621,"defensive_value":-0.0366495376,"count":48},"21":{"player_id":134294,"player_name":"Trent Alexander-Arnold","vaep_value":-0.0970083893,"offensive_value":-0.079399628,"defensive_value":-0.0176087613,"count":20},"22":{"player_id":222220,"player_name":"Dejan Lovren","vaep_value":0.2086983902,"offensive_value":0.1699848032,"defensive_value":0.038713587,"count":119},"23":{"player_id":252365,"player_name":"Jordan Brian Henderson","vaep_value":0.0353678477,"offensive_value":0.1103811148,"defensive_value":-0.0750132671,"count":43},"24":{"player_id":254898,"player_name":"Dejan Lovren","vaep_value":0.1202587173,"offensive_value":0.1358697521,"defensive_value":-0.0156110348,"count":71},"25":{"player_id":293686,"player_name":"Jordan Brian Henderson","vaep_value":-0.0179944356,"offensive_value":0.0193211368,"defensive_value":-0.0373155724,"count":18},"26":{"player_id":339789,"player_name":"Dejan Lovren","vaep_value":0.1024315939,"offensive_value":0.0831717196,"defensive_value":0.0192598744,"count":61},"27":{"player_id":346101,"player_name":"Loris Karius","vaep_value":0.2278668052,"offensive_value":0.2281858755,"defensive_value":-0.0003190703,"count":97}}