{"0":{"player_id":0,"player_name":"Alberto Paloschi","vaep_value":0.0510153723,"offensive_value":0.0705919659,"defensive_value":-0.0195765937,"count":10},"1":{"player_id":114,"player_name":"Federico Viviani","vaep_value":1.0147874997,"offensive_value":0.9966030889,"defensive_value":0.0181844108,"count":104},"2":{"player_id":8306,"player_name":"Michele Cremonesi","vaep_value":0.4270754397,"offensive_value":0.4640419022,"defensive_value":-0.0369664624,"count":94},"3":{"player_id":8327,"player_name":"Federico Viviani","vaep_value":0.4521799829,"offensive_value":0.4647335911,"defensive_value":-0.0125536082,"count":44},"4":{"player_id":20418,"player_name":"Manuel Lazzari","vaep_value":0.5811612925,"offensive_value":0.5832507922,"defensive_value":-0.0020894997,"count":71},"5":{"player_id":20448,"player_name":"Michele Cremonesi","vaep_value":0.4792993875,"offensive_value":0.3311280672,"defensive_value":0.1481713203,"count":52},"6":{"player_id":20476,"player_name":"Stephan El Shaarawy","vaep_value":-0.0093542144,"offensive_value":0.0006793828,"defensive_value":-0.0100335972,"count":3},"7":{"player_id":20518,"player_name":"Manuel Lazzari","vaep_value":0.3382045125,"offensive_value":0.3057122801,"defensive_value":0.0324922325,"count":94},"8":{"player_id":20661,"player_name":"Manuel Lazzari","vaep_value":0.1972529605,"offensive_value":-0.0488102332,"defensive_value":0.2460631938,"count":14},"9":{"player_id":20928,"player_name":"Aleksandar Kolarov","vaep_value":-0.0536053547,"offensive_value":0.004448634,"defensive_value":-0.0580539887,"count":11},"10":{"player_id":21098,"player_name":"Stephan El Shaarawy","vaep_value":-0.0733416167,"offensive_value":0.1136060731,"defensive_value":-0.1869476897,"count":50},"11":{"player_id":21517,"player_name":"Alberto Grassi","vaep_value":0.0297678413,"offensive_value":0.0057699569,"defensive_value":0.0239978845,"count":10},"12":{"player_id":21725,"player_name":"Aleksandar Kolarov","vaep_value":0.0779852845,"offensive_value":0.0127004887,"defensive_value":0.0652847958,"count":31},"13":{"player_id":22566,"player_name":"Stephan El Shaarawy","vaep_value":0.2254432592,"offensive_value":0.2763840085,"defensive_value":-0.0509407493,"count":115},"14":{"player_id":22864,"player_name":"Aleksandar Kolarov","vaep_value":-0.0927201244,"offensive_value":-0.0026929074,"defensive_value":-0.0900272171,"count":14},"15":{"player_id":23386,"player_name":"Federico Bonazzoli","vaep_value":-0.0531961529,"offensive_value":0.0248564132,"defensive_value":-0.0780525662,"count":30},"16":{"player_id":25405,"player_name":"Federico Viviani","vaep_value":0.0681533926,"offensive_value":0.0615203534,"defensive_value":0.0066330392,"count":59},"17":{"player_id":40787,"player_name":"Juan Guilherme Nunes Jesus","vaep_value":-0.0309337006,"offensive_value":-0.0366364783,"defensive_value":0.0057027776,"count":17},"18":{"player_id":92966,"player_name":"Konstantinos Manolas","vaep_value":0.1242562091,"offensive_value":0.4489673944,"defensive_value":-0.3247111853,"count":92},"19":{"player_id":134435,"player_name":"Alessandro  Florenzi","vaep_value":-0.0644745396,"offensive_value":-0.0302510045,"defensive_value":-0.0342235351,"count":31},"20":{"player_id":146590,"player_name":"Lorenzo Pellegrini","vaep_value":0.1613091474,"offensive_value":0.020582067,"defensive_value":0.1407270804,"count":39},"21":{"player_id":214220,"player_name":"Federico Mattiello","vaep_value":0.1014819127,"offensive_value":0.036320247,"defensive_value":0.0651616657,"count":27},"22":{"player_id":226200,"player_name":"Federico Mattiello","vaep_value":0.057870039,"offensive_value":0.1212358433,"defensive_value":-0.0633658043,"count":49},"23":{"player_id":234359,"player_name":"Felipe Dias da Silva dal Belo","vaep_value":-0.263078109,"offensive_value":-0.2563615325,"defensive_value":-0.0067165765,"count":21},"24":{"player_id":239298,"player_name":"Juan Guilherme Nunes Jesus","vaep_value":0.0139877163,"offensive_value":0.0160436127,"defensive_value":-0.0020558964,"count":2},"25":{"player_id":263432,"player_name":"Aleksandar Kolarov","vaep_value":0.1187373345,"offensive_value":0.0201032282,"defensive_value":0.0986341063,"count":40},"26":{"player_id":328333,"player_name":"Juan Guilherme Nunes Jesus","vaep_value":1.2776209174,"offensive_value":1.2823861769,"defensive_value":-0.0047652595,"count":87},"27":{"player_id":340019,"player_name":"Maxime Gonalons","vaep_value":0.4367727233,"offensive_value":0.4309841944,"defensive_value":0.0057885289,"count":36},"28":{"player_id":350032,"player_name":"Alessandro  Florenzi","vaep_value":-0.3357446124,"offensive_value":-0.3245383804,"defensive_value":-0.011206232,"count":38}}