{"0":{"player_id":0,"player_name":"Moussa Konat\u00e9","vaep_value":0.0427435896,"offensive_value":0.0437462626,"defensive_value":-0.0010026729,"count":3},"1":{"player_id":15004,"player_name":"Fr\u00e9d\u00e9ric Guilbert","vaep_value":0.0443453181,"offensive_value":0.0753578816,"defensive_value":-0.0310125635,"count":51},"2":{"player_id":25384,"player_name":"Ivan Santini","vaep_value":0.2411594421,"offensive_value":0.2015161647,"defensive_value":0.0396432774,"count":35},"3":{"player_id":25492,"player_name":"Danilo Fernando Avelar","vaep_value":0.1914739849,"offensive_value":0.0819813631,"defensive_value":0.1094926217,"count":61},"4":{"player_id":25532,"player_name":"Damien Da Silva","vaep_value":-0.0196446457,"offensive_value":-0.0038823838,"defensive_value":-0.0157622619,"count":7},"5":{"player_id":25534,"player_name":"Adama Mbengue","vaep_value":-0.0166996485,"offensive_value":0.0755164378,"defensive_value":-0.0922160862,"count":49},"6":{"player_id":25647,"player_name":"Jan Repas","vaep_value":0.4190749658,"offensive_value":0.2997577335,"defensive_value":0.1193172323,"count":76},"7":{"player_id":25715,"player_name":"Damien Da Silva","vaep_value":-0.0047239407,"offensive_value":0.0376600586,"defensive_value":-0.0423839993,"count":48},"8":{"player_id":25947,"player_name":"Romain Genevois","vaep_value":-0.0083960197,"offensive_value":-0.0005667326,"defensive_value":-0.0078292871,"count":2},"9":{"player_id":25957,"player_name":"Fr\u00e9d\u00e9ric Guilbert","vaep_value":0.0193381226,"offensive_value":0.0486999872,"defensive_value":-0.0293618647,"count":46},"10":{"player_id":26069,"player_name":"Harisson Manzala","vaep_value":-0.1065925763,"offensive_value":-0.1335325887,"defensive_value":0.0269400124,"count":44},"11":{"player_id":26134,"player_name":"Fr\u00e9d\u00e9ric Guilbert","vaep_value":0.1549409893,"offensive_value":0.1100786899,"defensive_value":0.0448622995,"count":49},"12":{"player_id":26384,"player_name":"Thomas Monconduit","vaep_value":0.1030866195,"offensive_value":0.1012092457,"defensive_value":0.0018773738,"count":46},"13":{"player_id":26399,"player_name":"Fr\u00e9d\u00e9ric Guilbert","vaep_value":0.1867349928,"offensive_value":0.0160859969,"defensive_value":0.1706489959,"count":46},"14":{"player_id":26528,"player_name":"Julien F\u00e9ret","vaep_value":0.2059169711,"offensive_value":0.268422514,"defensive_value":-0.0625055429,"count":66},"15":{"player_id":26583,"player_name":"Oualid El Hajjam","vaep_value":0.2268450088,"offensive_value":0.2589197485,"defensive_value":-0.0320747397,"count":55},"16":{"player_id":28908,"player_name":"Prince-D\u00e9sir Gouano","vaep_value":0.2313571238,"offensive_value":0.2356128563,"defensive_value":-0.0042557325,"count":68},"17":{"player_id":29590,"player_name":"Prince-D\u00e9sir Gouano","vaep_value":-0.0531613952,"offensive_value":-0.0595974308,"defensive_value":0.0064360356,"count":9},"18":{"player_id":30320,"player_name":"Damien Da Silva","vaep_value":-0.538721287,"offensive_value":-0.0322593953,"defensive_value":-0.5064618917,"count":41},"19":{"player_id":38095,"player_name":"Prince-D\u00e9sir Gouano","vaep_value":-0.0238722392,"offensive_value":-0.0090964492,"defensive_value":-0.0147757899,"count":7},"20":{"player_id":38236,"player_name":"Prince-D\u00e9sir Gouano","vaep_value":0.0136299393,"offensive_value":0.0301877789,"defensive_value":-0.0165578396,"count":56},"21":{"player_id":97582,"player_name":"Julien F\u00e9ret","vaep_value":-0.1072529872,"offensive_value":-0.094571411,"defensive_value":-0.0126815762,"count":29},"22":{"player_id":101795,"player_name":"Adama Mbengue","vaep_value":-0.0780847544,"offensive_value":-0.0585739081,"defensive_value":-0.0195108464,"count":18},"23":{"player_id":105523,"player_name":"R\u00e9my Vercoutre","vaep_value":0.1955573664,"offensive_value":0.1858219877,"defensive_value":0.0097353787,"count":56},"24":{"player_id":215281,"player_name":"Damien Da Silva","vaep_value":0.2072675779,"offensive_value":0.2153447263,"defensive_value":-0.0080771484,"count":57},"25":{"player_id":229198,"player_name":"Adama Mbengue","vaep_value":-0.03104515,"offensive_value":-0.0169847143,"defensive_value":-0.0140604357,"count":32},"26":{"player_id":234138,"player_name":"Issa Cissokho","vaep_value":-0.0391369557,"offensive_value":-0.0316171529,"defensive_value":-0.0075198029,"count":45},"27":{"player_id":244357,"player_name":"Ga\u00ebl Kakuta","vaep_value":0.2205687903,"offensive_value":0.1208777614,"defensive_value":0.0996910289,"count":54}}