{"0":{"player_id":0,"player_name":"Marcus Rashford","vaep_value":0.020562626,"offensive_value":0.0299703793,"defensive_value":-0.0094077534,"count":8},"1":{"player_id":466,"player_name":"Nemanja Mati\u0107","vaep_value":0.0663469021,"offensive_value":0.0735321743,"defensive_value":-0.0071852723,"count":34},"2":{"player_id":3278,"player_name":"Ashley  Young","vaep_value":0.1375325648,"offensive_value":0.1617943717,"defensive_value":-0.0242618069,"count":45},"3":{"player_id":4255,"player_name":"Dale Stephens","vaep_value":-0.0123443264,"offensive_value":-0.0094967192,"defensive_value":-0.0028476071,"count":2},"4":{"player_id":7906,"player_name":"Paul Pogba","vaep_value":-0.0757635873,"offensive_value":-0.0810357993,"defensive_value":0.005272212,"count":87},"5":{"player_id":7910,"player_name":"Bruno Saltor Grau","vaep_value":0.0374304903,"offensive_value":0.0654850691,"defensive_value":-0.0280545788,"count":30},"6":{"player_id":7922,"player_name":"Glenn Murray","vaep_value":0.1717625392,"offensive_value":0.0743921803,"defensive_value":0.0973703589,"count":63},"7":{"player_id":7934,"player_name":"Glenn Murray","vaep_value":0.0379085995,"offensive_value":0.031242158,"defensive_value":0.0066664414,"count":23},"8":{"player_id":7936,"player_name":"Faustino Marcos Alberto Rojo","vaep_value":0.080732661,"offensive_value":0.1038403709,"defensive_value":-0.0231077099,"count":108},"9":{"player_id":7939,"player_name":"Anthony Knockaert","vaep_value":0.2712493851,"offensive_value":0.297120526,"defensive_value":-0.0258711409,"count":82},"10":{"player_id":8086,"player_name":"Marouane Fellaini-Bakkioui","vaep_value":0.1609070075,"offensive_value":0.0720058719,"defensive_value":0.0889011356,"count":51},"11":{"player_id":8135,"player_name":"Ashley  Young","vaep_value":-0.0215706516,"offensive_value":-0.0139917089,"defensive_value":-0.0075789427,"count":30},"12":{"player_id":8242,"player_name":"Faustino Marcos Alberto Rojo","vaep_value":0.1047710802,"offensive_value":-0.0100765604,"defensive_value":0.1148476406,"count":39},"13":{"player_id":8249,"player_name":"David de Gea Quintana","vaep_value":0.0629895165,"offensive_value":0.0430343081,"defensive_value":0.0199552084,"count":66},"14":{"player_id":8416,"player_name":"Davy Pr\u00f6pper","vaep_value":-0.2008253848,"offensive_value":-0.1839461308,"defensive_value":-0.016879254,"count":42},"15":{"player_id":9097,"player_name":"Davy Pr\u00f6pper","vaep_value":0.0473745845,"offensive_value":0.0635777651,"defensive_value":-0.0162031807,"count":46},"16":{"player_id":15526,"player_name":"Glenn Murray","vaep_value":0.8225572287,"offensive_value":0.9597189492,"defensive_value":-0.1371617205,"count":45},"17":{"player_id":21095,"player_name":"Dale Stephens","vaep_value":0.0345756443,"offensive_value":0.0407124842,"defensive_value":-0.0061368399,"count":59},"18":{"player_id":25950,"player_name":"Marouane Fellaini-Bakkioui","vaep_value":0.2064081191,"offensive_value":0.1835525125,"defensive_value":0.0228556065,"count":54},"19":{"player_id":26495,"player_name":"David de Gea Quintana","vaep_value":0.1193388025,"offensive_value":0.131209634,"defensive_value":-0.0118708315,"count":27},"20":{"player_id":61390,"player_name":"Chris Smalling","vaep_value":0.0787568485,"offensive_value":0.1559796536,"defensive_value":-0.0772228051,"count":34},"21":{"player_id":70122,"player_name":"Chris Smalling","vaep_value":0.3748317998,"offensive_value":0.3419070095,"defensive_value":0.0329247903,"count":132},"22":{"player_id":91381,"player_name":"Marouane Fellaini-Bakkioui","vaep_value":0.102775963,"offensive_value":0.1322131236,"defensive_value":-0.0294371606,"count":30},"23":{"player_id":101652,"player_name":"Juan Manuel Mata Garc\u00eda","vaep_value":0.1966949884,"offensive_value":0.0358327383,"defensive_value":0.1608622501,"count":78},"24":{"player_id":134513,"player_name":"Chris Smalling","vaep_value":0.0426896801,"offensive_value":0.0464058352,"defensive_value":-0.0037161551,"count":74},"25":{"player_id":247248,"player_name":"Marouane Fellaini-Bakkioui","vaep_value":0.002996987,"offensive_value":0.0021010379,"defensive_value":0.0008959491,"count":1},"26":{"player_id":397174,"player_name":"Paul Pogba","vaep_value":0.0107040668,"offensive_value":0.0170357188,"defensive_value":-0.0063316519,"count":8},"27":{"player_id":397178,"player_name":"Marcus Rashford","vaep_value":-0.1682110623,"offensive_value":-0.1558281717,"defensive_value":-0.0123828906,"count":39}}