{"0":{"player_id":0,"player_name":"Andros Townsend","vaep_value":0.0191299506,"offensive_value":0.0326293493,"defensive_value":-0.0134993987,"count":7},"1":{"player_id":261,"player_name":"Luka Milivojevi\u0107","vaep_value":-0.0580537947,"offensive_value":-0.0197714919,"defensive_value":-0.0382823028,"count":9},"2":{"player_id":454,"player_name":"Luka Milivojevi\u0107","vaep_value":1.0771377425,"offensive_value":1.1234197383,"defensive_value":-0.0462819957,"count":74},"3":{"player_id":3577,"player_name":"Wilfried Zaha","vaep_value":-0.0043082532,"offensive_value":-0.0477644816,"defensive_value":0.0434562284,"count":27},"4":{"player_id":5281,"player_name":"Mamadou Sakho","vaep_value":0.1810936133,"offensive_value":0.0561556914,"defensive_value":0.1249379219,"count":46},"5":{"player_id":7853,"player_name":"Yohan Cabaye","vaep_value":0.0576866878,"offensive_value":0.0580894963,"defensive_value":-0.0004028085,"count":58},"6":{"player_id":7907,"player_name":"Aaron Wan-Bissaka","vaep_value":0.0084274174,"offensive_value":0.0134949256,"defensive_value":-0.0050675082,"count":7},"7":{"player_id":7988,"player_name":"James McArthur","vaep_value":0.3447977263,"offensive_value":0.3042272531,"defensive_value":0.0405704732,"count":91},"8":{"player_id":8049,"player_name":"Aaron Wan-Bissaka","vaep_value":0.026951334,"offensive_value":0.0152042347,"defensive_value":0.0117470993,"count":6},"9":{"player_id":8285,"player_name":"Yohan Cabaye","vaep_value":0.1288511552,"offensive_value":0.1477485999,"defensive_value":-0.0188974447,"count":80},"10":{"player_id":8358,"player_name":"Mamadou Sakho","vaep_value":0.0726528891,"offensive_value":0.0987204671,"defensive_value":-0.026067578,"count":29},"11":{"player_id":8360,"player_name":"Patrick  van Aanholt","vaep_value":0.3153638628,"offensive_value":0.1080034972,"defensive_value":0.2073603655,"count":49},"12":{"player_id":8370,"player_name":"Wilfried Zaha","vaep_value":0.4148481515,"offensive_value":0.3024087112,"defensive_value":0.1124394403,"count":79},"13":{"player_id":8422,"player_name":"Ruben Loftus-Cheek","vaep_value":1.0003144278,"offensive_value":0.9991553,"defensive_value":0.0011591279,"count":63},"14":{"player_id":8425,"player_name":"Patrick  van Aanholt","vaep_value":0.0154279111,"offensive_value":0.0703600408,"defensive_value":-0.0549321297,"count":29},"15":{"player_id":8471,"player_name":"Mamadou Sakho","vaep_value":0.0632543521,"offensive_value":0.0592844397,"defensive_value":0.0039699124,"count":68},"16":{"player_id":8530,"player_name":"Jake Livermore","vaep_value":0.0326108094,"offensive_value":0.0183655643,"defensive_value":0.0142452451,"count":66},"17":{"player_id":8554,"player_name":"Grzegorz Krychowiak","vaep_value":0.0392570175,"offensive_value":0.0731941781,"defensive_value":-0.0339371605,"count":53},"18":{"player_id":8623,"player_name":"Chris Brunt","vaep_value":-0.2941274268,"offensive_value":-0.2877327237,"defensive_value":-0.0063947031,"count":42},"19":{"player_id":8686,"player_name":"James McClean","vaep_value":0.00414075,"offensive_value":0.0293640512,"defensive_value":-0.0252233013,"count":9},"20":{"player_id":8958,"player_name":"Chris Brunt","vaep_value":-0.0469648384,"offensive_value":-0.0673899435,"defensive_value":0.0204251051,"count":28},"21":{"player_id":25430,"player_name":"Jake Livermore","vaep_value":0.2819212442,"offensive_value":0.1327172432,"defensive_value":0.149204001,"count":73},"22":{"player_id":25537,"player_name":"Allan-Romeo Nyom","vaep_value":0.0058864439,"offensive_value":0.0184664591,"defensive_value":-0.0125800151,"count":44},"23":{"player_id":25703,"player_name":"Wayne  Hennessey","vaep_value":0.0291421744,"offensive_value":0.0307689128,"defensive_value":-0.0016267383,"count":13},"24":{"player_id":38031,"player_name":"James Tomkins","vaep_value":-0.1172270714,"offensive_value":-0.1136162225,"defensive_value":-0.0036108489,"count":10},"25":{"player_id":119951,"player_name":"Aaron Wan-Bissaka","vaep_value":0.1398576841,"offensive_value":0.0790605156,"defensive_value":0.0607971685,"count":41},"26":{"player_id":127537,"player_name":"James McArthur","vaep_value":0.2403305001,"offensive_value":0.1362501528,"defensive_value":0.1040803473,"count":83},"27":{"player_id":235555,"player_name":"Aaron Wan-Bissaka","vaep_value":0.1400023129,"offensive_value":0.0896693171,"defensive_value":0.0503329958,"count":59},"28":{"player_id":486252,"player_name":"Yohan Cabaye","vaep_value":0.2754730138,"offensive_value":0.3490369129,"defensive_value":-0.0735638991,"count":85}}