{"0":{"player_id":0,"player_name":"Wayne Rooney","vaep_value":0.0260968425,"offensive_value":0.0355352152,"defensive_value":-0.0094383727,"count":3},"1":{"player_id":466,"player_name":"Phil Jagielka","vaep_value":0.1260959251,"offensive_value":-0.0335526725,"defensive_value":0.1596485976,"count":69},"2":{"player_id":3278,"player_name":"Bruno Saltor Grau","vaep_value":-0.394633609,"offensive_value":0.1002729721,"defensive_value":-0.4949065811,"count":62},"3":{"player_id":7919,"player_name":"Gylfi \u00de\u00f3r Sigur\u00f0sson","vaep_value":0.0885974339,"offensive_value":0.1382633082,"defensive_value":-0.0496658743,"count":74},"4":{"player_id":7944,"player_name":"Davy Pr\u00f6pper","vaep_value":0.3437589241,"offensive_value":0.310560863,"defensive_value":0.0331980612,"count":41},"5":{"player_id":8086,"player_name":"Davy Pr\u00f6pper","vaep_value":0.1101865988,"offensive_value":0.0144773959,"defensive_value":0.0957092029,"count":54},"6":{"player_id":8143,"player_name":"Idrissa Gana Gueye","vaep_value":0.1916318568,"offensive_value":0.0912362911,"defensive_value":0.1003955657,"count":61},"7":{"player_id":8239,"player_name":"Dale Stephens","vaep_value":0.0662891528,"offensive_value":0.0669050043,"defensive_value":-0.0006158515,"count":57},"8":{"player_id":8242,"player_name":"Nikola Vla\u0161i\u0107","vaep_value":-0.0400441132,"offensive_value":0.0191486162,"defensive_value":-0.0591927294,"count":29},"9":{"player_id":8245,"player_name":"Mason Holgate","vaep_value":0.213934461,"offensive_value":0.1009604285,"defensive_value":0.1129740325,"count":60},"10":{"player_id":8416,"player_name":"Jordan Pickford","vaep_value":-0.1158024913,"offensive_value":-0.069595199,"defensive_value":-0.0462072924,"count":30},"11":{"player_id":9097,"player_name":"Phil Jagielka","vaep_value":0.3351397787,"offensive_value":0.0761195269,"defensive_value":0.2590202518,"count":66},"12":{"player_id":10131,"player_name":"Michael Keane","vaep_value":0.1030911237,"offensive_value":0.0769657665,"defensive_value":0.0261253573,"count":38},"13":{"player_id":15301,"player_name":"Morgan Schneiderlin","vaep_value":0.0118068574,"offensive_value":-0.0012394065,"defensive_value":0.0130462639,"count":8},"14":{"player_id":15526,"player_name":"Leighton Baines","vaep_value":0.1237067665,"offensive_value":0.0887122217,"defensive_value":0.0349945448,"count":53},"15":{"player_id":25706,"player_name":"Michael Keane","vaep_value":0.1010354384,"offensive_value":0.1089117674,"defensive_value":-0.007876329,"count":65},"16":{"player_id":25950,"player_name":"Phil Jagielka","vaep_value":1.0362584148,"offensive_value":1.0457269586,"defensive_value":-0.0094685438,"count":63},"17":{"player_id":61390,"player_name":"Idrissa Gana Gueye","vaep_value":0.0463234587,"offensive_value":0.0854030836,"defensive_value":-0.0390796249,"count":38},"18":{"player_id":64966,"player_name":"Dale Stephens","vaep_value":0.3377751863,"offensive_value":0.3065295238,"defensive_value":0.0312456625,"count":50},"19":{"player_id":77558,"player_name":"Dale Stephens","vaep_value":0.4761776649,"offensive_value":0.4636720768,"defensive_value":0.0125055881,"count":41},"20":{"player_id":91381,"player_name":"Wayne Rooney","vaep_value":-0.1063570133,"offensive_value":-0.0901380961,"defensive_value":-0.0162189172,"count":18},"21":{"player_id":92922,"player_name":"Leighton Baines","vaep_value":0.096602974,"offensive_value":0.0798575508,"defensive_value":0.0167454232,"count":7},"22":{"player_id":145692,"player_name":"Morgan Schneiderlin","vaep_value":-0.1001773229,"offensive_value":-0.0938073515,"defensive_value":-0.0063699713,"count":9},"23":{"player_id":247248,"player_name":"Morgan Schneiderlin","vaep_value":0.0534928241,"offensive_value":0.0143867768,"defensive_value":0.0391060472,"count":49},"24":{"player_id":255935,"player_name":"Leighton Baines","vaep_value":0.0178926114,"offensive_value":0.0232832199,"defensive_value":-0.0053906085,"count":5},"25":{"player_id":284476,"player_name":"Davy Pr\u00f6pper","vaep_value":-0.0047033387,"offensive_value":-0.0076247447,"defensive_value":0.0029214059,"count":50},"26":{"player_id":293687,"player_name":"Davy Pr\u00f6pper","vaep_value":-0.15131683,"offensive_value":-0.0332984559,"defensive_value":-0.1180183741,"count":44},"27":{"player_id":353236,"player_name":"Leighton Baines","vaep_value":-0.0187262828,"offensive_value":-0.0130013111,"defensive_value":-0.0057249716,"count":2},"28":{"player_id":355937,"player_name":"Idrissa Gana Gueye","vaep_value":0.1625872785,"offensive_value":0.2273185846,"defensive_value":-0.064731306,"count":79}}