{"0":{"player_id":0,"player_name":"Maximiliano G\u00f3mez Gonz\u00e1lez","vaep_value":0.0015339891,"offensive_value":0.0475764954,"defensive_value":-0.0460425064,"count":13},"1":{"player_id":3304,"player_name":"Sergi G\u00f3mez Sol\u00e0","vaep_value":0.1973083902,"offensive_value":0.1488314021,"defensive_value":0.0484769881,"count":61},"2":{"player_id":3309,"player_name":"Facundo Sebasti\u00e1n Roncaglia","vaep_value":0.1195518328,"offensive_value":0.0983359078,"defensive_value":0.021215925,"count":58},"3":{"player_id":3310,"player_name":"Sergi G\u00f3mez Sol\u00e0","vaep_value":0.5162395318,"offensive_value":0.4171712403,"defensive_value":0.0990682915,"count":84},"4":{"player_id":3321,"player_name":"Jonathan Castro Otto","vaep_value":-0.4404752332,"offensive_value":-0.4416975258,"defensive_value":0.0012222925,"count":38},"5":{"player_id":3338,"player_name":"Jozabed S\u00e1nchez Ruiz","vaep_value":0.1023991466,"offensive_value":0.0686648475,"defensive_value":0.0337342991,"count":48},"6":{"player_id":3563,"player_name":"Jozabed S\u00e1nchez Ruiz","vaep_value":1.0161179539,"offensive_value":1.0248176893,"defensive_value":-0.0086997354,"count":70},"7":{"player_id":3821,"player_name":"Stanislav Lobotka","vaep_value":0.2496006135,"offensive_value":0.1401518737,"defensive_value":0.1094487398,"count":49},"8":{"player_id":3827,"player_name":"Sergio \u00c1lvarez Conde","vaep_value":0.1426438788,"offensive_value":0.0849867564,"defensive_value":0.0576571224,"count":63},"9":{"player_id":3840,"player_name":"Rapha\u00ebl Varane","vaep_value":0.0201160292,"offensive_value":0.0097957909,"defensive_value":0.0103202383,"count":4},"10":{"player_id":3915,"player_name":"Jonathan Castro Otto","vaep_value":0.3803848614,"offensive_value":0.3320710014,"defensive_value":0.04831386,"count":32},"11":{"player_id":4424,"player_name":"Stanislav Lobotka","vaep_value":0.0286142683,"offensive_value":0.1115324248,"defensive_value":-0.0829181565,"count":75},"12":{"player_id":4498,"player_name":"Facundo Sebasti\u00e1n Roncaglia","vaep_value":-0.0471000952,"offensive_value":-0.0446659261,"defensive_value":-0.0024341691,"count":18},"13":{"player_id":4911,"player_name":"Jozabed S\u00e1nchez Ruiz","vaep_value":0.5222004435,"offensive_value":0.3786243228,"defensive_value":0.1435761207,"count":54},"14":{"player_id":8278,"player_name":"Lucas Ariel Boy\u00e9","vaep_value":2.0475175258,"offensive_value":2.0698383898,"defensive_value":-0.0223208639,"count":60},"15":{"player_id":8287,"player_name":"Lucas Ariel Boy\u00e9","vaep_value":0.4774923641,"offensive_value":0.4579313499,"defensive_value":0.0195610141,"count":94},"16":{"player_id":14723,"player_name":"Jos\u00e9 Ignacio Fern\u00e1ndez Iglesias","vaep_value":1.1258658059,"offensive_value":1.1294608526,"defensive_value":-0.0035950467,"count":97},"17":{"player_id":26652,"player_name":"Daniel Wass","vaep_value":-0.0431659771,"offensive_value":0.0347276753,"defensive_value":-0.0778936524,"count":52},"18":{"player_id":40756,"player_name":"Carlos Henrique Casimiro","vaep_value":0.3130814238,"offensive_value":0.2183000989,"defensive_value":0.0947813248,"count":67},"19":{"player_id":86183,"player_name":"Luka Modri\u0107","vaep_value":0.129848889,"offensive_value":0.0245037673,"defensive_value":0.1053451217,"count":60},"20":{"player_id":140125,"player_name":"Rapha\u00ebl Varane","vaep_value":-0.026358455,"offensive_value":-0.0474394145,"defensive_value":0.0210809596,"count":11},"21":{"player_id":167641,"player_name":"Keylor Navas Gamboa","vaep_value":0.3251392702,"offensive_value":0.1558876273,"defensive_value":0.1692516429,"count":68},"22":{"player_id":269060,"player_name":"Rapha\u00ebl Varane","vaep_value":0.0667909596,"offensive_value":0.0699513818,"defensive_value":-0.0031604222,"count":38},"23":{"player_id":288091,"player_name":"Toni Kroos","vaep_value":-0.2554640698,"offensive_value":-0.2568224561,"defensive_value":0.0013583864,"count":28},"24":{"player_id":302550,"player_name":"Achraf Hakimi Mouh","vaep_value":-0.0646865595,"offensive_value":-0.061388505,"defensive_value":-0.0032980544,"count":51},"25":{"player_id":334817,"player_name":"Lucas Ariel Boy\u00e9","vaep_value":-0.1831608637,"offensive_value":-0.1021268922,"defensive_value":-0.0810339715,"count":33},"26":{"player_id":344120,"player_name":"Lucas Ariel Boy\u00e9","vaep_value":-0.0957338323,"offensive_value":-0.0894590523,"defensive_value":-0.00627478,"count":18},"27":{"player_id":395636,"player_name":"Lucas Ariel Boy\u00e9","vaep_value":-0.1532192335,"offensive_value":-0.1181677917,"defensive_value":-0.0350514418,"count":32},"28":{"player_id":396475,"player_name":"Rapha\u00ebl Varane","vaep_value":1.0210921711,"offensive_value":0.9915753773,"defensive_value":0.0295167938,"count":100}}