{"0":{"player_id":0,"player_name":"Pietro Iemmello","vaep_value":0.0738262902,"offensive_value":0.1324755991,"defensive_value":-0.0586493089,"count":16},"1":{"player_id":130,"player_name":"Stefan de Vrij","vaep_value":0.1506764606,"offensive_value":0.1283517308,"defensive_value":0.0223247298,"count":53},"2":{"player_id":3484,"player_name":"\u015etefan Daniel Radu","vaep_value":0.3543725798,"offensive_value":0.37535618,"defensive_value":-0.0209836002,"count":92},"3":{"player_id":7926,"player_name":"Stefan de Vrij","vaep_value":0.9925099764,"offensive_value":0.991195444,"defensive_value":0.0013145324,"count":27},"4":{"player_id":7965,"player_name":"Bartolomeu Jacinto Quissanga","vaep_value":0.4511450609,"offensive_value":0.3322668755,"defensive_value":0.1188781853,"count":97},"5":{"player_id":20550,"player_name":"Marco Parolo","vaep_value":0.3886367101,"offensive_value":0.304333088,"defensive_value":0.0843036221,"count":83},"6":{"player_id":20561,"player_name":"Cristiano Lombardi","vaep_value":-0.1400094057,"offensive_value":-0.1249458687,"defensive_value":-0.0150635369,"count":56},"7":{"player_id":21350,"player_name":"Cristiano Lombardi","vaep_value":0.717438509,"offensive_value":0.7074686782,"defensive_value":0.0099698308,"count":53},"8":{"player_id":21384,"player_name":"\u015etefan Daniel Radu","vaep_value":1.5769412668,"offensive_value":1.5808108742,"defensive_value":-0.0038696074,"count":54},"9":{"player_id":21415,"player_name":"Stefan de Vrij","vaep_value":0.0487371953,"offensive_value":0.0272365124,"defensive_value":0.0215006829,"count":25},"10":{"player_id":21578,"player_name":"Sergej Milinkovi\u0107-Savi\u0107","vaep_value":0.0112447315,"offensive_value":0.1967410184,"defensive_value":-0.185496287,"count":104},"11":{"player_id":21872,"player_name":"Lucas  Pezzini Leiva","vaep_value":0.2893231527,"offensive_value":0.2316825315,"defensive_value":0.0576406212,"count":77},"12":{"player_id":22135,"player_name":"\u015etefan Daniel Radu","vaep_value":-0.1296822396,"offensive_value":-0.1324524791,"defensive_value":0.0027702395,"count":22},"13":{"player_id":22323,"player_name":"Sergej Milinkovi\u0107-Savi\u0107","vaep_value":0.1285204646,"offensive_value":0.1128210191,"defensive_value":0.0156994455,"count":35},"14":{"player_id":22695,"player_name":"Ciro Immobile","vaep_value":-0.0128182696,"offensive_value":0.0227379414,"defensive_value":-0.0355562109,"count":105},"15":{"player_id":24269,"player_name":"Sergej Milinkovi\u0107-Savi\u0107","vaep_value":0.0174790404,"offensive_value":0.0181762087,"defensive_value":-0.0006971683,"count":12},"16":{"player_id":24838,"player_name":"Stefan de Vrij","vaep_value":0.0527533875,"offensive_value":0.0507282815,"defensive_value":0.002025106,"count":9},"17":{"player_id":37745,"player_name":"\u015etefan Daniel Radu","vaep_value":-0.0454703351,"offensive_value":-0.0388059954,"defensive_value":-0.0066643397,"count":36},"18":{"player_id":101635,"player_name":"Sergej Milinkovi\u0107-Savi\u0107","vaep_value":0.0334834935,"offensive_value":0.0296539878,"defensive_value":0.0038295057,"count":4},"19":{"player_id":134484,"player_name":"Ciro Immobile","vaep_value":0.0292237566,"offensive_value":-0.0163003444,"defensive_value":0.045524101,"count":39},"20":{"player_id":166534,"player_name":"Luis Alberto Romero Alconchel","vaep_value":0.0859089411,"offensive_value":0.1381488694,"defensive_value":-0.0522399283,"count":32},"21":{"player_id":208865,"player_name":"Cristiano Lombardi","vaep_value":0.5386332058,"offensive_value":0.5285402068,"defensive_value":0.010092999,"count":63},"22":{"player_id":218971,"player_name":"Lorenzo Venuti","vaep_value":0.9182678647,"offensive_value":0.8830914751,"defensive_value":0.0351763896,"count":35},"23":{"player_id":220341,"player_name":"Danilo Cataldi","vaep_value":0.2085801759,"offensive_value":0.1243423968,"defensive_value":0.0842377791,"count":86},"24":{"player_id":228928,"player_name":"Sergej Milinkovi\u0107-Savi\u0107","vaep_value":0.5536952575,"offensive_value":0.525656315,"defensive_value":0.0280389425,"count":31},"25":{"player_id":255670,"player_name":"Bartolomeu Jacinto Quissanga","vaep_value":0.0534061285,"offensive_value":0.1157876848,"defensive_value":-0.0623815563,"count":52},"26":{"player_id":256478,"player_name":"\u015etefan Daniel Radu","vaep_value":-0.1543796122,"offensive_value":-0.1399965904,"defensive_value":-0.0143830219,"count":61},"27":{"player_id":265865,"player_name":"Luis Alberto Romero Alconchel","vaep_value":0.0423839642,"offensive_value":0.0118548539,"defensive_value":0.0305291103,"count":70},"28":{"player_id":284960,"player_name":"\u015etefan Daniel Radu","vaep_value":0.1771104651,"offensive_value":0.0949280908,"defensive_value":0.0821823743,"count":79}}