{"0":{"player_id":0,"player_name":"Stipe Perica","vaep_value":-0.0024738419,"offensive_value":0.0194593808,"defensive_value":-0.0219332227,"count":10},"1":{"player_id":114,"player_name":"Anton\u00edn Bar\u00e1k","vaep_value":0.1708891252,"offensive_value":0.1148850452,"defensive_value":0.05600408,"count":14},"2":{"player_id":3463,"player_name":"Danilo Larangeira","vaep_value":0.0240536706,"offensive_value":0.0310799747,"defensive_value":-0.0070263041,"count":34},"3":{"player_id":3475,"player_name":"Samir Caetano de Souza Santos","vaep_value":1.1454399517,"offensive_value":1.1466741096,"defensive_value":-0.0012341579,"count":15},"4":{"player_id":8327,"player_name":"Albano Benjam\u00edn Bizzarri","vaep_value":-0.2123719334,"offensive_value":-0.1919929415,"defensive_value":-0.0203789918,"count":41},"5":{"player_id":20418,"player_name":"Konstantinos Manolas","vaep_value":0.0222349922,"offensive_value":-0.0342122548,"defensive_value":0.056447247,"count":36},"6":{"player_id":20422,"player_name":"Seko Fofana","vaep_value":0.003306143,"offensive_value":0.0062950901,"defensive_value":-0.0029889471,"count":1},"7":{"player_id":20438,"player_name":"Ali Adnan Kadhim Al Tameemi","vaep_value":0.2336747689,"offensive_value":0.1595146535,"defensive_value":0.0741601154,"count":64},"8":{"player_id":20518,"player_name":"Rodrigo Javier de Paul","vaep_value":0.2283447554,"offensive_value":0.1669155365,"defensive_value":0.0614292189,"count":58},"9":{"player_id":20540,"player_name":"Valon Behrami","vaep_value":0.1172011731,"offensive_value":0.1005006402,"defensive_value":0.0167005329,"count":45},"10":{"player_id":20583,"player_name":"Ali Adnan Kadhim Al Tameemi","vaep_value":0.1110205752,"offensive_value":0.0127271035,"defensive_value":0.0982934716,"count":58},"11":{"player_id":20879,"player_name":"Federico Juli\u00e1n Fazio","vaep_value":0.4938264478,"offensive_value":0.4387313982,"defensive_value":0.0550950496,"count":65},"12":{"player_id":20938,"player_name":"Radja Nainggolan","vaep_value":0.0234870951,"offensive_value":0.0547840402,"defensive_value":-0.0312969451,"count":30},"13":{"player_id":22566,"player_name":"Lorenzo Pellegrini","vaep_value":0.3103547599,"offensive_value":0.3239067376,"defensive_value":-0.0135519777,"count":99},"14":{"player_id":23149,"player_name":"Edin D\u017eeko","vaep_value":0.0234161395,"offensive_value":0.0254690917,"defensive_value":-0.0020529522,"count":4},"15":{"player_id":50069,"player_name":"Silvan Widmer","vaep_value":0.1278424605,"offensive_value":0.015728734,"defensive_value":0.1121137266,"count":57},"16":{"player_id":56026,"player_name":"Danilo Larangeira","vaep_value":0.0277814945,"offensive_value":0.0109974954,"defensive_value":0.0167839992,"count":47},"17":{"player_id":92966,"player_name":"Seko Fofana","vaep_value":0.0671779969,"offensive_value":0.0581996739,"defensive_value":0.008978323,"count":46},"18":{"player_id":131184,"player_name":"Seko Fofana","vaep_value":0.0973844529,"offensive_value":0.1264488631,"defensive_value":-0.0290644102,"count":57},"19":{"player_id":134508,"player_name":"Alisson Rams\u00e9s Becker","vaep_value":0.0800462855,"offensive_value":0.0684742974,"defensive_value":0.0115719881,"count":62},"20":{"player_id":213948,"player_name":"Silvan Widmer","vaep_value":0.2592527848,"offensive_value":0.178997852,"defensive_value":0.0802549329,"count":61},"21":{"player_id":214220,"player_name":"Anton\u00edn Bar\u00e1k","vaep_value":0.0815366646,"offensive_value":0.0917918824,"defensive_value":-0.0102552178,"count":44},"22":{"player_id":234533,"player_name":"Silvan Widmer","vaep_value":-0.105093866,"offensive_value":-0.0784554882,"defensive_value":-0.0266383778,"count":23},"23":{"player_id":248950,"player_name":"Daniele De Rossi","vaep_value":0.2946984994,"offensive_value":0.1176553805,"defensive_value":0.1770431189,"count":58},"24":{"player_id":265172,"player_name":"Daniele De Rossi","vaep_value":0.1061642726,"offensive_value":0.1012447031,"defensive_value":0.0049195696,"count":72},"25":{"player_id":300669,"player_name":"Silvan Widmer","vaep_value":0.0270593786,"offensive_value":-0.0113770294,"defensive_value":0.0384364079,"count":8},"26":{"player_id":328333,"player_name":"Jens Stryger Larsen","vaep_value":0.1073715813,"offensive_value":0.0788730612,"defensive_value":0.0284985201,"count":64},"27":{"player_id":350032,"player_name":"Danilo Larangeira","vaep_value":0.5624664489,"offensive_value":0.5826263203,"defensive_value":-0.0201598714,"count":62},"28":{"player_id":354547,"player_name":"Anton\u00edn Bar\u00e1k","vaep_value":-0.0029197462,"offensive_value":0.0201376984,"defensive_value":-0.0230574446,"count":10}}