{"0":{"player_id":0,"player_name":"Alfre\u00f0 Finnbogason","vaep_value":0.0357907736,"offensive_value":0.0525700659,"defensive_value":-0.0167792924,"count":7},"1":{"player_id":159,"player_name":"Jeffrey Gouweleeuw","vaep_value":-0.2263573378,"offensive_value":-0.2977929492,"defensive_value":0.0714356115,"count":41},"2":{"player_id":14863,"player_name":"Martin Hinteregger","vaep_value":0.4349977796,"offensive_value":0.3826312497,"defensive_value":0.0523665298,"count":109},"3":{"player_id":14914,"player_name":"Frederik Hillesborg S\u00f8rensen","vaep_value":0.0750895769,"offensive_value":0.1968122877,"defensive_value":-0.1217227108,"count":35},"4":{"player_id":15253,"player_name":"Frederik Hillesborg S\u00f8rensen","vaep_value":0.3989247076,"offensive_value":0.3024657675,"defensive_value":0.0964589401,"count":80},"5":{"player_id":15265,"player_name":"Matthias Lehmann","vaep_value":0.3483266098,"offensive_value":0.1614522793,"defensive_value":0.1868743305,"count":31},"6":{"player_id":15317,"player_name":"Matthias Lehmann","vaep_value":-0.2128830086,"offensive_value":-0.1535620186,"defensive_value":-0.05932099,"count":57},"7":{"player_id":15543,"player_name":"Matthias Lehmann","vaep_value":0.0276888616,"offensive_value":-0.0817494175,"defensive_value":0.1094382791,"count":36},"8":{"player_id":15695,"player_name":"Dominique Heintz","vaep_value":0.1522720646,"offensive_value":0.1462813343,"defensive_value":0.0059907303,"count":37},"9":{"player_id":15777,"player_name":"Simon Zoller","vaep_value":0.3190708797,"offensive_value":0.2861263924,"defensive_value":0.0329444873,"count":45},"10":{"player_id":15782,"player_name":"Lukas Kl\u00fcnter","vaep_value":0.1374164425,"offensive_value":0.1161405882,"defensive_value":0.0212758543,"count":9},"11":{"player_id":16432,"player_name":"Michael Gregoritsch","vaep_value":0.11935235,"offensive_value":0.1148615712,"defensive_value":0.0044907788,"count":42},"12":{"player_id":16826,"player_name":"Lukas Kl\u00fcnter","vaep_value":0.1274851696,"offensive_value":0.0482406823,"defensive_value":0.0792444872,"count":30},"13":{"player_id":16843,"player_name":"Matthias Lehmann","vaep_value":0.1737142957,"offensive_value":0.1522665308,"defensive_value":0.0214477649,"count":74},"14":{"player_id":18669,"player_name":"Y\u016bya \u014csako","vaep_value":-0.4103079149,"offensive_value":0.0182975611,"defensive_value":-0.4286054759,"count":85},"15":{"player_id":20680,"player_name":"Matthias Lehmann","vaep_value":0.1471750751,"offensive_value":0.0702044364,"defensive_value":0.0769706387,"count":43},"16":{"player_id":37948,"player_name":"Matthias Lehmann","vaep_value":1.5968606748,"offensive_value":1.626889855,"defensive_value":-0.0300291802,"count":32},"17":{"player_id":38079,"player_name":"Matthias Lehmann","vaep_value":0.4651795698,"offensive_value":0.3991689247,"defensive_value":0.0660106452,"count":52},"18":{"player_id":65075,"player_name":"Rani Khedira","vaep_value":0.0424066343,"offensive_value":-0.0172376947,"defensive_value":0.059644329,"count":24},"19":{"player_id":65180,"player_name":"Matthias Lehmann","vaep_value":0.1596158608,"offensive_value":0.1082795535,"defensive_value":0.0513363073,"count":33},"20":{"player_id":91519,"player_name":"Marco H\u00f6ger","vaep_value":0.0708729897,"offensive_value":0.0619053463,"defensive_value":0.0089676434,"count":45},"21":{"player_id":94831,"player_name":"Marco H\u00f6ger","vaep_value":0.0347944899,"offensive_value":0.0865251165,"defensive_value":-0.0517306266,"count":44},"22":{"player_id":221411,"player_name":"Marco H\u00f6ger","vaep_value":0.7036600465,"offensive_value":0.7308615551,"defensive_value":-0.0272015085,"count":54},"23":{"player_id":224971,"player_name":"Simon Zoller","vaep_value":0.045193726,"offensive_value":0.0168179008,"defensive_value":0.0283758251,"count":3},"24":{"player_id":263490,"player_name":"Frederik Hillesborg S\u00f8rensen","vaep_value":-0.1406673548,"offensive_value":-0.126100195,"defensive_value":-0.0145671598,"count":18},"25":{"player_id":272338,"player_name":"Daniel Tawiah Opare","vaep_value":-0.0333756449,"offensive_value":0.0189370988,"defensive_value":-0.0523127437,"count":68},"26":{"player_id":275384,"player_name":"Matthias Lehmann","vaep_value":0.1415067054,"offensive_value":0.1012337662,"defensive_value":0.0402729393,"count":45},"27":{"player_id":354997,"player_name":"Matthias Lehmann","vaep_value":0.0097701121,"offensive_value":0.0177031974,"defensive_value":-0.0079330853,"count":11}}