{"0":{"player_id":36,"player_name":"Romelu Lukaku Menama","vaep_value":0.0238255441,"offensive_value":0.1050671333,"defensive_value":-0.0812415892,"count":68},"1":{"player_id":48,"player_name":"Axel  Witsel","vaep_value":0.2823332001,"offensive_value":0.3661463147,"defensive_value":-0.0838131146,"count":61},"2":{"player_id":122,"player_name":"Kevin De Bruyne","vaep_value":0.2167919097,"offensive_value":0.2097307153,"defensive_value":0.0070611944,"count":37},"3":{"player_id":3429,"player_name":"Anga Dedryck Boyata","vaep_value":0.2576200431,"offensive_value":0.4176511093,"defensive_value":-0.1600310662,"count":47},"4":{"player_id":7905,"player_name":"Toby Alderweireld","vaep_value":1.6248711417,"offensive_value":1.6584886159,"defensive_value":-0.0336174741,"count":20},"5":{"player_id":8034,"player_name":"Thomas Meunier","vaep_value":0.0302502012,"offensive_value":0.1019695845,"defensive_value":-0.0717193832,"count":44},"6":{"player_id":8249,"player_name":"Thomas Meunier","vaep_value":0.1894613868,"offensive_value":0.1013180194,"defensive_value":0.0881433674,"count":28},"7":{"player_id":10014,"player_name":"Dries Mertens","vaep_value":-0.0567306138,"offensive_value":0.0412345002,"defensive_value":-0.0979651141,"count":23},"8":{"player_id":21333,"player_name":"Ellyes Skhiri","vaep_value":-0.0698754049,"offensive_value":0.0002854218,"defensive_value":-0.0701608268,"count":22},"9":{"player_id":25707,"player_name":"Syam Ben Youssef","vaep_value":1.1114837066,"offensive_value":1.2357060376,"defensive_value":-0.124222331,"count":46},"10":{"player_id":25776,"player_name":"Kevin De Bruyne","vaep_value":0.4986443249,"offensive_value":0.5461597856,"defensive_value":-0.0475154606,"count":37},"11":{"player_id":26100,"player_name":"Farouk Ben Mustapha","vaep_value":-0.0337026174,"offensive_value":0.0082160092,"defensive_value":-0.0419186266,"count":21},"12":{"player_id":28094,"player_name":"Syam Ben Youssef","vaep_value":-0.2508446447,"offensive_value":-0.1944605133,"defensive_value":-0.0563841314,"count":43},"13":{"player_id":37824,"player_name":"Dylan Bronn","vaep_value":0.3925311125,"offensive_value":0.4631259666,"defensive_value":-0.0705948541,"count":74},"14":{"player_id":38021,"player_name":"Syam Ben Youssef","vaep_value":0.5019365043,"offensive_value":0.4626338908,"defensive_value":0.0393026135,"count":52},"15":{"player_id":38093,"player_name":"Yassine  Meriah","vaep_value":0.5010243226,"offensive_value":0.5190817458,"defensive_value":-0.0180574232,"count":15},"16":{"player_id":70123,"player_name":"Ali Ma\u00e2loul","vaep_value":0.3658843455,"offensive_value":0.318204202,"defensive_value":0.0476801436,"count":74},"17":{"player_id":120784,"player_name":"Ferjani Sassi","vaep_value":0.1860455728,"offensive_value":0.1989115649,"defensive_value":-0.0128659921,"count":44},"18":{"player_id":120839,"player_name":"Syam Ben Youssef","vaep_value":0.3783371592,"offensive_value":0.254374083,"defensive_value":0.1239630762,"count":81},"19":{"player_id":120853,"player_name":"Ferjani Sassi","vaep_value":0.2891780434,"offensive_value":0.2792008929,"defensive_value":0.0099771505,"count":69},"20":{"player_id":134769,"player_name":"Thomas Meunier","vaep_value":0.1049910432,"offensive_value":0.334214753,"defensive_value":-0.2292237098,"count":54},"21":{"player_id":209354,"player_name":"Thomas Meunier","vaep_value":0.1638051953,"offensive_value":0.0391266731,"defensive_value":0.1246785222,"count":41},"22":{"player_id":246946,"player_name":"Kevin De Bruyne","vaep_value":0.1948477879,"offensive_value":0.2400087341,"defensive_value":-0.0451609461,"count":68},"23":{"player_id":263802,"player_name":"Kevin De Bruyne","vaep_value":-0.0893721219,"offensive_value":-0.0606465166,"defensive_value":-0.0287256053,"count":3},"24":{"player_id":275243,"player_name":"Axel  Witsel","vaep_value":0.3417180052,"offensive_value":0.1998101051,"defensive_value":0.1419079001,"count":45},"25":{"player_id":293080,"player_name":"Jan Vertonghen","vaep_value":0.1244310408,"offensive_value":-0.0364399068,"defensive_value":0.1608709476,"count":56},"26":{"player_id":295747,"player_name":"Dylan Bronn","vaep_value":0.8624990797,"offensive_value":0.8473307622,"defensive_value":0.0151683175,"count":17},"27":{"player_id":331763,"player_name":"Syam Ben Youssef","vaep_value":0.0402462451,"offensive_value":0.0232563466,"defensive_value":0.0169898985,"count":51}}