{"0":{"player_id":0,"player_name":"Junior Stanislas","vaep_value":0.0452214383,"offensive_value":0.0703576994,"defensive_value":-0.0251362611,"count":10},"1":{"player_id":7989,"player_name":"Andrew Surman","vaep_value":0.1087349133,"offensive_value":0.0530481406,"defensive_value":0.0556867727,"count":42},"2":{"player_id":8277,"player_name":"Fabian Delph","vaep_value":-0.0493050761,"offensive_value":-0.0280494816,"defensive_value":-0.0212555946,"count":105},"3":{"player_id":8307,"player_name":"Nicol\u00e1s Hern\u00e1n Otamendi","vaep_value":0.2414948991,"offensive_value":0.2238929891,"defensive_value":0.01760191,"count":124},"4":{"player_id":8317,"player_name":"Vincent Kompany","vaep_value":0.2931725024,"offensive_value":0.2569538855,"defensive_value":0.0362186169,"count":136},"5":{"player_id":8325,"player_name":"Kyle Walker","vaep_value":1.6540294135,"offensive_value":1.65404566,"defensive_value":-0.0000162465,"count":49},"6":{"player_id":8351,"player_name":"Vincent Kompany","vaep_value":0.185080671,"offensive_value":0.1556461965,"defensive_value":0.0294344745,"count":41},"7":{"player_id":8460,"player_name":"Nicol\u00e1s Hern\u00e1n Otamendi","vaep_value":0.0449145111,"offensive_value":0.0662037188,"defensive_value":-0.0212892076,"count":42},"8":{"player_id":8464,"player_name":"Vincent Kompany","vaep_value":0.1847539832,"offensive_value":0.2007902284,"defensive_value":-0.0160362453,"count":109},"9":{"player_id":8726,"player_name":"Raheem Shaquille Sterling","vaep_value":0.0004647025,"offensive_value":0.100305004,"defensive_value":-0.0998403016,"count":33},"10":{"player_id":8959,"player_name":"Kevin De Bruyne","vaep_value":-0.0270047963,"offensive_value":-0.0071036918,"defensive_value":-0.0199011045,"count":4},"11":{"player_id":9277,"player_name":"Ryan Fraser","vaep_value":0.2181336636,"offensive_value":0.0961512096,"defensive_value":0.1219824541,"count":41},"12":{"player_id":9293,"player_name":"Kyle Walker","vaep_value":0.1142371125,"offensive_value":0.1203066594,"defensive_value":-0.0060695469,"count":36},"13":{"player_id":9739,"player_name":"Vincent Kompany","vaep_value":-0.0406117808,"offensive_value":-0.1283502668,"defensive_value":0.087738486,"count":31},"14":{"player_id":11066,"player_name":"Nicol\u00e1s Hern\u00e1n Otamendi","vaep_value":0.8918625728,"offensive_value":0.899994649,"defensive_value":-0.0081320762,"count":59},"15":{"player_id":11669,"player_name":"Fabian Delph","vaep_value":0.0079727531,"offensive_value":0.0051650404,"defensive_value":0.0028077128,"count":7},"16":{"player_id":14808,"player_name":"Fernando Luiz Rosa","vaep_value":-0.0914973296,"offensive_value":-0.0754563981,"defensive_value":-0.0160409316,"count":22},"17":{"player_id":38021,"player_name":"Nicol\u00e1s Hern\u00e1n Otamendi","vaep_value":0.0368691111,"offensive_value":-0.003576356,"defensive_value":0.040445467,"count":58},"18":{"player_id":62224,"player_name":"Asmir Begovi\u0107","vaep_value":-0.0712340622,"offensive_value":-0.0398633019,"defensive_value":-0.0313707603,"count":53},"19":{"player_id":70083,"player_name":"Fernando Luiz Rosa","vaep_value":0.6054165997,"offensive_value":0.6052812901,"defensive_value":0.0001353096,"count":15},"20":{"player_id":70086,"player_name":"Nicol\u00e1s Hern\u00e1n Otamendi","vaep_value":0.4335789111,"offensive_value":0.4483197228,"defensive_value":-0.0147408117,"count":166},"21":{"player_id":71654,"player_name":"David Josu\u00e9 Jim\u00e9nez Silva","vaep_value":0.0815846067,"offensive_value":0.0659052951,"defensive_value":0.0156793116,"count":26},"22":{"player_id":105339,"player_name":"Jordon  Ibe","vaep_value":0.3406676927,"offensive_value":0.2895656026,"defensive_value":0.0511020902,"count":125},"23":{"player_id":134102,"player_name":"Fernando Luiz Rosa","vaep_value":0.0748272766,"offensive_value":0.0270028319,"defensive_value":0.0478244447,"count":30},"24":{"player_id":134351,"player_name":"Nicol\u00e1s Hern\u00e1n Otamendi","vaep_value":-0.0445755492,"offensive_value":-0.044156217,"defensive_value":-0.0004193322,"count":1},"25":{"player_id":245364,"player_name":"Ederson Santana de Moraes","vaep_value":-0.0639611192,"offensive_value":-0.0891511836,"defensive_value":0.0251900644,"count":31},"26":{"player_id":245813,"player_name":"Vincent Kompany","vaep_value":-0.038519965,"offensive_value":-0.0255297362,"defensive_value":-0.0129902288,"count":7},"27":{"player_id":265673,"player_name":"Nicol\u00e1s Hern\u00e1n Otamendi","vaep_value":0.2157001622,"offensive_value":0.2148780804,"defensive_value":0.0008220818,"count":38},"28":{"player_id":415747,"player_name":"Nicol\u00e1s Hern\u00e1n Otamendi","vaep_value":0.0123105246,"offensive_value":0.0111800473,"defensive_value":0.0011304773,"count":13}}