{"0":{"player_id":0,"player_name":"Valter Birsa","vaep_value":0.0715049414,"offensive_value":0.1012825114,"defensive_value":-0.0297775699,"count":7},"1":{"player_id":20495,"player_name":"Nenad Tomovi\u0107","vaep_value":0.2269853186,"offensive_value":0.2630200188,"defensive_value":-0.0360347002,"count":75},"2":{"player_id":20609,"player_name":"Fabio Depaoli","vaep_value":0.0791180693,"offensive_value":0.1372060381,"defensive_value":-0.0580879688,"count":43},"3":{"player_id":20633,"player_name":"Fabrizio Cacciatore","vaep_value":0.1659093583,"offensive_value":0.0706515569,"defensive_value":0.0952578014,"count":41},"4":{"player_id":20637,"player_name":"Andrea Costa","vaep_value":0.1459495901,"offensive_value":0.1574102308,"defensive_value":-0.0114606407,"count":71},"5":{"player_id":20653,"player_name":"Massimo Gobbi","vaep_value":-0.0175890154,"offensive_value":-0.0494252653,"defensive_value":0.0318362499,"count":55},"6":{"player_id":20662,"player_name":"Valter Birsa","vaep_value":-0.0296963326,"offensive_value":-0.0300565597,"defensive_value":0.0003602271,"count":22},"7":{"player_id":20748,"player_name":"Lorenzo Venuti","vaep_value":-0.0501308622,"offensive_value":0.0885707471,"defensive_value":-0.1387016092,"count":76},"8":{"player_id":21291,"player_name":"Massimo Coda","vaep_value":0.773329954,"offensive_value":0.6920047895,"defensive_value":0.0813251644,"count":65},"9":{"player_id":21322,"player_name":"Nenad Tomovi\u0107","vaep_value":0.4098989472,"offensive_value":0.3282258813,"defensive_value":0.0816730659,"count":28},"10":{"player_id":21438,"player_name":"Lorenzo Venuti","vaep_value":-0.0650553141,"offensive_value":-0.0643976775,"defensive_value":-0.0006576366,"count":13},"11":{"player_id":21564,"player_name":"Benito Nicolas Viola","vaep_value":0.2941722368,"offensive_value":0.1869452378,"defensive_value":0.107226999,"count":91},"12":{"player_id":21578,"player_name":"Vittorio Parigini","vaep_value":0.0109168619,"offensive_value":0.0166165633,"defensive_value":-0.0056997014,"count":6},"13":{"player_id":21607,"player_name":"Vittorio Parigini","vaep_value":0.2998767811,"offensive_value":0.2259599579,"defensive_value":0.0739168231,"count":84},"14":{"player_id":22323,"player_name":"Ivan Radovanovi\u0107","vaep_value":0.0780438636,"offensive_value":0.0968166289,"defensive_value":-0.0187727653,"count":57},"15":{"player_id":22552,"player_name":"Bo\u0161tjan Cesar","vaep_value":0.0723390632,"offensive_value":0.1111792219,"defensive_value":-0.0388401587,"count":36},"16":{"player_id":22614,"player_name":"Nenad Tomovi\u0107","vaep_value":0.0671476517,"offensive_value":0.0351290395,"defensive_value":0.0320186121,"count":50},"17":{"player_id":22695,"player_name":"Bo\u0161tjan Cesar","vaep_value":0.4611954401,"offensive_value":0.3065182399,"defensive_value":0.1546772001,"count":72},"18":{"player_id":24269,"player_name":"Massimo Gobbi","vaep_value":0.843393774,"offensive_value":0.8489312015,"defensive_value":-0.0055374275,"count":27},"19":{"player_id":24964,"player_name":"Roberto Inglese","vaep_value":0.0071137212,"offensive_value":-0.006668525,"defensive_value":0.0137822463,"count":9},"20":{"player_id":50007,"player_name":"Perparim Hetemaj","vaep_value":0.2388876433,"offensive_value":0.0926190097,"defensive_value":0.1462686337,"count":57},"21":{"player_id":99511,"player_name":"Massimo Gobbi","vaep_value":-0.194288176,"offensive_value":-0.1926324131,"defensive_value":-0.0016557629,"count":14},"22":{"player_id":238832,"player_name":"Roberto Inglese","vaep_value":-0.0362043891,"offensive_value":-0.0255088746,"defensive_value":-0.0106955145,"count":27},"23":{"player_id":239295,"player_name":"Perparim Hetemaj","vaep_value":0.0529624799,"offensive_value":0.0572082128,"defensive_value":-0.0042457329,"count":33},"24":{"player_id":255670,"player_name":"Benito Nicolas Viola","vaep_value":-0.0680543759,"offensive_value":-0.0505032201,"defensive_value":-0.0175511559,"count":47},"25":{"player_id":284960,"player_name":"Lorenzo Venuti","vaep_value":0.1621991519,"offensive_value":0.1283136903,"defensive_value":0.0338854616,"count":62},"26":{"player_id":412914,"player_name":"Lorenzo Venuti","vaep_value":-0.0699266832,"offensive_value":-0.0042235762,"defensive_value":-0.065703107,"count":7},"27":{"player_id":415809,"player_name":"Enrico Brignola","vaep_value":-0.0173073534,"offensive_value":-0.0118327483,"defensive_value":-0.0054746051,"count":34},"28":{"player_id":454457,"player_name":"Enrico Brignola","vaep_value":-0.0343931422,"offensive_value":-0.0177897129,"defensive_value":-0.0166034293,"count":31}}