{"0":{"player_id":0,"player_name":"Nicolas P\u00e9p\u00e9","vaep_value":0.0355905753,"offensive_value":0.0478024385,"defensive_value":-0.0122118632,"count":5},"1":{"player_id":3276,"player_name":"Thiago Henrique Mendes Ribeiro","vaep_value":0.0901733509,"offensive_value":0.1359349576,"defensive_value":-0.0457616067,"count":29},"2":{"player_id":7915,"player_name":"Luiz Gustavo Dias","vaep_value":0.2559952404,"offensive_value":0.2545828209,"defensive_value":0.0014124195,"count":46},"3":{"player_id":14722,"player_name":"Fod\u00e9  Ballo Tour\u00e9","vaep_value":0.0916875649,"offensive_value":0.0880413306,"defensive_value":0.0036462343,"count":39},"4":{"player_id":25552,"player_name":"Ibrahim Amadou","vaep_value":-0.0298784485,"offensive_value":0.1645477128,"defensive_value":-0.1944261612,"count":46},"5":{"player_id":25770,"player_name":"Florian Thauvin","vaep_value":0.0148914422,"offensive_value":0.032107847,"defensive_value":-0.0172164048,"count":43},"6":{"player_id":25784,"player_name":"Steve Mandanda","vaep_value":0.0128776033,"offensive_value":-0.0017064351,"defensive_value":0.0145840384,"count":1},"7":{"player_id":28122,"player_name":"Adil Rami","vaep_value":0.0264861118,"offensive_value":0.0108027358,"defensive_value":0.015683376,"count":44},"8":{"player_id":28232,"player_name":"Adil Rami","vaep_value":-0.0134328221,"offensive_value":-0.0638548288,"defensive_value":0.0504220068,"count":45},"9":{"player_id":41056,"player_name":"Andr\u00e9-Frank Zambo Anguissa","vaep_value":0.1785085285,"offensive_value":0.1771944389,"defensive_value":0.0013140896,"count":86},"10":{"player_id":70088,"player_name":"Hiroki Sakai","vaep_value":0.0532468667,"offensive_value":0.0315535429,"defensive_value":0.0216933237,"count":39},"11":{"player_id":70959,"player_name":"J\u00fanior Osmar Ignacio  Alonso Mujica","vaep_value":0.2501059629,"offensive_value":0.0996551858,"defensive_value":0.150450777,"count":60},"12":{"player_id":86338,"player_name":"Florian Thauvin","vaep_value":0.0159042006,"offensive_value":0.0285399911,"defensive_value":-0.0126357905,"count":46},"13":{"player_id":93331,"player_name":"J\u00fanior Osmar Ignacio  Alonso Mujica","vaep_value":-0.0052388038,"offensive_value":0.0063684891,"defensive_value":-0.0116072929,"count":26},"14":{"player_id":94695,"player_name":"Luiz Gustavo Dias","vaep_value":0.1343855193,"offensive_value":0.1455204851,"defensive_value":-0.0111349658,"count":29},"15":{"player_id":134494,"player_name":"Edgar Miguel I\u00e9","vaep_value":-0.0065073021,"offensive_value":-0.0074747254,"defensive_value":0.0009674233,"count":16},"16":{"player_id":134496,"player_name":"Andr\u00e9-Frank Zambo Anguissa","vaep_value":0.0200898566,"offensive_value":0.0459201853,"defensive_value":-0.0258303287,"count":26},"17":{"player_id":209086,"player_name":"Edgar Miguel I\u00e9","vaep_value":0.9528370551,"offensive_value":0.9412096292,"defensive_value":0.0116274259,"count":37},"18":{"player_id":213308,"player_name":"Patrice Evra","vaep_value":0.2318107965,"offensive_value":0.1360667517,"defensive_value":0.0957440449,"count":101},"19":{"player_id":245807,"player_name":"Lucas Ariel Ocampos","vaep_value":-0.0231698344,"offensive_value":0.0150714147,"defensive_value":-0.038241249,"count":31},"20":{"player_id":247671,"player_name":"Lucas Ariel Ocampos","vaep_value":-0.082375937,"offensive_value":-0.0624020268,"defensive_value":-0.0199739102,"count":51},"21":{"player_id":250134,"player_name":"Ibrahim Amadou","vaep_value":-0.0694470084,"offensive_value":-0.0573796381,"defensive_value":-0.0120673702,"count":26},"22":{"player_id":257750,"player_name":"Florian Thauvin","vaep_value":0.0360852261,"offensive_value":0.079705292,"defensive_value":-0.0436200659,"count":71},"23":{"player_id":284322,"player_name":"Hiroki Sakai","vaep_value":-0.1239811246,"offensive_value":-0.1304316634,"defensive_value":0.0064505388,"count":10},"24":{"player_id":286553,"player_name":"Yassine Benzia","vaep_value":0.0419170976,"offensive_value":0.0807831099,"defensive_value":-0.0388660124,"count":54},"25":{"player_id":286917,"player_name":"Yassine Benzia","vaep_value":0.1454169651,"offensive_value":0.0630480734,"defensive_value":0.0823688917,"count":76},"26":{"player_id":366401,"player_name":"Yassine Benzia","vaep_value":0.1732383617,"offensive_value":0.0361621953,"defensive_value":0.1370761665,"count":41},"27":{"player_id":404216,"player_name":"Hiroki Sakai","vaep_value":-0.0181490663,"offensive_value":0.000203577,"defensive_value":-0.0183526432,"count":14},"28":{"player_id":413582,"player_name":"Thiago Maia Alencar","vaep_value":0.0054766133,"offensive_value":0.0027050939,"defensive_value":0.0027715194,"count":6}}