{"0":{"player_id":0,"player_name":"Wesley Sa\u00efd","vaep_value":-0.0052099295,"offensive_value":-0.0052540507,"defensive_value":0.0000441212,"count":1},"1":{"player_id":7986,"player_name":"Papiss Mison Djilobodji","vaep_value":-0.0444224664,"offensive_value":-0.1118046391,"defensive_value":0.0673821727,"count":64},"2":{"player_id":25524,"player_name":"Mike Maignan","vaep_value":0.2644410636,"offensive_value":0.1760616943,"defensive_value":0.0883793694,"count":76},"3":{"player_id":25704,"player_name":"J\u00fanior Osmar Ignacio  Alonso Mujica","vaep_value":0.0346595979,"offensive_value":0.033425482,"defensive_value":0.0012341159,"count":7},"4":{"player_id":25710,"player_name":"Fouad Chafik","vaep_value":0.3137482052,"offensive_value":0.0437221224,"defensive_value":0.2700260828,"count":63},"5":{"player_id":25835,"player_name":"Fouad Chafik","vaep_value":-0.0878607282,"offensive_value":-0.0828063496,"defensive_value":-0.0050543786,"count":59},"6":{"player_id":26100,"player_name":"Ibrahim Amadou","vaep_value":0.1486536704,"offensive_value":0.1619136135,"defensive_value":-0.0132599431,"count":20},"7":{"player_id":26124,"player_name":"Thiago Henrique Mendes Ribeiro","vaep_value":-0.0701249151,"offensive_value":-0.0681444909,"defensive_value":-0.0019804242,"count":18},"8":{"player_id":26311,"player_name":"Edgar Miguel I\u00e9","vaep_value":0.0123013998,"offensive_value":0.0605732205,"defensive_value":-0.0482718206,"count":39},"9":{"player_id":26365,"player_name":"Edgar Miguel I\u00e9","vaep_value":0.1179336748,"offensive_value":0.2025027641,"defensive_value":-0.0845690892,"count":47},"10":{"player_id":28122,"player_name":"K\u00e9vin Malcuit","vaep_value":-0.0122638809,"offensive_value":0.0197395075,"defensive_value":-0.0320033884,"count":77},"11":{"player_id":28232,"player_name":"Mehdi Abeid","vaep_value":0.1412096828,"offensive_value":0.0287742483,"defensive_value":0.1124354345,"count":27},"12":{"player_id":29748,"player_name":"Mehdi Abeid","vaep_value":0.4379371128,"offensive_value":0.3769682022,"defensive_value":0.0609689106,"count":83},"13":{"player_id":30427,"player_name":"Fr\u00e9d\u00e9ric Sammaritano","vaep_value":0.000094058,"offensive_value":0.0093084055,"defensive_value":-0.0092143475,"count":38},"14":{"player_id":41056,"player_name":"Valentin Rosier","vaep_value":0.0269792568,"offensive_value":-0.0179470102,"defensive_value":0.044926267,"count":88},"15":{"player_id":70959,"player_name":"Papiss Mison Djilobodji","vaep_value":0.3358187288,"offensive_value":0.0095036769,"defensive_value":0.3263150519,"count":62},"16":{"player_id":134496,"player_name":"C\u00e9dric Yamber\u00e9","vaep_value":0.3010317311,"offensive_value":0.1664640692,"defensive_value":0.1345676619,"count":34},"17":{"player_id":144867,"player_name":"Papiss Mison Djilobodji","vaep_value":0.1261136749,"offensive_value":0.1440033459,"defensive_value":-0.017889671,"count":92},"18":{"player_id":149054,"player_name":"Valentin Rosier","vaep_value":2.2376935865,"offensive_value":2.2899454783,"defensive_value":-0.0522518918,"count":48},"19":{"player_id":213308,"player_name":"Mehdi Abeid","vaep_value":0.1458024223,"offensive_value":0.1348917729,"defensive_value":0.0109106494,"count":40},"20":{"player_id":215036,"player_name":"Valentin Rosier","vaep_value":0.0501943952,"offensive_value":0.0874606417,"defensive_value":-0.0372662465,"count":59},"21":{"player_id":247671,"player_name":"C\u00e9dric Yamber\u00e9","vaep_value":-0.045142955,"offensive_value":-0.0153308889,"defensive_value":-0.0298120661,"count":59},"22":{"player_id":250134,"player_name":"Romain Amalfitano","vaep_value":-0.074216516,"offensive_value":-0.0671190463,"defensive_value":-0.0070974696,"count":13},"23":{"player_id":256084,"player_name":"Fouad Chafik","vaep_value":0.1752191237,"offensive_value":0.1532165583,"defensive_value":0.0220025653,"count":38},"24":{"player_id":284322,"player_name":"Fod\u00e9  Ballo Tour\u00e9","vaep_value":-0.032720164,"offensive_value":-0.0296956326,"defensive_value":-0.0030245314,"count":26},"25":{"player_id":286553,"player_name":"Fod\u00e9  Ballo Tour\u00e9","vaep_value":-0.0215879628,"offensive_value":0.0081251501,"defensive_value":-0.0297131129,"count":31},"26":{"player_id":286917,"player_name":"Ibrahim Amadou","vaep_value":0.1454829625,"offensive_value":0.0002482565,"defensive_value":0.145234706,"count":72},"27":{"player_id":393214,"player_name":"Yassine Benzia","vaep_value":0.3734042441,"offensive_value":0.3780040399,"defensive_value":-0.0045997957,"count":72},"28":{"player_id":397033,"player_name":"Mike Maignan","vaep_value":0.0272255831,"offensive_value":0.0483206653,"defensive_value":-0.0210950822,"count":58}}