{"0":{"player_id":0,"player_name":"Maximiliano G\u00f3mez Gonz\u00e1lez","vaep_value":0.0629853708,"offensive_value":0.092191081,"defensive_value":-0.0292057102,"count":15},"1":{"player_id":3337,"player_name":"Sergi G\u00f3mez Sol\u00e0","vaep_value":0.2340800499,"offensive_value":0.2260375854,"defensive_value":0.0080424645,"count":63},"2":{"player_id":3338,"player_name":"Gustavo Daniel Cabral C\u00e1ceres","vaep_value":0.0969846288,"offensive_value":0.0320419926,"defensive_value":0.0649426362,"count":57},"3":{"player_id":3821,"player_name":"Sergi G\u00f3mez Sol\u00e0","vaep_value":0.2302427161,"offensive_value":0.1634022563,"defensive_value":0.0668404598,"count":52},"4":{"player_id":3827,"player_name":"Facundo Sebasti\u00e1n Roncaglia","vaep_value":0.1492093859,"offensive_value":0.1058407784,"defensive_value":0.0433686074,"count":96},"5":{"player_id":3916,"player_name":"Pione Sisto Ifolo Emirmija","vaep_value":0.0607426129,"offensive_value":-0.0435590957,"defensive_value":0.1043017086,"count":75},"6":{"player_id":4911,"player_name":"Facundo Sebasti\u00e1n Roncaglia","vaep_value":-0.0782662577,"offensive_value":-0.057232924,"defensive_value":-0.0210333336,"count":72},"7":{"player_id":20922,"player_name":"Sergi G\u00f3mez Sol\u00e0","vaep_value":0.2206585387,"offensive_value":0.1438764021,"defensive_value":0.0767821367,"count":32},"8":{"player_id":25623,"player_name":"Gustavo Daniel Cabral C\u00e1ceres","vaep_value":0.0458133402,"offensive_value":0.0736066292,"defensive_value":-0.027793289,"count":46},"9":{"player_id":26652,"player_name":"Hugo Mallo Novegil","vaep_value":-0.0944527473,"offensive_value":-0.0639978413,"defensive_value":-0.0304549061,"count":73},"10":{"player_id":41363,"player_name":"Daniel Wass","vaep_value":0.2488965532,"offensive_value":0.05915377,"defensive_value":0.1897427832,"count":37},"11":{"player_id":70112,"player_name":"Hugo Mallo Novegil","vaep_value":0.1612209281,"offensive_value":0.1370150711,"defensive_value":0.024205857,"count":46},"12":{"player_id":70129,"player_name":"Antonio Latorre Grueso","vaep_value":-0.0653450417,"offensive_value":-0.0606434732,"defensive_value":-0.0047015685,"count":44},"13":{"player_id":86183,"player_name":"Antonio Latorre Grueso","vaep_value":0.0596288719,"offensive_value":0.0533293674,"defensive_value":0.0062995044,"count":20},"14":{"player_id":86307,"player_name":"Gabriel Armando de Abreu","vaep_value":0.1986720581,"offensive_value":0.1956269229,"defensive_value":0.0030451352,"count":8},"15":{"player_id":167641,"player_name":"Geoffrey Kondogbia","vaep_value":0.0936322366,"offensive_value":0.0332881294,"defensive_value":0.0603441072,"count":79},"16":{"player_id":211853,"player_name":"Antonio Latorre Grueso","vaep_value":0.3069542091,"offensive_value":0.1940700902,"defensive_value":0.1128841189,"count":76},"17":{"player_id":237034,"player_name":"Antonio Latorre Grueso","vaep_value":-0.0446771811,"offensive_value":-0.0264177265,"defensive_value":-0.0182594545,"count":37},"18":{"player_id":240445,"player_name":"Geoffrey Kondogbia","vaep_value":-0.0111587664,"offensive_value":0.0109418005,"defensive_value":-0.0221005668,"count":49},"19":{"player_id":241945,"player_name":"Gabriel Armando de Abreu","vaep_value":0.4485025775,"offensive_value":0.4853061854,"defensive_value":-0.0368036079,"count":52},"20":{"player_id":250885,"player_name":"Ezequiel Marcelo Garay","vaep_value":0.9889420898,"offensive_value":0.8770317313,"defensive_value":0.1119103585,"count":23},"21":{"player_id":269060,"player_name":"Rodrigo Moreno Machado","vaep_value":0.171605385,"offensive_value":0.1403252908,"defensive_value":0.0312800941,"count":22},"22":{"player_id":281255,"player_name":"Rodrigo Moreno Machado","vaep_value":-0.0209287753,"offensive_value":-0.0239816904,"defensive_value":0.0030529151,"count":5},"23":{"player_id":302550,"player_name":"Gon\u00e7alo Manuel Ganchinho Guedes","vaep_value":-0.0016585658,"offensive_value":0.0179050899,"defensive_value":-0.0195636557,"count":56},"24":{"player_id":326535,"player_name":"Andreas Hoelgebaum Pereira","vaep_value":0.1479315895,"offensive_value":0.1268392985,"defensive_value":0.021092291,"count":54},"25":{"player_id":372752,"player_name":null,"vaep_value":-0.0023519595,"offensive_value":-0.0350659979,"defensive_value":0.0327140384,"count":51},"26":{"player_id":395636,"player_name":"Gustavo Daniel Cabral C\u00e1ceres","vaep_value":0.8851254823,"offensive_value":0.8912601997,"defensive_value":-0.0061347174,"count":27},"27":{"player_id":397303,"player_name":"Sergi G\u00f3mez Sol\u00e0","vaep_value":0.0631439134,"offensive_value":0.0667378725,"defensive_value":-0.0035939591,"count":11}}