{"0":{"player_id":0,"player_name":"Joshua King","vaep_value":0.0280034547,"offensive_value":0.0338622136,"defensive_value":-0.0058587589,"count":4},"1":{"player_id":262,"player_name":"Andrew Surman","vaep_value":0.0410480938,"offensive_value":0.0275896635,"defensive_value":0.0134584303,"count":14},"2":{"player_id":284,"player_name":"Charlie Daniels","vaep_value":0.2924386306,"offensive_value":0.1906179334,"defensive_value":0.1018206972,"count":61},"3":{"player_id":471,"player_name":"Marc Pugh","vaep_value":0.0325155023,"offensive_value":0.0215292129,"defensive_value":0.0109862894,"count":34},"4":{"player_id":4365,"player_name":"Andrew Surman","vaep_value":0.0081413244,"offensive_value":0.0014972575,"defensive_value":0.0066440669,"count":62},"5":{"player_id":7847,"player_name":"Nathan Ak\u00e9","vaep_value":0.1713664132,"offensive_value":0.0603442321,"defensive_value":0.1110221811,"count":33},"6":{"player_id":7989,"player_name":"Asmir Begovi\u0107","vaep_value":0.0600247149,"offensive_value":0.0146958984,"defensive_value":0.0453288165,"count":4},"7":{"player_id":8192,"player_name":"Steve Cook","vaep_value":-0.0352238878,"offensive_value":0.0248877477,"defensive_value":-0.0601116355,"count":59},"8":{"player_id":8336,"player_name":"Adam Smith","vaep_value":0.2365193402,"offensive_value":0.2251694124,"defensive_value":0.0113499278,"count":74},"9":{"player_id":8351,"player_name":"Martin Olsson","vaep_value":0.1257247991,"offensive_value":0.1182823689,"defensive_value":0.0074424302,"count":78},"10":{"player_id":8460,"player_name":"Martin Olsson","vaep_value":0.1630948945,"offensive_value":0.2078841226,"defensive_value":-0.0447892281,"count":82},"11":{"player_id":8726,"player_name":"Adam Smith","vaep_value":0.0843803241,"offensive_value":0.0808676591,"defensive_value":0.003512665,"count":30},"12":{"player_id":8976,"player_name":"Alfie Mawson","vaep_value":-0.02525131,"offensive_value":0.0211061803,"defensive_value":-0.0463574904,"count":65},"13":{"player_id":9277,"player_name":"Alfie Mawson","vaep_value":0.099581508,"offensive_value":0.0496359367,"defensive_value":0.0499455712,"count":63},"14":{"player_id":9283,"player_name":"Roque Mesa Quevedo","vaep_value":0.2882082084,"offensive_value":0.3010503042,"defensive_value":-0.0128420958,"count":62},"15":{"player_id":9285,"player_name":"Sung-Yeung Ki","vaep_value":0.0306573702,"offensive_value":-0.0246338173,"defensive_value":0.0552911875,"count":94},"16":{"player_id":9293,"player_name":"Kyle Naughton","vaep_value":0.1070245875,"offensive_value":0.0547320901,"defensive_value":0.0522924974,"count":85},"17":{"player_id":9637,"player_name":"Sung-Yeung Ki","vaep_value":0.0597093193,"offensive_value":0.0433697775,"defensive_value":0.0163395418,"count":45},"18":{"player_id":9739,"player_name":"Kyle Naughton","vaep_value":-0.1146665543,"offensive_value":-0.1379515441,"defensive_value":0.0232849899,"count":51},"19":{"player_id":11669,"player_name":"Mike van der Hoorn","vaep_value":-0.0032953181,"offensive_value":-0.056589701,"defensive_value":0.0532943829,"count":11},"20":{"player_id":25571,"player_name":"Alfie Mawson","vaep_value":0.0314958333,"offensive_value":0.0416439513,"defensive_value":-0.010148118,"count":43},"21":{"player_id":61962,"player_name":"Joshua King","vaep_value":-0.0793078161,"offensive_value":-0.0803578308,"defensive_value":0.0010500147,"count":58},"22":{"player_id":134102,"player_name":"Martin Olsson","vaep_value":0.2180890532,"offensive_value":0.2517440597,"defensive_value":-0.0336550066,"count":56},"23":{"player_id":134351,"player_name":"Jordan Ayew","vaep_value":-0.0151571203,"offensive_value":-0.0161346956,"defensive_value":0.0009775753,"count":5},"24":{"player_id":246866,"player_name":"Renato J\u00fanior Luz Sanches","vaep_value":0.1235828982,"offensive_value":0.0466230302,"defensive_value":0.076959868,"count":58},"25":{"player_id":258162,"player_name":"Martin Olsson","vaep_value":0.1308773126,"offensive_value":0.1401647195,"defensive_value":-0.0092874069,"count":62},"26":{"player_id":343951,"player_name":"Jordon  Ibe","vaep_value":0.0048695856,"offensive_value":0.0010537633,"defensive_value":0.0038158223,"count":6}}