{"0":{"player_id":0,"player_name":"Javier Eraso Go\u00f1i","vaep_value":0.0087035832,"offensive_value":0.034289899,"defensive_value":-0.0255863159,"count":12},"1":{"player_id":3282,"player_name":"Rub\u00e9n Salvador P\u00e9rez Del M\u00e1rmol","vaep_value":0.0304965175,"offensive_value":0.0559521849,"defensive_value":-0.0254556674,"count":69},"2":{"player_id":3576,"player_name":"Mauro Javier Dos Santos","vaep_value":-0.1019268043,"offensive_value":-0.1029471841,"defensive_value":0.0010203798,"count":5},"3":{"player_id":3671,"player_name":"Iv\u00e1n Cu\u00e9llar Sacrist\u00e1n","vaep_value":0.2271290685,"offensive_value":0.2123966168,"defensive_value":0.0147324516,"count":70},"4":{"player_id":3676,"player_name":"Javier Eraso Go\u00f1i","vaep_value":0.2225998432,"offensive_value":0.2451697167,"defensive_value":-0.0225698735,"count":119},"5":{"player_id":3678,"player_name":"Javier Eraso Go\u00f1i","vaep_value":-0.037979853,"offensive_value":-0.0454916463,"defensive_value":0.0075117933,"count":42},"6":{"player_id":3680,"player_name":"Diego Rico Salguero","vaep_value":-0.1299627966,"offensive_value":-0.1320175922,"defensive_value":0.0020547956,"count":78},"7":{"player_id":3828,"player_name":"Gerard Gumbau Garriga","vaep_value":0.2897102957,"offensive_value":0.2206502971,"defensive_value":0.0690599986,"count":120},"8":{"player_id":3934,"player_name":"Rub\u00e9n Salvador P\u00e9rez Del M\u00e1rmol","vaep_value":0.1780950141,"offensive_value":0.1516097366,"defensive_value":0.0264852775,"count":36},"9":{"player_id":3963,"player_name":"Gerard Gumbau Garriga","vaep_value":0.0909380582,"offensive_value":0.0916078184,"defensive_value":-0.0006697602,"count":38},"10":{"player_id":4013,"player_name":"Javier Eraso Go\u00f1i","vaep_value":0.1689450978,"offensive_value":0.1385587408,"defensive_value":0.030386357,"count":53},"11":{"player_id":5195,"player_name":"Gabriel Appelt Pires","vaep_value":0.1219976467,"offensive_value":0.1406207997,"defensive_value":-0.018623153,"count":42},"12":{"player_id":5481,"player_name":"Ger\u00f3nimo Rulli","vaep_value":-0.0684792777,"offensive_value":-0.0680719018,"defensive_value":-0.0004073759,"count":6},"13":{"player_id":6281,"player_name":"Diego Javier Llorente R\u00edos","vaep_value":0.171744284,"offensive_value":0.2135388886,"defensive_value":-0.0417946046,"count":48},"14":{"player_id":6365,"player_name":"\u00c1lvaro Odriozola Arzallus","vaep_value":0.0423479483,"offensive_value":0.0440076003,"defensive_value":-0.001659652,"count":5},"15":{"player_id":6370,"player_name":"Diego Javier Llorente R\u00edos","vaep_value":0.2198182067,"offensive_value":0.2318224898,"defensive_value":-0.012004283,"count":36},"16":{"player_id":20808,"player_name":"Ra\u00fal Rodr\u00edguez Navas","vaep_value":0.1930313312,"offensive_value":-0.0057603334,"defensive_value":0.1987916646,"count":37},"17":{"player_id":26167,"player_name":"Ger\u00f3nimo Rulli","vaep_value":0.0591491818,"offensive_value":0.0442830489,"defensive_value":0.0148661329,"count":8},"18":{"player_id":40770,"player_name":"Diego Javier Llorente R\u00edos","vaep_value":0.1020821294,"offensive_value":0.1271722139,"defensive_value":-0.0250900845,"count":46},"19":{"player_id":43051,"player_name":"\u00c1lvaro Odriozola Arzallus","vaep_value":0.7168229981,"offensive_value":0.7265887239,"defensive_value":-0.0097657258,"count":48},"20":{"player_id":86212,"player_name":"Diego Javier Llorente R\u00edos","vaep_value":0.2432968506,"offensive_value":0.0576251346,"defensive_value":0.185671716,"count":43},"21":{"player_id":86716,"player_name":"Javier Eraso Go\u00f1i","vaep_value":-0.0761201991,"offensive_value":-0.1787770155,"defensive_value":0.1026568165,"count":37},"22":{"player_id":169002,"player_name":"Rub\u00e9n Salvador P\u00e9rez Del M\u00e1rmol","vaep_value":0.0082630133,"offensive_value":0.0627059489,"defensive_value":-0.0544429356,"count":65},"23":{"player_id":209012,"player_name":"Ger\u00f3nimo Rulli","vaep_value":-0.0280669235,"offensive_value":-0.0026714527,"defensive_value":-0.0253954708,"count":9},"24":{"player_id":225996,"player_name":"Diego Rico Salguero","vaep_value":0.0759721054,"offensive_value":0.1391803797,"defensive_value":-0.0632082743,"count":108},"25":{"player_id":263091,"player_name":"Ezequiel Mu\u00f1oz","vaep_value":-0.0412480347,"offensive_value":-0.0105820016,"defensive_value":-0.0306660332,"count":13},"26":{"player_id":278289,"player_name":"Mauro Javier Dos Santos","vaep_value":0.3499332531,"offensive_value":0.3437728931,"defensive_value":0.00616036,"count":101},"27":{"player_id":355599,"player_name":"Joseba Zald\u00faa Bengoetxea","vaep_value":-0.3149819807,"offensive_value":-0.2883924234,"defensive_value":-0.0265895574,"count":35}}