{"0":{"player_id":0,"player_name":"Valentin Rongier","vaep_value":0.0752570872,"offensive_value":0.1027394074,"defensive_value":-0.0274823202,"count":17},"1":{"player_id":3314,"player_name":"Abdoulaye Tour\u00e9","vaep_value":0.721985354,"offensive_value":0.6824678446,"defensive_value":0.0395175094,"count":55},"2":{"player_id":3334,"player_name":"Daniel Alves da Silva","vaep_value":0.4500924121,"offensive_value":0.4981540624,"defensive_value":-0.0480616502,"count":117},"3":{"player_id":21174,"player_name":"Daniel Alves da Silva","vaep_value":-0.0490112478,"offensive_value":-0.0263557308,"defensive_value":-0.022655517,"count":24},"4":{"player_id":21383,"player_name":"Emiliano Sala","vaep_value":0.3831926431,"offensive_value":0.1632722726,"defensive_value":0.2199203705,"count":115},"5":{"player_id":25418,"player_name":"Andrei Girotto","vaep_value":0.0153029707,"offensive_value":0.0573450446,"defensive_value":-0.0420420739,"count":35},"6":{"player_id":25605,"player_name":"Adrien Rabiot","vaep_value":0.00627462,"offensive_value":-0.028883162,"defensive_value":0.0351577819,"count":20},"7":{"player_id":26276,"player_name":"Marcos  Ao\u00e1s Corr\u00eaa ","vaep_value":0.1544184537,"offensive_value":0.0669161825,"defensive_value":0.0875022712,"count":41},"8":{"player_id":28073,"player_name":"Layvin Kurzawa","vaep_value":-0.0073516,"offensive_value":-0.019353164,"defensive_value":0.012001564,"count":10},"9":{"player_id":37824,"player_name":"Edinson Roberto Cavani G\u00f3mez","vaep_value":0.0002663328,"offensive_value":0.0040511708,"defensive_value":-0.003784838,"count":16},"10":{"player_id":40301,"player_name":"L\u00e9o Dubois","vaep_value":0.4709809627,"offensive_value":0.4491843921,"defensive_value":0.0217965706,"count":65},"11":{"player_id":40539,"player_name":"L\u00e9o Dubois","vaep_value":0.1851073351,"offensive_value":0.1548684156,"defensive_value":0.0302389195,"count":83},"12":{"player_id":43515,"player_name":"Giovani Lo Celso","vaep_value":0.1491084896,"offensive_value":0.1339239556,"defensive_value":0.015184534,"count":37},"13":{"player_id":83574,"player_name":"Abdoulaye Tour\u00e9","vaep_value":0.121527103,"offensive_value":0.1140764945,"defensive_value":0.0074506085,"count":26},"14":{"player_id":134540,"player_name":"Adrien Rabiot","vaep_value":-0.0451431202,"offensive_value":0.0010088441,"defensive_value":-0.0461519643,"count":72},"15":{"player_id":209028,"player_name":"Andrei Girotto","vaep_value":-0.1249290069,"offensive_value":-0.1109226127,"defensive_value":-0.0140063942,"count":11},"16":{"player_id":209117,"player_name":"Emiliano Sala","vaep_value":0.2691979797,"offensive_value":0.2325576644,"defensive_value":0.0366403153,"count":83},"17":{"player_id":217872,"player_name":"Emiliano Sala","vaep_value":0.0136773625,"offensive_value":0.0114919445,"defensive_value":0.0021854179,"count":19},"18":{"player_id":217874,"player_name":"L\u00e9o Dubois","vaep_value":0.1535287647,"offensive_value":-0.0062549588,"defensive_value":0.1597837235,"count":53},"19":{"player_id":229697,"player_name":"Valentin Rongier","vaep_value":0.0353940014,"offensive_value":0.0084527163,"defensive_value":0.0269412851,"count":21},"20":{"player_id":231138,"player_name":"Layvin Kurzawa","vaep_value":-0.0275346256,"offensive_value":0.0731626819,"defensive_value":-0.1006973075,"count":85},"21":{"player_id":242446,"player_name":"Andrei Girotto","vaep_value":0.2749824416,"offensive_value":0.2355188085,"defensive_value":0.0394636331,"count":41},"22":{"player_id":260002,"player_name":"L\u00e9o Dubois","vaep_value":0.1483215014,"offensive_value":0.120203889,"defensive_value":0.0281176125,"count":49},"23":{"player_id":270866,"player_name":"Adrien Rabiot","vaep_value":0.1417032611,"offensive_value":-0.0337868404,"defensive_value":0.1754901015,"count":37},"24":{"player_id":347200,"player_name":"Lucas Pedro Alves De Lima","vaep_value":-0.0323063249,"offensive_value":-0.0309749745,"defensive_value":-0.0013313504,"count":6},"25":{"player_id":353833,"player_name":null,"vaep_value":0.2292000699,"offensive_value":0.2351223179,"defensive_value":-0.005922248,"count":56},"26":{"player_id":356237,"player_name":"Daniel Alves da Silva","vaep_value":0.2916153852,"offensive_value":0.1802734678,"defensive_value":0.1113419174,"count":99},"27":{"player_id":364772,"player_name":"Giovani Lo Celso","vaep_value":0.0293251461,"offensive_value":0.0201672458,"defensive_value":0.0091579003,"count":47}}