{"0":{"player_id":0,"player_name":"Jake Livermore","vaep_value":0.0557424128,"offensive_value":0.0926706167,"defensive_value":-0.0369282039,"count":12},"1":{"player_id":3577,"player_name":"Chris Brunt","vaep_value":-0.006556594,"offensive_value":-0.0000937465,"defensive_value":-0.0064628476,"count":4},"2":{"player_id":5281,"player_name":"Charlie Daniels","vaep_value":0.1912393628,"offensive_value":0.2122597001,"defensive_value":-0.0210203372,"count":44},"3":{"player_id":8285,"player_name":"Allan-Romeo Nyom","vaep_value":0.2320940306,"offensive_value":0.1939895914,"defensive_value":0.0381044392,"count":40},"4":{"player_id":8296,"player_name":"Jake Livermore","vaep_value":-0.0762960737,"offensive_value":-0.0723601632,"defensive_value":-0.0039359105,"count":6},"5":{"player_id":8351,"player_name":"Allan-Romeo Nyom","vaep_value":0.2412201369,"offensive_value":0.1781896507,"defensive_value":0.0630304862,"count":113},"6":{"player_id":8358,"player_name":"Harry Arter","vaep_value":-0.1157618667,"offensive_value":0.1155044318,"defensive_value":-0.2312662984,"count":23},"7":{"player_id":8360,"player_name":"Allan-Romeo Nyom","vaep_value":0.1559696939,"offensive_value":0.0278010467,"defensive_value":0.1281686472,"count":35},"8":{"player_id":8370,"player_name":"Asmir Begovi\u0107","vaep_value":0.7494183915,"offensive_value":0.5523808238,"defensive_value":0.1970375677,"count":60},"9":{"player_id":8460,"player_name":"Steve Cook","vaep_value":-0.0173149223,"offensive_value":-0.0096661008,"defensive_value":-0.0076488215,"count":7},"10":{"player_id":8530,"player_name":"Simon Francis","vaep_value":0.1596170234,"offensive_value":0.0980590084,"defensive_value":0.0615580151,"count":29},"11":{"player_id":8686,"player_name":"Steve Cook","vaep_value":-0.081568018,"offensive_value":-0.0869061733,"defensive_value":0.0053381553,"count":8},"12":{"player_id":8726,"player_name":"Claudio Ariel Yacob","vaep_value":0.0293993274,"offensive_value":0.0508959857,"defensive_value":-0.0214966583,"count":41},"13":{"player_id":8958,"player_name":"Claudio Ariel Yacob","vaep_value":-0.2651744161,"offensive_value":-0.1937002725,"defensive_value":-0.0714741437,"count":36},"14":{"player_id":9277,"player_name":"Chris Brunt","vaep_value":0.2617705044,"offensive_value":0.2429885798,"defensive_value":0.0187819246,"count":70},"15":{"player_id":9279,"player_name":"Ben Foster","vaep_value":0.173595302,"offensive_value":0.216294495,"defensive_value":-0.042699193,"count":76},"16":{"player_id":9283,"player_name":"Nathan Ak\u00e9","vaep_value":0.2541330429,"offensive_value":0.2601624969,"defensive_value":-0.0060294541,"count":127},"17":{"player_id":9285,"player_name":"Andrew Surman","vaep_value":0.0261707642,"offensive_value":0.0009709822,"defensive_value":0.025199782,"count":83},"18":{"player_id":9293,"player_name":"Simon Francis","vaep_value":0.0123505457,"offensive_value":0.0473437862,"defensive_value":-0.0349932405,"count":26},"19":{"player_id":9414,"player_name":"Joshua King","vaep_value":0.2409712244,"offensive_value":0.1864623552,"defensive_value":0.0545088692,"count":40},"20":{"player_id":9637,"player_name":"Ryan Fraser","vaep_value":-0.3059491274,"offensive_value":-0.237742123,"defensive_value":-0.0682070045,"count":34},"21":{"player_id":9739,"player_name":"Simon Francis","vaep_value":0.2059598141,"offensive_value":0.1388254351,"defensive_value":0.0671343791,"count":43},"22":{"player_id":62224,"player_name":"Ahmed Hegazy","vaep_value":0.1999710718,"offensive_value":0.1570739729,"defensive_value":0.0428970989,"count":64},"23":{"player_id":86308,"player_name":"Ahmed Hegazy","vaep_value":-0.1666468806,"offensive_value":-0.1424528366,"defensive_value":-0.0241940439,"count":30},"24":{"player_id":119951,"player_name":"Jake Livermore","vaep_value":1.0199238971,"offensive_value":0.8523007925,"defensive_value":0.1676231046,"count":38},"25":{"player_id":134102,"player_name":"Jake Livermore","vaep_value":0.2025281173,"offensive_value":0.0794128834,"defensive_value":0.123115234,"count":71},"26":{"player_id":134351,"player_name":"Simon Francis","vaep_value":-0.0461038329,"offensive_value":-0.0499880277,"defensive_value":0.0038841948,"count":8},"27":{"player_id":434159,"player_name":"Andrew Surman","vaep_value":0.1213940429,"offensive_value":0.0564269414,"defensive_value":0.0649671014,"count":18},"28":{"player_id":447254,"player_name":"Simon Francis","vaep_value":0.0127756333,"offensive_value":0.003584723,"defensive_value":0.0091909103,"count":4}}