{"0":{"player_id":0,"player_name":"Lucas P\u00e9rez Mart\u00ednez","vaep_value":0.0199546603,"offensive_value":0.0652976444,"defensive_value":-0.045342984,"count":12},"1":{"player_id":3325,"player_name":"Celso Borges Mora","vaep_value":0.1903623514,"offensive_value":0.1762125102,"defensive_value":0.0141498412,"count":89},"2":{"player_id":3433,"player_name":"Luis Carlos Correia Pinto","vaep_value":-0.0017167317,"offensive_value":0.0510585752,"defensive_value":-0.0527753069,"count":61},"3":{"player_id":3441,"player_name":"Sidnei Rechel da Silva J\u00fanior","vaep_value":0.2067190844,"offensive_value":0.2285509864,"defensive_value":-0.021831902,"count":70},"4":{"player_id":3447,"player_name":"Fabian Lukas Sch\u00e4r","vaep_value":0.189086256,"offensive_value":0.1614110492,"defensive_value":0.0276752068,"count":57},"5":{"player_id":3465,"player_name":"Lucas  Hern\u00e1ndez Pi","vaep_value":0.0717008089,"offensive_value":0.0740414865,"defensive_value":-0.0023406775,"count":14},"6":{"player_id":3682,"player_name":"Federico Santiago Valverde Dipetta","vaep_value":0.0171132939,"offensive_value":0.0149938471,"defensive_value":0.0021194469,"count":33},"7":{"player_id":4488,"player_name":"Augusto Mat\u00edas Fern\u00e1ndez","vaep_value":-0.1267907374,"offensive_value":-0.14328979,"defensive_value":0.0164990526,"count":62},"8":{"player_id":4511,"player_name":"Diego Roberto God\u00edn Leal","vaep_value":0.0680578487,"offensive_value":0.0549354535,"defensive_value":0.0131223953,"count":16},"9":{"player_id":6165,"player_name":"Federico Nicol\u00e1s Cartabia","vaep_value":-0.0698766098,"offensive_value":-0.063130675,"defensive_value":-0.0067459348,"count":7},"10":{"player_id":8303,"player_name":"Federico Nicol\u00e1s Cartabia","vaep_value":0.2591535663,"offensive_value":0.1062381214,"defensive_value":0.1529154449,"count":33},"11":{"player_id":8311,"player_name":"Stefan Savi\u0107","vaep_value":0.1514657496,"offensive_value":0.1784475257,"defensive_value":-0.0269817761,"count":52},"12":{"player_id":25445,"player_name":"Diego Roberto God\u00edn Leal","vaep_value":0.0078418129,"offensive_value":0.0073734424,"defensive_value":0.0004683705,"count":2},"13":{"player_id":32577,"player_name":"Sidnei Rechel da Silva J\u00fanior","vaep_value":-0.0340967759,"offensive_value":0.0417801917,"defensive_value":-0.0758769676,"count":54},"14":{"player_id":40614,"player_name":"Gabriel Fern\u00e1ndez Arenas","vaep_value":0.0115489054,"offensive_value":-0.0742576651,"defensive_value":0.0858065705,"count":71},"15":{"player_id":50102,"player_name":"Juan Francisco Moreno Fuertes","vaep_value":0.1372045075,"offensive_value":0.0348861472,"defensive_value":0.1023183602,"count":52},"16":{"player_id":51004,"player_name":"Thomas Teye Partey","vaep_value":0.0405267123,"offensive_value":0.0403680091,"defensive_value":0.0001587032,"count":36},"17":{"player_id":70121,"player_name":"Costel Fane Pantilimon","vaep_value":0.0760569266,"offensive_value":0.0988100906,"defensive_value":-0.0227531639,"count":22},"18":{"player_id":70273,"player_name":"Augusto Mat\u00edas Fern\u00e1ndez","vaep_value":0.1314252535,"offensive_value":0.1511594282,"defensive_value":-0.0197341747,"count":33},"19":{"player_id":70451,"player_name":"Sidnei Rechel da Silva J\u00fanior","vaep_value":-0.0121435811,"offensive_value":0.0634840596,"defensive_value":-0.0756276407,"count":64},"20":{"player_id":86623,"player_name":"Antoine Griezmann","vaep_value":0.135518955,"offensive_value":0.0666952697,"defensive_value":0.0688236853,"count":47},"21":{"player_id":105541,"player_name":"Thomas Teye Partey","vaep_value":-0.0216572941,"offensive_value":-0.0079759376,"defensive_value":-0.0136813566,"count":32},"22":{"player_id":217031,"player_name":"Juan Francisco Torres Bel\u00e9n","vaep_value":0.8594298894,"offensive_value":0.8891375086,"defensive_value":-0.0297076192,"count":45},"23":{"player_id":227894,"player_name":"\u00c1ngel Mart\u00edn Correa","vaep_value":0.0359879839,"offensive_value":-0.0054388619,"defensive_value":0.0414268458,"count":4},"24":{"player_id":230897,"player_name":"Zakaria Bakkali","vaep_value":0.0910499255,"offensive_value":0.1215846402,"defensive_value":-0.0305347147,"count":78},"25":{"player_id":239843,"player_name":"Zakaria Bakkali","vaep_value":-0.1433010673,"offensive_value":-0.1244180491,"defensive_value":-0.0188830182,"count":44},"26":{"player_id":254408,"player_name":"Gabriel Fern\u00e1ndez Arenas","vaep_value":-0.0338080734,"offensive_value":-0.020345411,"defensive_value":-0.0134626623,"count":15},"27":{"player_id":279545,"player_name":"Costel Fane Pantilimon","vaep_value":0.178696004,"offensive_value":0.1341601035,"defensive_value":0.0445359005,"count":52},"28":{"player_id":364005,"player_name":"Sidnei Rechel da Silva J\u00fanior","vaep_value":0.1255970601,"offensive_value":0.0883073149,"defensive_value":0.0372897452,"count":51}}