{"0":{"player_id":3327,"player_name":"Dwight Gayle","vaep_value":0.0505100529,"offensive_value":0.1052075694,"defensive_value":-0.0546975165,"count":28},"1":{"player_id":3436,"player_name":"Ciaran Clark","vaep_value":0.2105626687,"offensive_value":0.163008037,"defensive_value":0.0475546317,"count":56},"2":{"player_id":3582,"player_name":"Arthur Masuaku","vaep_value":0.2637542688,"offensive_value":0.2635862746,"defensive_value":0.0001679942,"count":27},"3":{"player_id":7941,"player_name":"Pedro  Mba Obiang Avomo","vaep_value":0.0189705871,"offensive_value":0.0201424705,"defensive_value":-0.0011718834,"count":7},"4":{"player_id":7970,"player_name":"Arthur Masuaku","vaep_value":-0.4072085673,"offensive_value":-0.3801078377,"defensive_value":-0.0271007295,"count":25},"5":{"player_id":7974,"player_name":"Winston  Reid","vaep_value":0.1069528734,"offensive_value":0.2274033625,"defensive_value":-0.1204504891,"count":38},"6":{"player_id":8004,"player_name":"Adri\u00e1n San Miguel del Castillo","vaep_value":0.5128831791,"offensive_value":0.1694405386,"defensive_value":0.3434426405,"count":43},"7":{"player_id":8313,"player_name":"Winston  Reid","vaep_value":0.2832950715,"offensive_value":0.1778261634,"defensive_value":0.1054689081,"count":69},"8":{"player_id":8553,"player_name":"Jamal Lascelles","vaep_value":0.5901766495,"offensive_value":0.485187807,"defensive_value":0.1049888425,"count":70},"9":{"player_id":8582,"player_name":"Jamal Lascelles","vaep_value":0.4944717744,"offensive_value":0.6135402402,"defensive_value":-0.1190684658,"count":79},"10":{"player_id":8620,"player_name":"Dwight Gayle","vaep_value":0.8395757395,"offensive_value":0.7967493787,"defensive_value":0.0428263608,"count":30},"11":{"player_id":8677,"player_name":"Dwight Gayle","vaep_value":-0.0913356238,"offensive_value":-0.1281197969,"defensive_value":0.0367841731,"count":29},"12":{"player_id":8833,"player_name":"Pablo Javier Zabaleta Girod","vaep_value":0.1117214556,"offensive_value":0.0476150154,"defensive_value":0.0641064402,"count":38},"13":{"player_id":9227,"player_name":"Pablo Javier Zabaleta Girod","vaep_value":0.3321152073,"offensive_value":0.2036680461,"defensive_value":0.1284471612,"count":40},"14":{"player_id":12536,"player_name":"Mohamed Diam\u00e9","vaep_value":-0.0507598835,"offensive_value":-0.0853366649,"defensive_value":0.0345767814,"count":28},"15":{"player_id":14703,"player_name":"Andr\u00e9 Ayew Pel\u00e9","vaep_value":1.4431324616,"offensive_value":1.4537784157,"defensive_value":-0.0106459541,"count":44},"16":{"player_id":20620,"player_name":"Arthur Masuaku","vaep_value":-0.0196577086,"offensive_value":-0.1371901189,"defensive_value":0.1175324103,"count":52},"17":{"player_id":21100,"player_name":"Arthur Masuaku","vaep_value":0.2130205659,"offensive_value":0.1552371467,"defensive_value":0.0577834193,"count":52},"18":{"player_id":25572,"player_name":"Aaron Cresswell","vaep_value":0.2636320099,"offensive_value":0.2289907463,"defensive_value":0.0346412637,"count":43},"19":{"player_id":25604,"player_name":"Angelo Obinze Ogbonna","vaep_value":0.8751359529,"offensive_value":0.8716890003,"defensive_value":0.0034469527,"count":43},"20":{"player_id":26499,"player_name":"Rob Elliot","vaep_value":0.2608309081,"offensive_value":0.2696997621,"defensive_value":-0.008868854,"count":91},"21":{"player_id":37725,"player_name":"Winston  Reid","vaep_value":-0.1536315002,"offensive_value":-0.0656911777,"defensive_value":-0.0879403225,"count":36},"22":{"player_id":37726,"player_name":"Pedro  Mba Obiang Avomo","vaep_value":0.000529923,"offensive_value":0.0041118595,"defensive_value":-0.0035819365,"count":3},"23":{"player_id":70215,"player_name":"Javier Manquillo Gait\u00e1n","vaep_value":0.9785470141,"offensive_value":0.9775960511,"defensive_value":0.0009509631,"count":31},"24":{"player_id":230883,"player_name":"Dwight Gayle","vaep_value":0.0847284877,"offensive_value":0.0902481233,"defensive_value":-0.0055196356,"count":4},"25":{"player_id":252365,"player_name":"Dwight Gayle","vaep_value":0.1947005136,"offensive_value":0.2552817296,"defensive_value":-0.060581216,"count":53},"26":{"player_id":293686,"player_name":"Winston  Reid","vaep_value":0.0163203165,"offensive_value":0.0085832749,"defensive_value":0.0077370416,"count":3}}