{"0":{"player_id":0,"player_name":"Tom Ince","vaep_value":0.0064461831,"offensive_value":0.0263583488,"defensive_value":-0.0199121657,"count":16},"1":{"player_id":340,"player_name":"Daniel Williams","vaep_value":0.11412651,"offensive_value":0.1626277682,"defensive_value":-0.0485012583,"count":61},"2":{"player_id":7919,"player_name":"Mathias Jattah-Njie J\u00f8rgensen","vaep_value":0.0066366025,"offensive_value":-0.0008613006,"defensive_value":0.0074979031,"count":10},"3":{"player_id":7944,"player_name":"Tom Smith","vaep_value":0.2517252112,"offensive_value":0.1796826785,"defensive_value":0.0720425326,"count":51},"4":{"player_id":8143,"player_name":"Tom Ince","vaep_value":0.0221802343,"offensive_value":0.0152950361,"defensive_value":0.0068851981,"count":9},"5":{"player_id":8284,"player_name":"Elias Kachunga","vaep_value":-0.0014616296,"offensive_value":0.0179071752,"defensive_value":-0.0193688049,"count":23},"6":{"player_id":9280,"player_name":"Idrissa Gana Gueye","vaep_value":0.2615407401,"offensive_value":0.0851743019,"defensive_value":0.1763664383,"count":56},"7":{"player_id":9419,"player_name":"Idrissa Gana Gueye","vaep_value":0.0723074259,"offensive_value":-0.0045532552,"defensive_value":0.0768606811,"count":29},"8":{"player_id":10131,"player_name":"Jordan Pickford","vaep_value":0.2860670881,"offensive_value":0.315911741,"defensive_value":-0.0298446529,"count":38},"9":{"player_id":11078,"player_name":"Jonas L\u00f6ssl","vaep_value":0.2074702525,"offensive_value":0.1574406092,"defensive_value":0.0500296433,"count":68},"10":{"player_id":15215,"player_name":"Christopher Schindler","vaep_value":0.0676829744,"offensive_value":0.0490268699,"defensive_value":0.0186561045,"count":46},"11":{"player_id":15823,"player_name":"Daniel Williams","vaep_value":0.2763428515,"offensive_value":0.0936985876,"defensive_value":0.1826442638,"count":63},"12":{"player_id":16122,"player_name":"Mathias Jattah-Njie J\u00f8rgensen","vaep_value":0.0409355982,"offensive_value":0.0552971624,"defensive_value":-0.0143615642,"count":41},"13":{"player_id":16436,"player_name":"Aaron Mooy","vaep_value":0.0008590854,"offensive_value":-0.0202040691,"defensive_value":0.0210631544,"count":12},"14":{"player_id":25706,"player_name":"Daniel Williams","vaep_value":0.299015055,"offensive_value":0.1551220749,"defensive_value":0.1438929801,"count":62},"15":{"player_id":38377,"player_name":"Mathias Jattah-Njie J\u00f8rgensen","vaep_value":-0.0226837208,"offensive_value":-0.0229448301,"defensive_value":0.0002611093,"count":17},"16":{"player_id":55979,"player_name":"Mathias Jattah-Njie J\u00f8rgensen","vaep_value":0.2536620325,"offensive_value":0.2006252137,"defensive_value":0.0530368189,"count":60},"17":{"player_id":56038,"player_name":"Jonjoe Kenny","vaep_value":0.2398693967,"offensive_value":0.2704432908,"defensive_value":-0.0305738942,"count":41},"18":{"player_id":62389,"player_name":"Jonjoe Kenny","vaep_value":0.4798184644,"offensive_value":0.4358526295,"defensive_value":0.0439658349,"count":93},"19":{"player_id":77546,"player_name":"Dominic Calvert-Lewin","vaep_value":0.1632795408,"offensive_value":0.1240680111,"defensive_value":0.0392115298,"count":42},"20":{"player_id":77558,"player_name":"Tom Davies","vaep_value":1.0772436008,"offensive_value":1.0571094503,"defensive_value":0.0201341505,"count":50},"21":{"player_id":214654,"player_name":"Aaron  Lennon","vaep_value":-0.0779321062,"offensive_value":-0.0577074637,"defensive_value":-0.0202246425,"count":9},"22":{"player_id":279709,"player_name":"Aaron  Lennon","vaep_value":0.0237676549,"offensive_value":0.0099117459,"defensive_value":0.013855909,"count":22},"23":{"player_id":286825,"player_name":"Aaron Mooy","vaep_value":0.396290393,"offensive_value":0.2792274061,"defensive_value":0.1170629868,"count":78},"24":{"player_id":293687,"player_name":"Aaron Mooy","vaep_value":0.8374425891,"offensive_value":0.8522165717,"defensive_value":-0.0147739826,"count":40},"25":{"player_id":353236,"player_name":"Idrissa Gana Gueye","vaep_value":0.0158923224,"offensive_value":0.013596768,"defensive_value":0.0022955544,"count":42},"26":{"player_id":355937,"player_name":"Jonjoe Kenny","vaep_value":0.1306940371,"offensive_value":-0.0031448803,"defensive_value":0.1338389174,"count":48},"27":{"player_id":406682,"player_name":"Tom Davies","vaep_value":0.0590758217,"offensive_value":0.0578956374,"defensive_value":0.0011801844,"count":13}}