{"0":{"player_id":0,"player_name":"Fabian Lustenberger","vaep_value":0.0130650924,"offensive_value":0.0186456069,"defensive_value":-0.0055805146,"count":5},"1":{"player_id":7904,"player_name":"Peter Pekar\u00edk","vaep_value":1.1113160575,"offensive_value":1.0007745449,"defensive_value":0.1105415126,"count":31},"2":{"player_id":14768,"player_name":"Davie Selke","vaep_value":0.0818869818,"offensive_value":0.0840153424,"defensive_value":-0.0021283606,"count":45},"3":{"player_id":14786,"player_name":"Sven Bender","vaep_value":0.4645071499,"offensive_value":0.5147669611,"defensive_value":-0.0502598112,"count":72},"4":{"player_id":14803,"player_name":"Dominik Kohr","vaep_value":0.27736532,"offensive_value":0.1623146744,"defensive_value":0.1150506457,"count":93},"5":{"player_id":14905,"player_name":"Sven Bender","vaep_value":0.1069186053,"offensive_value":0.0718390802,"defensive_value":0.0350795251,"count":19},"6":{"player_id":15020,"player_name":"Julian Baumgartlinger","vaep_value":-0.0144465757,"offensive_value":-0.0148250889,"defensive_value":0.0003785132,"count":7},"7":{"player_id":15103,"player_name":"Julian Baumgartlinger","vaep_value":0.138883017,"offensive_value":0.1299924054,"defensive_value":0.0088906116,"count":44},"8":{"player_id":15125,"player_name":"Sven Bender","vaep_value":0.3892346901,"offensive_value":0.4627952948,"defensive_value":-0.0735606047,"count":53},"9":{"player_id":15188,"player_name":"Peter Pekar\u00edk","vaep_value":0.2982930479,"offensive_value":0.2059046389,"defensive_value":0.0923884091,"count":82},"10":{"player_id":15231,"player_name":"Sven Bender","vaep_value":-0.1167118833,"offensive_value":-0.1199444193,"defensive_value":0.003232536,"count":56},"11":{"player_id":32959,"player_name":"Valentino Lazaro","vaep_value":0.4677044319,"offensive_value":0.1941905012,"defensive_value":0.2735139306,"count":51},"12":{"player_id":35477,"player_name":"Panagiotis Retsos","vaep_value":-0.2188840823,"offensive_value":-0.2087910511,"defensive_value":-0.0100930312,"count":3},"13":{"player_id":54579,"player_name":"Valentino Lazaro","vaep_value":-0.3399139234,"offensive_value":0.1120882872,"defensive_value":-0.4520022107,"count":46},"14":{"player_id":82518,"player_name":"Sven Bender","vaep_value":0.1016911597,"offensive_value":0.079996841,"defensive_value":0.0216943186,"count":63},"15":{"player_id":86489,"player_name":"Lucas Nicol\u00e1s Alario","vaep_value":-0.1291390057,"offensive_value":-0.1337858692,"defensive_value":0.0046468636,"count":29},"16":{"player_id":134399,"player_name":"Kevin Volland","vaep_value":-0.1289945731,"offensive_value":-0.1095407216,"defensive_value":-0.0194538515,"count":21},"17":{"player_id":146583,"player_name":"Julian Brandt","vaep_value":0.239253173,"offensive_value":0.2642674272,"defensive_value":-0.0250142541,"count":48},"18":{"player_id":165425,"player_name":"Sven Bender","vaep_value":0.1198892677,"offensive_value":0.0867776651,"defensive_value":0.0331116027,"count":66},"19":{"player_id":173212,"player_name":"Panagiotis Retsos","vaep_value":0.1373071383,"offensive_value":0.1309541531,"defensive_value":0.0063529852,"count":41},"20":{"player_id":208652,"player_name":"Bernd Leno","vaep_value":0.7314390113,"offensive_value":0.7340878686,"defensive_value":-0.0026488573,"count":54},"21":{"player_id":228768,"player_name":"Benjamin Henrichs","vaep_value":0.1243496751,"offensive_value":0.0358821332,"defensive_value":0.088467542,"count":70},"22":{"player_id":258253,"player_name":"Benjamin Henrichs","vaep_value":0.1164287433,"offensive_value":0.1312286196,"defensive_value":-0.0147998763,"count":75},"23":{"player_id":275121,"player_name":"Benjamin Henrichs","vaep_value":0.008953888,"offensive_value":0.0463330881,"defensive_value":-0.0373792001,"count":26},"24":{"player_id":344178,"player_name":"Julian Baumgartlinger","vaep_value":-0.0106322502,"offensive_value":0.1369924136,"defensive_value":-0.1476246638,"count":81},"25":{"player_id":388267,"player_name":"Sven Bender","vaep_value":-0.1709366011,"offensive_value":-0.1355601017,"defensive_value":-0.0353764994,"count":27},"26":{"player_id":425925,"player_name":"Sven Bender","vaep_value":0.0332620025,"offensive_value":0.0123303651,"defensive_value":0.0209316374,"count":18},"27":{"player_id":425926,"player_name":"Benjamin Henrichs","vaep_value":0.2416849544,"offensive_value":0.1350390804,"defensive_value":0.106645874,"count":56}}