{"0":{"player_id":0,"player_name":"Edin D\u017eeko","vaep_value":0.0569704818,"offensive_value":0.0915019135,"defensive_value":-0.0345314317,"count":13},"1":{"player_id":114,"player_name":"Maxime Gonalons","vaep_value":0.065292236,"offensive_value":0.0697563696,"defensive_value":-0.0044641336,"count":12},"2":{"player_id":3463,"player_name":"Alessandro  Florenzi","vaep_value":0.3869412254,"offensive_value":0.2361869183,"defensive_value":0.150754307,"count":71},"3":{"player_id":3475,"player_name":"Cristiano Biraghi","vaep_value":0.9870123554,"offensive_value":0.9845390543,"defensive_value":0.0024733011,"count":15},"4":{"player_id":3710,"player_name":"Milan Badelj","vaep_value":0.0232010336,"offensive_value":-0.0112329196,"defensive_value":0.0344339532,"count":10},"5":{"player_id":8306,"player_name":"Davide Astori","vaep_value":0.8173897252,"offensive_value":0.8446296883,"defensive_value":-0.0272399631,"count":94},"6":{"player_id":8327,"player_name":"Marco Sportiello","vaep_value":-0.3530245153,"offensive_value":-0.3419569824,"defensive_value":-0.0110675329,"count":29},"7":{"player_id":20418,"player_name":"Davide Astori","vaep_value":-0.0159757965,"offensive_value":-0.0613020172,"defensive_value":0.0453262207,"count":34},"8":{"player_id":20866,"player_name":"Marco Sportiello","vaep_value":0.1996276664,"offensive_value":0.1285473816,"defensive_value":0.0710802848,"count":52},"9":{"player_id":20879,"player_name":"Alessandro  Florenzi","vaep_value":0.195118461,"offensive_value":0.1176720709,"defensive_value":0.0774463902,"count":55},"10":{"player_id":21842,"player_name":"Maxime Gonalons","vaep_value":0.1198980728,"offensive_value":0.0670820716,"defensive_value":0.0528160012,"count":47},"11":{"player_id":22380,"player_name":"Alessandro  Florenzi","vaep_value":0.1446607047,"offensive_value":0.151063907,"defensive_value":-0.0064032023,"count":53},"12":{"player_id":22566,"player_name":"Federico Juli\u00e1n Fazio","vaep_value":0.2276840773,"offensive_value":0.2290656168,"defensive_value":-0.0013815395,"count":63},"13":{"player_id":23149,"player_name":"Cristiano Biraghi","vaep_value":-0.0563529729,"offensive_value":-0.057219944,"defensive_value":0.0008669711,"count":10},"14":{"player_id":23705,"player_name":"Lorenzo Pellegrini","vaep_value":0.1250685666,"offensive_value":0.0761669733,"defensive_value":0.0489015933,"count":38},"15":{"player_id":25405,"player_name":"Lorenzo Pellegrini","vaep_value":0.4611157401,"offensive_value":0.3168015686,"defensive_value":0.1443141715,"count":57},"16":{"player_id":25541,"player_name":"Marco Sportiello","vaep_value":1.2847864857,"offensive_value":1.1075420167,"defensive_value":0.1772444691,"count":53},"17":{"player_id":26518,"player_name":"Jordan Veretout","vaep_value":0.0305609478,"offensive_value":0.0153005905,"defensive_value":0.0152603573,"count":15},"18":{"player_id":69400,"player_name":"Marco Sportiello","vaep_value":0.1480751373,"offensive_value":0.1532841688,"defensive_value":-0.0052090315,"count":47},"19":{"player_id":86328,"player_name":"Federico Chiesa","vaep_value":0.1830110268,"offensive_value":0.1018291127,"defensive_value":0.0811819141,"count":69},"20":{"player_id":92966,"player_name":"Alessandro  Florenzi","vaep_value":1.0699963472,"offensive_value":0.9735445435,"defensive_value":0.0964518037,"count":49},"21":{"player_id":149076,"player_name":"Maxime Gonalons","vaep_value":0.0190564824,"offensive_value":-0.033629075,"defensive_value":0.0526855574,"count":9},"22":{"player_id":214220,"player_name":"Federico Juli\u00e1n Fazio","vaep_value":0.2146442289,"offensive_value":0.1768284256,"defensive_value":0.0378158033,"count":49},"23":{"player_id":222766,"player_name":"Aleksandar Kolarov","vaep_value":0.212687542,"offensive_value":0.2065066533,"defensive_value":0.0061808886,"count":64},"24":{"player_id":269152,"player_name":"Giovanni Pablo Simeone","vaep_value":0.8206950098,"offensive_value":0.8695197382,"defensive_value":-0.0488247285,"count":24},"25":{"player_id":328333,"player_name":"Alessandro  Florenzi","vaep_value":0.0412943877,"offensive_value":-0.0111146891,"defensive_value":0.0524090767,"count":34},"26":{"player_id":338249,"player_name":"Alessandro  Florenzi","vaep_value":0.110135272,"offensive_value":0.0888744917,"defensive_value":0.0212607803,"count":39},"27":{"player_id":340019,"player_name":"Stephan El Shaarawy","vaep_value":1.9135902734,"offensive_value":1.8934419244,"defensive_value":0.020148349,"count":35},"28":{"player_id":447804,"player_name":"Stephan El Shaarawy","vaep_value":0.1854484181,"offensive_value":0.1488114375,"defensive_value":0.0366369806,"count":33}}