{"0":{"player_id":0,"player_name":"Juan Manuel Mata Garc\u00eda","vaep_value":0.0132013845,"offensive_value":0.0422047791,"defensive_value":-0.0290033947,"count":5},"1":{"player_id":284,"player_name":"Jesse Lingard","vaep_value":0.3167172936,"offensive_value":0.0405882263,"defensive_value":0.2761290673,"count":60},"2":{"player_id":3361,"player_name":"Luis Antonio Valencia Mosquera","vaep_value":0.8933012663,"offensive_value":0.8738170419,"defensive_value":0.0194842244,"count":65},"3":{"player_id":3413,"player_name":"Paul Pogba","vaep_value":0.005338236,"offensive_value":-0.0117874399,"defensive_value":0.017125676,"count":25},"4":{"player_id":7847,"player_name":"Nemanja Mati\u0107","vaep_value":0.0707849135,"offensive_value":0.0574295541,"defensive_value":0.0133553594,"count":34},"5":{"player_id":7905,"player_name":"Nemanja Mati\u0107","vaep_value":0.5861118689,"offensive_value":0.6036824672,"defensive_value":-0.0175705983,"count":33},"6":{"player_id":7906,"player_name":"Ashley  Young","vaep_value":0.1152688236,"offensive_value":0.1184370401,"defensive_value":-0.0031682165,"count":86},"7":{"player_id":7910,"player_name":"Paul Pogba","vaep_value":0.1116733824,"offensive_value":0.1336321901,"defensive_value":-0.0219588077,"count":30},"8":{"player_id":7922,"player_name":"\u0141ukasz Fabia\u0144ski","vaep_value":0.1447223655,"offensive_value":0.1038700701,"defensive_value":0.0408522955,"count":44},"9":{"player_id":7934,"player_name":"Victor Nilsson Lindel\u00f6f","vaep_value":-0.1854388535,"offensive_value":-0.1537665805,"defensive_value":-0.0316722731,"count":71},"10":{"player_id":7936,"player_name":"Kyle Naughton","vaep_value":0.7883939919,"offensive_value":0.7807396783,"defensive_value":0.0076543136,"count":120},"11":{"player_id":7938,"player_name":"Mike van der Hoorn","vaep_value":0.2952403476,"offensive_value":0.1788373471,"defensive_value":0.1164030005,"count":62},"12":{"player_id":7939,"player_name":"Andy King","vaep_value":0.5116263103,"offensive_value":0.4758381052,"defensive_value":0.0357882051,"count":117},"13":{"player_id":8192,"player_name":"Kyle Naughton","vaep_value":0.0397850549,"offensive_value":0.0813101797,"defensive_value":-0.0415251248,"count":49},"14":{"player_id":8336,"player_name":"Kyle Naughton","vaep_value":0.0903960825,"offensive_value":0.1324611983,"defensive_value":-0.0420651158,"count":71},"15":{"player_id":8498,"player_name":"Mike van der Hoorn","vaep_value":0.1460204675,"offensive_value":0.0965852698,"defensive_value":0.0494351977,"count":45},"16":{"player_id":8976,"player_name":"Sung-Yeung Ki","vaep_value":0.2163176573,"offensive_value":0.1872682322,"defensive_value":0.0290494252,"count":42},"17":{"player_id":10252,"player_name":"Kyle Naughton","vaep_value":0.020729549,"offensive_value":-0.0262592492,"defensive_value":0.0469887982,"count":22},"18":{"player_id":21164,"player_name":"Mike van der Hoorn","vaep_value":0.1590391692,"offensive_value":-0.0170099192,"defensive_value":0.1760490884,"count":43},"19":{"player_id":25572,"player_name":"\u0141ukasz Fabia\u0144ski","vaep_value":0.0219227668,"offensive_value":-0.0231582314,"defensive_value":0.0450809982,"count":48},"20":{"player_id":61962,"player_name":"Andr\u00e9 Ayew Pel\u00e9","vaep_value":0.015704382,"offensive_value":0.0076304178,"defensive_value":0.0080739642,"count":9},"21":{"player_id":70122,"player_name":"Sam Clucas","vaep_value":0.302686049,"offensive_value":0.2602762904,"defensive_value":0.0424097587,"count":128},"22":{"player_id":71703,"player_name":"Martin Olsson","vaep_value":0.2944287142,"offensive_value":0.2442086521,"defensive_value":0.0502200621,"count":84},"23":{"player_id":77552,"player_name":"Alfie Mawson","vaep_value":0.0464248996,"offensive_value":0.0434477329,"defensive_value":0.0029771667,"count":29},"24":{"player_id":77557,"player_name":"Federico Fern\u00e1ndez","vaep_value":0.0177541685,"offensive_value":0.01526494,"defensive_value":0.0024892285,"count":24},"25":{"player_id":246866,"player_name":"Alexis Alejandro S\u00e1nchez S\u00e1nchez","vaep_value":0.0252187768,"offensive_value":0.1159886748,"defensive_value":-0.090769898,"count":47},"26":{"player_id":343951,"player_name":"Alexis Alejandro S\u00e1nchez S\u00e1nchez","vaep_value":-0.0507937744,"offensive_value":-0.0373555473,"defensive_value":-0.0134382271,"count":16},"27":{"player_id":397178,"player_name":"Alexis Alejandro S\u00e1nchez S\u00e1nchez","vaep_value":0.0323978655,"offensive_value":-0.0300301109,"defensive_value":0.0624279763,"count":17}}