{"0":{"player_id":0,"player_name":"James Milner","vaep_value":-0.0035414828,"offensive_value":0.0583004015,"defensive_value":-0.0618418844,"count":12},"1":{"player_id":48,"player_name":"Dejan Lovren","vaep_value":0.1809576143,"offensive_value":0.1189844779,"defensive_value":0.0619731364,"count":81},"2":{"player_id":54,"player_name":"Sadio Man\u00e9","vaep_value":0.0001394536,"offensive_value":0.0406745344,"defensive_value":-0.0405350808,"count":73},"3":{"player_id":116,"player_name":null,"vaep_value":0.0311577541,"offensive_value":0.0217453609,"defensive_value":0.0094123932,"count":6},"4":{"player_id":370,"player_name":"Andrew Robertson","vaep_value":-0.533596017,"offensive_value":-0.1053594429,"defensive_value":-0.4282365742,"count":36},"5":{"player_id":3424,"player_name":"Sadio Man\u00e9","vaep_value":-0.0072696579,"offensive_value":-0.0075783283,"defensive_value":0.0003086703,"count":1},"6":{"player_id":7868,"player_name":"Emre Can","vaep_value":0.0106959138,"offensive_value":-0.0310125595,"defensive_value":0.0417084733,"count":8},"7":{"player_id":7964,"player_name":"Dejan Lovren","vaep_value":0.1333397188,"offensive_value":0.1343145594,"defensive_value":-0.0009748406,"count":36},"8":{"player_id":8319,"player_name":"Trent Alexander-Arnold","vaep_value":0.1594522256,"offensive_value":0.1619511071,"defensive_value":-0.0024988815,"count":41},"9":{"player_id":8717,"player_name":"Jan Vertonghen","vaep_value":-0.7192632605,"offensive_value":-0.7137833543,"defensive_value":-0.0054799062,"count":22},"10":{"player_id":8945,"player_name":"Trent Alexander-Arnold","vaep_value":0.2837827809,"offensive_value":0.220010619,"defensive_value":0.0637721618,"count":90},"11":{"player_id":11152,"player_name":"Mohamed  Salah Ghaly","vaep_value":0.0692041864,"offensive_value":0.1833251672,"defensive_value":-0.1141209807,"count":81},"12":{"player_id":13484,"player_name":"Mohamed  Salah Ghaly","vaep_value":-0.0942527319,"offensive_value":-0.0102302773,"defensive_value":-0.0840224546,"count":69},"13":{"player_id":14870,"player_name":"Sadio Man\u00e9","vaep_value":0.0487178273,"offensive_value":0.0232495645,"defensive_value":0.0254682628,"count":9},"14":{"player_id":14911,"player_name":"Christian  Dannemann Eriksen","vaep_value":0.0252413915,"offensive_value":0.0217082823,"defensive_value":0.0035331092,"count":38},"15":{"player_id":15175,"player_name":"Christian  Dannemann Eriksen","vaep_value":-0.3752491927,"offensive_value":0.0919992375,"defensive_value":-0.4672484302,"count":38},"16":{"player_id":15808,"player_name":"Virgil van Dijk","vaep_value":-0.1237840657,"offensive_value":-0.144281112,"defensive_value":0.0204970463,"count":29},"17":{"player_id":18550,"player_name":"Loris Karius","vaep_value":-0.0267071924,"offensive_value":0.0414715543,"defensive_value":-0.0681787467,"count":54},"18":{"player_id":20441,"player_name":"Jan Vertonghen","vaep_value":0.1623034496,"offensive_value":0.1706944516,"defensive_value":-0.008391002,"count":9},"19":{"player_id":25381,"player_name":"Bamidele Alli","vaep_value":0.0994295834,"offensive_value":0.0975505466,"defensive_value":0.0018790368,"count":56},"20":{"player_id":25393,"player_name":"Moussa Sidi Yaya Demb\u00e9l\u00e9","vaep_value":-0.0261440808,"offensive_value":0.0109862734,"defensive_value":-0.0371303542,"count":44},"21":{"player_id":25747,"player_name":"Christian  Dannemann Eriksen","vaep_value":0.0795180053,"offensive_value":0.0777897304,"defensive_value":0.0017282749,"count":27},"22":{"player_id":61967,"player_name":"Jan Vertonghen","vaep_value":1.0115926068,"offensive_value":0.9594127112,"defensive_value":0.0521798956,"count":11},"23":{"player_id":120353,"player_name":"Hugo Lloris","vaep_value":1.8708337735,"offensive_value":1.8592332277,"defensive_value":0.0116005458,"count":44},"24":{"player_id":136441,"player_name":"Kieran Trippier","vaep_value":-0.165486651,"offensive_value":0.1596596074,"defensive_value":-0.3251462585,"count":75},"25":{"player_id":210044,"player_name":"Davinson S\u00e1nchez Mina","vaep_value":-0.0642360288,"offensive_value":0.0085356426,"defensive_value":-0.0727716715,"count":64},"26":{"player_id":222220,"player_name":"Andrew Robertson","vaep_value":0.1741129068,"offensive_value":0.1226589987,"defensive_value":0.0514539081,"count":66},"27":{"player_id":257762,"player_name":"Andrew Robertson","vaep_value":0.061621594,"offensive_value":0.0314056331,"defensive_value":0.0302159609,"count":73},"28":{"player_id":346101,"player_name":"Emre Can","vaep_value":0.0356215842,"offensive_value":0.1235354831,"defensive_value":-0.087913899,"count":62}}