{"0":{"player_id":0,"player_name":"Alfonso Pedraza Sag","vaep_value":-0.0883358252,"offensive_value":0.0175997587,"defensive_value":-0.1059355839,"count":10},"1":{"player_id":3296,"player_name":"Rodrigo Ely","vaep_value":-0.0745209754,"offensive_value":0.284187137,"defensive_value":-0.3587081124,"count":57},"2":{"player_id":3299,"player_name":"Fabi\u00e1n Ruiz Pe\u00f1a","vaep_value":0.1408262046,"offensive_value":0.1009144746,"defensive_value":0.03991173,"count":25},"3":{"player_id":3335,"player_name":"Francisco Javier  Garc\u00eda Fern\u00e1ndez","vaep_value":0.4075453738,"offensive_value":0.1258827173,"defensive_value":0.2816626565,"count":71},"4":{"player_id":3358,"player_name":"H\u00e9ctor Junior Firpo Adames","vaep_value":0.0616578716,"offensive_value":0.0422466528,"defensive_value":0.0194112188,"count":12},"5":{"player_id":3423,"player_name":"Manuel Alejandro Garc\u00eda S\u00e1nchez","vaep_value":-0.0257699346,"offensive_value":0.0234147086,"defensive_value":-0.0491846432,"count":46},"6":{"player_id":3539,"player_name":"Marc Bartra Aregall","vaep_value":0.3191894083,"offensive_value":0.3286356583,"defensive_value":-0.00944625,"count":11},"7":{"player_id":3604,"player_name":"Mart\u00edn Aguirregabiria Padilla","vaep_value":0.2959426185,"offensive_value":0.286161636,"defensive_value":0.0097809825,"count":16},"8":{"player_id":3650,"player_name":"Mart\u00edn Aguirregabiria Padilla","vaep_value":0.1174082749,"offensive_value":0.047331439,"defensive_value":0.0700768359,"count":53},"9":{"player_id":3788,"player_name":"Ibai G\u00f3mez P\u00e9rez","vaep_value":0.1384574912,"offensive_value":0.1394193878,"defensive_value":-0.0009618966,"count":15},"10":{"player_id":4358,"player_name":"V\u00edctor Laguardia Cisneros","vaep_value":0.1256159198,"offensive_value":0.073155949,"defensive_value":0.0524599708,"count":47},"11":{"player_id":5268,"player_name":"Rub\u00e9n Sobrino Pozuelo","vaep_value":-0.0174496875,"offensive_value":-0.0174035523,"defensive_value":-0.0000461352,"count":1},"12":{"player_id":7585,"player_name":"Tom\u00e1s Pina Isla","vaep_value":0.151492347,"offensive_value":0.1453052168,"defensive_value":0.0061871302,"count":47},"13":{"player_id":20450,"player_name":"Tom\u00e1s Pina Isla","vaep_value":-0.0920229647,"offensive_value":-0.115779584,"defensive_value":0.0237566193,"count":22},"14":{"player_id":25461,"player_name":"Tom\u00e1s Pina Isla","vaep_value":-0.0752886867,"offensive_value":-0.0699066758,"defensive_value":-0.0053820108,"count":52},"15":{"player_id":26307,"player_name":null,"vaep_value":0.2049889994,"offensive_value":0.2330677487,"defensive_value":-0.0280787493,"count":62},"16":{"player_id":70120,"player_name":"H\u00e9ctor Junior Firpo Adames","vaep_value":1.0830456954,"offensive_value":0.9797923369,"defensive_value":0.1032533585,"count":63},"17":{"player_id":134249,"player_name":"Rub\u00e9n Castro Mart\u00edn","vaep_value":0.8851723787,"offensive_value":0.8691004112,"defensive_value":0.0160719675,"count":36},"18":{"player_id":208694,"player_name":"Lorenzo Jes\u00fas Mor\u00f3n Garc\u00eda","vaep_value":0.0657216895,"offensive_value":0.0631692724,"defensive_value":0.0025524171,"count":50},"19":{"player_id":225022,"player_name":"Lorenzo Jes\u00fas Mor\u00f3n Garc\u00eda","vaep_value":0.4899080067,"offensive_value":0.4007576113,"defensive_value":0.0891503955,"count":79},"20":{"player_id":226005,"player_name":"Lorenzo Jes\u00fas Mor\u00f3n Garc\u00eda","vaep_value":0.2611757853,"offensive_value":0.2605995103,"defensive_value":0.0005762751,"count":18},"21":{"player_id":247219,"player_name":"V\u00edctor Camarasa Ferrando","vaep_value":-0.098926286,"offensive_value":-0.0871507635,"defensive_value":-0.0117755225,"count":47},"22":{"player_id":278278,"player_name":"V\u00edctor Camarasa Ferrando","vaep_value":0.0849463965,"offensive_value":0.1043626613,"defensive_value":-0.0194162647,"count":47},"23":{"player_id":346195,"player_name":"Ibai G\u00f3mez P\u00e9rez","vaep_value":0.1464956664,"offensive_value":-0.0237910487,"defensive_value":0.170286715,"count":65},"24":{"player_id":359847,"player_name":"Rub\u00e9n Sobrino Pozuelo","vaep_value":-0.1190525811,"offensive_value":-0.0962669302,"defensive_value":-0.0227856509,"count":33},"25":{"player_id":364820,"player_name":"Rub\u00e9n Sobrino Pozuelo","vaep_value":1.913297017,"offensive_value":1.904002692,"defensive_value":0.009294325,"count":38},"26":{"player_id":364850,"player_name":"Rub\u00e9n Sobrino Pozuelo","vaep_value":0.1491430876,"offensive_value":0.1363919852,"defensive_value":0.0127511023,"count":55},"27":{"player_id":372753,"player_name":"Alfonso Pedraza Sag","vaep_value":0.2395591059,"offensive_value":0.1190174208,"defensive_value":0.1205416851,"count":67},"28":{"player_id":489488,"player_name":"Alfonso Pedraza Sag","vaep_value":0.1743330528,"offensive_value":0.2043810467,"defensive_value":-0.0300479939,"count":61}}