{"0":{"player_id":0,"player_name":"Josuha Guilavogui","vaep_value":0.0206945572,"offensive_value":0.0394977955,"defensive_value":-0.0188032383,"count":10},"1":{"player_id":3566,"player_name":"Robin Knoche","vaep_value":0.2164045825,"offensive_value":0.1502705798,"defensive_value":0.0661340026,"count":65},"2":{"player_id":14754,"player_name":"Marcin Kami\u0144ski","vaep_value":-0.0592480261,"offensive_value":-0.0238895596,"defensive_value":-0.0353584666,"count":43},"3":{"player_id":14885,"player_name":"Santiago Lionel Ascac\u00edbar","vaep_value":0.4478483372,"offensive_value":0.4291260443,"defensive_value":0.018722293,"count":93},"4":{"player_id":14917,"player_name":"Christian Gentner","vaep_value":0.0371566912,"offensive_value":0.0192163041,"defensive_value":0.0179403871,"count":98},"5":{"player_id":14938,"player_name":"Christian Gentner","vaep_value":0.4346170271,"offensive_value":0.3994394031,"defensive_value":0.035177624,"count":95},"6":{"player_id":15032,"player_name":"Chadrac Akolo","vaep_value":0.1547312407,"offensive_value":0.1678700943,"defensive_value":-0.0131388536,"count":44},"7":{"player_id":15129,"player_name":"Santiago Lionel Ascac\u00edbar","vaep_value":0.078860598,"offensive_value":0.0832045777,"defensive_value":-0.0043439796,"count":38},"8":{"player_id":15191,"player_name":"Chadrac Akolo","vaep_value":0.0390543679,"offensive_value":0.007414761,"defensive_value":0.0316396069,"count":11},"9":{"player_id":15775,"player_name":"Christian Gentner","vaep_value":0.0734939848,"offensive_value":0.0786102945,"defensive_value":-0.0051163097,"count":44},"10":{"player_id":15795,"player_name":"Maximilian Arnold","vaep_value":0.2305329703,"offensive_value":0.0808671657,"defensive_value":0.1496658046,"count":38},"11":{"player_id":15798,"player_name":"Ron-Robert Zieler","vaep_value":-0.0607922761,"offensive_value":0.0109351969,"defensive_value":-0.071727473,"count":40},"12":{"player_id":16094,"player_name":"Dennis Aogo","vaep_value":-0.0932977336,"offensive_value":-0.089409214,"defensive_value":-0.0038885196,"count":16},"13":{"player_id":25514,"player_name":"Marcin Kami\u0144ski","vaep_value":-0.1476447906,"offensive_value":-0.1444798317,"defensive_value":-0.0031649589,"count":20},"14":{"player_id":25861,"player_name":"Timo Baumgartl","vaep_value":0.2373275121,"offensive_value":0.0940541506,"defensive_value":0.1432733615,"count":80},"15":{"player_id":99410,"player_name":"Andreas Beck","vaep_value":0.1822500741,"offensive_value":0.1829349275,"defensive_value":-0.0006848534,"count":68},"16":{"player_id":134708,"player_name":"Timo Baumgartl","vaep_value":-0.0879167016,"offensive_value":-0.052481278,"defensive_value":-0.0354354236,"count":36},"17":{"player_id":228639,"player_name":"Benjamin Pavard","vaep_value":0.0301142343,"offensive_value":-0.0065727969,"defensive_value":0.0366870312,"count":57},"18":{"player_id":233910,"player_name":"Marcin Kami\u0144ski","vaep_value":0.2307179046,"offensive_value":0.2453836572,"defensive_value":-0.0146657525,"count":42},"19":{"player_id":235597,"player_name":"Benjamin Pavard","vaep_value":0.1187441676,"offensive_value":0.1060342626,"defensive_value":0.012709905,"count":62},"20":{"player_id":254649,"player_name":"Benjamin Pavard","vaep_value":0.0415114384,"offensive_value":0.039501545,"defensive_value":0.0020098934,"count":5},"21":{"player_id":284469,"player_name":"Timo Baumgartl","vaep_value":0.0436926883,"offensive_value":0.0119137885,"defensive_value":0.0317788998,"count":13},"22":{"player_id":285727,"player_name":"Koen Casteels","vaep_value":-0.128671453,"offensive_value":-0.1226506287,"defensive_value":-0.0060208243,"count":10},"23":{"player_id":328131,"player_name":"Ohis Felix Uduokhai","vaep_value":0.913372532,"offensive_value":0.9271574353,"defensive_value":-0.0137849033,"count":26},"24":{"player_id":337682,"player_name":"Maximilian Arnold","vaep_value":0.1861193569,"offensive_value":0.1961874627,"defensive_value":-0.0100681058,"count":72},"25":{"player_id":340646,"player_name":"William de Asevedo Furtado","vaep_value":0.1188025572,"offensive_value":0.0480980081,"defensive_value":0.0707045491,"count":77},"26":{"player_id":343685,"player_name":"William de Asevedo Furtado","vaep_value":0.0426492017,"offensive_value":0.0181255299,"defensive_value":0.0245236718,"count":23},"27":{"player_id":349099,"player_name":"Benjamin Pavard","vaep_value":0.0274828674,"offensive_value":0.0137559276,"defensive_value":0.0137269398,"count":5},"28":{"player_id":413737,"player_name":"Benjamin Pavard","vaep_value":0.1878721173,"offensive_value":0.0573274427,"defensive_value":0.1305446746,"count":75}}