{"0":{"player_id":0,"player_name":"Edin D\u017eeko","vaep_value":0.0362952447,"offensive_value":0.0488126122,"defensive_value":-0.0125173675,"count":5},"1":{"player_id":114,"player_name":"Daniele De Rossi","vaep_value":0.0452349887,"offensive_value":0.0620507816,"defensive_value":-0.0168157929,"count":39},"2":{"player_id":3318,"player_name":"Federico Juli\u00e1n Fazio","vaep_value":0.0302872322,"offensive_value":0.0146700139,"defensive_value":0.0156172183,"count":42},"3":{"player_id":3323,"player_name":"Aleksandar Kolarov","vaep_value":-0.3749616061,"offensive_value":-0.3618583297,"defensive_value":-0.0131032764,"count":45},"4":{"player_id":3463,"player_name":"Radja Nainggolan","vaep_value":0.099157472,"offensive_value":0.068170857,"defensive_value":0.030986615,"count":61},"5":{"player_id":3475,"player_name":"Radja Nainggolan","vaep_value":0.2690493406,"offensive_value":0.2817518822,"defensive_value":-0.0127025417,"count":59},"6":{"player_id":7849,"player_name":"Alessandro  Florenzi","vaep_value":0.2107448155,"offensive_value":0.1540704382,"defensive_value":0.0566743773,"count":36},"7":{"player_id":8306,"player_name":"Daniele De Rossi","vaep_value":0.1253522708,"offensive_value":0.1337567956,"defensive_value":-0.0084045248,"count":93},"8":{"player_id":8327,"player_name":"Konstantinos Manolas","vaep_value":-0.1080910156,"offensive_value":-0.0735367956,"defensive_value":-0.03455422,"count":26},"9":{"player_id":14943,"player_name":"Daniele De Rossi","vaep_value":0.0711499542,"offensive_value":0.0474772505,"defensive_value":0.0236727038,"count":66},"10":{"player_id":20418,"player_name":"Diego Perotti","vaep_value":-0.0476348827,"offensive_value":-0.1230364386,"defensive_value":0.0754015559,"count":43},"11":{"player_id":20438,"player_name":"Aleksandar Kolarov","vaep_value":0.4916857979,"offensive_value":0.3039150415,"defensive_value":0.1877707564,"count":103},"12":{"player_id":20443,"player_name":"Medhi Amine El Mouttaqi Benatia","vaep_value":0.2732565908,"offensive_value":0.2918925366,"defensive_value":-0.0186359459,"count":87},"13":{"player_id":20458,"player_name":"Miralem Pjani\u0107","vaep_value":0.0781277232,"offensive_value":0.0720298334,"defensive_value":0.0060978897,"count":42},"14":{"player_id":20461,"player_name":"Giorgio Chiellini","vaep_value":0.2972037974,"offensive_value":0.1649354354,"defensive_value":0.132268362,"count":68},"15":{"player_id":20470,"player_name":"Mario Mand\u017euki\u0107","vaep_value":0.0140042538,"offensive_value":0.0002957999,"defensive_value":0.0137084539,"count":3},"16":{"player_id":20579,"player_name":"Radja Nainggolan","vaep_value":1.0729014707,"offensive_value":0.9544630498,"defensive_value":0.1184384209,"count":34},"17":{"player_id":20751,"player_name":"Konstantinos Manolas","vaep_value":0.2032191491,"offensive_value":0.2257803882,"defensive_value":-0.0225612391,"count":48},"18":{"player_id":20879,"player_name":"Daniele De Rossi","vaep_value":0.2385951113,"offensive_value":0.2087655137,"defensive_value":0.0298295976,"count":54},"19":{"player_id":22566,"player_name":"Federico Juli\u00e1n Fazio","vaep_value":0.8228136523,"offensive_value":0.800484613,"defensive_value":0.0223290393,"count":66},"20":{"player_id":25437,"player_name":"Aleksandar Kolarov","vaep_value":0.0406053799,"offensive_value":0.0315368294,"defensive_value":0.0090685504,"count":45},"21":{"player_id":70084,"player_name":"Alisson Rams\u00e9s Becker","vaep_value":0.4489251501,"offensive_value":0.2940811018,"defensive_value":0.1548440483,"count":70},"22":{"player_id":92966,"player_name":"Konstantinos Manolas","vaep_value":0.0083485183,"offensive_value":0.0605810198,"defensive_value":-0.0522325016,"count":64},"23":{"player_id":214220,"player_name":"Alessandro  Florenzi","vaep_value":0.2259911303,"offensive_value":0.0750423011,"defensive_value":0.1509488293,"count":48},"24":{"player_id":234359,"player_name":"Stephan El Shaarawy","vaep_value":0.1531217593,"offensive_value":0.1569884054,"defensive_value":-0.0038666461,"count":13},"25":{"player_id":246061,"player_name":"Miralem Pjani\u0107","vaep_value":0.1058982493,"offensive_value":-0.0100670706,"defensive_value":0.1159653199,"count":6},"26":{"player_id":328333,"player_name":"Miralem Pjani\u0107","vaep_value":0.0092413788,"offensive_value":0.0339097778,"defensive_value":-0.024668399,"count":25},"27":{"player_id":350032,"player_name":"Mario Mand\u017euki\u0107","vaep_value":-0.1476967407,"offensive_value":-0.1399539211,"defensive_value":-0.0077428196,"count":4}}