{"0":{"player_id":0,"player_name":"Claudio Beauvue","vaep_value":0.0116728516,"offensive_value":0.0386188948,"defensive_value":-0.0269460431,"count":8},"1":{"player_id":3287,"player_name":"Rub\u00e9n Salvador P\u00e9rez Del M\u00e1rmol","vaep_value":0.8947219853,"offensive_value":0.9034856753,"defensive_value":-0.00876369,"count":27},"2":{"player_id":3407,"player_name":"Joseba Zald\u00faa Bengoetxea","vaep_value":0.1366344815,"offensive_value":0.0783741369,"defensive_value":0.0582603446,"count":27},"3":{"player_id":3692,"player_name":"Ezequiel Mu\u00f1oz","vaep_value":-0.0793491257,"offensive_value":0.0095769211,"defensive_value":-0.0889260469,"count":44},"4":{"player_id":3714,"player_name":"Alejandro Granell Nogu\u00e9","vaep_value":-0.0066824964,"offensive_value":0.0111283989,"defensive_value":-0.0178108953,"count":18},"5":{"player_id":3934,"player_name":"Juan Pedro Ram\u00edrez L\u00f3pez","vaep_value":-0.0435442721,"offensive_value":-0.027793149,"defensive_value":-0.0157511231,"count":29},"6":{"player_id":3963,"player_name":"Aleix Garc\u00eda Serrano","vaep_value":0.127668093,"offensive_value":0.09753779,"defensive_value":0.030130303,"count":23},"7":{"player_id":4013,"player_name":"Yassine Bounou","vaep_value":-0.1234433568,"offensive_value":0.3333789408,"defensive_value":-0.4568222975,"count":76},"8":{"player_id":4278,"player_name":"Aleix Garc\u00eda Serrano","vaep_value":-0.1393873414,"offensive_value":-0.1545142415,"defensive_value":0.0151269001,"count":49},"9":{"player_id":4360,"player_name":"Aleix Garc\u00eda Serrano","vaep_value":1.1814566617,"offensive_value":1.1720578943,"defensive_value":0.0093987674,"count":64},"10":{"player_id":5147,"player_name":"Nordin Amrabat","vaep_value":0.0868021414,"offensive_value":0.0851670546,"defensive_value":0.0016350868,"count":7},"11":{"player_id":5481,"player_name":"Diego Rico Salguero","vaep_value":0.0118699956,"offensive_value":0.0135474792,"defensive_value":-0.0016774836,"count":2},"12":{"player_id":5653,"player_name":"Mart\u00edn Maximiliano Mantovani","vaep_value":-0.3887758843,"offensive_value":-0.0007957717,"defensive_value":-0.3879801126,"count":47},"13":{"player_id":6210,"player_name":"Ezequiel Mu\u00f1oz","vaep_value":0.235053809,"offensive_value":0.1222758113,"defensive_value":0.1127779977,"count":56},"14":{"player_id":6281,"player_name":"Mart\u00edn Maximiliano Mantovani","vaep_value":0.1596961323,"offensive_value":0.1666192841,"defensive_value":-0.0069231518,"count":69},"15":{"player_id":6370,"player_name":"Claudio Beauvue","vaep_value":0.0549276737,"offensive_value":0.0576341378,"defensive_value":-0.0027064641,"count":12},"16":{"player_id":20808,"player_name":"Diego Rico Salguero","vaep_value":0.0094538995,"offensive_value":0.0342398874,"defensive_value":-0.0247859879,"count":56},"17":{"player_id":26167,"player_name":"Diego Rico Salguero","vaep_value":-0.0230070219,"offensive_value":-0.0240217466,"defensive_value":0.0010147247,"count":8},"18":{"player_id":32968,"player_name":"Gerard Gumbau Garriga","vaep_value":-0.0102335792,"offensive_value":-0.0640865022,"defensive_value":0.053852923,"count":40},"19":{"player_id":91702,"player_name":"Juan Pedro Ram\u00edrez L\u00f3pez","vaep_value":0.1945997489,"offensive_value":0.1719377693,"defensive_value":0.0226619797,"count":61},"20":{"player_id":120631,"player_name":"Cristhian Ricardo Stuani Curbelo","vaep_value":0.0953391942,"offensive_value":0.2296723637,"defensive_value":-0.1343331696,"count":37},"21":{"player_id":167104,"player_name":"Alejandro Granell Nogu\u00e9","vaep_value":0.0232490037,"offensive_value":0.0227924157,"defensive_value":0.000456588,"count":1},"22":{"player_id":169002,"player_name":"Aleix Garc\u00eda Serrano","vaep_value":0.1045308704,"offensive_value":0.0855911392,"defensive_value":0.0189397312,"count":70},"23":{"player_id":214062,"player_name":"Gerard Gumbau Garriga","vaep_value":0.4897708957,"offensive_value":0.4268170364,"defensive_value":0.0629538593,"count":86},"24":{"player_id":263091,"player_name":"Gerard Gumbau Garriga","vaep_value":0.0883941707,"offensive_value":0.0424545113,"defensive_value":0.0459396595,"count":57},"25":{"player_id":263105,"player_name":"Nordin Amrabat","vaep_value":0.1264533057,"offensive_value":0.0920354614,"defensive_value":0.0344178442,"count":11},"26":{"player_id":265807,"player_name":"Diego Rico Salguero","vaep_value":-0.0149855151,"offensive_value":-0.0024953723,"defensive_value":-0.0124901428,"count":15},"27":{"player_id":282448,"player_name":"Aleix Garc\u00eda Serrano","vaep_value":0.0387347627,"offensive_value":0.028915903,"defensive_value":0.0098188597,"count":66},"28":{"player_id":396539,"player_name":"Cristian Portugu\u00e9s Manzanera","vaep_value":-0.0292317776,"offensive_value":-0.0017477751,"defensive_value":-0.0274840025,"count":5}}