{"0":{"player_id":3813,"player_name":"Michal \u010euri\u0161","vaep_value":0.0337094236,"offensive_value":0.0128835733,"defensive_value":0.0208258503,"count":55},"1":{"player_id":7870,"player_name":"Marek Ham\u0161\u00edk","vaep_value":-0.2263701569,"offensive_value":-0.1431791954,"defensive_value":-0.0831909615,"count":61},"2":{"player_id":7960,"player_name":"Martin \u0160krtel","vaep_value":0.3361354728,"offensive_value":0.1243064934,"defensive_value":0.2118289794,"count":85},"3":{"player_id":8278,"player_name":"J\u00e1n \u010eurica","vaep_value":0.9206297715,"offensive_value":0.8576517046,"defensive_value":0.062978067,"count":45},"4":{"player_id":8421,"player_name":"Mat\u00fa\u0161 Koz\u00e1\u010dik","vaep_value":0.0283565235,"offensive_value":0.0082160323,"defensive_value":0.0201404912,"count":26},"5":{"player_id":8436,"player_name":"Jonathan Williams","vaep_value":0.016161067,"offensive_value":0.0133040754,"defensive_value":0.0028569916,"count":33},"6":{"player_id":8686,"player_name":"David Edwards","vaep_value":0.9703351978,"offensive_value":0.9689121172,"defensive_value":0.0014230806,"count":5},"7":{"player_id":8831,"player_name":"J\u00e1n \u010eurica","vaep_value":0.1411305668,"offensive_value":0.2215394197,"defensive_value":-0.0804088529,"count":47},"8":{"player_id":9615,"player_name":"Martin \u0160krtel","vaep_value":0.2139384009,"offensive_value":0.1651333653,"defensive_value":0.0488050356,"count":50},"9":{"player_id":15142,"player_name":"J\u00e1n \u010eurica","vaep_value":-0.0797082624,"offensive_value":-0.0836861577,"defensive_value":0.0039778952,"count":51},"10":{"player_id":16435,"player_name":"Marek Ham\u0161\u00edk","vaep_value":-0.0902654631,"offensive_value":-0.1025361489,"defensive_value":0.0122706858,"count":13},"11":{"player_id":21171,"player_name":"Marek Ham\u0161\u00edk","vaep_value":0.1781127844,"offensive_value":0.1784284348,"defensive_value":-0.0003156504,"count":84},"12":{"player_id":21285,"player_name":"Jonathan Williams","vaep_value":0.2006929411,"offensive_value":0.1113663585,"defensive_value":0.0893265826,"count":73},"13":{"player_id":32539,"player_name":"Joe Allen","vaep_value":0.0377336085,"offensive_value":0.0273378624,"defensive_value":0.0103957461,"count":9},"14":{"player_id":32959,"player_name":"Ashley Williams","vaep_value":0.100666935,"offensive_value":0.2071508724,"defensive_value":-0.1064839374,"count":55},"15":{"player_id":61963,"player_name":"James Chester","vaep_value":0.0620008402,"offensive_value":0.0521896665,"defensive_value":0.0098111737,"count":9},"16":{"player_id":65090,"player_name":"David Edwards","vaep_value":0.1400268566,"offensive_value":0.0745177537,"defensive_value":0.0655091028,"count":49},"17":{"player_id":77544,"player_name":"James Chester","vaep_value":0.0760401872,"offensive_value":0.069334635,"defensive_value":0.0067055521,"count":40},"18":{"player_id":77546,"player_name":"Ashley Williams","vaep_value":0.0586882242,"offensive_value":0.0391882727,"defensive_value":0.0194999515,"count":38},"19":{"player_id":77548,"player_name":"Ben Davies","vaep_value":0.4743934331,"offensive_value":0.3740490248,"defensive_value":0.1003444084,"count":60},"20":{"player_id":78488,"player_name":"Gareth Frank Bale","vaep_value":0.1897840746,"offensive_value":0.2087351877,"defensive_value":-0.0189511131,"count":43},"21":{"player_id":82528,"player_name":"Gareth Frank Bale","vaep_value":-0.2399124105,"offensive_value":-0.2084870485,"defensive_value":-0.031425362,"count":17},"22":{"player_id":101616,"player_name":"Aaron Ramsey","vaep_value":0.1263788832,"offensive_value":0.1888303879,"defensive_value":-0.0624515048,"count":75},"23":{"player_id":136441,"player_name":"Gareth Frank Bale","vaep_value":0.2423732314,"offensive_value":0.1453659945,"defensive_value":0.0970072369,"count":57},"24":{"player_id":136509,"player_name":"Marek Ham\u0161\u00edk","vaep_value":0.2191330335,"offensive_value":0.26871819,"defensive_value":-0.0495851565,"count":36},"25":{"player_id":144713,"player_name":"Mat\u00fa\u0161 Koz\u00e1\u010dik","vaep_value":-0.2395673663,"offensive_value":0.0118635047,"defensive_value":-0.251430871,"count":36},"26":{"player_id":218896,"player_name":"Ashley Williams","vaep_value":0.9948304672,"offensive_value":0.9711872048,"defensive_value":0.0236432624,"count":21}}