{"0":{"player_id":0,"player_name":"Thomas Mangani","vaep_value":0.0018267008,"offensive_value":0.0821114052,"defensive_value":-0.0802847045,"count":11},"1":{"player_id":123,"player_name":"Romain Thomas","vaep_value":0.006703141,"offensive_value":0.0068456121,"defensive_value":-0.000142471,"count":1},"2":{"player_id":25745,"player_name":"Angelo Fulgini","vaep_value":0.1175991595,"offensive_value":0.1448941231,"defensive_value":-0.0272949636,"count":35},"3":{"player_id":25791,"player_name":"Vincent Manceau","vaep_value":-0.0016846826,"offensive_value":0.0441657347,"defensive_value":-0.0458504172,"count":14},"4":{"player_id":25846,"player_name":"Pierrick Capelle","vaep_value":0.1676249126,"offensive_value":0.1640929021,"defensive_value":0.0035320105,"count":79},"5":{"player_id":25860,"player_name":"Pierrick Capelle","vaep_value":0.1217637691,"offensive_value":0.0855004836,"defensive_value":0.0362632854,"count":21},"6":{"player_id":25942,"player_name":"Romain Thomas","vaep_value":0.2427812866,"offensive_value":0.1852628488,"defensive_value":0.0575184377,"count":67},"7":{"player_id":26044,"player_name":"Yoann Andreu","vaep_value":-0.0479073934,"offensive_value":-0.0469951499,"defensive_value":-0.0009122435,"count":5},"8":{"player_id":26086,"player_name":"Karl Toko Ekambi","vaep_value":0.1050787183,"offensive_value":0.0740911525,"defensive_value":0.0309875658,"count":41},"9":{"player_id":26120,"player_name":"Mehdi Jean Tahrat","vaep_value":0.2756853538,"offensive_value":0.2840509756,"defensive_value":-0.0083656218,"count":81},"10":{"player_id":26265,"player_name":"Yoann Andreu","vaep_value":0.1432393126,"offensive_value":0.1334813121,"defensive_value":0.0097580005,"count":77},"11":{"player_id":26638,"player_name":"Mehdi Jean Tahrat","vaep_value":0.0231842044,"offensive_value":0.0085375186,"defensive_value":0.0146466858,"count":53},"12":{"player_id":26938,"player_name":"Wergiton do Ros\u00e1rio Calmon","vaep_value":0.1605698795,"offensive_value":0.0883241666,"defensive_value":0.0722457129,"count":26},"13":{"player_id":27646,"player_name":"Yoann Andreu","vaep_value":0.3036868566,"offensive_value":0.1333638683,"defensive_value":0.1703229883,"count":22},"14":{"player_id":28364,"player_name":"Ibrahim Sangar\u00e9","vaep_value":0.0584645974,"offensive_value":0.0116506629,"defensive_value":0.0468139346,"count":35},"15":{"player_id":29474,"player_name":"Thomas Mangani","vaep_value":0.2053419391,"offensive_value":0.0918068585,"defensive_value":0.1135350806,"count":70},"16":{"player_id":43196,"player_name":"Alexis Blin","vaep_value":-0.0574372611,"offensive_value":-0.0833021197,"defensive_value":0.0258648586,"count":42},"17":{"player_id":49919,"player_name":"Vincent Manceau","vaep_value":0.2015498235,"offensive_value":0.1201097657,"defensive_value":0.0814400578,"count":43},"18":{"player_id":54313,"player_name":"Ibrahim Sangar\u00e9","vaep_value":-0.067949758,"offensive_value":-0.0756597251,"defensive_value":0.0077099671,"count":13},"19":{"player_id":144884,"player_name":"Andy Delort","vaep_value":0.0617924702,"offensive_value":0.0796113889,"defensive_value":-0.0178189187,"count":60},"20":{"player_id":203113,"player_name":"Wergiton do Ros\u00e1rio Calmon","vaep_value":-0.0749656628,"offensive_value":-0.0478168257,"defensive_value":-0.0271488371,"count":38},"21":{"player_id":209209,"player_name":"Kelvin Amian Adou","vaep_value":0.0667603104,"offensive_value":0.0249622713,"defensive_value":0.0417980391,"count":23},"22":{"player_id":253333,"player_name":"Issiaga Sylla","vaep_value":0.2379849452,"offensive_value":0.0956107627,"defensive_value":0.1423741825,"count":72},"23":{"player_id":256992,"player_name":"Issiaga Sylla","vaep_value":0.0810288628,"offensive_value":0.0505936955,"defensive_value":0.0304351673,"count":47},"24":{"player_id":275032,"player_name":"Romain Thomas","vaep_value":0.1019724893,"offensive_value":0.0810892382,"defensive_value":0.0208832511,"count":32},"25":{"player_id":286380,"player_name":"Gilbert Gianelli Imbula Wanga","vaep_value":0.9259022598,"offensive_value":0.9068037195,"defensive_value":0.0190985403,"count":56},"26":{"player_id":352986,"player_name":"Enzo Crivelli","vaep_value":0.3396117088,"offensive_value":0.2730571155,"defensive_value":0.0665545933,"count":63},"27":{"player_id":375001,"player_name":"Pierrick Capelle","vaep_value":-0.0775252462,"offensive_value":-0.0255373708,"defensive_value":-0.0519878754,"count":47},"28":{"player_id":404213,"player_name":"Kelvin Amian Adou","vaep_value":-0.3274853015,"offensive_value":0.1321851346,"defensive_value":-0.4596704361,"count":41}}