{"0":{"player_id":0,"player_name":"Nils Petersen","vaep_value":0.007028078,"offensive_value":0.0099134552,"defensive_value":-0.0028853773,"count":2},"1":{"player_id":4509,"player_name":"Amir Abrashi","vaep_value":0.2003757431,"offensive_value":0.1150988957,"defensive_value":0.0852768474,"count":77},"2":{"player_id":14734,"player_name":"Caglar S\u00f6y\u00fcnc\u00fc","vaep_value":-0.012107219,"offensive_value":-0.0002793057,"defensive_value":-0.0118279132,"count":37},"3":{"player_id":14772,"player_name":"Timothy Chandler","vaep_value":0.206106829,"offensive_value":0.191124375,"defensive_value":0.014982454,"count":13},"4":{"player_id":14923,"player_name":"Lukas K\u00fcbler","vaep_value":0.1016615708,"offensive_value":0.0982739262,"defensive_value":0.0033876447,"count":63},"5":{"player_id":14929,"player_name":"Timothy Chandler","vaep_value":0.2152980884,"offensive_value":0.1799766985,"defensive_value":0.0353213899,"count":84},"6":{"player_id":14992,"player_name":"Mijat Ga\u0107inovi\u0107","vaep_value":0.0132542984,"offensive_value":0.0098653585,"defensive_value":0.0033889399,"count":4},"7":{"player_id":15139,"player_name":"Kevin-Prince Boateng","vaep_value":0.2865738937,"offensive_value":0.2981959919,"defensive_value":-0.0116220982,"count":76},"8":{"player_id":15487,"player_name":"Kevin-Prince Boateng","vaep_value":0.0381730776,"offensive_value":0.0203103055,"defensive_value":0.0178627721,"count":42},"9":{"player_id":18670,"player_name":"Manuel Gulde","vaep_value":0.294944993,"offensive_value":0.2092321403,"defensive_value":0.0857128527,"count":50},"10":{"player_id":19525,"player_name":"Robin Koch","vaep_value":0.1865111461,"offensive_value":0.1567970794,"defensive_value":0.0297140668,"count":48},"11":{"player_id":19720,"player_name":"Alexander Schwolow","vaep_value":0.0242397354,"offensive_value":0.0666628269,"defensive_value":-0.0424230915,"count":55},"12":{"player_id":20402,"player_name":"Manuel Gulde","vaep_value":0.1844379465,"offensive_value":0.1898536908,"defensive_value":-0.0054157443,"count":71},"13":{"player_id":25512,"player_name":"Omar Mascarell Gonz\u00e1lez","vaep_value":0.7220198489,"offensive_value":0.7606314953,"defensive_value":-0.0386116464,"count":27},"14":{"player_id":49982,"player_name":"Omar Mascarell Gonz\u00e1lez","vaep_value":0.1642396598,"offensive_value":0.1419436856,"defensive_value":0.0222959742,"count":57},"15":{"player_id":51689,"player_name":"Kevin-Prince Boateng","vaep_value":0.0715164636,"offensive_value":-0.0280466009,"defensive_value":0.0995630645,"count":36},"16":{"player_id":55951,"player_name":"Lukas K\u00fcbler","vaep_value":0.1337187001,"offensive_value":0.093808944,"defensive_value":0.0399097562,"count":46},"17":{"player_id":136011,"player_name":"Carlos Joel Salcedo Hern\u00e1ndez","vaep_value":-0.179882938,"offensive_value":-0.1679828539,"defensive_value":-0.0119000841,"count":42},"18":{"player_id":173213,"player_name":"Luk\u00e1\u0161 Hr\u00e1deck\u00fd","vaep_value":-0.0009387697,"offensive_value":-0.0160376111,"defensive_value":0.0150988414,"count":12},"19":{"player_id":216074,"player_name":"Makoto Hasebe","vaep_value":0.2249796019,"offensive_value":0.2718359862,"defensive_value":-0.0468563843,"count":61},"20":{"player_id":224680,"player_name":"Marco Russ","vaep_value":0.2556481486,"offensive_value":0.338547724,"defensive_value":-0.0828995754,"count":81},"21":{"player_id":255387,"player_name":"Marius Wolf","vaep_value":0.1302100818,"offensive_value":0.1170595279,"defensive_value":0.0131505539,"count":92},"22":{"player_id":269189,"player_name":"Branimir Hrgota","vaep_value":0.0170331291,"offensive_value":-0.0342208395,"defensive_value":0.0512539686,"count":23},"23":{"player_id":271990,"player_name":"Marius Wolf","vaep_value":-0.2757037925,"offensive_value":-0.2368328322,"defensive_value":-0.0388709602,"count":25},"24":{"player_id":272234,"player_name":"Kevin-Prince Boateng","vaep_value":-0.046027377,"offensive_value":-0.0335694046,"defensive_value":-0.0124579724,"count":17},"25":{"player_id":336829,"player_name":"Manuel Gulde","vaep_value":1.066965082,"offensive_value":0.9810438071,"defensive_value":0.0859212748,"count":56},"26":{"player_id":344864,"player_name":"Manuel Gulde","vaep_value":-0.0512960532,"offensive_value":0.0924580821,"defensive_value":-0.1437541354,"count":49},"27":{"player_id":391387,"player_name":"Marius Wolf","vaep_value":0.0437417103,"offensive_value":0.0420897393,"defensive_value":0.0016519709,"count":6}}