{"0":{"player_id":0,"player_name":"Javier Hern\u00e1ndez Balc\u00e1zar","vaep_value":0.0263408979,"offensive_value":0.0303292937,"defensive_value":-0.0039883958,"count":8},"1":{"player_id":93,"player_name":"Winston  Reid","vaep_value":0.0830630542,"offensive_value":0.0602238524,"defensive_value":0.0228392018,"count":26},"2":{"player_id":7941,"player_name":"Pablo Javier Zabaleta Girod","vaep_value":0.1302036302,"offensive_value":0.1352131614,"defensive_value":-0.0050095312,"count":26},"3":{"player_id":7970,"player_name":"Cheikhou Kouyat\u00e9","vaep_value":-0.0476501365,"offensive_value":-0.0329820344,"defensive_value":-0.0146681021,"count":9},"4":{"player_id":8125,"player_name":"Pablo Javier Zabaleta Girod","vaep_value":0.2444129223,"offensive_value":0.135722327,"defensive_value":0.1086905953,"count":82},"5":{"player_id":8126,"player_name":"Jos\u00e9 Miguel da Rocha Fonte","vaep_value":0.0602222417,"offensive_value":0.0217598246,"defensive_value":0.0384624171,"count":30},"6":{"player_id":8301,"player_name":"Andy Carroll","vaep_value":0.2677256966,"offensive_value":0.3221411721,"defensive_value":-0.0544154756,"count":47},"7":{"player_id":8313,"player_name":"Ben Mee","vaep_value":0.3119101167,"offensive_value":0.275674263,"defensive_value":0.0362358537,"count":43},"8":{"player_id":8433,"player_name":"Ben Mee","vaep_value":0.2147778379,"offensive_value":0.2672042521,"defensive_value":-0.0524264142,"count":66},"9":{"player_id":8553,"player_name":"James  Tarkowski","vaep_value":-0.3276386328,"offensive_value":0.0652588752,"defensive_value":-0.392897508,"count":39},"10":{"player_id":8582,"player_name":"Nick Pope","vaep_value":0.0902358514,"offensive_value":0.0335117101,"defensive_value":0.0567241412,"count":39},"11":{"player_id":8643,"player_name":"Chris Wood","vaep_value":0.1346754482,"offensive_value":0.0923451449,"defensive_value":0.0423303032,"count":39},"12":{"player_id":8677,"player_name":"Chris Wood","vaep_value":0.6733517103,"offensive_value":0.7168924706,"defensive_value":-0.0435407603,"count":48},"13":{"player_id":8944,"player_name":null,"vaep_value":0.1880811907,"offensive_value":0.1587500059,"defensive_value":0.0293311848,"count":57},"14":{"player_id":8980,"player_name":"Winston  Reid","vaep_value":0.0860461273,"offensive_value":0.1018011465,"defensive_value":-0.0157550193,"count":28},"15":{"player_id":9123,"player_name":"Manuel Lanzini","vaep_value":0.0193208051,"offensive_value":0.0214762525,"defensive_value":-0.0021554474,"count":5},"16":{"player_id":9127,"player_name":"Winston  Reid","vaep_value":-0.1706742372,"offensive_value":-0.161391065,"defensive_value":-0.0092831722,"count":9},"17":{"player_id":9206,"player_name":"Jos\u00e9 Miguel da Rocha Fonte","vaep_value":0.3239133409,"offensive_value":0.3363856087,"defensive_value":-0.0124722677,"count":30},"18":{"player_id":9433,"player_name":"Joe Hart","vaep_value":0.193629076,"offensive_value":0.0821466193,"defensive_value":0.1114824567,"count":45},"19":{"player_id":9623,"player_name":"Winston  Reid","vaep_value":0.4083822945,"offensive_value":0.4846167954,"defensive_value":-0.0762345009,"count":67},"20":{"player_id":11294,"player_name":"Aaron Cresswell","vaep_value":-0.0210501869,"offensive_value":-0.034351381,"defensive_value":0.0133011941,"count":21},"21":{"player_id":12242,"player_name":"Marko Arnautovi\u0107","vaep_value":0.2414643022,"offensive_value":0.1611818371,"defensive_value":0.0802824651,"count":37},"22":{"player_id":14703,"player_name":"Robbie Brady","vaep_value":0.0084673396,"offensive_value":0.0608558026,"defensive_value":-0.0523884631,"count":16},"23":{"player_id":20620,"player_name":"Matthew Lowton","vaep_value":0.1281771399,"offensive_value":0.063742254,"defensive_value":0.0644348859,"count":31},"24":{"player_id":26499,"player_name":"James  Tarkowski","vaep_value":-0.0032551624,"offensive_value":0.0007088878,"defensive_value":-0.0039640502,"count":1},"25":{"player_id":26610,"player_name":"Nick Pope","vaep_value":-0.0251754966,"offensive_value":-0.0210506045,"defensive_value":-0.0041248921,"count":9},"26":{"player_id":37725,"player_name":"Aaron Cresswell","vaep_value":0.1441254485,"offensive_value":0.0286562281,"defensive_value":0.1154692204,"count":29},"27":{"player_id":41174,"player_name":"James  Tarkowski","vaep_value":-0.099623357,"offensive_value":-0.0256560308,"defensive_value":-0.0739673262,"count":44},"28":{"player_id":70092,"player_name":"Matthew Lowton","vaep_value":0.2785387178,"offensive_value":0.274055664,"defensive_value":0.0044830538,"count":87}}