{"0":{"player_id":0,"player_name":"Ibai G\u00f3mez P\u00e9rez","vaep_value":0.0303839411,"offensive_value":0.0619835141,"defensive_value":-0.031599573,"count":18},"1":{"player_id":151,"player_name":"\u00c1lvaro Medr\u00e1n Just","vaep_value":1.1265659003,"offensive_value":1.0853019604,"defensive_value":0.0412639399,"count":34},"2":{"player_id":3269,"player_name":"N\u00e9lson Cabral Semedo","vaep_value":0.1190745999,"offensive_value":0.09074165,"defensive_value":0.02833295,"count":46},"3":{"player_id":3291,"player_name":"Jos\u00e9 Paulo Bezzera Maciel J\u00fanior","vaep_value":0.0937411464,"offensive_value":0.0929718399,"defensive_value":0.0007693064,"count":5},"4":{"player_id":3299,"player_name":"Philippe Coutinho Correia","vaep_value":0.128246319,"offensive_value":0.2351553794,"defensive_value":-0.1069090604,"count":40},"5":{"player_id":3341,"player_name":"Lucas Digne","vaep_value":0.1831285419,"offensive_value":0.1859660109,"defensive_value":-0.002837469,"count":77},"6":{"player_id":3347,"player_name":"Ivan Rakiti\u0107","vaep_value":0.1403041427,"offensive_value":0.1507920718,"defensive_value":-0.0104879291,"count":39},"7":{"player_id":3353,"player_name":"Jos\u00e9 Paulo Bezzera Maciel J\u00fanior","vaep_value":0.3660329415,"offensive_value":0.3773454002,"defensive_value":-0.0113124587,"count":128},"8":{"player_id":3359,"player_name":"N\u00e9lson Cabral Semedo","vaep_value":1.6409078737,"offensive_value":1.7077533943,"defensive_value":-0.0668455206,"count":82},"9":{"player_id":3423,"player_name":"Gerard Piqu\u00e9 Bernab\u00e9u","vaep_value":0.1943253463,"offensive_value":0.0233048804,"defensive_value":0.1710204659,"count":38},"10":{"player_id":3466,"player_name":"N\u00e9lson Cabral Semedo","vaep_value":0.1077380482,"offensive_value":0.1391248703,"defensive_value":-0.0313868221,"count":36},"11":{"player_id":3476,"player_name":"Philippe Coutinho Correia","vaep_value":0.2070171121,"offensive_value":0.1428639525,"defensive_value":0.0641531596,"count":107},"12":{"player_id":3538,"player_name":"N\u00e9lson Cabral Semedo","vaep_value":0.235940785,"offensive_value":0.077432762,"defensive_value":0.158508023,"count":46},"13":{"player_id":3539,"player_name":"Gerard Piqu\u00e9 Bernab\u00e9u","vaep_value":0.0103571653,"offensive_value":0.0044918726,"defensive_value":0.0058652927,"count":29},"14":{"player_id":3802,"player_name":"Hern\u00e1n Arsenio P\u00e9rez Gonz\u00e1lez","vaep_value":0.2211922908,"offensive_value":0.2214582986,"defensive_value":-0.0002660078,"count":73},"15":{"player_id":4358,"player_name":null,"vaep_value":0.0618806755,"offensive_value":0.0507583159,"defensive_value":0.0111223595,"count":34},"16":{"player_id":7972,"player_name":"Andr\u00e9s Iniesta Luj\u00e1n","vaep_value":0.2404854147,"offensive_value":0.2961216955,"defensive_value":-0.0556362808,"count":48},"17":{"player_id":15008,"player_name":null,"vaep_value":0.1093228813,"offensive_value":0.0299315301,"defensive_value":0.0793913512,"count":26},"18":{"player_id":25397,"player_name":"Alexis Ruano Delgado","vaep_value":0.1144549365,"offensive_value":0.1404505193,"defensive_value":-0.0259955828,"count":79},"19":{"player_id":25701,"player_name":"John Guidetti","vaep_value":0.0199148119,"offensive_value":0.0246506797,"defensive_value":-0.0047358677,"count":57},"20":{"player_id":40550,"player_name":"John Guidetti","vaep_value":-0.0307739135,"offensive_value":0.0174001866,"defensive_value":-0.0481741001,"count":76},"21":{"player_id":134249,"player_name":"Lucas Digne","vaep_value":-0.0435141516,"offensive_value":-0.0461669185,"defensive_value":0.0026527669,"count":34},"22":{"player_id":222770,"player_name":"Luis Alberto Su\u00e1rez D\u00edaz","vaep_value":0.1421761115,"offensive_value":0.0049361986,"defensive_value":0.1372399129,"count":61},"23":{"player_id":224080,"player_name":"Lucas Digne","vaep_value":0.0128545135,"offensive_value":0.0062569517,"defensive_value":0.0065975618,"count":19},"24":{"player_id":225022,"player_name":"Samuel Yves Umtiti","vaep_value":-0.0349327103,"offensive_value":-0.0293766616,"defensive_value":-0.0055560487,"count":38},"25":{"player_id":247222,"player_name":"Marc-Andr\u00e9 ter Stegen","vaep_value":0.1008770312,"offensive_value":0.064579725,"defensive_value":0.0362973062,"count":31},"26":{"player_id":278278,"player_name":"Rub\u00e9n Duarte S\u00e1nchez","vaep_value":0.0029043282,"offensive_value":0.0131049515,"defensive_value":-0.0102006233,"count":7},"27":{"player_id":352328,"player_name":null,"vaep_value":-0.0174448421,"offensive_value":-0.0146146445,"defensive_value":-0.0028301977,"count":2},"28":{"player_id":359847,"player_name":"Samuel Yves Umtiti","vaep_value":0.0228619791,"offensive_value":0.0230726679,"defensive_value":-0.0002106888,"count":8}}