{"0":{"player_id":0,"player_name":"Pierre-Emerick Aubameyang","vaep_value":0.0621154549,"offensive_value":0.1004849034,"defensive_value":-0.0383694485,"count":16},"1":{"player_id":48,"player_name":"Mohamed Naser Elsayed Elneny","vaep_value":0.2248434339,"offensive_value":0.1001710318,"defensive_value":0.1246724022,"count":79},"2":{"player_id":54,"player_name":"Shkodran Mustafi","vaep_value":-0.1222393405,"offensive_value":-0.0644954249,"defensive_value":-0.0577439156,"count":55},"3":{"player_id":3319,"player_name":"Bamidele Alli","vaep_value":0.1752444427,"offensive_value":0.2173909839,"defensive_value":-0.0421465412,"count":65},"4":{"player_id":3560,"player_name":"Jack Wilshere","vaep_value":0.019450962,"offensive_value":0.0325607068,"defensive_value":-0.0131097449,"count":54},"5":{"player_id":7855,"player_name":"Ignacio Monreal Eraso","vaep_value":0.0192848843,"offensive_value":0.0668113065,"defensive_value":-0.0475264222,"count":68},"6":{"player_id":7873,"player_name":"Laurent Koscielny","vaep_value":0.0852208817,"offensive_value":0.0832898838,"defensive_value":0.0019309979,"count":49},"7":{"player_id":7882,"player_name":"Shkodran Mustafi","vaep_value":0.0400587996,"offensive_value":0.1141064722,"defensive_value":-0.0740476727,"count":56},"8":{"player_id":7945,"player_name":"Jack Wilshere","vaep_value":-0.0136114364,"offensive_value":-0.0115253506,"defensive_value":-0.0020860857,"count":5},"9":{"player_id":8717,"player_name":"Jack Wilshere","vaep_value":0.8065758727,"offensive_value":0.8229725457,"defensive_value":-0.016396673,"count":30},"10":{"player_id":8945,"player_name":"Granit Xhaka","vaep_value":0.2058651226,"offensive_value":0.1529051411,"defensive_value":0.0529599815,"count":67},"11":{"player_id":11152,"player_name":"Ignacio Monreal Eraso","vaep_value":0.2215599139,"offensive_value":0.220689384,"defensive_value":0.0008705299,"count":74},"12":{"player_id":13484,"player_name":"Ignacio Monreal Eraso","vaep_value":0.0575706807,"offensive_value":0.0847579984,"defensive_value":-0.0271873177,"count":42},"13":{"player_id":14911,"player_name":"Henrikh Mkhitaryan","vaep_value":-0.0513482337,"offensive_value":-0.0401435897,"defensive_value":-0.011204644,"count":57},"14":{"player_id":20441,"player_name":"Mohamed Naser Elsayed Elneny","vaep_value":0.0168025285,"offensive_value":0.0155428779,"defensive_value":0.0012596506,"count":13},"15":{"player_id":20612,"player_name":"Hugo Lloris","vaep_value":-0.1570043516,"offensive_value":0.1606498624,"defensive_value":-0.317654214,"count":96},"16":{"player_id":25381,"player_name":"Davinson S\u00e1nchez Mina","vaep_value":0.0935093299,"offensive_value":0.0904526419,"defensive_value":0.003056688,"count":32},"17":{"player_id":25413,"player_name":"Kieran Trippier","vaep_value":-0.0879579098,"offensive_value":-0.0822220054,"defensive_value":-0.0057359044,"count":5},"18":{"player_id":25867,"player_name":"Davinson S\u00e1nchez Mina","vaep_value":-0.0358744862,"offensive_value":-0.0204416467,"defensive_value":-0.0154328395,"count":24},"19":{"player_id":49876,"player_name":"Bamidele Alli","vaep_value":0.2448236592,"offensive_value":0.1387749498,"defensive_value":0.1060487095,"count":72},"20":{"player_id":61967,"player_name":"Laurent Koscielny","vaep_value":0.0010333211,"offensive_value":0.0006682836,"defensive_value":0.0003650376,"count":1},"21":{"player_id":105338,"player_name":"Shkodran Mustafi","vaep_value":-0.1531803441,"offensive_value":-0.0421563978,"defensive_value":-0.1110239463,"count":33},"22":{"player_id":120339,"player_name":"Shkodran Mustafi","vaep_value":0.1139264787,"offensive_value":-0.0261627601,"defensive_value":0.1400892388,"count":47},"23":{"player_id":136441,"player_name":"Eric  Dier","vaep_value":0.3591409089,"offensive_value":0.2306103075,"defensive_value":0.1285306014,"count":67},"24":{"player_id":167145,"player_name":"Kieran Trippier","vaep_value":0.080658913,"offensive_value":0.1173212888,"defensive_value":-0.0366623758,"count":84},"25":{"player_id":210044,"player_name":"Eric  Dier","vaep_value":0.0368784213,"offensive_value":0.003685076,"defensive_value":0.0331933453,"count":86},"26":{"player_id":230020,"player_name":"Jan Vertonghen","vaep_value":0.0580251974,"offensive_value":0.0632984934,"defensive_value":-0.005273296,"count":25},"27":{"player_id":257762,"player_name":"Ben Davies","vaep_value":0.1733674644,"offensive_value":0.1146601369,"defensive_value":0.0587073276,"count":70}}