{"0":{"player_id":0,"player_name":"Cristhian Ricardo Stuani Curbelo","vaep_value":0.0527594138,"offensive_value":0.1185797777,"defensive_value":-0.0658203638,"count":15},"1":{"player_id":3286,"player_name":"David Timor Copov\u00ed","vaep_value":0.6017566486,"offensive_value":0.5607340001,"defensive_value":0.0410226485,"count":110},"2":{"player_id":3287,"player_name":"Johan Andr\u00e9s Mojica Palacio","vaep_value":1.2422828701,"offensive_value":1.2396680403,"defensive_value":0.0026148298,"count":35},"3":{"player_id":3407,"player_name":"Juan Pedro Ram\u00edrez L\u00f3pez","vaep_value":0.0866312181,"offensive_value":0.1383688843,"defensive_value":-0.0517376662,"count":38},"4":{"player_id":3510,"player_name":"Bernardo Jos\u00e9 Espinosa Z\u00fa\u00f1iga","vaep_value":0.1558252006,"offensive_value":0.1114395813,"defensive_value":0.0443856193,"count":62},"5":{"player_id":3692,"player_name":"Jon\u00e1s  Ramalho Chimeno","vaep_value":0.0323384888,"offensive_value":0.0627420207,"defensive_value":-0.0304035319,"count":45},"6":{"player_id":3714,"player_name":"Pablo Maffeo Becerra","vaep_value":-0.5124837955,"offensive_value":-0.5042338844,"defensive_value":-0.0082499111,"count":27},"7":{"player_id":4278,"player_name":"Bernardo Jos\u00e9 Espinosa Z\u00fa\u00f1iga","vaep_value":0.1019117463,"offensive_value":0.1402707065,"defensive_value":-0.0383589602,"count":45},"8":{"player_id":4360,"player_name":"Juan Pedro Ram\u00edrez L\u00f3pez","vaep_value":0.1725901209,"offensive_value":0.0497034399,"defensive_value":0.122886681,"count":42},"9":{"player_id":4892,"player_name":"Johan Andr\u00e9s Mojica Palacio","vaep_value":0.2919288841,"offensive_value":0.2912411834,"defensive_value":0.0006877007,"count":60},"10":{"player_id":6210,"player_name":"Cristhian Ricardo Stuani Curbelo","vaep_value":-0.1433494375,"offensive_value":-0.1244861074,"defensive_value":-0.0188633301,"count":26},"11":{"player_id":20922,"player_name":"Cristhian Ricardo Stuani Curbelo","vaep_value":-0.0196662085,"offensive_value":0.0470968812,"defensive_value":-0.0667630897,"count":18},"12":{"player_id":25623,"player_name":"Alejandro Granell Nogu\u00e9","vaep_value":0.3673527138,"offensive_value":0.1429446911,"defensive_value":0.2244080227,"count":79},"13":{"player_id":41363,"player_name":"Alejandro Granell Nogu\u00e9","vaep_value":0.0610651036,"offensive_value":0.1619928449,"defensive_value":-0.1009277413,"count":62},"14":{"player_id":70112,"player_name":"Jos\u00e9 Luis Gay\u00e1 Pe\u00f1a","vaep_value":0.0750055928,"offensive_value":0.0511657086,"defensive_value":0.0238398842,"count":58},"15":{"player_id":70129,"player_name":"David Timor Copov\u00ed","vaep_value":-0.0106956826,"offensive_value":-0.0085531835,"defensive_value":-0.0021424991,"count":30},"16":{"player_id":86307,"player_name":"Bernardo Jos\u00e9 Espinosa Z\u00fa\u00f1iga","vaep_value":0.0511121504,"offensive_value":0.0486563938,"defensive_value":0.0024557567,"count":11},"17":{"player_id":91702,"player_name":"Jon\u00e1s  Ramalho Chimeno","vaep_value":0.2347962816,"offensive_value":0.2192544248,"defensive_value":0.0155418568,"count":58},"18":{"player_id":120631,"player_name":"Pablo Maffeo Becerra","vaep_value":0.2542581941,"offensive_value":0.2064340562,"defensive_value":0.047824138,"count":39},"19":{"player_id":211853,"player_name":"David Timor Copov\u00ed","vaep_value":0.0282881911,"offensive_value":0.0612992302,"defensive_value":-0.0330110391,"count":21},"20":{"player_id":214062,"player_name":"Jon\u00e1s  Ramalho Chimeno","vaep_value":0.2049173177,"offensive_value":0.202053016,"defensive_value":0.0028643017,"count":19},"21":{"player_id":230895,"player_name":"Bernardo Jos\u00e9 Espinosa Z\u00fa\u00f1iga","vaep_value":0.0467220373,"offensive_value":-0.0062472809,"defensive_value":0.0529693181,"count":36},"22":{"player_id":237034,"player_name":"Juan Pedro Ram\u00edrez L\u00f3pez","vaep_value":0.1258304666,"offensive_value":0.1286634831,"defensive_value":-0.0028330164,"count":69},"23":{"player_id":240445,"player_name":"Johan Andr\u00e9s Mojica Palacio","vaep_value":0.0045108125,"offensive_value":0.0457319656,"defensive_value":-0.0412211531,"count":43},"24":{"player_id":250885,"player_name":"Cristhian Ricardo Stuani Curbelo","vaep_value":-0.3906272968,"offensive_value":-0.3791094923,"defensive_value":-0.0115178045,"count":35},"25":{"player_id":257752,"player_name":"Cristhian Ricardo Stuani Curbelo","vaep_value":0.0031016227,"offensive_value":0.0018043956,"defensive_value":0.0012972271,"count":1},"26":{"player_id":263105,"player_name":"Ezequiel Marcelo Garay","vaep_value":-0.3148140651,"offensive_value":-0.0011313112,"defensive_value":-0.3136827539,"count":40},"27":{"player_id":265864,"player_name":"Alejandro Granell Nogu\u00e9","vaep_value":-0.1137914081,"offensive_value":-0.1105388474,"defensive_value":-0.0032525607,"count":4},"28":{"player_id":302542,"player_name":"Geoffrey Kondogbia","vaep_value":0.154513984,"offensive_value":0.0714346637,"defensive_value":0.0830793203,"count":60}}