{"0":{"player_id":0,"player_name":"Etienne Capoue","vaep_value":-0.0145313481,"offensive_value":0.0053437947,"defensive_value":-0.0198751428,"count":7},"1":{"player_id":48,"player_name":"Craig Cathcart","vaep_value":0.0181552885,"offensive_value":-0.0491689665,"defensive_value":0.067324255,"count":87},"2":{"player_id":54,"player_name":"Davinson S\u00e1nchez Mina","vaep_value":0.0987981738,"offensive_value":0.0478850022,"defensive_value":0.0509131716,"count":68},"3":{"player_id":3348,"player_name":"Will Hughes","vaep_value":0.0641872901,"offensive_value":0.0622876412,"defensive_value":0.0018996489,"count":8},"4":{"player_id":3351,"player_name":"Hugo Lloris","vaep_value":0.0407127112,"offensive_value":0.0646290253,"defensive_value":-0.0239163141,"count":34},"5":{"player_id":8717,"player_name":"Adrian Mariappa","vaep_value":0.802555116,"offensive_value":0.8052283969,"defensive_value":-0.0026732809,"count":27},"6":{"player_id":8889,"player_name":"Ben Davies","vaep_value":0.0160025948,"offensive_value":0.0346600839,"defensive_value":-0.0186574891,"count":53},"7":{"player_id":8903,"player_name":"Adrian Mariappa","vaep_value":-0.054797615,"offensive_value":-0.0216798423,"defensive_value":-0.0331177728,"count":8},"8":{"player_id":8945,"player_name":"Andre Gray","vaep_value":0.4457941475,"offensive_value":0.4879865564,"defensive_value":-0.0421924088,"count":101},"9":{"player_id":8981,"player_name":"Francisco Femen\u00eda Far","vaep_value":0.0764037718,"offensive_value":0.0515904325,"defensive_value":0.0248133392,"count":43},"10":{"player_id":9403,"player_name":"Adrian Mariappa","vaep_value":0.0705429623,"offensive_value":0.0611736266,"defensive_value":0.0093693357,"count":33},"11":{"player_id":10663,"player_name":"Francisco Femen\u00eda Far","vaep_value":-0.0869637787,"offensive_value":-0.0473658072,"defensive_value":-0.0395979715,"count":17},"12":{"player_id":11152,"player_name":"Abdoulaye Doucour\u00e9","vaep_value":0.1718363985,"offensive_value":0.1518531347,"defensive_value":0.0199832637,"count":70},"13":{"player_id":13484,"player_name":"Etienne Capoue","vaep_value":1.2236127355,"offensive_value":1.1299058544,"defensive_value":0.0937068811,"count":29},"14":{"player_id":14911,"player_name":"Adrian Mariappa","vaep_value":0.0694998964,"offensive_value":0.0681234741,"defensive_value":0.0013764222,"count":38},"15":{"player_id":20441,"player_name":"Craig Cathcart","vaep_value":-0.0312298653,"offensive_value":-0.0242430654,"defensive_value":-0.0069867999,"count":14},"16":{"player_id":25381,"player_name":"Orestis Karnezis","vaep_value":0.133295596,"offensive_value":0.1230096759,"defensive_value":0.0102859201,"count":35},"17":{"player_id":25798,"player_name":"Moussa Sidi Yaya Demb\u00e9l\u00e9","vaep_value":0.1973759372,"offensive_value":0.1565692853,"defensive_value":0.0408066519,"count":53},"18":{"player_id":25804,"player_name":"Ben Davies","vaep_value":-0.1629374292,"offensive_value":-0.1612693574,"defensive_value":-0.0016680717,"count":12},"19":{"player_id":28292,"player_name":"Hugo Lloris","vaep_value":0.2520758532,"offensive_value":0.0438041552,"defensive_value":0.208271698,"count":60},"20":{"player_id":61967,"player_name":"Davinson S\u00e1nchez Mina","vaep_value":0.0323106446,"offensive_value":0.0325240898,"defensive_value":-0.0002134452,"count":19},"21":{"player_id":68085,"player_name":"Eric  Dier","vaep_value":0.2037679307,"offensive_value":0.0484502758,"defensive_value":0.1553176548,"count":43},"22":{"player_id":70156,"player_name":"Jan Vertonghen","vaep_value":-0.0475039089,"offensive_value":-0.0430330036,"defensive_value":-0.0044709053,"count":11},"23":{"player_id":92864,"player_name":"Eric  Dier","vaep_value":0.1251020638,"offensive_value":0.1364642335,"defensive_value":-0.0113621698,"count":35},"24":{"player_id":92899,"player_name":"Davinson S\u00e1nchez Mina","vaep_value":0.5157778159,"offensive_value":0.7039216459,"defensive_value":-0.18814383,"count":74},"25":{"player_id":136441,"player_name":"Harry Kane","vaep_value":0.5325831963,"offensive_value":0.1724926727,"defensive_value":0.3600905236,"count":66},"26":{"player_id":210044,"player_name":"Moussa Sidi Yaya Demb\u00e9l\u00e9","vaep_value":0.0114358673,"offensive_value":-0.0063181904,"defensive_value":0.0177540577,"count":93},"27":{"player_id":257762,"player_name":"Etienne Capoue","vaep_value":0.3060861424,"offensive_value":0.24235026,"defensive_value":0.0637358823,"count":74},"28":{"player_id":377071,"player_name":"Craig Cathcart","vaep_value":-0.0457918632,"offensive_value":-0.0118638929,"defensive_value":-0.0339279703,"count":44}}