{"0":{"player_id":0,"player_name":"Jos\u00e9 Andr\u00e9s Guardado Hern\u00e1ndez","vaep_value":0.0307234195,"offensive_value":0.0757268134,"defensive_value":-0.0450033939,"count":11},"1":{"player_id":3270,"player_name":"Fabi\u00e1n Ruiz Pe\u00f1a","vaep_value":0.2520160786,"offensive_value":0.2310281814,"defensive_value":0.0209878972,"count":62},"2":{"player_id":3280,"player_name":"Antonio Barrag\u00e1n Fern\u00e1ndez","vaep_value":0.2655650383,"offensive_value":0.3128868205,"defensive_value":-0.0473217822,"count":103},"3":{"player_id":3335,"player_name":"A\u00efssa Mandi","vaep_value":1.120725653,"offensive_value":1.09590034,"defensive_value":0.024825313,"count":63},"4":{"player_id":3358,"player_name":"Jordi Amat Maas","vaep_value":0.0184184962,"offensive_value":0.0125001208,"defensive_value":0.0059183754,"count":6},"5":{"player_id":3384,"player_name":"Marc Bartra Aregall","vaep_value":-0.0554253978,"offensive_value":-0.051675586,"defensive_value":-0.0037498118,"count":12},"6":{"player_id":3571,"player_name":"A\u00efssa Mandi","vaep_value":0.0279208169,"offensive_value":0.051901061,"defensive_value":-0.0239802441,"count":32},"7":{"player_id":3788,"player_name":"Marc Bartra Aregall","vaep_value":0.054717555,"offensive_value":0.0278152311,"defensive_value":0.0269023239,"count":51},"8":{"player_id":4015,"player_name":"Jordi Amat Maas","vaep_value":-0.1274577009,"offensive_value":-0.0364147054,"defensive_value":-0.0910429955,"count":26},"9":{"player_id":4365,"player_name":"Marc Bartra Aregall","vaep_value":0.0702345591,"offensive_value":-0.0097533502,"defensive_value":0.0799879093,"count":78},"10":{"player_id":5268,"player_name":"Jordi Amat Maas","vaep_value":0.0381987018,"offensive_value":-0.0153335002,"defensive_value":0.053532202,"count":11},"11":{"player_id":5911,"player_name":"Marc Bartra Aregall","vaep_value":-0.0566659593,"offensive_value":-0.0613501216,"defensive_value":0.0046841623,"count":33},"12":{"player_id":6577,"player_name":"A\u00efssa Mandi","vaep_value":0.1192493483,"offensive_value":0.1625476244,"defensive_value":-0.0432982761,"count":50},"13":{"player_id":8200,"player_name":"Antonio Barrag\u00e1n Fern\u00e1ndez","vaep_value":0.2032729915,"offensive_value":0.1089311445,"defensive_value":0.094341847,"count":70},"14":{"player_id":14852,"player_name":"Fabi\u00e1n Ruiz Pe\u00f1a","vaep_value":0.1947104961,"offensive_value":0.1605046764,"defensive_value":0.0342058197,"count":80},"15":{"player_id":20433,"player_name":"Fabi\u00e1n Ruiz Pe\u00f1a","vaep_value":0.6700199862,"offensive_value":0.6791930021,"defensive_value":-0.0091730158,"count":49},"16":{"player_id":20823,"player_name":"Marc Bartra Aregall","vaep_value":0.0108842952,"offensive_value":0.0002321163,"defensive_value":0.0106521789,"count":1},"17":{"player_id":25461,"player_name":"Riza Durmisi","vaep_value":0.1805471509,"offensive_value":0.1851854356,"defensive_value":-0.0046382847,"count":29},"18":{"player_id":25795,"player_name":"Francisco Javier  Garc\u00eda Fern\u00e1ndez","vaep_value":0.9769545372,"offensive_value":0.9893627176,"defensive_value":-0.0124081804,"count":17},"19":{"player_id":26307,"player_name":"Marc Bartra Aregall","vaep_value":0.1678171881,"offensive_value":0.1543986246,"defensive_value":0.0134185635,"count":76},"20":{"player_id":56009,"player_name":"Fabi\u00e1n Ruiz Pe\u00f1a","vaep_value":0.0468353418,"offensive_value":0.0450078363,"defensive_value":0.0018275055,"count":44},"21":{"player_id":70120,"player_name":"Antonio Barrag\u00e1n Fern\u00e1ndez","vaep_value":0.0502347453,"offensive_value":0.0315658194,"defensive_value":0.0186689259,"count":48},"22":{"player_id":70125,"player_name":"A\u00efssa Mandi","vaep_value":0.032162665,"offensive_value":-0.0358083111,"defensive_value":0.0679709761,"count":51},"23":{"player_id":86220,"player_name":"Francisco Javier  Garc\u00eda Fern\u00e1ndez","vaep_value":0.0840234432,"offensive_value":0.0705184144,"defensive_value":0.0135050288,"count":23},"24":{"player_id":112366,"player_name":"Marc Bartra Aregall","vaep_value":0.0778567065,"offensive_value":0.0744128084,"defensive_value":0.0034438981,"count":34},"25":{"player_id":134503,"player_name":"Riza Durmisi","vaep_value":0.0319917672,"offensive_value":0.0404621526,"defensive_value":-0.0084703853,"count":43},"26":{"player_id":278320,"player_name":"Simon Thorup Kj\u00e6r","vaep_value":0.2988374798,"offensive_value":0.0798133059,"defensive_value":0.2190241739,"count":17},"27":{"player_id":346195,"player_name":"Riza Durmisi","vaep_value":0.0570252032,"offensive_value":0.0658074163,"defensive_value":-0.0087822131,"count":82},"28":{"player_id":364820,"player_name":"Jordi Amat Maas","vaep_value":0.8900591796,"offensive_value":0.8350011187,"defensive_value":0.0550580609,"count":14}}