{"0":{"player_id":0,"player_name":"Daniel Garc\u00eda Carrillo","vaep_value":0.0621317293,"offensive_value":0.127256938,"defensive_value":-0.0651252087,"count":19},"1":{"player_id":3267,"player_name":"Enrique Garc\u00eda Mart\u00ednez","vaep_value":0.0758815281,"offensive_value":0.1638297323,"defensive_value":-0.0879482043,"count":40},"2":{"player_id":3468,"player_name":"Jos\u00e9 \u00c1ngel Vald\u00e9s D\u00edaz","vaep_value":-0.0208312231,"offensive_value":-0.0985103557,"defensive_value":0.0776791326,"count":44},"3":{"player_id":3572,"player_name":"Anaitz Arbilla Zabala","vaep_value":0.0345829723,"offensive_value":0.044680923,"defensive_value":-0.0100979507,"count":33},"4":{"player_id":3605,"player_name":"Iv\u00e1n Alejo Peralta","vaep_value":-0.0628695061,"offensive_value":-0.0243057306,"defensive_value":-0.0385637755,"count":36},"5":{"player_id":3674,"player_name":"Sergio Enrich Ametller","vaep_value":-0.0290814289,"offensive_value":-0.007460748,"defensive_value":-0.0216206809,"count":25},"6":{"player_id":3874,"player_name":"Sergio Enrich Ametller","vaep_value":-0.032795859,"offensive_value":-0.0021784266,"defensive_value":-0.0306174324,"count":39},"7":{"player_id":3974,"player_name":"Djen\u00e9 Dakonam Ortega","vaep_value":0.0884098663,"offensive_value":0.1602949129,"defensive_value":-0.0718850466,"count":80},"8":{"player_id":4009,"player_name":"Iv\u00e1n Alejo Peralta","vaep_value":-0.0246840722,"offensive_value":-0.0140776725,"defensive_value":-0.0106063997,"count":17},"9":{"player_id":4048,"player_name":"Sergio Enrich Ametller","vaep_value":-0.0495162559,"offensive_value":-0.0057460531,"defensive_value":-0.0437702028,"count":33},"10":{"player_id":4094,"player_name":"Iv\u00e1n Alejo Peralta","vaep_value":0.2106471091,"offensive_value":0.2599108587,"defensive_value":-0.0492637496,"count":63},"11":{"player_id":4131,"player_name":"Ander Capa Rodr\u00edguez","vaep_value":-0.0093976706,"offensive_value":0.007063709,"defensive_value":-0.0164613796,"count":20},"12":{"player_id":4343,"player_name":"Enrique Garc\u00eda Mart\u00ednez","vaep_value":-0.0298660675,"offensive_value":-0.0248474205,"defensive_value":-0.0050186469,"count":8},"13":{"player_id":4805,"player_name":"Enrique Garc\u00eda Mart\u00ednez","vaep_value":0.2284166141,"offensive_value":0.2432744233,"defensive_value":-0.0148578092,"count":72},"14":{"player_id":5542,"player_name":"Vicente Guaita Panadero","vaep_value":0.0425025201,"offensive_value":-0.0436684093,"defensive_value":0.0861709295,"count":65},"15":{"player_id":14836,"player_name":"Iv\u00e1n Alejo Peralta","vaep_value":-0.1401514413,"offensive_value":-0.1313858067,"defensive_value":-0.0087656346,"count":41},"16":{"player_id":20436,"player_name":"Fay\u00e7al Fajr","vaep_value":0.1411175458,"offensive_value":0.1091071829,"defensive_value":0.0320103629,"count":79},"17":{"player_id":25888,"player_name":"Daniel Garc\u00eda Carrillo","vaep_value":0.0979068399,"offensive_value":0.0724746682,"defensive_value":0.0254321716,"count":48},"18":{"player_id":32601,"player_name":"Djen\u00e9 Dakonam Ortega","vaep_value":-0.0076402414,"offensive_value":0.0018126034,"defensive_value":-0.0094528449,"count":19},"19":{"player_id":70507,"player_name":"Djen\u00e9 Dakonam Ortega","vaep_value":-0.0210490482,"offensive_value":0.0385911267,"defensive_value":-0.0596401748,"count":36},"20":{"player_id":93000,"player_name":"Paulo Andr\u00e9 Rodrigues de Oliveira","vaep_value":0.0532559624,"offensive_value":-0.0030712476,"defensive_value":0.0563272099,"count":58},"21":{"player_id":94828,"player_name":"Markel Bergara Larra\u00f1aga","vaep_value":-0.0402050539,"offensive_value":-0.0296858608,"defensive_value":-0.0105191931,"count":16},"22":{"player_id":140046,"player_name":"Markel Bergara Larra\u00f1aga","vaep_value":0.0769657083,"offensive_value":0.1098071618,"defensive_value":-0.0328414536,"count":26},"23":{"player_id":225948,"player_name":"Ander Capa Rodr\u00edguez","vaep_value":0.0355891138,"offensive_value":0.0427636669,"defensive_value":-0.0071745531,"count":11},"24":{"player_id":247207,"player_name":"Vitorino Gabriel  Pacheco Antunes","vaep_value":-0.6906603198,"offensive_value":-0.702525953,"defensive_value":0.0118656331,"count":49},"25":{"player_id":250805,"player_name":"\u00c1ngel Luis Rodr\u00edguez D\u00edaz","vaep_value":-0.3146778267,"offensive_value":0.1359553479,"defensive_value":-0.4506331746,"count":55},"26":{"player_id":279555,"player_name":"Amath Diedhiou Ndiaye","vaep_value":-0.0952793959,"offensive_value":-0.1211499022,"defensive_value":0.0258705064,"count":45},"27":{"player_id":344140,"player_name":"Amath Diedhiou Ndiaye","vaep_value":0.0307054745,"offensive_value":0.0351399732,"defensive_value":-0.0044344986,"count":22}}