{"0":{"player_id":0,"player_name":"Jimmy Briand","vaep_value":0.0354709128,"offensive_value":0.0751718383,"defensive_value":-0.0397009255,"count":14},"1":{"player_id":8326,"player_name":"\u00c9tienne Didot","vaep_value":0.035613082,"offensive_value":0.0428039017,"defensive_value":-0.0071908197,"count":12},"2":{"player_id":15010,"player_name":"Jordan Ikoko","vaep_value":0.187799187,"offensive_value":0.1856391325,"defensive_value":0.0021600545,"count":108},"3":{"player_id":20531,"player_name":"J\u00e9r\u00e9my Sorbon","vaep_value":0.28146075,"offensive_value":0.2847885931,"defensive_value":-0.003327843,"count":75},"4":{"player_id":25410,"player_name":"Pedro Miguel Braga Rebocho","vaep_value":0.9174597202,"offensive_value":0.9402407561,"defensive_value":-0.022781036,"count":22},"5":{"player_id":25411,"player_name":"J\u00e9r\u00e9my Sorbon","vaep_value":-0.0578028382,"offensive_value":-0.0448266114,"defensive_value":-0.0129762267,"count":34},"6":{"player_id":25427,"player_name":"Pedro Miguel Braga Rebocho","vaep_value":0.0424981873,"offensive_value":0.0654748835,"defensive_value":-0.0229766963,"count":70},"7":{"player_id":25474,"player_name":"Dante Bonfim da Costa Santos","vaep_value":0.1226929225,"offensive_value":0.1332369316,"defensive_value":-0.0105440092,"count":32},"8":{"player_id":25800,"player_name":"Pedro Miguel Braga Rebocho","vaep_value":-0.0438628978,"offensive_value":-0.0833299933,"defensive_value":0.0394670955,"count":59},"9":{"player_id":25883,"player_name":"Dante Bonfim da Costa Santos","vaep_value":0.1330404476,"offensive_value":0.0394325145,"defensive_value":0.0936079331,"count":53},"10":{"player_id":25939,"player_name":"Jordan Ikoko","vaep_value":-0.0849378799,"offensive_value":-0.0663884904,"defensive_value":-0.0185493896,"count":14},"11":{"player_id":25943,"player_name":"Ludovic Blas","vaep_value":0.1372239247,"offensive_value":0.1232733604,"defensive_value":0.0139505643,"count":65},"12":{"player_id":26135,"player_name":"Christophe Jallet","vaep_value":0.3942716152,"offensive_value":0.1813560794,"defensive_value":0.2129155358,"count":84},"13":{"player_id":26314,"player_name":"\u00c9tienne Didot","vaep_value":-0.0017217974,"offensive_value":-0.0323057564,"defensive_value":0.030583959,"count":49},"14":{"player_id":26633,"player_name":"Abdoul Razzagui Camara","vaep_value":-0.1515429692,"offensive_value":-0.0126529819,"defensive_value":-0.1388899873,"count":60},"15":{"player_id":28230,"player_name":"Abdoul Razzagui Camara","vaep_value":0.1622561467,"offensive_value":0.1322005118,"defensive_value":0.0300556349,"count":76},"16":{"player_id":28528,"player_name":"Adrien  Tameze","vaep_value":0.0707148343,"offensive_value":0.0294059973,"defensive_value":0.041308837,"count":55},"17":{"player_id":50771,"player_name":"Maxime Le Marchand","vaep_value":0.2345372266,"offensive_value":0.0749962393,"defensive_value":0.1595409873,"count":35},"18":{"player_id":131959,"player_name":"\u00c9tienne Didot","vaep_value":-0.058603017,"offensive_value":-0.0694229845,"defensive_value":0.0108199675,"count":106},"19":{"player_id":135901,"player_name":"Pedro Miguel Braga Rebocho","vaep_value":0.0727550297,"offensive_value":0.1179179528,"defensive_value":-0.0451629231,"count":66},"20":{"player_id":149053,"player_name":"Jimmy Briand","vaep_value":0.701933714,"offensive_value":0.7092700955,"defensive_value":-0.0073363815,"count":42},"21":{"player_id":214609,"player_name":"Lebogang Phiri","vaep_value":0.0638344017,"offensive_value":0.1120152564,"defensive_value":-0.0481808548,"count":29},"22":{"player_id":256706,"player_name":"Ludovic Blas","vaep_value":0.1779202262,"offensive_value":0.1427078089,"defensive_value":0.0352124174,"count":75},"23":{"player_id":277629,"player_name":"Abdoul Razzagui Camara","vaep_value":0.1765033162,"offensive_value":0.1469723263,"defensive_value":0.0295309898,"count":59},"24":{"player_id":279734,"player_name":"Ludovic Blas","vaep_value":0.0333511089,"offensive_value":0.0229030645,"defensive_value":0.0104480444,"count":5},"25":{"player_id":301017,"player_name":"Ludovic Blas","vaep_value":0.0525867264,"offensive_value":0.063493026,"defensive_value":-0.0109062996,"count":15},"26":{"player_id":330387,"player_name":"Abdoul Razzagui Camara","vaep_value":-0.0175709288,"offensive_value":-0.0345411847,"defensive_value":0.0169702559,"count":34},"27":{"player_id":340920,"player_name":"Abdoul Razzagui Camara","vaep_value":0.0636456702,"offensive_value":0.0487656343,"defensive_value":0.0148800359,"count":70},"28":{"player_id":408827,"player_name":"Jordan Ikoko","vaep_value":0.0789595196,"offensive_value":0.0737170973,"defensive_value":0.0052424223,"count":5}}