{"0":{"player_id":0,"player_name":"Lucas Rodrigo Biglia","vaep_value":0.1355498063,"offensive_value":0.0623529541,"defensive_value":0.0731968522,"count":12},"1":{"player_id":625,"player_name":"Ignazio Abate","vaep_value":0.3057116658,"offensive_value":0.2434533231,"defensive_value":0.0622583426,"count":66},"2":{"player_id":11063,"player_name":"Jes\u00fas Joaqu\u00edn Fern\u00e1ndez S\u00e1ez de la Torre","vaep_value":0.1390294753,"offensive_value":0.131545175,"defensive_value":0.0074843003,"count":55},"3":{"player_id":14922,"player_name":"Franck Yannick Kessi\u00e9","vaep_value":0.0709713054,"offensive_value":0.0247480376,"defensive_value":0.0462232678,"count":84},"4":{"player_id":15524,"player_name":"Ricardo Iv\u00e1n Rodr\u00edguez Araya","vaep_value":-0.1615267425,"offensive_value":-0.1450751922,"defensive_value":-0.0164515503,"count":64},"5":{"player_id":20390,"player_name":"Hakan \u00c7alhano\u011flu","vaep_value":0.2861556197,"offensive_value":0.2909996927,"defensive_value":-0.0048440731,"count":73},"6":{"player_id":20404,"player_name":"Alessio Romagnoli","vaep_value":0.0776044759,"offensive_value":0.0471796249,"defensive_value":0.030424851,"count":47},"7":{"player_id":20449,"player_name":"Leonardo Bonucci","vaep_value":0.0159565032,"offensive_value":0.0113549363,"defensive_value":0.0046015669,"count":11},"8":{"player_id":20459,"player_name":"Ricardo Iv\u00e1n Rodr\u00edguez Araya","vaep_value":0.2414544736,"offensive_value":0.2350516694,"defensive_value":0.0064028042,"count":57},"9":{"player_id":20820,"player_name":"Hakan \u00c7alhano\u011flu","vaep_value":0.0934836627,"offensive_value":0.0995958948,"defensive_value":-0.0061122321,"count":38},"10":{"player_id":20841,"player_name":"Ricardo Iv\u00e1n Rodr\u00edguez Araya","vaep_value":1.1940759239,"offensive_value":1.0636440272,"defensive_value":0.1304318967,"count":67},"11":{"player_id":20845,"player_name":"Alessio Romagnoli","vaep_value":0.1432178026,"offensive_value":0.0939654848,"defensive_value":0.0492523179,"count":45},"12":{"player_id":20943,"player_name":"Mattia Caldara","vaep_value":0.2929647251,"offensive_value":0.1580427455,"defensive_value":0.1349219795,"count":31},"13":{"player_id":21077,"player_name":"Bryan Cristante","vaep_value":-0.0546986142,"offensive_value":-0.0186579073,"defensive_value":-0.0360407069,"count":71},"14":{"player_id":37732,"player_name":"Mattia Caldara","vaep_value":0.0208420844,"offensive_value":0.0140685439,"defensive_value":0.0067735405,"count":25},"15":{"player_id":41034,"player_name":"Timothy Castagne","vaep_value":0.1643749062,"offensive_value":0.1394663122,"defensive_value":0.024908594,"count":45},"16":{"player_id":49991,"player_name":"Rafael Tol\u00f3i","vaep_value":0.2490018627,"offensive_value":0.2355851154,"defensive_value":0.0134167473,"count":70},"17":{"player_id":50849,"player_name":"Andrea Masiello","vaep_value":0.0969887729,"offensive_value":0.0627150831,"defensive_value":0.0342736897,"count":18},"18":{"player_id":105376,"player_name":"Alejandro Dar\u00edo G\u00f3mez","vaep_value":0.0057818909,"offensive_value":0.0011182656,"defensive_value":0.0046636254,"count":31},"19":{"player_id":146588,"player_name":"Lucas Rodrigo Biglia","vaep_value":-0.2325829961,"offensive_value":0.0632997031,"defensive_value":-0.2958826992,"count":51},"20":{"player_id":263803,"player_name":"Ricardo Iv\u00e1n Rodr\u00edguez Araya","vaep_value":-0.0343542274,"offensive_value":-0.0286384729,"defensive_value":-0.0057157545,"count":54},"21":{"player_id":280419,"player_name":"Hakan \u00c7alhano\u011flu","vaep_value":-0.065579279,"offensive_value":-0.0542182762,"defensive_value":-0.0113610028,"count":10},"22":{"player_id":285109,"player_name":"Ricardo Iv\u00e1n Rodr\u00edguez Araya","vaep_value":1.0118889785,"offensive_value":0.9837583723,"defensive_value":0.0281306062,"count":53},"23":{"player_id":286226,"player_name":"Ricardo Iv\u00e1n Rodr\u00edguez Araya","vaep_value":-0.0067531011,"offensive_value":-0.0144958438,"defensive_value":0.0077427427,"count":9},"24":{"player_id":288663,"player_name":"Nikola Kalini\u0107","vaep_value":-0.0827814701,"offensive_value":0.000221371,"defensive_value":-0.0830028411,"count":41},"25":{"player_id":295176,"player_name":"Hakan \u00c7alhano\u011flu","vaep_value":0.2869523634,"offensive_value":0.3268375066,"defensive_value":-0.0398851432,"count":67},"26":{"player_id":342075,"player_name":"Ricardo Iv\u00e1n Rodr\u00edguez Araya","vaep_value":0.0512845482,"offensive_value":0.048441404,"defensive_value":0.0028431442,"count":17},"27":{"player_id":350999,"player_name":"Ignazio Abate","vaep_value":0.0562385644,"offensive_value":0.1268062482,"defensive_value":-0.0705676838,"count":48},"28":{"player_id":491409,"player_name":"Alejandro Dar\u00edo G\u00f3mez","vaep_value":-0.2503203291,"offensive_value":-0.2432974721,"defensive_value":-0.007022857,"count":18}}