{"0":{"player_id":0,"player_name":"Charles  D\u00edas Barbosa de Oliveira","vaep_value":0.0161347546,"offensive_value":0.0291927031,"defensive_value":-0.0130579484,"count":8},"1":{"player_id":3277,"player_name":"Daniel Garc\u00eda Carrillo","vaep_value":-0.0715680252,"offensive_value":0.0582867427,"defensive_value":-0.1298547678,"count":71},"2":{"player_id":3428,"player_name":"Daniel Garc\u00eda Carrillo","vaep_value":0.1601499732,"offensive_value":0.0999015634,"defensive_value":0.0602484099,"count":29},"3":{"player_id":3529,"player_name":"Daniel Garc\u00eda Carrillo","vaep_value":0.2851801312,"offensive_value":0.2450229664,"defensive_value":0.0401571648,"count":76},"4":{"player_id":3542,"player_name":"David Junc\u00e0 Re\u00f1\u00e9","vaep_value":0.1260779449,"offensive_value":0.1095546078,"defensive_value":0.0165233371,"count":24},"5":{"player_id":3642,"player_name":"Anaitz Arbilla Zabala","vaep_value":0.1498298531,"offensive_value":0.158097657,"defensive_value":-0.0082678039,"count":49},"6":{"player_id":3695,"player_name":"Iv\u00e1n Ramis Barrios","vaep_value":-0.1135603281,"offensive_value":0.071593972,"defensive_value":-0.1851543002,"count":57},"7":{"player_id":3843,"player_name":"Sergio  Asenjo Andr\u00e9s","vaep_value":0.0067057456,"offensive_value":-0.0555395546,"defensive_value":0.0622453002,"count":76},"8":{"player_id":3874,"player_name":"Anaitz Arbilla Zabala","vaep_value":0.1590507714,"offensive_value":0.1860875343,"defensive_value":-0.0270367629,"count":50},"9":{"player_id":4014,"player_name":"David Junc\u00e0 Re\u00f1\u00e9","vaep_value":0.2708522566,"offensive_value":0.243794698,"defensive_value":0.0270575586,"count":50},"10":{"player_id":4094,"player_name":"Fabi\u00e1n Ariel Orellana Valenzuela","vaep_value":0.213717262,"offensive_value":0.2182945048,"defensive_value":-0.0045772428,"count":43},"11":{"player_id":4332,"player_name":"Gonzalo Escalante","vaep_value":0.0704176525,"offensive_value":0.0411288041,"defensive_value":0.0292888484,"count":42},"12":{"player_id":4513,"player_name":"\u00c1lvaro Gonz\u00e1lez Sober\u00f3n","vaep_value":0.0740979047,"offensive_value":0.0074674211,"defensive_value":0.0666304836,"count":26},"13":{"player_id":4780,"player_name":"David Junc\u00e0 Re\u00f1\u00e9","vaep_value":0.2978160596,"offensive_value":0.3691741044,"defensive_value":-0.0713580449,"count":98},"14":{"player_id":4805,"player_name":"Mario Gaspar P\u00e9rez Mart\u00ednez","vaep_value":0.1542274152,"offensive_value":0.0895051219,"defensive_value":0.0647222932,"count":53},"15":{"player_id":5542,"player_name":"\u00c1lvaro Gonz\u00e1lez Sober\u00f3n","vaep_value":0.0264107313,"offensive_value":0.0067809646,"defensive_value":0.0196297667,"count":60},"16":{"player_id":14836,"player_name":"V\u00edctor Ru\u00edz Torre","vaep_value":0.0006460451,"offensive_value":0.0016096705,"defensive_value":-0.0009636254,"count":2},"17":{"player_id":15214,"player_name":"Rodrigo Hern\u00e1ndez Cascante","vaep_value":0.0421334204,"offensive_value":0.1322690268,"defensive_value":-0.0901356065,"count":64},"18":{"player_id":37831,"player_name":"V\u00edctor Ru\u00edz Torre","vaep_value":-0.0202995302,"offensive_value":-0.0208964206,"defensive_value":0.0005968905,"count":9},"19":{"player_id":140046,"player_name":"Antonio Rukavina","vaep_value":-0.0605653027,"offensive_value":0.3538746494,"defensive_value":-0.4144399521,"count":43},"20":{"player_id":212644,"player_name":"Roger Beyker Mart\u00ednez Tobinson","vaep_value":0.1265106413,"offensive_value":0.0607304191,"defensive_value":0.0657802222,"count":53},"21":{"player_id":225948,"player_name":"Daniel Garc\u00eda Carrillo","vaep_value":0.3883358439,"offensive_value":0.2479663121,"defensive_value":0.1403695318,"count":23},"22":{"player_id":247207,"player_name":"Gonzalo Escalante","vaep_value":0.0456236101,"offensive_value":0.0449171006,"defensive_value":0.0007065096,"count":15},"23":{"player_id":267134,"player_name":"Antonio Rukavina","vaep_value":-0.1702068647,"offensive_value":-0.1457141382,"defensive_value":-0.0244927265,"count":27},"24":{"player_id":274435,"player_name":"Charles  D\u00edas Barbosa de Oliveira","vaep_value":0.010376304,"offensive_value":0.0717498413,"defensive_value":-0.0613735373,"count":25},"25":{"player_id":364860,"player_name":"Javier Fuego Mart\u00ednez","vaep_value":0.1753246452,"offensive_value":0.0821728503,"defensive_value":0.093151795,"count":77},"26":{"player_id":385273,"player_name":"Rodrigo Hern\u00e1ndez Cascante","vaep_value":-0.2062276473,"offensive_value":-0.193209017,"defensive_value":-0.0130186303,"count":27},"27":{"player_id":399676,"player_name":"Iv\u00e1n Ramis Barrios","vaep_value":-0.0327145581,"offensive_value":-0.0228547421,"defensive_value":-0.0098598159,"count":9},"28":{"player_id":412897,"player_name":"Rodrigo Hern\u00e1ndez Cascante","vaep_value":0.1364635024,"offensive_value":0.1796319663,"defensive_value":-0.043168464,"count":45}}