{"0":{"player_id":0,"player_name":"Sanjin Prci\u0107","vaep_value":0.0179207564,"offensive_value":0.0491024565,"defensive_value":-0.0311817002,"count":12},"1":{"player_id":3314,"player_name":"Hamari Traor\u00e9","vaep_value":-0.2108084264,"offensive_value":-0.1387620907,"defensive_value":-0.0720463357,"count":72},"2":{"player_id":3315,"player_name":"Mehdi Zeffane","vaep_value":0.1235708242,"offensive_value":0.0840348304,"defensive_value":0.0395359937,"count":57},"3":{"player_id":4452,"player_name":"Sanjin Prci\u0107","vaep_value":0.0039669658,"offensive_value":0.0140312829,"defensive_value":-0.010064317,"count":79},"4":{"player_id":14862,"player_name":"Kylian Mbapp\u00e9 Lottin","vaep_value":0.0097664454,"offensive_value":0.0111817275,"defensive_value":-0.0014152821,"count":15},"5":{"player_id":15062,"player_name":"\u00c1ngel Fabi\u00e1n di Mar\u00eda Hern\u00e1ndez","vaep_value":0.0423731245,"offensive_value":0.0355852323,"defensive_value":0.0067878922,"count":18},"6":{"player_id":25399,"player_name":"\u00c1ngel Fabi\u00e1n di Mar\u00eda Hern\u00e1ndez","vaep_value":-0.0870181061,"offensive_value":-0.0101124141,"defensive_value":-0.076905692,"count":54},"7":{"player_id":25439,"player_name":"Tom\u00e1\u0161 Koubek","vaep_value":-0.2650901378,"offensive_value":0.156868702,"defensive_value":-0.4219588399,"count":77},"8":{"player_id":25440,"player_name":"Ramy Bensebaini","vaep_value":-0.0995587612,"offensive_value":-0.0787424806,"defensive_value":-0.0208162806,"count":20},"9":{"player_id":25470,"player_name":"Ramy Bensebaini","vaep_value":-0.0221641561,"offensive_value":0.0309445484,"defensive_value":-0.0531087045,"count":48},"10":{"player_id":25826,"player_name":"Benjamin Bourigeaud","vaep_value":-0.0033780072,"offensive_value":0.0025151516,"defensive_value":-0.0058931588,"count":38},"11":{"player_id":37824,"player_name":"Sanjin Prci\u0107","vaep_value":-0.1095455767,"offensive_value":-0.0554701356,"defensive_value":-0.0540754411,"count":82},"12":{"player_id":40539,"player_name":"Sanjin Prci\u0107","vaep_value":0.1626663235,"offensive_value":0.170604385,"defensive_value":-0.0079380615,"count":62},"13":{"player_id":82690,"player_name":"Benjamin Bourigeaud","vaep_value":0.0527881817,"offensive_value":0.1471561561,"defensive_value":-0.0943679744,"count":39},"14":{"player_id":209117,"player_name":"Ramy Bensebaini","vaep_value":0.1019915075,"offensive_value":0.0856245828,"defensive_value":0.0163669246,"count":32},"15":{"player_id":228963,"player_name":"Adrien Hunou","vaep_value":0.00928331,"offensive_value":0.0378588382,"defensive_value":-0.0285755282,"count":37},"16":{"player_id":228981,"player_name":"James Edward Lea Siliki","vaep_value":0.3013537469,"offensive_value":0.3010512033,"defensive_value":0.0003025436,"count":55},"17":{"player_id":229124,"player_name":"Yuri Berchiche Izeta","vaep_value":0.801659261,"offensive_value":0.7764565721,"defensive_value":0.0252026889,"count":29},"18":{"player_id":231138,"player_name":"Yuri Berchiche Izeta","vaep_value":0.0456025485,"offensive_value":0.0707220874,"defensive_value":-0.0251195389,"count":82},"19":{"player_id":301013,"player_name":"Christopher Nkunku","vaep_value":0.0948549142,"offensive_value":0.1126005875,"defensive_value":-0.0177456733,"count":46},"20":{"player_id":325781,"player_name":"Giovani Lo Celso","vaep_value":0.1722157439,"offensive_value":0.1834433934,"defensive_value":-0.0112276495,"count":42},"21":{"player_id":334720,"player_name":"Thiago Motta","vaep_value":-0.0029998382,"offensive_value":0.0249136516,"defensive_value":-0.0279134898,"count":55},"22":{"player_id":347200,"player_name":"Giovani Lo Celso","vaep_value":-0.0580685931,"offensive_value":-0.0434373964,"defensive_value":-0.0146311967,"count":25},"23":{"player_id":353833,"player_name":"Lassana Diarra","vaep_value":-0.0955033656,"offensive_value":-0.0768440487,"defensive_value":-0.0186593169,"count":20},"24":{"player_id":356237,"player_name":"Thomas Meunier","vaep_value":0.1975456573,"offensive_value":0.199476025,"defensive_value":-0.0019303677,"count":76},"25":{"player_id":366571,"player_name":"\u00c1ngel Fabi\u00e1n di Mar\u00eda Hern\u00e1ndez","vaep_value":-0.0009679939,"offensive_value":0.0021522371,"defensive_value":-0.003120231,"count":1},"26":{"player_id":366581,"player_name":"Presnel Kimpembe","vaep_value":0.1379821964,"offensive_value":-0.0166361264,"defensive_value":0.1546183228,"count":32},"27":{"player_id":448079,"player_name":"Presnel Kimpembe","vaep_value":-0.0248271911,"offensive_value":-0.0128504024,"defensive_value":-0.0119767888,"count":5}}