{"0":{"player_id":0,"player_name":"Daniel Didavi","vaep_value":0.0049856398,"offensive_value":0.0063408762,"defensive_value":-0.0013552364,"count":2},"1":{"player_id":14731,"player_name":"Maximilian Arnold","vaep_value":0.7982553748,"offensive_value":0.7904028466,"defensive_value":0.0078525281,"count":34},"2":{"player_id":14754,"player_name":"Maximilian Arnold","vaep_value":-0.1049221336,"offensive_value":-0.0411159003,"defensive_value":-0.0638062333,"count":50},"3":{"player_id":14845,"player_name":"Ron-Robert Zieler","vaep_value":0.117910105,"offensive_value":0.0687846669,"defensive_value":0.0491254381,"count":25},"4":{"player_id":14885,"player_name":"Maximilian Arnold","vaep_value":0.3777453788,"offensive_value":0.3135891785,"defensive_value":0.0641562003,"count":69},"5":{"player_id":14887,"player_name":"Koen Casteels","vaep_value":0.22771847,"offensive_value":0.260651568,"defensive_value":-0.0329330979,"count":71},"6":{"player_id":14917,"player_name":"Jeffrey  Bruma","vaep_value":0.0159341895,"offensive_value":0.0804501034,"defensive_value":-0.0645159139,"count":90},"7":{"player_id":14938,"player_name":"Robin Knoche","vaep_value":0.1875404834,"offensive_value":0.0647014425,"defensive_value":0.1228390409,"count":95},"8":{"player_id":15032,"player_name":"Marcel Tisserand","vaep_value":0.0416330855,"offensive_value":0.1298632373,"defensive_value":-0.0882301518,"count":42},"9":{"player_id":15129,"player_name":"Robin Knoche","vaep_value":-0.0804401776,"offensive_value":-0.0622059878,"defensive_value":-0.0182341898,"count":48},"10":{"player_id":15191,"player_name":"Jeffrey  Bruma","vaep_value":-0.0431897024,"offensive_value":-0.0433145594,"defensive_value":0.0001248569,"count":44},"11":{"player_id":15775,"player_name":"Josuha Guilavogui","vaep_value":0.3044759115,"offensive_value":0.1998530893,"defensive_value":0.1046228223,"count":81},"12":{"player_id":15795,"player_name":"Josuha Guilavogui","vaep_value":0.0466647139,"offensive_value":0.0569141769,"defensive_value":-0.010249463,"count":41},"13":{"player_id":15798,"player_name":"Paul Verhaegh","vaep_value":0.1529997806,"offensive_value":0.1835156819,"defensive_value":-0.0305159013,"count":60},"14":{"player_id":25861,"player_name":"Paul Verhaegh","vaep_value":0.1106978228,"offensive_value":0.09609268,"defensive_value":0.0146051428,"count":82},"15":{"player_id":70139,"player_name":"Josuha Guilavogui","vaep_value":-0.0344691222,"offensive_value":-0.0363021216,"defensive_value":0.0018329994,"count":76},"16":{"player_id":105619,"player_name":"Robin Knoche","vaep_value":0.0477637756,"offensive_value":0.0421683355,"defensive_value":0.00559544,"count":19},"17":{"player_id":134708,"player_name":"Robin Knoche","vaep_value":0.722556571,"offensive_value":0.7215457575,"defensive_value":0.0010108135,"count":16},"18":{"player_id":149091,"player_name":"Daniel Didavi","vaep_value":0.0962932255,"offensive_value":0.1682536849,"defensive_value":-0.0719604593,"count":106},"19":{"player_id":217052,"player_name":"Marcel Tisserand","vaep_value":-0.0542696938,"offensive_value":-0.0459447354,"defensive_value":-0.0083249584,"count":38},"20":{"player_id":224971,"player_name":"Robin Knoche","vaep_value":0.1900304367,"offensive_value":0.1946897069,"defensive_value":-0.0046592702,"count":59},"21":{"player_id":233910,"player_name":"Jeffrey  Bruma","vaep_value":0.0321192298,"offensive_value":0.0313729311,"defensive_value":0.0007462987,"count":13},"22":{"player_id":235597,"player_name":"Paul Verhaegh","vaep_value":0.1066379722,"offensive_value":0.0999587383,"defensive_value":0.0066792339,"count":59},"23":{"player_id":284469,"player_name":"Renato Steffen","vaep_value":0.1272269276,"offensive_value":0.0636547632,"defensive_value":0.0635721644,"count":8},"24":{"player_id":340646,"player_name":"Paul Verhaegh","vaep_value":-0.1438588572,"offensive_value":-0.1249189548,"defensive_value":-0.0189399024,"count":70},"25":{"player_id":349099,"player_name":"Robin Knoche","vaep_value":0.0071345519,"offensive_value":0.0056798456,"defensive_value":0.0014547063,"count":6},"26":{"player_id":413737,"player_name":"Marcel Tisserand","vaep_value":0.0821314301,"offensive_value":0.0469828148,"defensive_value":0.0351486153,"count":60}}