{"0":{"player_id":0,"player_name":"Solly March","vaep_value":0.0043521484,"offensive_value":0.0058375807,"defensive_value":-0.0014854323,"count":1},"1":{"player_id":466,"player_name":"Beram Kayal","vaep_value":-0.0161277376,"offensive_value":0.0056624754,"defensive_value":-0.021790213,"count":34},"2":{"player_id":3324,"player_name":"Tomer Hemed","vaep_value":0.6693440708,"offensive_value":0.6790030116,"defensive_value":-0.0096589408,"count":30},"3":{"player_id":3350,"player_name":"Thibaut Courtois","vaep_value":0.194140328,"offensive_value":0.2360902209,"defensive_value":-0.0419498929,"count":122},"4":{"player_id":3429,"player_name":"C\u00e9sar Azpilicueta Tanco","vaep_value":0.1326971584,"offensive_value":0.0853408049,"defensive_value":0.0473563535,"count":28},"5":{"player_id":3657,"player_name":"Jos\u00e9 Heriberto Izquierdo Mena","vaep_value":-0.0890212122,"offensive_value":-0.0775526663,"defensive_value":-0.0114685459,"count":23},"6":{"player_id":7887,"player_name":"C\u00e9sar Azpilicueta Tanco","vaep_value":0.2476073671,"offensive_value":0.2146899572,"defensive_value":0.0329174099,"count":84},"7":{"player_id":8032,"player_name":"Antonio R\u00fcdiger","vaep_value":0.9969875686,"offensive_value":1.0039482564,"defensive_value":-0.0069606878,"count":54},"8":{"player_id":8086,"player_name":"Gary  Cahill","vaep_value":0.0428571486,"offensive_value":0.0843093516,"defensive_value":-0.0414522031,"count":59},"9":{"player_id":8242,"player_name":"C\u00e9sar Azpilicueta Tanco","vaep_value":0.2016851085,"offensive_value":-0.0016253607,"defensive_value":0.2033104693,"count":48},"10":{"player_id":8416,"player_name":"C\u00e9sar Azpilicueta Tanco","vaep_value":-0.0053636096,"offensive_value":-0.0056755031,"defensive_value":0.0003118934,"count":5},"11":{"player_id":8495,"player_name":"Victor Moses","vaep_value":-0.0209873931,"offensive_value":-0.0139736808,"defensive_value":-0.0070137123,"count":12},"12":{"player_id":8625,"player_name":"Shane Duffy","vaep_value":-0.2725640064,"offensive_value":-0.2912790129,"defensive_value":0.0187150065,"count":70},"13":{"player_id":9097,"player_name":"Mathew Ryan","vaep_value":0.1337852194,"offensive_value":0.0474262987,"defensive_value":0.0863589207,"count":45},"14":{"player_id":14748,"player_name":"Jos\u00e9 Heriberto Izquierdo Mena","vaep_value":0.3090184386,"offensive_value":0.305733011,"defensive_value":0.0032854276,"count":98},"15":{"player_id":15526,"player_name":"Victor Moses","vaep_value":-0.1059655236,"offensive_value":-0.0912223168,"defensive_value":-0.0147432068,"count":11},"16":{"player_id":20855,"player_name":"Tiemou\u00e9 Bakayoko","vaep_value":0.0833812437,"offensive_value":0.0786880102,"defensive_value":0.0046932335,"count":64},"17":{"player_id":25553,"player_name":"Antonio R\u00fcdiger","vaep_value":0.6008263472,"offensive_value":0.5680424012,"defensive_value":0.032783946,"count":123},"18":{"player_id":25707,"player_name":"Marcos  Alonso Mendoza","vaep_value":0.0738523309,"offensive_value":0.0767886366,"defensive_value":-0.0029363057,"count":75},"19":{"player_id":25950,"player_name":"Antonio R\u00fcdiger","vaep_value":0.199019752,"offensive_value":0.2030393537,"defensive_value":-0.0040196017,"count":6},"20":{"player_id":28291,"player_name":"Victor Moses","vaep_value":-0.3439807483,"offensive_value":-0.3357618919,"defensive_value":-0.0082188564,"count":41},"21":{"player_id":31528,"player_name":"Francesc F\u00e0bregas i Soler","vaep_value":0.5151721101,"offensive_value":0.4932979747,"defensive_value":0.0218741354,"count":92},"22":{"player_id":38093,"player_name":"N'Golo Kant\u00e9","vaep_value":0.049904734,"offensive_value":0.0513183791,"defensive_value":-0.0014136451,"count":6},"23":{"player_id":61390,"player_name":"Jos\u00e9 Heriberto Izquierdo Mena","vaep_value":0.0143877234,"offensive_value":0.0933556206,"defensive_value":-0.0789678972,"count":34},"24":{"player_id":61961,"player_name":"Jos\u00e9 Heriberto Izquierdo Mena","vaep_value":0.0697754209,"offensive_value":0.0234291649,"defensive_value":0.046346256,"count":31},"25":{"player_id":64966,"player_name":"Jos\u00e9 Heriberto Izquierdo Mena","vaep_value":0.0660814874,"offensive_value":0.236027686,"defensive_value":-0.1699461986,"count":65},"26":{"player_id":91381,"player_name":"Markus Suttner","vaep_value":0.0910242068,"offensive_value":0.04049671,"defensive_value":0.0505274968,"count":25},"27":{"player_id":105333,"player_name":"Gary  Cahill","vaep_value":-0.0429263489,"offensive_value":-0.0482908227,"defensive_value":0.0053644737,"count":15},"28":{"player_id":247248,"player_name":"Thibaut Courtois","vaep_value":0.1070897639,"offensive_value":0.0821628569,"defensive_value":0.0249269069,"count":40}}