{"0":{"player_id":0,"player_name":"Diego da Silva Costa","vaep_value":0.002862672,"offensive_value":0.0138439042,"defensive_value":-0.0109812323,"count":4},"1":{"player_id":151,"player_name":"Jorge Resurrecci\u00f3n Merodio","vaep_value":0.0068630172,"offensive_value":-0.0150045631,"defensive_value":0.0218675802,"count":33},"2":{"player_id":3299,"player_name":"Lucas  Hern\u00e1ndez Pi","vaep_value":0.0621103127,"offensive_value":0.0403926203,"defensive_value":0.0217176925,"count":9},"3":{"player_id":3423,"player_name":"Diego da Silva Costa","vaep_value":-0.0398558883,"offensive_value":-0.027370885,"defensive_value":-0.0124850033,"count":17},"4":{"player_id":3433,"player_name":"Alfonso Pedraza Sag","vaep_value":0.0009301797,"offensive_value":0.0000869818,"defensive_value":0.0008431979,"count":9},"5":{"player_id":3441,"player_name":"Stefan Savi\u0107","vaep_value":0.4978840575,"offensive_value":0.4745350505,"defensive_value":0.023349007,"count":107},"6":{"player_id":3443,"player_name":"V\u00edctor Mach\u00edn P\u00e9rez","vaep_value":0.2846111598,"offensive_value":0.182970083,"defensive_value":0.1016410768,"count":86},"7":{"player_id":3466,"player_name":"V\u00edctor Laguardia Cisneros","vaep_value":0.192319021,"offensive_value":0.2596885628,"defensive_value":-0.0673695419,"count":48},"8":{"player_id":3538,"player_name":"Rub\u00e9n Sobrino Pozuelo","vaep_value":-0.5038382873,"offensive_value":0.0622159624,"defensive_value":-0.5660542498,"count":53},"9":{"player_id":3650,"player_name":"Rub\u00e9n Sobrino Pozuelo","vaep_value":0.1163519545,"offensive_value":0.0057777646,"defensive_value":0.1105741899,"count":58},"10":{"player_id":4338,"player_name":"John Guidetti","vaep_value":-0.0502997055,"offensive_value":-0.0276975965,"defensive_value":-0.022602109,"count":26},"11":{"player_id":4358,"player_name":"Stefan Savi\u0107","vaep_value":0.2669838227,"offensive_value":0.1448528332,"defensive_value":0.1221309894,"count":43},"12":{"player_id":4375,"player_name":"Stefan Savi\u0107","vaep_value":0.1111349178,"offensive_value":0.0870381105,"defensive_value":0.0240968073,"count":78},"13":{"player_id":7585,"player_name":"V\u00edctor Mach\u00edn P\u00e9rez","vaep_value":0.0598640909,"offensive_value":0.0851768077,"defensive_value":-0.0253127168,"count":13},"14":{"player_id":7908,"player_name":"\u0160ime Vrsaljko","vaep_value":-0.8377164314,"offensive_value":-0.9150458126,"defensive_value":0.0773293813,"count":41},"15":{"player_id":8311,"player_name":"Rub\u00e9n Sobrino Pozuelo","vaep_value":0.2046584538,"offensive_value":0.1603580227,"defensive_value":0.0443004312,"count":28},"16":{"player_id":25445,"player_name":"Tom\u00e1s Pina Isla","vaep_value":0.1980029131,"offensive_value":0.1947636701,"defensive_value":0.003239243,"count":11},"17":{"player_id":69409,"player_name":"Alexis Ruano Delgado","vaep_value":0.2787378498,"offensive_value":0.1705362379,"defensive_value":0.1082016119,"count":58},"18":{"player_id":134249,"player_name":"\u0160ime Vrsaljko","vaep_value":0.1470397725,"offensive_value":0.0889006807,"defensive_value":0.0581390918,"count":41},"19":{"player_id":217031,"player_name":"Fernando Jos\u00e9 Torres Sanz","vaep_value":0.0823014021,"offensive_value":0.0574763562,"defensive_value":0.0248250459,"count":79},"20":{"player_id":222324,"player_name":"Diego da Silva Costa","vaep_value":0.0248002305,"offensive_value":0.1287148569,"defensive_value":-0.1039146264,"count":20},"21":{"player_id":224080,"player_name":"Gabriel Fern\u00e1ndez Arenas","vaep_value":0.2330883793,"offensive_value":0.0604056621,"defensive_value":0.1726827172,"count":39},"22":{"player_id":254408,"player_name":"Adri\u00e1n Di\u00e9guez Grande","vaep_value":0.0713373519,"offensive_value":0.0612948327,"defensive_value":0.0100425192,"count":62},"23":{"player_id":278278,"player_name":"Tom\u00e1s Pina Isla","vaep_value":0.1228717634,"offensive_value":0.1819886427,"defensive_value":-0.0591168792,"count":49},"24":{"player_id":279545,"player_name":"Tom\u00e1s Pina Isla","vaep_value":0.1124535858,"offensive_value":0.1533106435,"defensive_value":-0.0408570577,"count":64},"25":{"player_id":286981,"player_name":null,"vaep_value":0.045770112,"offensive_value":0.0572228273,"defensive_value":-0.0114527154,"count":17},"26":{"player_id":359847,"player_name":"Antonio Sivera Salv\u00e1","vaep_value":-0.0653338392,"offensive_value":-0.0881202803,"defensive_value":0.0227864411,"count":46},"27":{"player_id":364870,"player_name":"Jorge Resurrecci\u00f3n Merodio","vaep_value":0.174434337,"offensive_value":0.1762116508,"defensive_value":-0.0017773139,"count":48}}