{"0":{"player_id":0,"player_name":"Thomas Mangani","vaep_value":-0.0118915691,"offensive_value":0.0179361172,"defensive_value":-0.0298276864,"count":7},"1":{"player_id":132,"player_name":"Romain Thomas","vaep_value":0.1301498186,"offensive_value":0.1138663006,"defensive_value":0.0162835181,"count":66},"2":{"player_id":3450,"player_name":"Enzo Crivelli","vaep_value":0.903451385,"offensive_value":0.9046922964,"defensive_value":-0.0012409114,"count":45},"3":{"player_id":21097,"player_name":"Enzo Crivelli","vaep_value":-0.0169863775,"offensive_value":0.0396673097,"defensive_value":-0.0566536873,"count":76},"4":{"player_id":25846,"player_name":"Jemerson de Jesus Nascimento","vaep_value":0.1334386902,"offensive_value":0.1188599872,"defensive_value":0.014578703,"count":65},"5":{"player_id":26068,"player_name":"Kamil Glik","vaep_value":0.0956280136,"offensive_value":0.0786592219,"defensive_value":0.0169687917,"count":25},"6":{"player_id":26086,"player_name":"Djibril Sidib\u00e9","vaep_value":0.1515800087,"offensive_value":0.04068615,"defensive_value":0.1108938587,"count":50},"7":{"player_id":26120,"player_name":"F\u00e1bio Henrique Tavares","vaep_value":0.2878711233,"offensive_value":0.2233781251,"defensive_value":0.0644929983,"count":66},"8":{"player_id":26196,"player_name":"Adama Diakhaby","vaep_value":0.1842435497,"offensive_value":0.1616405145,"defensive_value":0.0226030352,"count":82},"9":{"player_id":26245,"player_name":"Isma\u00ebl Traor\u00e9","vaep_value":0.1235561809,"offensive_value":0.1195472546,"defensive_value":0.0040089262,"count":30},"10":{"player_id":26265,"player_name":"Keita Bald\u00e9 Diao","vaep_value":0.1152753539,"offensive_value":0.173986767,"defensive_value":-0.0587114131,"count":66},"11":{"player_id":26547,"player_name":"Isma\u00ebl Traor\u00e9","vaep_value":-0.0275815665,"offensive_value":0.0958919999,"defensive_value":-0.1234735664,"count":24},"12":{"player_id":26638,"player_name":"Djibril Sidib\u00e9","vaep_value":-0.2274673519,"offensive_value":-0.2166177917,"defensive_value":-0.0108495603,"count":31},"13":{"player_id":27646,"player_name":"Kamil Glik","vaep_value":-0.0332742919,"offensive_value":-0.0256986408,"defensive_value":-0.007575651,"count":12},"14":{"player_id":28364,"player_name":"Kevin N'Doram","vaep_value":0.1147721751,"offensive_value":0.0162668886,"defensive_value":0.0985052865,"count":71},"15":{"player_id":29474,"player_name":"Jo\u00e3o Filipe Iria Santos Moutinho","vaep_value":0.1824728834,"offensive_value":0.0729260709,"defensive_value":0.1095468125,"count":67},"16":{"player_id":54313,"player_name":"Kamil Glik","vaep_value":-0.0313784751,"offensive_value":-0.0151274358,"defensive_value":-0.0162510393,"count":18},"17":{"player_id":70093,"player_name":"Djibril Sidib\u00e9","vaep_value":0.056337906,"offensive_value":0.1305459171,"defensive_value":-0.0742080112,"count":90},"18":{"player_id":86239,"player_name":"Jo\u00e3o Filipe Iria Santos Moutinho","vaep_value":-0.013767655,"offensive_value":-0.0114530777,"defensive_value":-0.0023145773,"count":1},"19":{"player_id":135747,"player_name":"Kevin N'Doram","vaep_value":-0.4137980327,"offensive_value":0.133549906,"defensive_value":-0.5473479386,"count":46},"20":{"player_id":135913,"player_name":"Jemerson de Jesus Nascimento","vaep_value":-0.0797826237,"offensive_value":-0.0779317622,"defensive_value":-0.0018508615,"count":13},"21":{"player_id":149101,"player_name":"Danijel Suba\u0161i\u0107","vaep_value":0.1360158125,"offensive_value":0.1399525406,"defensive_value":-0.0039367281,"count":21},"22":{"player_id":207143,"player_name":"Kamil Glik","vaep_value":0.2684546331,"offensive_value":0.232458513,"defensive_value":0.0359961201,"count":94},"23":{"player_id":256480,"player_name":"F\u00e1bio Henrique Tavares","vaep_value":-0.0475867204,"offensive_value":-0.0405736275,"defensive_value":-0.007013093,"count":43},"24":{"player_id":256992,"player_name":"Keita Bald\u00e9 Diao","vaep_value":-0.0440690739,"offensive_value":-0.0486729778,"defensive_value":0.004603904,"count":27},"25":{"player_id":263766,"player_name":"Keita Bald\u00e9 Diao","vaep_value":0.1341012069,"offensive_value":0.1142178767,"defensive_value":0.0198833302,"count":72},"26":{"player_id":275032,"player_name":"F\u00e1bio Henrique Tavares","vaep_value":0.0230342629,"offensive_value":-0.0067064185,"defensive_value":0.0297406814,"count":33},"27":{"player_id":276978,"player_name":"Keita Bald\u00e9 Diao","vaep_value":0.02700592,"offensive_value":-0.0454888858,"defensive_value":0.0724948058,"count":42},"28":{"player_id":331923,"player_name":"Keita Bald\u00e9 Diao","vaep_value":0.1668321985,"offensive_value":0.1441502133,"defensive_value":0.0226819852,"count":98}}