{"0":{"player_id":0,"player_name":"Wayne Routledge","vaep_value":0.0270946555,"offensive_value":0.0742509593,"defensive_value":-0.0471563038,"count":18},"1":{"player_id":262,"player_name":"Leon Britton","vaep_value":-0.0168018061,"offensive_value":-0.0089693108,"defensive_value":-0.0078324953,"count":58},"2":{"player_id":383,"player_name":"Alfie Mawson","vaep_value":-0.0079689135,"offensive_value":-0.0167740983,"defensive_value":0.0088051847,"count":63},"3":{"player_id":703,"player_name":"Federico Fern\u00e1ndez","vaep_value":-0.1724325694,"offensive_value":-0.1551970172,"defensive_value":-0.0172355522,"count":57},"4":{"player_id":7847,"player_name":"Kyle Naughton","vaep_value":0.037922665,"offensive_value":0.0896406987,"defensive_value":-0.0517180337,"count":40},"5":{"player_id":7885,"player_name":"Oriol Romeu Vidal","vaep_value":0.2267751709,"offensive_value":0.1654748113,"defensive_value":0.0613003597,"count":84},"6":{"player_id":7899,"player_name":"Steven Davis","vaep_value":0.4388729829,"offensive_value":0.4096183715,"defensive_value":0.0292546113,"count":92},"7":{"player_id":8116,"player_name":"Jack Stephens","vaep_value":0.360785473,"offensive_value":0.3693524405,"defensive_value":-0.0085669676,"count":58},"8":{"player_id":8136,"player_name":"C\u00e9dric Ricardo Alves Soares","vaep_value":0.1215505237,"offensive_value":0.0905723391,"defensive_value":0.0309781845,"count":50},"9":{"player_id":8144,"player_name":"James  Ward-Prowse","vaep_value":-0.0502367952,"offensive_value":-0.0299563071,"defensive_value":-0.0202804881,"count":46},"10":{"player_id":8192,"player_name":"James  Ward-Prowse","vaep_value":-0.0184948514,"offensive_value":0.0131451467,"defensive_value":-0.0316399981,"count":52},"11":{"player_id":8336,"player_name":"C\u00e9dric Ricardo Alves Soares","vaep_value":0.0434355406,"offensive_value":0.0813953627,"defensive_value":-0.0379598221,"count":61},"12":{"player_id":8953,"player_name":"Du\u0161an Tadi\u0107","vaep_value":-0.0861833822,"offensive_value":-0.0847280947,"defensive_value":-0.0014552874,"count":8},"13":{"player_id":8976,"player_name":"Du\u0161an Tadi\u0107","vaep_value":0.1638895675,"offensive_value":0.2038853783,"defensive_value":-0.0399958108,"count":47},"14":{"player_id":20857,"player_name":"Federico Fern\u00e1ndez","vaep_value":-0.4226197982,"offensive_value":-0.401921139,"defensive_value":-0.0206986592,"count":26},"15":{"player_id":21164,"player_name":"Ryan Bertrand","vaep_value":0.0713349981,"offensive_value":0.0729597091,"defensive_value":-0.001624711,"count":73},"16":{"player_id":25571,"player_name":"Manolo Gabbiadini","vaep_value":-0.0442785762,"offensive_value":0.05287771,"defensive_value":-0.0971562861,"count":39},"17":{"player_id":61941,"player_name":"Manolo Gabbiadini","vaep_value":0.0262248047,"offensive_value":0.0459445652,"defensive_value":-0.0197197605,"count":15},"18":{"player_id":61979,"player_name":"\u0141ukasz Fabia\u0144ski","vaep_value":0.0119496884,"offensive_value":0.0023970392,"defensive_value":0.0095526492,"count":5},"19":{"player_id":61988,"player_name":"Ryan Bertrand","vaep_value":0.1296332681,"offensive_value":0.0899276393,"defensive_value":0.0397056288,"count":79},"20":{"player_id":62344,"player_name":"Kyle Naughton","vaep_value":-0.0130213386,"offensive_value":-0.0103918486,"defensive_value":-0.00262949,"count":6},"21":{"player_id":70389,"player_name":"Steven Davis","vaep_value":-0.0529119895,"offensive_value":0.0075418403,"defensive_value":-0.0604538298,"count":89},"22":{"player_id":77550,"player_name":"Kyle Naughton","vaep_value":-0.0202861255,"offensive_value":-0.0218192905,"defensive_value":0.001533165,"count":34},"23":{"player_id":77557,"player_name":"Oriol Romeu Vidal","vaep_value":-0.001862928,"offensive_value":0.0343020215,"defensive_value":-0.0361649495,"count":31},"24":{"player_id":215983,"player_name":"Kyle Naughton","vaep_value":-0.0606607686,"offensive_value":-0.0655907901,"defensive_value":0.0049300215,"count":24},"25":{"player_id":246866,"player_name":"Jordan Ayew","vaep_value":0.0073140218,"offensive_value":0.0426365354,"defensive_value":-0.0353225135,"count":50},"26":{"player_id":288865,"player_name":"Martin Olsson","vaep_value":0.0022611286,"offensive_value":0.0008921435,"defensive_value":0.0013689852,"count":3},"27":{"player_id":297733,"player_name":"Martin Olsson","vaep_value":0.0285429102,"offensive_value":0.0367309966,"defensive_value":-0.0081880863,"count":10},"28":{"player_id":343951,"player_name":"C\u00e9dric Ricardo Alves Soares","vaep_value":-0.1496566336,"offensive_value":-0.1325504887,"defensive_value":-0.0171061449,"count":16}}