{"0":{"player_id":0,"player_name":"Francesco Magnanelli","vaep_value":0.0159760605,"offensive_value":0.0307400392,"defensive_value":-0.0147639787,"count":11},"1":{"player_id":20478,"player_name":"Edoardo Goldaniga","vaep_value":-0.1861485083,"offensive_value":-0.1882020319,"defensive_value":0.0020535236,"count":11},"2":{"player_id":20635,"player_name":"Edoardo Goldaniga","vaep_value":0.1444974979,"offensive_value":0.0730975851,"defensive_value":0.0713999128,"count":46},"3":{"player_id":20655,"player_name":"Matteo Politano","vaep_value":0.166738914,"offensive_value":0.1214918395,"defensive_value":0.0452470744,"count":59},"4":{"player_id":20749,"player_name":"Luca Rigoni","vaep_value":0.4859404871,"offensive_value":0.4226927864,"defensive_value":0.0632477007,"count":76},"5":{"player_id":20776,"player_name":"Edoardo Goldaniga","vaep_value":0.1390300671,"offensive_value":0.1466952212,"defensive_value":-0.0076651541,"count":66},"6":{"player_id":20832,"player_name":"Petar Brlek","vaep_value":0.0570693138,"offensive_value":0.0763929746,"defensive_value":-0.0193236608,"count":27},"7":{"player_id":20842,"player_name":"Francesco Magnanelli","vaep_value":0.2898484928,"offensive_value":0.2547114969,"defensive_value":0.035136996,"count":60},"8":{"player_id":21072,"player_name":"Diego Sebasti\u00e1n Laxalt Su\u00e1rez","vaep_value":-0.0321791528,"offensive_value":0.0326889087,"defensive_value":-0.0648680616,"count":31},"9":{"player_id":21177,"player_name":"Andrea Consigli","vaep_value":-0.0625541955,"offensive_value":-0.0567743026,"defensive_value":-0.0057798929,"count":35},"10":{"player_id":21468,"player_name":"Ervin Zukanovi\u0107","vaep_value":0.2027194689,"offensive_value":0.1248819074,"defensive_value":0.0778375615,"count":36},"11":{"player_id":21861,"player_name":"Pol Mikel Lirola Kosok","vaep_value":-0.0772227873,"offensive_value":-0.0616973515,"defensive_value":-0.0155254358,"count":14},"12":{"player_id":22020,"player_name":"Domenico Berardi","vaep_value":0.8847301091,"offensive_value":0.8961824679,"defensive_value":-0.0114523588,"count":32},"13":{"player_id":22162,"player_name":"Mattia Perin","vaep_value":0.3807280218,"offensive_value":0.1611302521,"defensive_value":0.2195977698,"count":83},"14":{"player_id":22163,"player_name":"Luca Rossettini","vaep_value":0.3778304118,"offensive_value":0.339933011,"defensive_value":0.0378974008,"count":59},"15":{"player_id":22383,"player_name":"Davide Biraschi","vaep_value":0.0381171163,"offensive_value":-0.0085391158,"defensive_value":0.0466562321,"count":44},"16":{"player_id":22699,"player_name":"Luca Rossettini","vaep_value":0.0404033305,"offensive_value":0.0449332176,"defensive_value":-0.0045298871,"count":15},"17":{"player_id":38532,"player_name":"Nicol\u00e1s Federico Spolli","vaep_value":0.1585539315,"offensive_value":0.1107619992,"defensive_value":0.0477919324,"count":63},"18":{"player_id":69658,"player_name":"Ervin Zukanovi\u0107","vaep_value":-0.0191154428,"offensive_value":-0.0270811558,"defensive_value":0.007965713,"count":42},"19":{"player_id":115933,"player_name":"Petar Brlek","vaep_value":-0.055825387,"offensive_value":-0.0289636711,"defensive_value":-0.0268617159,"count":20},"20":{"player_id":116269,"player_name":"Andrea Bertolacci","vaep_value":0.0864969235,"offensive_value":0.1389238585,"defensive_value":-0.0524269351,"count":89},"21":{"player_id":127534,"player_name":"Diego Sebasti\u00e1n Laxalt Su\u00e1rez","vaep_value":-0.0544382996,"offensive_value":-0.0751064271,"defensive_value":0.0206681275,"count":12},"22":{"player_id":206318,"player_name":"Pol Mikel Lirola Kosok","vaep_value":0.1415408128,"offensive_value":0.1642871279,"defensive_value":-0.0227463151,"count":72},"23":{"player_id":208696,"player_name":"Domenico Berardi","vaep_value":0.0071509706,"offensive_value":0.0225495719,"defensive_value":-0.0153986013,"count":58},"24":{"player_id":209400,"player_name":"Diego Sebasti\u00e1n Laxalt Su\u00e1rez","vaep_value":-0.2758668134,"offensive_value":-0.2150049541,"defensive_value":-0.0608618592,"count":72},"25":{"player_id":246059,"player_name":"Diego Sebasti\u00e1n Laxalt Su\u00e1rez","vaep_value":0.0372463043,"offensive_value":0.0092920926,"defensive_value":0.0279542117,"count":36},"26":{"player_id":292310,"player_name":"Francesco Magnanelli","vaep_value":-0.0289177021,"offensive_value":-0.000715642,"defensive_value":-0.0282020601,"count":4},"27":{"player_id":349102,"player_name":"Domenico Berardi","vaep_value":-0.0132029534,"offensive_value":-0.010598839,"defensive_value":-0.0026041144,"count":5},"28":{"player_id":354123,"player_name":"Joseph Alfred Duncan","vaep_value":0.2262367735,"offensive_value":0.2811547286,"defensive_value":-0.0549179551,"count":79}}