{"0":{"player_id":0,"player_name":"Thorgan Hazard","vaep_value":0.0066113159,"offensive_value":0.0179189621,"defensive_value":-0.0113076462,"count":3},"1":{"player_id":4509,"player_name":"Jannik Vestergaard","vaep_value":0.3310648147,"offensive_value":0.1613451266,"defensive_value":0.1697196881,"count":56},"2":{"player_id":14838,"player_name":"Matthias Ginter","vaep_value":0.1580981335,"offensive_value":0.0439761978,"defensive_value":0.1141219357,"count":45},"3":{"player_id":14929,"player_name":"Luk\u00e1\u0161 Hr\u00e1deck\u00fd","vaep_value":0.1317125205,"offensive_value":0.0608132933,"defensive_value":0.0708992272,"count":49},"4":{"player_id":14991,"player_name":"Makoto Hasebe","vaep_value":0.2707372083,"offensive_value":0.1738463197,"defensive_value":0.0968908886,"count":70},"5":{"player_id":15014,"player_name":"Luk\u00e1\u0161 Hr\u00e1deck\u00fd","vaep_value":0.0542383509,"offensive_value":0.0579469078,"defensive_value":-0.0037085569,"count":28},"6":{"player_id":15018,"player_name":"Omar Mascarell Gonz\u00e1lez","vaep_value":0.1131413336,"offensive_value":0.0608702312,"defensive_value":0.0522711024,"count":50},"7":{"player_id":15019,"player_name":"Carlos Joel Salcedo Hern\u00e1ndez","vaep_value":0.0666418538,"offensive_value":0.0173655822,"defensive_value":0.0492762716,"count":37},"8":{"player_id":15051,"player_name":"Oscar Wendt","vaep_value":0.1165675872,"offensive_value":0.1268774508,"defensive_value":-0.0103098637,"count":60},"9":{"player_id":15061,"player_name":"Thorgan Hazard","vaep_value":0.1175673525,"offensive_value":0.0772436652,"defensive_value":0.0403236873,"count":44},"10":{"player_id":15139,"player_name":"Thorgan Hazard","vaep_value":0.5418828625,"offensive_value":0.5867601418,"defensive_value":-0.0448772793,"count":49},"11":{"player_id":15806,"player_name":"Lars Stindl","vaep_value":-0.0001311147,"offensive_value":0.005860836,"defensive_value":-0.0059919507,"count":78},"12":{"player_id":18591,"player_name":"Thorgan Hazard","vaep_value":-0.0074465519,"offensive_value":-0.0174463762,"defensive_value":0.0099998242,"count":9},"13":{"player_id":20402,"player_name":"Oscar Wendt","vaep_value":0.4721184814,"offensive_value":0.7639939855,"defensive_value":-0.2918755041,"count":63},"14":{"player_id":20591,"player_name":"Mijat Ga\u0107inovi\u0107","vaep_value":0.0495403594,"offensive_value":0.0170674254,"defensive_value":0.032472934,"count":5},"15":{"player_id":25512,"player_name":"S\u00e9bastien Haller","vaep_value":0.0381774452,"offensive_value":0.01905316,"defensive_value":0.0191242852,"count":25},"16":{"player_id":25622,"player_name":"S\u00e9bastien Haller","vaep_value":-0.4686137638,"offensive_value":-0.4238516492,"defensive_value":-0.0447621146,"count":61},"17":{"player_id":26021,"player_name":"S\u00e9bastien Haller","vaep_value":0.0737579576,"offensive_value":0.0911006674,"defensive_value":-0.0173427098,"count":71},"18":{"player_id":49855,"player_name":"Mijat Ga\u0107inovi\u0107","vaep_value":0.0098426329,"offensive_value":0.017249231,"defensive_value":-0.0074065981,"count":9},"19":{"player_id":55951,"player_name":"Matthias Ginter","vaep_value":0.1182690174,"offensive_value":0.1042388772,"defensive_value":0.0140301402,"count":42},"20":{"player_id":69616,"player_name":"Matthias Ginter","vaep_value":0.12314977,"offensive_value":0.143108719,"defensive_value":-0.0199589491,"count":35},"21":{"player_id":136011,"player_name":"Yann Sommer","vaep_value":0.0240633104,"offensive_value":0.0268507408,"defensive_value":-0.0027874304,"count":33},"22":{"player_id":224680,"player_name":"Matthias Ginter","vaep_value":-0.1142257159,"offensive_value":-0.0655883738,"defensive_value":-0.0486373422,"count":70},"23":{"player_id":236528,"player_name":"Omar Mascarell Gonz\u00e1lez","vaep_value":0.1058403539,"offensive_value":0.0610228203,"defensive_value":0.0448175336,"count":55},"24":{"player_id":255387,"player_name":"Luk\u00e1\u0161 Hr\u00e1deck\u00fd","vaep_value":0.1462931418,"offensive_value":0.132000406,"defensive_value":0.0142927357,"count":69},"25":{"player_id":258264,"player_name":"Carlos Joel Salcedo Hern\u00e1ndez","vaep_value":0.7679831712,"offensive_value":0.7753599961,"defensive_value":-0.007376825,"count":11},"26":{"player_id":360992,"player_name":"Marius Wolf","vaep_value":0.1389056343,"offensive_value":0.0968825333,"defensive_value":0.042023101,"count":40},"27":{"player_id":391387,"player_name":"Carlos Joel Salcedo Hern\u00e1ndez","vaep_value":-0.0016188128,"offensive_value":0.0462665767,"defensive_value":-0.0478853895,"count":22},"28":{"player_id":404219,"player_name":"Makoto Hasebe","vaep_value":0.0040192422,"offensive_value":0.0191005855,"defensive_value":-0.0150813432,"count":55}}