{"0":{"player_id":0,"player_name":"Mark Noble","vaep_value":0.0135942058,"offensive_value":0.0355617508,"defensive_value":-0.0219675449,"count":9},"1":{"player_id":262,"player_name":"Aaron Cresswell","vaep_value":-0.0315052285,"offensive_value":-0.0078810074,"defensive_value":-0.0236242211,"count":36},"2":{"player_id":471,"player_name":"Andr\u00e9 Ayew Pel\u00e9","vaep_value":-0.0286471826,"offensive_value":-0.0212405273,"defensive_value":-0.0074066553,"count":14},"3":{"player_id":4365,"player_name":"Andr\u00e9 Ayew Pel\u00e9","vaep_value":0.0160033504,"offensive_value":0.0230394884,"defensive_value":-0.007036138,"count":22},"4":{"player_id":7847,"player_name":"Mark Noble","vaep_value":0.1264348284,"offensive_value":0.0372061757,"defensive_value":0.0892286527,"count":25},"5":{"player_id":7941,"player_name":"Aaron Cresswell","vaep_value":-0.0027414424,"offensive_value":0.0102851416,"defensive_value":-0.0130265841,"count":29},"6":{"player_id":7970,"player_name":"Aaron Cresswell","vaep_value":-0.1012932309,"offensive_value":-0.0585348057,"defensive_value":-0.0427584252,"count":45},"7":{"player_id":8126,"player_name":"Javier Hern\u00e1ndez Balc\u00e1zar","vaep_value":0.1767025291,"offensive_value":0.0370593941,"defensive_value":0.139643135,"count":49},"8":{"player_id":8192,"player_name":"Kyle Naughton","vaep_value":0.0327783342,"offensive_value":0.0263224557,"defensive_value":0.0064558785,"count":79},"9":{"player_id":8301,"player_name":"Jordan Ayew","vaep_value":0.0286627539,"offensive_value":0.076075857,"defensive_value":-0.0474131032,"count":26},"10":{"player_id":8313,"player_name":"Jordan Ayew","vaep_value":0.2525382101,"offensive_value":0.2694856972,"defensive_value":-0.0169474871,"count":71},"11":{"player_id":8336,"player_name":"Federico Fern\u00e1ndez","vaep_value":0.2145329099,"offensive_value":0.2104079555,"defensive_value":0.0041249545,"count":95},"12":{"player_id":8553,"player_name":"Alfie Mawson","vaep_value":0.0951699476,"offensive_value":0.0922377172,"defensive_value":0.0029322304,"count":52},"13":{"player_id":8561,"player_name":"Leon Britton","vaep_value":0.1910976073,"offensive_value":0.1476217072,"defensive_value":0.0434759001,"count":50},"14":{"player_id":8582,"player_name":"Federico Fern\u00e1ndez","vaep_value":0.1586299585,"offensive_value":0.193601607,"defensive_value":-0.0349716486,"count":77},"15":{"player_id":8677,"player_name":"Alfie Mawson","vaep_value":0.0025940224,"offensive_value":0.0166807452,"defensive_value":-0.0140867227,"count":43},"16":{"player_id":8976,"player_name":"Martin Olsson","vaep_value":0.1666602068,"offensive_value":0.1671607821,"defensive_value":-0.0005005753,"count":80},"17":{"player_id":10252,"player_name":"Martin Olsson","vaep_value":-0.0093298046,"offensive_value":0.0015812138,"defensive_value":-0.0109110184,"count":3},"18":{"player_id":21164,"player_name":"Federico Fern\u00e1ndez","vaep_value":0.2407152378,"offensive_value":0.1529538503,"defensive_value":0.0877613875,"count":79},"19":{"player_id":25571,"player_name":"Renato J\u00fanior Luz Sanches","vaep_value":-0.0068658007,"offensive_value":-0.0356862865,"defensive_value":0.0288204858,"count":51},"20":{"player_id":25572,"player_name":"Federico Fern\u00e1ndez","vaep_value":0.1156724405,"offensive_value":0.0603746466,"defensive_value":0.0552977939,"count":42},"21":{"player_id":26499,"player_name":"Tom Carroll","vaep_value":0.4225520325,"offensive_value":0.4214437013,"defensive_value":0.0011083313,"count":11},"22":{"player_id":26610,"player_name":"Renato J\u00fanior Luz Sanches","vaep_value":0.5972280789,"offensive_value":0.6011811201,"defensive_value":-0.0039530413,"count":9},"23":{"player_id":37725,"player_name":"Mark Noble","vaep_value":-0.075784332,"offensive_value":-0.0227161295,"defensive_value":-0.0530682025,"count":39},"24":{"player_id":41174,"player_name":"Aaron Cresswell","vaep_value":0.054325075,"offensive_value":0.0368447,"defensive_value":0.017480375,"count":25},"25":{"player_id":77550,"player_name":"Aaron Cresswell","vaep_value":0.0726686557,"offensive_value":0.0381470659,"defensive_value":0.0345215898,"count":37},"26":{"player_id":246866,"player_name":"Joe Hart","vaep_value":0.1800237561,"offensive_value":0.0760787395,"defensive_value":0.1039450166,"count":61},"27":{"player_id":258162,"player_name":"Pablo Javier Zabaleta Girod","vaep_value":0.2094372094,"offensive_value":0.1857097024,"defensive_value":0.023727507,"count":90},"28":{"player_id":343951,"player_name":"Pablo Javier Zabaleta Girod","vaep_value":-0.0294820202,"offensive_value":-0.0292491014,"defensive_value":-0.0002329188,"count":20}}