{"0":{"player_id":0,"player_name":"Milo\u0161 Joji\u0107","vaep_value":0.0087866974,"offensive_value":0.0163952841,"defensive_value":-0.0076085867,"count":5},"1":{"player_id":14689,"player_name":"Frederik Hillesborg S\u00f8rensen","vaep_value":0.2310494435,"offensive_value":-0.0219641102,"defensive_value":0.2530135537,"count":69},"2":{"player_id":14775,"player_name":"Benjamin Stambouli","vaep_value":0.3466993218,"offensive_value":0.3696673888,"defensive_value":-0.0229680671,"count":101},"3":{"player_id":14847,"player_name":"Benjamin Stambouli","vaep_value":0.0262792353,"offensive_value":0.0426045099,"defensive_value":-0.0163252746,"count":14},"4":{"player_id":14989,"player_name":"Konstantin Rausch","vaep_value":0.6425912962,"offensive_value":0.5918557272,"defensive_value":0.050735569,"count":89},"5":{"player_id":15039,"player_name":"Salih \u00d6zcan","vaep_value":0.0048279573,"offensive_value":0.1258906245,"defensive_value":-0.1210626672,"count":59},"6":{"player_id":15253,"player_name":"Jannes-Kilian Horn","vaep_value":0.1434456934,"offensive_value":0.1525414835,"defensive_value":-0.0090957901,"count":26},"7":{"player_id":15265,"player_name":"Frederik Hillesborg S\u00f8rensen","vaep_value":0.1021726683,"offensive_value":0.1933297542,"defensive_value":-0.0911570858,"count":46},"8":{"player_id":15278,"player_name":"Y\u016bya \u014csako","vaep_value":-0.068524672,"offensive_value":-0.0073199428,"defensive_value":-0.0612047291,"count":8},"9":{"player_id":20680,"player_name":"Y\u016bya \u014csako","vaep_value":0.2096292158,"offensive_value":0.0939466975,"defensive_value":0.1156825182,"count":49},"10":{"player_id":20932,"player_name":"Benjamin Stambouli","vaep_value":0.0391713164,"offensive_value":0.0652286763,"defensive_value":-0.0260573599,"count":50},"11":{"player_id":25995,"player_name":"Benjamin Stambouli","vaep_value":-0.2200567995,"offensive_value":0.2470667247,"defensive_value":-0.4671235242,"count":87},"12":{"player_id":64995,"player_name":"Frederik Hillesborg S\u00f8rensen","vaep_value":0.7740592521,"offensive_value":0.6715694499,"defensive_value":0.1024898022,"count":31},"13":{"player_id":94831,"player_name":"Jannes-Kilian Horn","vaep_value":-0.0186545365,"offensive_value":-0.0202340489,"defensive_value":0.0015795125,"count":28},"14":{"player_id":99437,"player_name":"Konstantin Rausch","vaep_value":0.149991683,"offensive_value":0.1187747656,"defensive_value":0.0312169173,"count":36},"15":{"player_id":105378,"player_name":"Konstantin Rausch","vaep_value":-0.0501163912,"offensive_value":-0.017591438,"defensive_value":-0.0325249531,"count":45},"16":{"player_id":127685,"player_name":"Weston  McKennie","vaep_value":0.5731405578,"offensive_value":0.5165217774,"defensive_value":0.0566187805,"count":34},"17":{"player_id":134369,"player_name":"Daniel Caligiuri","vaep_value":0.235740469,"offensive_value":0.2052299695,"defensive_value":0.0305104995,"count":60},"18":{"player_id":134387,"player_name":"Konstantin Rausch","vaep_value":0.0575345365,"offensive_value":0.0496103733,"defensive_value":0.0079241631,"count":31},"19":{"player_id":208716,"player_name":"Yevhen Konoplyanka","vaep_value":-0.071347286,"offensive_value":-0.0591453332,"defensive_value":-0.0122019527,"count":14},"20":{"player_id":263490,"player_name":"Timo Horn","vaep_value":0.8641589747,"offensive_value":0.887449005,"defensive_value":-0.0232900303,"count":40},"21":{"player_id":275384,"player_name":"Jannes-Kilian Horn","vaep_value":0.1137458443,"offensive_value":0.0172773127,"defensive_value":0.0964685316,"count":19},"22":{"player_id":282772,"player_name":"Frederik Hillesborg S\u00f8rensen","vaep_value":-0.0648606761,"offensive_value":-0.0381690371,"defensive_value":-0.026691639,"count":17},"23":{"player_id":284524,"player_name":"Pawe\u0142 Olkowski","vaep_value":0.0626428763,"offensive_value":0.0358557925,"defensive_value":0.0267870838,"count":32},"24":{"player_id":356903,"player_name":"Matija Nastasi\u0107","vaep_value":0.1720914117,"offensive_value":0.1383846567,"defensive_value":0.0337067549,"count":48},"25":{"player_id":356928,"player_name":"Pawe\u0142 Olkowski","vaep_value":0.0026819534,"offensive_value":-0.000898534,"defensive_value":0.0035804873,"count":3},"26":{"player_id":372915,"player_name":"Weston  McKennie","vaep_value":0.8687379333,"offensive_value":0.8885297826,"defensive_value":-0.0197918493,"count":70},"27":{"player_id":471348,"player_name":"Weston  McKennie","vaep_value":0.1685978128,"offensive_value":0.0283047698,"defensive_value":0.140293043,"count":51},"28":{"player_id":520617,"player_name":"Salih \u00d6zcan","vaep_value":-0.0765765999,"offensive_value":-0.0051348943,"defensive_value":-0.0714417056,"count":8}}