{"0":{"player_id":0,"player_name":"Manuel Pucciarelli","vaep_value":0.116596708,"offensive_value":0.1038079367,"defensive_value":0.0127887713,"count":13},"1":{"player_id":3344,"player_name":"Ivan Radovanovi\u0107","vaep_value":0.1313595539,"offensive_value":0.1234328052,"defensive_value":0.0079267487,"count":90},"2":{"player_id":3431,"player_name":"Marcelo Brozovi\u0107","vaep_value":0.1406240804,"offensive_value":0.0507379067,"defensive_value":0.0898861737,"count":63},"3":{"player_id":3543,"player_name":"Fabrizio Cacciatore","vaep_value":0.1631194856,"offensive_value":0.1436257658,"defensive_value":0.0194937198,"count":75},"4":{"player_id":7982,"player_name":"Fabrizio Cacciatore","vaep_value":-0.0310661286,"offensive_value":-0.0355499226,"defensive_value":0.004483794,"count":28},"5":{"player_id":14812,"player_name":"Nicola Rigoni","vaep_value":0.9781110437,"offensive_value":0.9815846441,"defensive_value":-0.0034736004,"count":58},"6":{"player_id":20468,"player_name":"Milan \u0160kriniar","vaep_value":0.0745795864,"offensive_value":0.1034227571,"defensive_value":-0.0288431707,"count":46},"7":{"player_id":20556,"player_name":"Milan \u0160kriniar","vaep_value":-0.0079995919,"offensive_value":-0.0042481907,"defensive_value":-0.0037514012,"count":2},"8":{"player_id":20571,"player_name":"Fabrizio Cacciatore","vaep_value":0.1377013979,"offensive_value":0.0712785324,"defensive_value":0.0664228655,"count":38},"9":{"player_id":20633,"player_name":"Fabrizio Cacciatore","vaep_value":0.109270941,"offensive_value":0.0815402323,"defensive_value":0.0277307087,"count":36},"10":{"player_id":20653,"player_name":"Mattia Bani","vaep_value":0.16289105,"offensive_value":0.1687278087,"defensive_value":-0.0058367588,"count":65},"11":{"player_id":20748,"player_name":"Ivan Radovanovi\u0107","vaep_value":0.1187396515,"offensive_value":-0.0115461057,"defensive_value":0.1302857572,"count":52},"12":{"player_id":21094,"player_name":"Roberto Inglese","vaep_value":0.3158687039,"offensive_value":0.2646754944,"defensive_value":0.0511932095,"count":80},"13":{"player_id":21148,"player_name":"Fabrizio Cacciatore","vaep_value":0.1636501146,"offensive_value":0.1095999649,"defensive_value":0.0540501496,"count":58},"14":{"player_id":21291,"player_name":"Borja Valero Iglesias","vaep_value":0.1368646743,"offensive_value":0.1505035559,"defensive_value":-0.0136388816,"count":32},"15":{"player_id":21438,"player_name":"Borja Valero Iglesias","vaep_value":-0.0892636447,"offensive_value":-0.1863918682,"defensive_value":0.0971282235,"count":31},"16":{"player_id":21564,"player_name":"Jo\u00e3o Miranda de Souza Filho","vaep_value":-0.0243186973,"offensive_value":0.0616341409,"defensive_value":-0.0859528382,"count":39},"17":{"player_id":21607,"player_name":"Jo\u00e3o Miranda de Souza Filho","vaep_value":0.0316938122,"offensive_value":0.1180769384,"defensive_value":-0.0863831262,"count":61},"18":{"player_id":24964,"player_name":"Marcelo Brozovi\u0107","vaep_value":0.0581200781,"offensive_value":0.0618874995,"defensive_value":-0.0037674215,"count":36},"19":{"player_id":69968,"player_name":"Nicola Rigoni","vaep_value":0.1442831532,"offensive_value":0.1673901297,"defensive_value":-0.0231069765,"count":136},"20":{"player_id":86301,"player_name":"Samir Handanovi\u010d","vaep_value":-0.0166101077,"offensive_value":-0.0084789762,"defensive_value":-0.0081311315,"count":23},"21":{"player_id":99511,"player_name":"Marcelo Brozovi\u0107","vaep_value":0.8011310282,"offensive_value":0.8052326255,"defensive_value":-0.0041015972,"count":8},"22":{"player_id":116349,"player_name":"Milan \u0160kriniar","vaep_value":0.0490248029,"offensive_value":0.0195234548,"defensive_value":0.029501348,"count":24},"23":{"player_id":135903,"player_name":"Jo\u00e3o Pedro Cavaco Cancelo","vaep_value":0.1040214823,"offensive_value":0.0237055966,"defensive_value":0.0803158857,"count":92},"24":{"player_id":138408,"player_name":"Perparim Hetemaj","vaep_value":-0.0594227227,"offensive_value":0.0283155909,"defensive_value":-0.0877383136,"count":68},"25":{"player_id":206314,"player_name":"Manuel Pucciarelli","vaep_value":0.7860539563,"offensive_value":0.8187984631,"defensive_value":-0.0327445068,"count":21},"26":{"player_id":215869,"player_name":"Manuel Pucciarelli","vaep_value":0.1130625639,"offensive_value":0.1931322734,"defensive_value":-0.0800697095,"count":82},"27":{"player_id":269188,"player_name":"Perparim Hetemaj","vaep_value":0.1617131338,"offensive_value":0.1569850673,"defensive_value":0.0047280665,"count":28},"28":{"player_id":352993,"player_name":"Fabrizio Cacciatore","vaep_value":-0.0379715854,"offensive_value":-0.0375537875,"defensive_value":-0.0004177979,"count":35}}