{"0":{"player_id":0,"player_name":"Lars Stindl","vaep_value":-0.0092398121,"offensive_value":0.0174602107,"defensive_value":-0.0267000229,"count":8},"1":{"player_id":77,"player_name":"Jannik Vestergaard","vaep_value":0.3573324302,"offensive_value":0.284538871,"defensive_value":0.0727935592,"count":79},"2":{"player_id":11095,"player_name":"Ra\u00fal Marcelo Bobadilla","vaep_value":0.2204739118,"offensive_value":0.2454241225,"defensive_value":-0.0249502107,"count":68},"3":{"player_id":14692,"player_name":"Marco Friedl","vaep_value":0.1763497351,"offensive_value":0.1784542913,"defensive_value":-0.0021045562,"count":62},"4":{"player_id":14838,"player_name":"Niklas Moisander","vaep_value":0.3326059068,"offensive_value":0.3005256969,"defensive_value":0.0320802098,"count":56},"5":{"player_id":14991,"player_name":"Milos Veljkovic","vaep_value":0.2146398579,"offensive_value":0.1154143175,"defensive_value":0.0992255404,"count":56},"6":{"player_id":15018,"player_name":"Denis Lemi Zakaria Lako Lado","vaep_value":0.0316588723,"offensive_value":0.0146184969,"defensive_value":0.0170403754,"count":5},"7":{"player_id":15019,"player_name":"Thorgan Hazard","vaep_value":0.0057777329,"offensive_value":0.0126985884,"defensive_value":-0.0069208555,"count":9},"8":{"player_id":15051,"player_name":"Max Kruse","vaep_value":-0.2568529129,"offensive_value":-0.2561714374,"defensive_value":-0.0006814755,"count":72},"9":{"player_id":15771,"player_name":"Milos Veljkovic","vaep_value":0.0214918456,"offensive_value":0.0195255,"defensive_value":0.0019663456,"count":4},"10":{"player_id":15806,"player_name":"Reece Oxford","vaep_value":-0.0625178167,"offensive_value":-0.1292101992,"defensive_value":0.0666923826,"count":42},"11":{"player_id":16025,"player_name":"Jannik Vestergaard","vaep_value":0.1742972667,"offensive_value":0.1660107459,"defensive_value":0.0082865208,"count":62},"12":{"player_id":17136,"player_name":"Nico Elvedi","vaep_value":0.1454215629,"offensive_value":0.1449896046,"defensive_value":0.0004319584,"count":19},"13":{"player_id":18591,"player_name":"Nico Elvedi","vaep_value":-0.0024251627,"offensive_value":-0.0411481125,"defensive_value":0.0387229498,"count":45},"14":{"player_id":20692,"player_name":"Thorgan Hazard","vaep_value":-0.24213303,"offensive_value":-0.2300243399,"defensive_value":-0.0121086901,"count":33},"15":{"player_id":25622,"player_name":"Thorgan Hazard","vaep_value":0.2042453882,"offensive_value":0.2259666769,"defensive_value":-0.0217212887,"count":90},"16":{"player_id":49855,"player_name":"Niklas Moisander","vaep_value":0.0574998541,"offensive_value":0.0289952045,"defensive_value":0.0285046496,"count":42},"17":{"player_id":49907,"player_name":"Nico Elvedi","vaep_value":-0.1426844912,"offensive_value":-0.096318203,"defensive_value":-0.0463662882,"count":43},"18":{"player_id":51217,"player_name":"Lars Stindl","vaep_value":0.3823558355,"offensive_value":0.4627915022,"defensive_value":-0.0804356667,"count":82},"19":{"player_id":55990,"player_name":"Lars Stindl","vaep_value":0.7508978215,"offensive_value":0.8100576439,"defensive_value":-0.0591598224,"count":72},"20":{"player_id":56424,"player_name":"Jonas Hofmann","vaep_value":0.6591467864,"offensive_value":0.7226622771,"defensive_value":-0.0635154906,"count":24},"21":{"player_id":223516,"player_name":"Reece Oxford","vaep_value":-0.03592653,"offensive_value":0.0069645606,"defensive_value":-0.0428910906,"count":17},"22":{"player_id":236528,"player_name":"Milos Veljkovic","vaep_value":0.1299720996,"offensive_value":0.1058852454,"defensive_value":0.0240868542,"count":72},"23":{"player_id":253822,"player_name":"Hans Carl Ludwig Augustinsson","vaep_value":0.2253031082,"offensive_value":0.1579907857,"defensive_value":0.0673123226,"count":44},"24":{"player_id":272440,"player_name":"Reece Oxford","vaep_value":0.2047337206,"offensive_value":0.1610420712,"defensive_value":0.0436916495,"count":37},"25":{"player_id":340476,"player_name":"Denis Lemi Zakaria Lako Lado","vaep_value":0.1116663995,"offensive_value":0.1862838208,"defensive_value":-0.0746174213,"count":59},"26":{"player_id":360992,"player_name":"Matthias Ginter","vaep_value":0.9124240457,"offensive_value":0.9038217799,"defensive_value":0.0086022659,"count":38},"27":{"player_id":391441,"player_name":"Jannik Vestergaard","vaep_value":0.0108168467,"offensive_value":0.0533888647,"defensive_value":-0.042572018,"count":53},"28":{"player_id":404219,"player_name":"Nico Elvedi","vaep_value":0.4410958871,"offensive_value":0.3321334105,"defensive_value":0.1089624766,"count":33}}