{"0":{"player_id":0,"player_name":"Kevin Kampl","vaep_value":-0.0082856284,"offensive_value":0.0103635669,"defensive_value":-0.0186491953,"count":10},"1":{"player_id":9611,"player_name":"Naby Deco Ke\u00efta","vaep_value":0.0616168419,"offensive_value":0.1144942835,"defensive_value":-0.0528774415,"count":48},"2":{"player_id":14778,"player_name":"Dayotchanculle Upamecano","vaep_value":0.268191354,"offensive_value":0.0518443706,"defensive_value":0.2163469834,"count":82},"3":{"player_id":14789,"player_name":"Kevin Kampl","vaep_value":0.0833296443,"offensive_value":0.1619129092,"defensive_value":-0.0785832649,"count":61},"4":{"player_id":14798,"player_name":"Willi Orban","vaep_value":0.1719105833,"offensive_value":0.1095639627,"defensive_value":0.0623466206,"count":70},"5":{"player_id":14800,"player_name":"Jean-K\u00e9vin Augustin","vaep_value":0.1779631894,"offensive_value":0.2164547676,"defensive_value":-0.0384915782,"count":90},"6":{"player_id":14806,"player_name":"Julian Weigl","vaep_value":0.1193881086,"offensive_value":0.0901411873,"defensive_value":0.0292469213,"count":55},"7":{"player_id":15024,"player_name":"Kevin Kampl","vaep_value":0.98902109,"offensive_value":0.9235546609,"defensive_value":0.0654664291,"count":62},"8":{"player_id":15069,"player_name":"Jean-K\u00e9vin Augustin","vaep_value":0.2557672571,"offensive_value":0.1850459396,"defensive_value":0.0707213174,"count":64},"9":{"player_id":16110,"player_name":"Marcel Sabitzer","vaep_value":0.2018193597,"offensive_value":0.1397680721,"defensive_value":0.0620512876,"count":44},"10":{"player_id":19392,"player_name":"Konrad Laimer","vaep_value":0.0391221119,"offensive_value":0.0358850942,"defensive_value":0.0032370177,"count":5},"11":{"player_id":38093,"player_name":"Kevin Kampl","vaep_value":-0.3430781154,"offensive_value":-0.498483947,"defensive_value":0.1554058316,"count":22},"12":{"player_id":49968,"player_name":"Marcel Schmelzer","vaep_value":0.1313431584,"offensive_value":0.0628880882,"defensive_value":0.0684550703,"count":34},"13":{"player_id":51132,"player_name":"Marcel Schmelzer","vaep_value":0.0922557868,"offensive_value":0.1125765155,"defensive_value":-0.0203207288,"count":33},"14":{"player_id":56274,"player_name":"Mario G\u00f6tze","vaep_value":-0.0502654128,"offensive_value":-0.0424747346,"defensive_value":-0.0077906782,"count":10},"15":{"player_id":65027,"player_name":"Konrad Laimer","vaep_value":0.2547122475,"offensive_value":0.0849303296,"defensive_value":0.1697819179,"count":27},"16":{"player_id":65596,"player_name":"Marcel Schmelzer","vaep_value":0.366139612,"offensive_value":0.3902230978,"defensive_value":-0.0240834857,"count":86},"17":{"player_id":70975,"player_name":"Julian Weigl","vaep_value":0.0073147836,"offensive_value":-0.0870269524,"defensive_value":0.0943417359,"count":34},"18":{"player_id":173214,"player_name":"\u00d6mer Toprak","vaep_value":0.2121964303,"offensive_value":0.2158596532,"defensive_value":-0.0036632229,"count":51},"19":{"player_id":224677,"player_name":"Marcel Sabitzer","vaep_value":0.1314747597,"offensive_value":0.106394138,"defensive_value":0.0250806217,"count":70},"20":{"player_id":258252,"player_name":"Marcel Schmelzer","vaep_value":0.0153792907,"offensive_value":-0.0655375109,"defensive_value":0.0809168016,"count":52},"21":{"player_id":272363,"player_name":"Marco Reus","vaep_value":0.528577197,"offensive_value":0.5070057582,"defensive_value":0.0215714388,"count":61},"22":{"player_id":279780,"player_name":"Marco Reus","vaep_value":0.7564568479,"offensive_value":0.780296843,"defensive_value":-0.0238399951,"count":31},"23":{"player_id":282804,"player_name":"Michy Batshuayi Tunga","vaep_value":0.222554841,"offensive_value":0.2489837678,"defensive_value":-0.0264289269,"count":71},"24":{"player_id":289711,"player_name":"Michy Batshuayi Tunga","vaep_value":0.1574123938,"offensive_value":0.1235321865,"defensive_value":0.0338802073,"count":75},"25":{"player_id":297957,"player_name":"Mario G\u00f6tze","vaep_value":0.1320228655,"offensive_value":0.1379813405,"defensive_value":-0.005958475,"count":74},"26":{"player_id":352988,"player_name":"Marcel Schmelzer","vaep_value":0.084262993,"offensive_value":0.0870150928,"defensive_value":-0.0027520999,"count":45},"27":{"player_id":391530,"player_name":"Mario G\u00f6tze","vaep_value":-0.0228697201,"offensive_value":-0.0212426055,"defensive_value":-0.0016271146,"count":2}}