{"0":{"player_id":0,"player_name":"Oscar Hiljemark","vaep_value":-0.0322950166,"offensive_value":0.0269961173,"defensive_value":-0.0592911339,"count":10},"1":{"player_id":3344,"player_name":"Ervin Zukanovi\u0107","vaep_value":0.0909875855,"offensive_value":0.0693732125,"defensive_value":0.021614373,"count":54},"2":{"player_id":3543,"player_name":"Roberto Gagliardini","vaep_value":0.129091581,"offensive_value":0.0722738218,"defensive_value":0.0568177592,"count":62},"3":{"player_id":20434,"player_name":"Daniel Bessa","vaep_value":0.2347136369,"offensive_value":0.2637946965,"defensive_value":-0.0290810596,"count":75},"4":{"player_id":20519,"player_name":"Aleandro Rosi","vaep_value":0.1172380538,"offensive_value":0.1172363447,"defensive_value":0.0000017091,"count":58},"5":{"player_id":20556,"player_name":"Luca Rossettini","vaep_value":-0.0748326302,"offensive_value":-0.0451860084,"defensive_value":-0.0296466218,"count":57},"6":{"player_id":20571,"player_name":"Samir Handanovi\u010d","vaep_value":0.136908227,"offensive_value":0.0595311521,"defensive_value":0.0773770749,"count":26},"7":{"player_id":20626,"player_name":"Danilo D'Ambrosio","vaep_value":-0.1347461912,"offensive_value":-0.1228547292,"defensive_value":-0.011891462,"count":39},"8":{"player_id":20749,"player_name":"Antonio Candreva","vaep_value":0.0946835858,"offensive_value":0.0388280927,"defensive_value":0.0558554931,"count":37},"9":{"player_id":20776,"player_name":"Andrea Bertolacci","vaep_value":0.0549821663,"offensive_value":0.0261591321,"defensive_value":0.0288230341,"count":47},"10":{"player_id":21072,"player_name":"Antonio Candreva","vaep_value":0.0795126796,"offensive_value":0.0233368824,"defensive_value":0.0561757972,"count":27},"11":{"player_id":21094,"player_name":"Mat\u00edas Vecino Falero","vaep_value":0.1132997449,"offensive_value":0.1124672983,"defensive_value":0.0008324466,"count":73},"12":{"player_id":21177,"player_name":"Jo\u00e3o Pedro Cavaco Cancelo","vaep_value":0.9386464237,"offensive_value":0.9459873552,"defensive_value":-0.0073409315,"count":47},"13":{"player_id":21468,"player_name":"Borja Valero Iglesias","vaep_value":0.1368671107,"offensive_value":0.1867971465,"defensive_value":-0.0499300357,"count":41},"14":{"player_id":22020,"player_name":"Yann Karamoh","vaep_value":-0.1317347649,"offensive_value":-0.1716777384,"defensive_value":0.0399429735,"count":32},"15":{"player_id":22381,"player_name":"Nicol\u00e1s Federico Spolli","vaep_value":0.0571491164,"offensive_value":0.0179220241,"defensive_value":0.0392270923,"count":39},"16":{"player_id":38532,"player_name":"Nicol\u00e1s Federico Spolli","vaep_value":0.0786108692,"offensive_value":0.0482806993,"defensive_value":0.0303301699,"count":48},"17":{"player_id":51145,"player_name":"Diego Sebasti\u00e1n Laxalt Su\u00e1rez","vaep_value":-0.1434998424,"offensive_value":-0.1720644565,"defensive_value":0.0285646141,"count":54},"18":{"player_id":69968,"player_name":"Danilo D'Ambrosio","vaep_value":-0.0006632188,"offensive_value":0.0170444906,"defensive_value":-0.0177077093,"count":22},"19":{"player_id":115933,"player_name":"Milan \u0160kriniar","vaep_value":0.0093753184,"offensive_value":0.018234631,"defensive_value":-0.0088593126,"count":8},"20":{"player_id":116269,"player_name":"Mat\u00edas Vecino Falero","vaep_value":0.115038832,"offensive_value":0.1254396198,"defensive_value":-0.0104007878,"count":57},"21":{"player_id":116349,"player_name":"Milan \u0160kriniar","vaep_value":0.0664513048,"offensive_value":0.0463980914,"defensive_value":0.0200532135,"count":54},"22":{"player_id":127534,"player_name":"Antonio Candreva","vaep_value":0.0025396936,"offensive_value":-0.0009539675,"defensive_value":0.0034936611,"count":2},"23":{"player_id":135903,"player_name":"Daniel Bessa","vaep_value":0.4867005828,"offensive_value":0.4764260879,"defensive_value":0.0102744949,"count":131},"24":{"player_id":138408,"player_name":"Oscar Hiljemark","vaep_value":0.3530689564,"offensive_value":0.1882852509,"defensive_value":0.1647837055,"count":89},"25":{"player_id":241676,"player_name":"Goran Pandev","vaep_value":0.0349544879,"offensive_value":0.0253496612,"defensive_value":0.0096048267,"count":93},"26":{"player_id":349102,"player_name":"Diego Sebasti\u00e1n Laxalt Su\u00e1rez","vaep_value":0.1274426478,"offensive_value":0.1413970932,"defensive_value":-0.0139544454,"count":17},"27":{"player_id":352993,"player_name":"Andrea Ranocchia","vaep_value":-0.1466099996,"offensive_value":-0.1434637511,"defensive_value":-0.0031462485,"count":61},"28":{"player_id":405608,"player_name":"Oscar Hiljemark","vaep_value":-0.1061988503,"offensive_value":-0.105287517,"defensive_value":-0.0009113334,"count":9}}