{"0":{"player_id":0,"player_name":"Kevin Lasagna","vaep_value":0.038170947,"offensive_value":0.052132715,"defensive_value":-0.013961768,"count":8},"1":{"player_id":394,"player_name":"Anton\u00edn Bar\u00e1k","vaep_value":0.0693417849,"offensive_value":0.084296898,"defensive_value":-0.0149551131,"count":67},"2":{"player_id":20422,"player_name":"Giuseppe Pezzella","vaep_value":-0.0263384269,"offensive_value":-0.0263671358,"defensive_value":0.0000287089,"count":9},"3":{"player_id":20448,"player_name":"Samir Caetano de Souza Santos","vaep_value":0.0814406289,"offensive_value":0.1203396981,"defensive_value":-0.0388990692,"count":70},"4":{"player_id":20503,"player_name":"Danilo Larangeira","vaep_value":0.5689253452,"offensive_value":0.5241529007,"defensive_value":0.0447724445,"count":53},"5":{"player_id":20540,"player_name":"Andrija Bali\u0107","vaep_value":0.0050311007,"offensive_value":0.0836240237,"defensive_value":-0.078592923,"count":41},"6":{"player_id":20583,"player_name":"Bram Nuytinck","vaep_value":0.1313874237,"offensive_value":0.0927439146,"defensive_value":0.0386435091,"count":64},"7":{"player_id":20639,"player_name":"Andrija Bali\u0107","vaep_value":0.0051910649,"offensive_value":0.0054631922,"defensive_value":-0.0002721273,"count":3},"8":{"player_id":20911,"player_name":"Danilo Larangeira","vaep_value":0.0070815629,"offensive_value":0.0128838634,"defensive_value":-0.0058023005,"count":28},"9":{"player_id":20928,"player_name":"Anton\u00edn Bar\u00e1k","vaep_value":0.1365158379,"offensive_value":0.1083372664,"defensive_value":0.0281785715,"count":62},"10":{"player_id":21098,"player_name":"Bram Nuytinck","vaep_value":0.0466215182,"offensive_value":0.113623247,"defensive_value":-0.0670017288,"count":28},"11":{"player_id":21114,"player_name":"Andrija Bali\u0107","vaep_value":0.2569011834,"offensive_value":0.2470915997,"defensive_value":0.0098095837,"count":39},"12":{"player_id":21314,"player_name":"Andrija Bali\u0107","vaep_value":0.0270264704,"offensive_value":-0.0151996943,"defensive_value":0.0422261647,"count":20},"13":{"player_id":21620,"player_name":null,"vaep_value":0.1239531431,"offensive_value":0.0854689569,"defensive_value":0.0384841863,"count":74},"14":{"player_id":56026,"player_name":"Jasmin Kurti\u010d","vaep_value":0.0883277203,"offensive_value":0.0482196579,"defensive_value":0.0401080624,"count":49},"15":{"player_id":99661,"player_name":"Thiago Rangel Cionek","vaep_value":0.4166222761,"offensive_value":0.2068214713,"defensive_value":0.2098008047,"count":93},"16":{"player_id":134435,"player_name":"Francesco Vicari","vaep_value":0.0373628867,"offensive_value":0.0246452109,"defensive_value":0.0127176758,"count":37},"17":{"player_id":146590,"player_name":"Samir Caetano de Souza Santos","vaep_value":0.0394699031,"offensive_value":0.0690605664,"defensive_value":-0.0295906633,"count":51},"18":{"player_id":213948,"player_name":"Jakub Jankto","vaep_value":0.2033629895,"offensive_value":0.2357798953,"defensive_value":-0.0324169059,"count":48},"19":{"player_id":226200,"player_name":"Jasmin Kurti\u010d","vaep_value":0.1158575101,"offensive_value":0.1426402061,"defensive_value":-0.026782696,"count":90},"20":{"player_id":248950,"player_name":"Jakub Jankto","vaep_value":1.0627974762,"offensive_value":1.0908545522,"defensive_value":-0.028057076,"count":85},"21":{"player_id":263432,"player_name":"Sergio Floccari","vaep_value":-0.0738840945,"offensive_value":-0.044581522,"defensive_value":-0.0293025725,"count":48},"22":{"player_id":265172,"player_name":"Manuel Lazzari","vaep_value":-0.0798829318,"offensive_value":0.0280784342,"defensive_value":-0.107961366,"count":53},"23":{"player_id":300669,"player_name":"Manuel Lazzari","vaep_value":0.073844341,"offensive_value":0.0478693922,"defensive_value":0.0259749488,"count":50},"24":{"player_id":333913,"player_name":"Thiago Rangel Cionek","vaep_value":-0.0843975055,"offensive_value":-0.0777077894,"defensive_value":-0.0066897161,"count":27},"25":{"player_id":354547,"player_name":"Alfred Benjamin Gomis","vaep_value":0.0348120898,"offensive_value":0.0233224609,"defensive_value":0.0114896289,"count":33},"26":{"player_id":388398,"player_name":"Samir Caetano de Souza Santos","vaep_value":0.0061727295,"offensive_value":0.0974666553,"defensive_value":-0.0912939258,"count":51}}