{"0":{"player_id":0,"player_name":"Adama Niane","vaep_value":0.0148211463,"offensive_value":0.0453583283,"defensive_value":-0.030537182,"count":7},"1":{"player_id":382,"player_name":"Fran\u00e7ois Bellugou","vaep_value":0.0732369709,"offensive_value":0.0797988656,"defensive_value":-0.0065618947,"count":6},"2":{"player_id":25492,"player_name":"Oualid El Hajjam","vaep_value":0.2161660834,"offensive_value":0.1587512037,"defensive_value":0.0574148797,"count":67},"3":{"player_id":25521,"player_name":"Oualid El Hajjam","vaep_value":0.2793667406,"offensive_value":0.2677630417,"defensive_value":0.0116036989,"count":40},"4":{"player_id":25891,"player_name":"Oualid El Hajjam","vaep_value":0.246811481,"offensive_value":0.2523781748,"defensive_value":-0.0055666938,"count":45},"5":{"player_id":25937,"player_name":"Oualid El Hajjam","vaep_value":0.1430471926,"offensive_value":0.0534907201,"defensive_value":0.0895564725,"count":45},"6":{"player_id":25957,"player_name":"Bryan Pel\u00e9","vaep_value":-0.4655717227,"offensive_value":0.0909578776,"defensive_value":-0.5565296003,"count":56},"7":{"player_id":25990,"player_name":"Ga\u00ebl Kakuta","vaep_value":-0.3501453511,"offensive_value":0.0679385444,"defensive_value":-0.4180838956,"count":61},"8":{"player_id":26384,"player_name":"Erwin Zelazny","vaep_value":0.0445625748,"offensive_value":0.0534454915,"defensive_value":-0.0088829168,"count":54},"9":{"player_id":26583,"player_name":"Benjamin Nivet","vaep_value":0.135889573,"offensive_value":0.1120083369,"defensive_value":0.0238812361,"count":30},"10":{"player_id":28314,"player_name":"Fran\u00e7ois Bellugou","vaep_value":0.1475372167,"offensive_value":0.057264276,"defensive_value":0.0902729407,"count":39},"11":{"player_id":29590,"player_name":"Ga\u00ebl Kakuta","vaep_value":-0.0571773493,"offensive_value":-0.0542227345,"defensive_value":-0.0029546148,"count":6},"12":{"player_id":29641,"player_name":"Erwin Zelazny","vaep_value":0.1051635073,"offensive_value":0.0301879062,"defensive_value":0.0749756011,"count":48},"13":{"player_id":30320,"player_name":"Oswaldo Augusto Vizcarrondo Ara\u00fajo","vaep_value":0.2035199871,"offensive_value":0.1994823676,"defensive_value":0.0040376195,"count":69},"14":{"player_id":90880,"player_name":"Mathieu Deplagne","vaep_value":0.0772733126,"offensive_value":0.1056064665,"defensive_value":-0.0283331539,"count":31},"15":{"player_id":93044,"player_name":"Oswaldo Augusto Vizcarrondo Ara\u00fajo","vaep_value":0.08646974,"offensive_value":0.0650858223,"defensive_value":0.0213839177,"count":22},"16":{"player_id":97582,"player_name":"Erwin Zelazny","vaep_value":0.2695320459,"offensive_value":0.2584021656,"defensive_value":0.0111298803,"count":24},"17":{"player_id":101795,"player_name":"Christopher H\u00e9relle","vaep_value":-0.2186988305,"offensive_value":-0.2144252309,"defensive_value":-0.0042735996,"count":26},"18":{"player_id":105523,"player_name":"Oualid El Hajjam","vaep_value":0.3482634987,"offensive_value":0.3709527621,"defensive_value":-0.0226892633,"count":72},"19":{"player_id":112377,"player_name":"Bakaye Dibassy","vaep_value":-0.1755926332,"offensive_value":-0.1053137699,"defensive_value":-0.0702788633,"count":48},"20":{"player_id":149053,"player_name":"Erwin Zelazny","vaep_value":0.0484417944,"offensive_value":-0.0070389144,"defensive_value":0.0554807087,"count":61},"21":{"player_id":214710,"player_name":"R\u00e9mi Walter","vaep_value":0.1316046937,"offensive_value":0.1365195292,"defensive_value":-0.0049148354,"count":64},"22":{"player_id":219350,"player_name":"R\u00e9mi Walter","vaep_value":0.1201221753,"offensive_value":0.152855659,"defensive_value":-0.0327334837,"count":20},"23":{"player_id":229198,"player_name":"Sa\u00eef-Eddine Khaoui","vaep_value":0.0479060351,"offensive_value":0.0283915484,"defensive_value":0.0195144867,"count":16},"24":{"player_id":244357,"player_name":"R\u00e9mi Walter","vaep_value":0.1585804278,"offensive_value":0.0857660028,"defensive_value":0.072814425,"count":69},"25":{"player_id":275243,"player_name":"R\u00e9mi Walter","vaep_value":-0.0773806058,"offensive_value":-0.048141152,"defensive_value":-0.0292394538,"count":42},"26":{"player_id":295761,"player_name":"Oswaldo Augusto Vizcarrondo Ara\u00fajo","vaep_value":0.0666167616,"offensive_value":0.0733565835,"defensive_value":-0.0067398219,"count":12},"27":{"player_id":393284,"player_name":"Mathieu Deplagne","vaep_value":0.1297235158,"offensive_value":0.0875499452,"defensive_value":0.0421735706,"count":51}}