{"0":{"player_id":0,"player_name":"Wissam Ben Yedder","vaep_value":-0.0140214314,"offensive_value":-0.0029271028,"defensive_value":-0.0110943285,"count":18},"1":{"player_id":3304,"player_name":"Guido Hern\u00e1n Pizarro","vaep_value":0.0737354192,"offensive_value":0.1160798072,"defensive_value":-0.042344388,"count":81},"2":{"player_id":3306,"player_name":"Sergio Escudero Palomo","vaep_value":-0.2387950756,"offensive_value":-0.3932713802,"defensive_value":0.1544763045,"count":126},"3":{"player_id":3321,"player_name":"Guido Hern\u00e1n Pizarro","vaep_value":-0.3195896166,"offensive_value":-0.3037326531,"defensive_value":-0.0158569635,"count":43},"4":{"player_id":3785,"player_name":"Luis Fernando Muriel Fruto","vaep_value":0.189562914,"offensive_value":0.0797524916,"defensive_value":0.1098104224,"count":27},"5":{"player_id":4365,"player_name":"Luis Fernando Muriel Fruto","vaep_value":-0.0479531956,"offensive_value":-0.0251680864,"defensive_value":-0.0227851092,"count":11},"6":{"player_id":4498,"player_name":"Luis Fernando Muriel Fruto","vaep_value":-0.0700020531,"offensive_value":-0.0334086199,"defensive_value":-0.0365934331,"count":73},"7":{"player_id":5911,"player_name":"Guido Hern\u00e1n Pizarro","vaep_value":-0.2135252317,"offensive_value":-0.2037491747,"defensive_value":-0.009776057,"count":19},"8":{"player_id":8200,"player_name":"Guido Hern\u00e1n Pizarro","vaep_value":0.1522539768,"offensive_value":0.0941889699,"defensive_value":0.0580650069,"count":75},"9":{"player_id":14852,"player_name":"Karim Benzema","vaep_value":-0.3824974542,"offensive_value":0.1694894113,"defensive_value":-0.5519868655,"count":79},"10":{"player_id":20764,"player_name":"Carlos Henrique Casimiro","vaep_value":0.0136868692,"offensive_value":-0.0627265269,"defensive_value":0.076413396,"count":27},"11":{"player_id":20823,"player_name":"Mateo Kova\u010di\u0107","vaep_value":-0.0845613735,"offensive_value":0.1185647678,"defensive_value":-0.2031261412,"count":47},"12":{"player_id":25795,"player_name":"Jes\u00fas Vallejo L\u00e1zaro","vaep_value":1.0572046598,"offensive_value":1.0580096247,"defensive_value":-0.0008049649,"count":27},"13":{"player_id":40756,"player_name":"Sergio Ramos Garc\u00eda","vaep_value":0.2353695871,"offensive_value":0.1823622215,"defensive_value":0.0530073656,"count":88},"14":{"player_id":69404,"player_name":"Marco Asensio Willemsen","vaep_value":0.2404171969,"offensive_value":0.244726038,"defensive_value":-0.004308841,"count":100},"15":{"player_id":70140,"player_name":"Sergio Ramos Garc\u00eda","vaep_value":-0.0148580174,"offensive_value":0.002298644,"defensive_value":-0.0171566615,"count":3},"16":{"player_id":86220,"player_name":"Jes\u00fas Vallejo L\u00e1zaro","vaep_value":-0.4986397014,"offensive_value":0.0520175635,"defensive_value":-0.5506572649,"count":42},"17":{"player_id":86828,"player_name":"Jos\u00e9 Ignacio Fern\u00e1ndez Iglesias","vaep_value":0.1013924666,"offensive_value":0.0885932338,"defensive_value":0.0127992327,"count":60},"18":{"player_id":101649,"player_name":"Jes\u00fas Vallejo L\u00e1zaro","vaep_value":0.1528030717,"offensive_value":0.1687664608,"defensive_value":-0.0159633892,"count":38},"19":{"player_id":112366,"player_name":"Sergio Ramos Garc\u00eda","vaep_value":1.1564719824,"offensive_value":1.095754818,"defensive_value":0.0607171644,"count":46},"20":{"player_id":134503,"player_name":"Daniel Ceballos Fern\u00e1ndez","vaep_value":-0.0333952403,"offensive_value":-0.0228348614,"defensive_value":-0.0105603789,"count":41},"21":{"player_id":278320,"player_name":"Theo Bernard Fran\u00e7ois Hern\u00e1ndez","vaep_value":0.1310095465,"offensive_value":0.1951057925,"defensive_value":-0.064096246,"count":36},"22":{"player_id":279538,"player_name":"Daniel Ceballos Fern\u00e1ndez","vaep_value":0.0208268464,"offensive_value":0.0166117593,"defensive_value":0.004215087,"count":8},"23":{"player_id":282441,"player_name":"Jes\u00fas Vallejo L\u00e1zaro","vaep_value":0.0623031397,"offensive_value":0.0568387684,"defensive_value":0.0054643713,"count":62},"24":{"player_id":288091,"player_name":"Jos\u00e9 Ignacio Fern\u00e1ndez Iglesias","vaep_value":0.6237472498,"offensive_value":0.5894108126,"defensive_value":0.0343364371,"count":75},"25":{"player_id":326523,"player_name":"David Soria Sol\u00eds","vaep_value":0.1050755242,"offensive_value":0.1001028949,"defensive_value":0.0049726292,"count":70},"26":{"player_id":344120,"player_name":"Jos\u00e9 Ignacio Fern\u00e1ndez Iglesias","vaep_value":0.8037506472,"offensive_value":0.8080012691,"defensive_value":-0.0042506219,"count":11},"27":{"player_id":344132,"player_name":"Mateo Kova\u010di\u0107","vaep_value":-0.0178645907,"offensive_value":-0.005678915,"defensive_value":-0.0121856757,"count":84}}