{"0":{"player_id":3476,"player_name":"Vladim\u00edr Darida","vaep_value":1.0709276805,"offensive_value":1.1527017098,"defensive_value":-0.0817740293,"count":56},"1":{"player_id":7871,"player_name":"David Limbersk\u00fd","vaep_value":0.0514035675,"offensive_value":0.0645920182,"defensive_value":-0.0131884507,"count":44},"2":{"player_id":7882,"player_name":"Roman Hubn\u00edk","vaep_value":0.2363143484,"offensive_value":0.285638137,"defensive_value":-0.0493237886,"count":42},"3":{"player_id":8287,"player_name":"Vedran \u0106orluka","vaep_value":0.1779113636,"offensive_value":0.1439233508,"defensive_value":0.0339880128,"count":55},"4":{"player_id":14771,"player_name":"Marcelo Brozovi\u0107","vaep_value":0.1928264972,"offensive_value":0.1333989445,"defensive_value":0.0594275527,"count":71},"5":{"player_id":14812,"player_name":"Marcelo Brozovi\u0107","vaep_value":0.9244151416,"offensive_value":0.888991783,"defensive_value":0.0354233586,"count":32},"6":{"player_id":14943,"player_name":"Luka Modri\u0107","vaep_value":0.107458504,"offensive_value":0.1113310544,"defensive_value":-0.0038725504,"count":38},"7":{"player_id":15094,"player_name":"Ivan Rakiti\u0107","vaep_value":0.3761031021,"offensive_value":0.1296366982,"defensive_value":0.2464664039,"count":58},"8":{"player_id":25596,"player_name":"Marcelo Brozovi\u0107","vaep_value":0.0447942149,"offensive_value":0.037347932,"defensive_value":0.0074462829,"count":45},"9":{"player_id":32582,"player_name":"David Limbersk\u00fd","vaep_value":0.0626642262,"offensive_value":0.0982684178,"defensive_value":-0.0356041916,"count":44},"10":{"player_id":69396,"player_name":"Darijo Srna","vaep_value":-0.2552943335,"offensive_value":-0.0577009368,"defensive_value":-0.1975933967,"count":48},"11":{"player_id":69400,"player_name":"Mario Mand\u017euki\u0107","vaep_value":0.0246486384,"offensive_value":0.1132339432,"defensive_value":-0.0885853048,"count":48},"12":{"player_id":69404,"player_name":"David Limbersk\u00fd","vaep_value":0.0825654149,"offensive_value":-0.0255482197,"defensive_value":0.1081136346,"count":25},"13":{"player_id":69968,"player_name":"David Limbersk\u00fd","vaep_value":0.0132161099,"offensive_value":-0.0273400914,"defensive_value":0.0405562013,"count":58},"14":{"player_id":82266,"player_name":"Roman Hubn\u00edk","vaep_value":-0.0433923558,"offensive_value":-0.0417299736,"defensive_value":-0.0016623822,"count":34},"15":{"player_id":82359,"player_name":"Vladim\u00edr Darida","vaep_value":-0.0096379577,"offensive_value":0.0019563907,"defensive_value":-0.0115943484,"count":12},"16":{"player_id":82487,"player_name":"Petr \u010cech","vaep_value":0.1021078187,"offensive_value":0.136199568,"defensive_value":-0.0340917493,"count":69},"17":{"player_id":82510,"player_name":"Darijo Srna","vaep_value":0.1702988049,"offensive_value":0.1159240623,"defensive_value":0.0543747426,"count":47},"18":{"player_id":82518,"player_name":"Ivan Rakiti\u0107","vaep_value":0.3416283249,"offensive_value":0.2317930677,"defensive_value":0.1098352572,"count":71},"19":{"player_id":82684,"player_name":"Jaroslav Pla\u0161il","vaep_value":0.0259259709,"offensive_value":0.0336645423,"defensive_value":-0.0077385714,"count":12},"20":{"player_id":83082,"player_name":"Ivan Rakiti\u0107","vaep_value":0.7486206103,"offensive_value":0.7386552389,"defensive_value":0.0099653714,"count":12},"21":{"player_id":101607,"player_name":"Domagoj Vida","vaep_value":-0.3794087173,"offensive_value":0.2111803883,"defensive_value":-0.5905891056,"count":4},"22":{"player_id":104745,"player_name":"Luka Modri\u0107","vaep_value":0.0116854233,"offensive_value":0.0018034292,"defensive_value":0.0098819942,"count":13},"23":{"player_id":105332,"player_name":"Darijo Srna","vaep_value":0.4481655505,"offensive_value":0.5418362962,"defensive_value":-0.0936707457,"count":61},"24":{"player_id":105361,"player_name":"Vedran \u0106orluka","vaep_value":0.2375912006,"offensive_value":0.1615601453,"defensive_value":0.0760310553,"count":70},"25":{"player_id":135747,"player_name":"Luka Modri\u0107","vaep_value":0.2894713198,"offensive_value":0.3188369509,"defensive_value":-0.0293656312,"count":32}}