{"0":{"player_id":0,"player_name":"Giovanni Pablo Simeone","vaep_value":-0.033137679,"offensive_value":-0.0002488,"defensive_value":-0.0328888791,"count":9},"1":{"player_id":3710,"player_name":"Milan Badelj","vaep_value":-0.0654085397,"offensive_value":-0.0677305106,"defensive_value":0.0023219709,"count":6},"2":{"player_id":20414,"player_name":"Bruno Miguel Boialvo Gaspar","vaep_value":-0.063190139,"offensive_value":-0.0553517408,"defensive_value":-0.0078383982,"count":15},"3":{"player_id":20460,"player_name":"Mohamed Salim Fares","vaep_value":0.1006650052,"offensive_value":0.0857514688,"defensive_value":0.0149135364,"count":62},"4":{"player_id":20536,"player_name":"Daniel Bessa","vaep_value":-0.132403685,"offensive_value":-0.1123173314,"defensive_value":-0.0200863536,"count":15},"5":{"player_id":20663,"player_name":"Samuel Souprayen","vaep_value":-0.03918068,"offensive_value":-0.0019102529,"defensive_value":-0.0372704271,"count":48},"6":{"player_id":20866,"player_name":"Marcel B\u00fcchel","vaep_value":1.1487532087,"offensive_value":1.1435276093,"defensive_value":0.0052255994,"count":72},"7":{"player_id":20935,"player_name":"Bruno Miguel Boialvo Gaspar","vaep_value":-0.0986142602,"offensive_value":-0.0332691128,"defensive_value":-0.0653451474,"count":42},"8":{"player_id":21298,"player_name":"Samuel Souprayen","vaep_value":-0.3549455438,"offensive_value":0.0450894678,"defensive_value":-0.4000350116,"count":36},"9":{"player_id":21842,"player_name":"Marcel B\u00fcchel","vaep_value":0.2782025104,"offensive_value":0.2719001248,"defensive_value":0.0063023856,"count":77},"10":{"player_id":22099,"player_name":"Thomas Heurtaux","vaep_value":0.0334547766,"offensive_value":0.0735642508,"defensive_value":-0.0401094742,"count":66},"11":{"player_id":22380,"player_name":"Nicolas David Andrade ","vaep_value":0.1646774109,"offensive_value":0.1674517279,"defensive_value":-0.0027743171,"count":67},"12":{"player_id":22381,"player_name":"Germ\u00e1n Alejandro Pezzella","vaep_value":0.1126784048,"offensive_value":0.1275072026,"defensive_value":-0.0148287978,"count":55},"13":{"player_id":23705,"player_name":"Samuel Souprayen","vaep_value":0.1547481914,"offensive_value":0.2060584582,"defensive_value":-0.0513102668,"count":39},"14":{"player_id":25541,"player_name":"Alex Ferrari","vaep_value":1.4778772594,"offensive_value":1.3646751133,"defensive_value":0.1132021461,"count":106},"15":{"player_id":25878,"player_name":"Bruno Zuculini","vaep_value":0.0539520446,"offensive_value":0.0500318997,"defensive_value":0.0039201449,"count":41},"16":{"player_id":26373,"player_name":"Jos\u00e9 Mart\u00edn C\u00e1ceres Silva","vaep_value":0.0955754472,"offensive_value":0.0484748072,"defensive_value":0.04710064,"count":30},"17":{"player_id":69400,"player_name":"Mohamed Salim Fares","vaep_value":0.4299894048,"offensive_value":0.2707912293,"defensive_value":0.1591981754,"count":100},"18":{"player_id":86309,"player_name":"Cristiano Biraghi","vaep_value":0.1301687269,"offensive_value":0.0954905848,"defensive_value":0.0346781421,"count":68},"19":{"player_id":86328,"player_name":"Marcel B\u00fcchel","vaep_value":-0.0000116933,"offensive_value":0.0180310594,"defensive_value":-0.0180427527,"count":91},"20":{"player_id":116170,"player_name":"Milan Badelj","vaep_value":0.0042551996,"offensive_value":0.0095980393,"defensive_value":-0.0053428397,"count":10},"21":{"player_id":222766,"player_name":"Davide Astori","vaep_value":0.2680770564,"offensive_value":0.3186128029,"defensive_value":-0.0505357464,"count":66},"22":{"player_id":263433,"player_name":"Milan Badelj","vaep_value":0.1354227485,"offensive_value":0.0144044552,"defensive_value":0.1210182933,"count":22},"23":{"player_id":269152,"player_name":"Marco Benassi","vaep_value":0.8155770613,"offensive_value":0.8265310279,"defensive_value":-0.0109539666,"count":23},"24":{"player_id":328336,"player_name":"Marco Sportiello","vaep_value":0.2397113585,"offensive_value":0.1249680127,"defensive_value":0.1147433458,"count":61},"25":{"player_id":338249,"player_name":"Cristiano Biraghi","vaep_value":0.556043214,"offensive_value":0.5630033715,"defensive_value":-0.0069601574,"count":16},"26":{"player_id":343925,"player_name":"Jordan Veretout","vaep_value":0.0832511811,"offensive_value":0.1357999582,"defensive_value":-0.0525487771,"count":48},"27":{"player_id":410031,"player_name":"Marco Benassi","vaep_value":0.0176643268,"offensive_value":0.0245240065,"defensive_value":-0.0068596797,"count":19},"28":{"player_id":447804,"player_name":"Marco Benassi","vaep_value":-0.0161116163,"offensive_value":-0.0755937032,"defensive_value":0.0594820869,"count":41}}