{"0":{"player_id":0,"player_name":"Abdoulaye Doucour\u00e9","vaep_value":0.0151672571,"offensive_value":0.0501207227,"defensive_value":-0.0349534657,"count":11},"1":{"player_id":160,"player_name":"Molla Wagu\u00e9","vaep_value":0.2196560189,"offensive_value":0.192615552,"defensive_value":0.0270404669,"count":42},"2":{"player_id":8013,"player_name":"Richarlison de Andrade","vaep_value":0.1911897246,"offensive_value":0.1884424303,"defensive_value":0.0027472943,"count":51},"3":{"player_id":8480,"player_name":"Ben Watson","vaep_value":0.1500872627,"offensive_value":0.1064147209,"defensive_value":0.0436725419,"count":38},"4":{"player_id":8627,"player_name":"Richarlison de Andrade","vaep_value":0.1912854841,"offensive_value":0.1259075387,"defensive_value":0.0653779454,"count":67},"5":{"player_id":8653,"player_name":"Marvin  Zeegelaar","vaep_value":0.5715787332,"offensive_value":0.4218346251,"defensive_value":0.1497441081,"count":73},"6":{"player_id":8903,"player_name":"Marvin  Zeegelaar","vaep_value":-0.1133668578,"offensive_value":-0.0776780845,"defensive_value":-0.0356887733,"count":31},"7":{"player_id":10663,"player_name":"Daniel Amartey","vaep_value":-0.0597512505,"offensive_value":-0.0431859333,"defensive_value":-0.0165653173,"count":9},"8":{"player_id":12829,"player_name":"Roberto Maximiliano Pereyra","vaep_value":0.2651794158,"offensive_value":0.2799970851,"defensive_value":-0.0148176693,"count":30},"9":{"player_id":14688,"player_name":"Onyinye Wilfred Ndidi","vaep_value":0.3112196581,"offensive_value":0.0298150267,"defensive_value":0.2814046314,"count":12},"10":{"player_id":14763,"player_name":"Onyinye Wilfred Ndidi","vaep_value":0.0337581893,"offensive_value":0.029066759,"defensive_value":0.0046914303,"count":33},"11":{"player_id":20505,"player_name":"Ben Watson","vaep_value":0.005675877,"offensive_value":0.0032700256,"defensive_value":0.0024058514,"count":11},"12":{"player_id":20593,"player_name":"Roberto Maximiliano Pereyra","vaep_value":0.0364527252,"offensive_value":0.0705829857,"defensive_value":-0.0341302605,"count":28},"13":{"player_id":25885,"player_name":"Roberto Maximiliano Pereyra","vaep_value":-0.2539485921,"offensive_value":0.0490236462,"defensive_value":-0.3029722383,"count":28},"14":{"player_id":26150,"player_name":"Christian Kabasele","vaep_value":1.0475573867,"offensive_value":1.0082565197,"defensive_value":0.039300867,"count":54},"15":{"player_id":28292,"player_name":"Roberto Maximiliano Pereyra","vaep_value":0.2358876065,"offensive_value":0.1393282909,"defensive_value":0.0965593156,"count":69},"16":{"player_id":49859,"player_name":"Andr\u00e9 Mart\u00edn Carrillo D\u00edaz","vaep_value":0.0947557137,"offensive_value":0.0439212677,"defensive_value":0.050834446,"count":54},"17":{"player_id":68085,"player_name":"Andr\u00e9 Mart\u00edn Carrillo D\u00edaz","vaep_value":-0.341901083,"offensive_value":-0.0872913547,"defensive_value":-0.2546097283,"count":44},"18":{"player_id":70156,"player_name":"Kasper Schmeichel","vaep_value":-0.0438855327,"offensive_value":-0.0090803724,"defensive_value":-0.0348051602,"count":52},"19":{"player_id":70403,"player_name":"Harry  Maguire","vaep_value":0.0433357797,"offensive_value":0.0410099737,"defensive_value":0.002325806,"count":2},"20":{"player_id":92864,"player_name":"Harry  Maguire","vaep_value":0.2244195583,"offensive_value":0.1066306776,"defensive_value":0.1177888807,"count":33},"21":{"player_id":189821,"player_name":"Matty James","vaep_value":0.3349165252,"offensive_value":0.2510378248,"defensive_value":0.0838787004,"count":73},"22":{"player_id":192748,"player_name":"Christian Kabasele","vaep_value":0.1594368907,"offensive_value":0.1518279189,"defensive_value":0.0076089717,"count":52},"23":{"player_id":217078,"player_name":"Onyinye Wilfred Ndidi","vaep_value":0.0788531976,"offensive_value":0.1160977811,"defensive_value":-0.0372445835,"count":66},"24":{"player_id":265366,"player_name":"Onyinye Wilfred Ndidi","vaep_value":-0.234996676,"offensive_value":-0.2270407317,"defensive_value":-0.0079559443,"count":70},"25":{"player_id":283142,"player_name":"Ben Watson","vaep_value":0.2002134153,"offensive_value":0.1924756528,"defensive_value":0.0077377625,"count":18},"26":{"player_id":350976,"player_name":"Ben Watson","vaep_value":0.1460000374,"offensive_value":0.1625551614,"defensive_value":-0.016555124,"count":66},"27":{"player_id":377071,"player_name":"Troy Deeney","vaep_value":0.0618992322,"offensive_value":0.0450615189,"defensive_value":0.0168377133,"count":53}}