{"0":{"player_id":0,"player_name":"Nicolas P\u00e9p\u00e9","vaep_value":0.0239538957,"offensive_value":0.0809478564,"defensive_value":-0.0569939608,"count":15},"1":{"player_id":3573,"player_name":"Yassine Benzia","vaep_value":0.4259329333,"offensive_value":0.3750847704,"defensive_value":0.050848163,"count":73},"2":{"player_id":25632,"player_name":"Luiz de Ara\u00fajo Guimar\u00e3es Neto","vaep_value":0.2946376239,"offensive_value":0.0883278907,"defensive_value":0.2063097332,"count":41},"3":{"player_id":25923,"player_name":"Ot\u00e1vio Henrique Passos Santos","vaep_value":-0.4276854479,"offensive_value":-0.4049211331,"defensive_value":-0.0227643148,"count":51},"4":{"player_id":26389,"player_name":"Beno\u00eet Costil","vaep_value":-0.2395938517,"offensive_value":-0.244978776,"defensive_value":0.0053849242,"count":30},"5":{"player_id":27955,"player_name":"Youssouf Sabaly","vaep_value":-0.0971289031,"offensive_value":-0.096734467,"defensive_value":-0.0003944362,"count":9},"6":{"player_id":27958,"player_name":"Youssouf Sabaly","vaep_value":0.2894841958,"offensive_value":0.1440443128,"defensive_value":0.145439883,"count":64},"7":{"player_id":28122,"player_name":"Luiz de Ara\u00fajo Guimar\u00e3es Neto","vaep_value":-0.0842990571,"offensive_value":-0.083806969,"defensive_value":-0.0004920881,"count":21},"8":{"player_id":28232,"player_name":"J\u00fanior Osmar Ignacio  Alonso Mujica","vaep_value":0.1947988551,"offensive_value":0.1306668862,"defensive_value":0.0641319689,"count":54},"9":{"player_id":28529,"player_name":"Edgar Miguel I\u00e9","vaep_value":0.2146543815,"offensive_value":0.2398870143,"defensive_value":-0.0252326328,"count":62},"10":{"player_id":48318,"player_name":"Ibrahim Amadou","vaep_value":0.0035156852,"offensive_value":0.0078937125,"defensive_value":-0.0043780273,"count":30},"11":{"player_id":56441,"player_name":"Edgar Miguel I\u00e9","vaep_value":0.245549846,"offensive_value":0.1803433306,"defensive_value":0.0652065154,"count":71},"12":{"player_id":70959,"player_name":"K\u00e9vin Malcuit","vaep_value":0.2217538966,"offensive_value":0.0881586482,"defensive_value":0.1335952483,"count":55},"13":{"player_id":134496,"player_name":"Beno\u00eet Costil","vaep_value":0.0665570414,"offensive_value":0.1325484563,"defensive_value":-0.0659914149,"count":50},"14":{"player_id":144867,"player_name":"Vuka\u0161in Jovanovi\u0107","vaep_value":0.0649074435,"offensive_value":0.1119250586,"defensive_value":-0.0470176152,"count":77},"15":{"player_id":213308,"player_name":"Beno\u00eet Costil","vaep_value":0.0138938418,"offensive_value":0.0434755366,"defensive_value":-0.0295816949,"count":57},"16":{"player_id":247671,"player_name":"J\u00e9r\u00e9my Toulalan","vaep_value":0.1972532982,"offensive_value":0.2443545219,"defensive_value":-0.0471012236,"count":29},"17":{"player_id":250134,"player_name":"Beno\u00eet Costil","vaep_value":0.0571893569,"offensive_value":0.0150234019,"defensive_value":0.0421659549,"count":52},"18":{"player_id":257750,"player_name":"Yassine Benzia","vaep_value":0.039247064,"offensive_value":0.0444180134,"defensive_value":-0.0051709494,"count":19},"19":{"player_id":258263,"player_name":"Yves Bissouma","vaep_value":0.1839643312,"offensive_value":0.1756973648,"defensive_value":0.0082669663,"count":78},"20":{"player_id":276920,"player_name":"K\u00e9vin Malcuit","vaep_value":0.0289451941,"offensive_value":-0.0037810272,"defensive_value":0.0327262213,"count":49},"21":{"player_id":286553,"player_name":"Beno\u00eet Costil","vaep_value":0.0453851828,"offensive_value":0.0880146829,"defensive_value":-0.0426295002,"count":50},"22":{"player_id":286917,"player_name":"K\u00e9vin Malcuit","vaep_value":0.0632270707,"offensive_value":0.0403474204,"defensive_value":0.0228796504,"count":30},"23":{"player_id":295569,"player_name":"Th\u00e9o Pellenard","vaep_value":0.0208565488,"offensive_value":-0.0160364984,"defensive_value":0.0368930472,"count":53},"24":{"player_id":300485,"player_name":"Fran\u00e7ois Kamano","vaep_value":0.3401598008,"offensive_value":0.3488428493,"defensive_value":-0.0086830485,"count":89},"25":{"player_id":334552,"player_name":"Th\u00e9o Pellenard","vaep_value":0.0242691662,"offensive_value":0.0536278614,"defensive_value":-0.0293586953,"count":38},"26":{"player_id":413582,"player_name":"J\u00fanior Osmar Ignacio  Alonso Mujica","vaep_value":0.1644830478,"offensive_value":0.069620769,"defensive_value":0.0948622788,"count":60},"27":{"player_id":413597,"player_name":"Th\u00e9o Pellenard","vaep_value":-0.0007223666,"offensive_value":-0.0012500691,"defensive_value":0.0005277025,"count":3}}