{"0":{"player_id":0,"player_name":"Sergio Le\u00f3n Limones","vaep_value":-0.0042459466,"offensive_value":0.0439292721,"defensive_value":-0.0481752187,"count":10},"1":{"player_id":3282,"player_name":"Ryad Boudebouz","vaep_value":0.003683181,"offensive_value":0.0491033968,"defensive_value":-0.0454202158,"count":107},"2":{"player_id":3296,"player_name":"Fabi\u00e1n Ruiz Pe\u00f1a","vaep_value":0.2697417105,"offensive_value":0.1241460131,"defensive_value":0.1455956975,"count":60},"3":{"player_id":3335,"player_name":"Marc Bartra Aregall","vaep_value":-0.0288735484,"offensive_value":-0.1823347277,"defensive_value":0.1534611793,"count":73},"4":{"player_id":3358,"player_name":"Miguel \u00c1ngel Moy\u00e0 Rumbo","vaep_value":0.0524111011,"offensive_value":0.0682915487,"defensive_value":-0.0158804476,"count":44},"5":{"player_id":3571,"player_name":"Miguel \u00c1ngel Moy\u00e0 Rumbo","vaep_value":-0.1001583019,"offensive_value":-0.0978734288,"defensive_value":-0.002284873,"count":13},"6":{"player_id":3576,"player_name":"Alberto De La Bella Madure\u00f1o","vaep_value":0.015361655,"offensive_value":0.0420103024,"defensive_value":-0.0266486474,"count":26},"7":{"player_id":3604,"player_name":"H\u00e9ctor Alfredo Moreno Herrera","vaep_value":-0.0064542589,"offensive_value":-0.0136543855,"defensive_value":0.0072001265,"count":5},"8":{"player_id":3667,"player_name":"Mikel Oyarzabal Ugarte","vaep_value":0.3441919271,"offensive_value":0.2997746174,"defensive_value":0.0444173097,"count":81},"9":{"player_id":3676,"player_name":"Mikel Oyarzabal Ugarte","vaep_value":0.1252737161,"offensive_value":0.1658771435,"defensive_value":-0.0406034274,"count":61},"10":{"player_id":3680,"player_name":"Juan Miguel Jim\u00e9nez L\u00f3pez","vaep_value":-0.0755303463,"offensive_value":-0.0597551911,"defensive_value":-0.0157751552,"count":30},"11":{"player_id":3795,"player_name":"A\u00efssa Mandi","vaep_value":0.1144925007,"offensive_value":0.0726497386,"defensive_value":0.041842762,"count":54},"12":{"player_id":3994,"player_name":"Sergio Canales Madrazo","vaep_value":0.0123806936,"offensive_value":0.0775664707,"defensive_value":-0.0651857771,"count":40},"13":{"player_id":5268,"player_name":"Marc Bartra Aregall","vaep_value":-0.0036932313,"offensive_value":0.0034525436,"defensive_value":-0.0071457749,"count":25},"14":{"player_id":25461,"player_name":"Sergio Canales Madrazo","vaep_value":0.1597491951,"offensive_value":0.1728401294,"defensive_value":-0.0130909343,"count":43},"15":{"player_id":26307,"player_name":"Fabi\u00e1n Ruiz Pe\u00f1a","vaep_value":0.2182624306,"offensive_value":0.0738901754,"defensive_value":0.1443722552,"count":56},"16":{"player_id":56009,"player_name":"Alberto De La Bella Madure\u00f1o","vaep_value":0.0390832775,"offensive_value":0.078478972,"defensive_value":-0.0393956944,"count":42},"17":{"player_id":70120,"player_name":"Alberto De La Bella Madure\u00f1o","vaep_value":0.1627502863,"offensive_value":0.0641190947,"defensive_value":0.0986311915,"count":58},"18":{"player_id":225996,"player_name":"Juan Miguel Jim\u00e9nez L\u00f3pez","vaep_value":0.1469522532,"offensive_value":0.1191827285,"defensive_value":0.0277695247,"count":42},"19":{"player_id":247219,"player_name":"Sergio Canales Madrazo","vaep_value":-0.0084923657,"offensive_value":0.0023498219,"defensive_value":-0.0108421876,"count":8},"20":{"player_id":261127,"player_name":"Antonio Ad\u00e1n Garrido","vaep_value":-0.0817098599,"offensive_value":-0.0735253204,"defensive_value":-0.0081845395,"count":16},"21":{"player_id":278289,"player_name":"Fabi\u00e1n Ruiz Pe\u00f1a","vaep_value":0.3746029782,"offensive_value":0.3469797907,"defensive_value":0.0276231875,"count":56},"22":{"player_id":279566,"player_name":"Fabi\u00e1n Ruiz Pe\u00f1a","vaep_value":0.0392215155,"offensive_value":0.0477067111,"defensive_value":-0.0084851956,"count":12},"23":{"player_id":346195,"player_name":"Ryad Boudebouz","vaep_value":0.4123138448,"offensive_value":0.1864260751,"defensive_value":0.2258877697,"count":71},"24":{"player_id":355599,"player_name":"Cristian Tello Herrera","vaep_value":-0.0428256011,"offensive_value":-0.0322119067,"defensive_value":-0.0106136943,"count":33},"25":{"player_id":364850,"player_name":"Francisco Javier  Garc\u00eda Fern\u00e1ndez","vaep_value":-0.1040097154,"offensive_value":-0.1231757199,"defensive_value":0.0191660044,"count":46},"26":{"player_id":372753,"player_name":"Riza Durmisi","vaep_value":0.0229515665,"offensive_value":0.072155811,"defensive_value":-0.0492042445,"count":69},"27":{"player_id":395114,"player_name":"Francisco Javier  Garc\u00eda Fern\u00e1ndez","vaep_value":0.0383511723,"offensive_value":0.0531901038,"defensive_value":-0.0148389315,"count":38}}