{"0":{"player_id":0,"player_name":"Edin D\u017eeko","vaep_value":0.074144071,"offensive_value":0.0924795892,"defensive_value":-0.0183355182,"count":13},"1":{"player_id":3463,"player_name":"Daniele De Rossi","vaep_value":-0.0036367187,"offensive_value":0.0197909409,"defensive_value":-0.0234276596,"count":63},"2":{"player_id":3475,"player_name":"Federico Juli\u00e1n Fazio","vaep_value":0.3817101912,"offensive_value":0.3890558418,"defensive_value":-0.0073456506,"count":75},"3":{"player_id":8306,"player_name":"Pol Mikel Lirola Kosok","vaep_value":0.359247084,"offensive_value":0.3656306983,"defensive_value":-0.0063836143,"count":100},"4":{"player_id":8327,"player_name":"Daniele De Rossi","vaep_value":-0.5860631835,"offensive_value":-0.5656783292,"defensive_value":-0.0203848543,"count":42},"5":{"player_id":20418,"player_name":"Lorenzo Pellegrini","vaep_value":-0.1208764698,"offensive_value":-0.1203800503,"defensive_value":-0.0004964195,"count":22},"6":{"player_id":20438,"player_name":"Lorenzo Pellegrini","vaep_value":0.2940414101,"offensive_value":0.2407722762,"defensive_value":0.0532691339,"count":58},"7":{"player_id":20478,"player_name":"Edin D\u017eeko","vaep_value":0.029526131,"offensive_value":0.0216804226,"defensive_value":0.0078457084,"count":8},"8":{"player_id":20518,"player_name":"Edin D\u017eeko","vaep_value":0.2533331999,"offensive_value":0.2289981325,"defensive_value":0.0243350674,"count":39},"9":{"player_id":20635,"player_name":"Edin D\u017eeko","vaep_value":0.091505073,"offensive_value":0.0622327528,"defensive_value":0.0292723202,"count":42},"10":{"player_id":20832,"player_name":"Lorenzo Pellegrini","vaep_value":0.0656138049,"offensive_value":0.1337516132,"defensive_value":-0.0681378084,"count":40},"11":{"player_id":20842,"player_name":"Pol Mikel Lirola Kosok","vaep_value":0.1760312995,"offensive_value":0.1784065691,"defensive_value":-0.0023752695,"count":45},"12":{"player_id":20879,"player_name":"Edin D\u017eeko","vaep_value":0.1233340075,"offensive_value":0.1296569628,"defensive_value":-0.0063229554,"count":82},"13":{"player_id":21162,"player_name":"Andrea Consigli","vaep_value":0.0084241526,"offensive_value":0.0413974925,"defensive_value":-0.0329733399,"count":30},"14":{"player_id":21861,"player_name":"Daniele De Rossi","vaep_value":-0.0487279821,"offensive_value":-0.0138205742,"defensive_value":-0.0349074079,"count":35},"15":{"player_id":22162,"player_name":"Simone Missiroli","vaep_value":0.3305789659,"offensive_value":0.0907974825,"defensive_value":0.2397814834,"count":77},"16":{"player_id":22163,"player_name":"Simone Missiroli","vaep_value":0.9832871846,"offensive_value":0.844253489,"defensive_value":0.1390336956,"count":41},"17":{"player_id":22383,"player_name":"Diego Falcinelli","vaep_value":0.168583605,"offensive_value":0.0664228253,"defensive_value":0.1021607798,"count":46},"18":{"player_id":22566,"player_name":"Joseph Alfred Duncan","vaep_value":0.4330828403,"offensive_value":0.3798721073,"defensive_value":0.053210733,"count":99},"19":{"player_id":22699,"player_name":"Antonino Ragusa","vaep_value":0.1120632204,"offensive_value":0.1013916152,"defensive_value":0.0106716051,"count":22},"20":{"player_id":92966,"player_name":"Antonino Ragusa","vaep_value":0.096136517,"offensive_value":0.0414449878,"defensive_value":0.0546915293,"count":25},"21":{"player_id":208696,"player_name":"Joseph Alfred Duncan","vaep_value":0.1379454112,"offensive_value":0.1609376327,"defensive_value":-0.0229922215,"count":44},"22":{"player_id":214220,"player_name":"Aleksandar Kolarov","vaep_value":0.1922510884,"offensive_value":0.0896174284,"defensive_value":0.1026336601,"count":44},"23":{"player_id":234359,"player_name":"Matteo Politano","vaep_value":-0.1464229119,"offensive_value":-0.1280666976,"defensive_value":-0.0183562143,"count":32},"24":{"player_id":292310,"player_name":"Paolo Cannavaro","vaep_value":0.0169269991,"offensive_value":0.0120223515,"defensive_value":0.0049046476,"count":12},"25":{"player_id":302798,"player_name":"Edin D\u017eeko","vaep_value":0.0035035273,"offensive_value":-0.015219352,"defensive_value":0.0187228792,"count":4},"26":{"player_id":328333,"player_name":"Aleksandar Kolarov","vaep_value":0.8703867755,"offensive_value":0.8644214047,"defensive_value":0.0059653708,"count":64},"27":{"player_id":350032,"player_name":"Pol Mikel Lirola Kosok","vaep_value":0.2577874678,"offensive_value":0.2610320817,"defensive_value":-0.0032446139,"count":8},"28":{"player_id":354123,"player_name":"Francesco Magnanelli","vaep_value":0.1835138467,"offensive_value":0.051930213,"defensive_value":0.1315836337,"count":50}}