{"0":{"player_id":0,"player_name":"Valter Birsa","vaep_value":0.0451696634,"offensive_value":0.0835715206,"defensive_value":-0.0384018573,"count":16},"1":{"player_id":9080,"player_name":"Ivan Radovanovi\u0107","vaep_value":-0.0164336455,"offensive_value":-0.0122512083,"defensive_value":-0.0041824372,"count":29},"2":{"player_id":20434,"player_name":"Fabrizio Cacciatore","vaep_value":-0.3277672236,"offensive_value":-0.1093865684,"defensive_value":-0.2183806552,"count":36},"3":{"player_id":20506,"player_name":"Valter Birsa","vaep_value":0.2035749956,"offensive_value":0.1265317777,"defensive_value":0.077043218,"count":41},"4":{"player_id":20633,"player_name":"Perparim Hetemaj","vaep_value":0.1173276836,"offensive_value":0.1276377835,"defensive_value":-0.0103100999,"count":38},"5":{"player_id":20638,"player_name":"Fabrizio Cacciatore","vaep_value":0.1215155318,"offensive_value":0.0123423208,"defensive_value":0.109173211,"count":34},"6":{"player_id":20653,"player_name":"Lucas  Nahuel Castro","vaep_value":0.9489490519,"offensive_value":0.8715466046,"defensive_value":0.0774024474,"count":42},"7":{"player_id":20655,"player_name":"Petar Brlek","vaep_value":-0.0154747777,"offensive_value":-0.0177877683,"defensive_value":0.0023129906,"count":10},"8":{"player_id":20662,"player_name":"Petar Brlek","vaep_value":-0.1954521759,"offensive_value":-0.1933905941,"defensive_value":-0.0020615818,"count":11},"9":{"player_id":20748,"player_name":"Lucas  Nahuel Castro","vaep_value":0.188914032,"offensive_value":0.1546772197,"defensive_value":0.0342368123,"count":66},"10":{"player_id":20749,"player_name":"Nenad Tomovi\u0107","vaep_value":0.4363425615,"offensive_value":0.333849936,"defensive_value":0.1024926255,"count":46},"11":{"player_id":20776,"player_name":"Alessandro Gamberini","vaep_value":0.2447843831,"offensive_value":0.1754826927,"defensive_value":0.0693016904,"count":74},"12":{"player_id":20929,"player_name":"Dario Dainelli","vaep_value":0.0354111623,"offensive_value":0.0650903534,"defensive_value":-0.0296791911,"count":59},"13":{"player_id":21288,"player_name":"Perparim Hetemaj","vaep_value":0.301579644,"offensive_value":0.2842806479,"defensive_value":0.0172989961,"count":96},"14":{"player_id":21291,"player_name":"Fabrizio Cacciatore","vaep_value":0.3463785648,"offensive_value":0.3676100347,"defensive_value":-0.0212314699,"count":55},"15":{"player_id":21438,"player_name":"Valter Birsa","vaep_value":-0.2663586001,"offensive_value":-0.2734740656,"defensive_value":0.0071154655,"count":35},"16":{"player_id":21468,"player_name":"Davide Biraschi","vaep_value":0.0149071659,"offensive_value":0.043290657,"defensive_value":-0.0283834911,"count":30},"17":{"player_id":21564,"player_name":"Fabrizio Cacciatore","vaep_value":0.2345347217,"offensive_value":0.2012679542,"defensive_value":0.0332667675,"count":50},"18":{"player_id":21607,"player_name":"Stefano Sorrentino","vaep_value":0.5603265059,"offensive_value":0.5605738554,"defensive_value":-0.0002473495,"count":87},"19":{"player_id":38532,"player_name":"Alessandro Gamberini","vaep_value":0.0655220592,"offensive_value":0.1435677976,"defensive_value":-0.0780457384,"count":59},"20":{"player_id":69658,"player_name":"Nenad Tomovi\u0107","vaep_value":-0.0631605553,"offensive_value":-0.060982472,"defensive_value":-0.0021780833,"count":38},"21":{"player_id":86301,"player_name":"Samuel Bastien","vaep_value":0.1920526794,"offensive_value":0.1845948386,"defensive_value":0.0074578407,"count":70},"22":{"player_id":116269,"player_name":"Diego Sebasti\u00e1n Laxalt Su\u00e1rez","vaep_value":1.1987355219,"offensive_value":1.0363024058,"defensive_value":0.1624331161,"count":63},"23":{"player_id":127534,"player_name":"Raffaele Palladino","vaep_value":-0.2029753251,"offensive_value":-0.198868993,"defensive_value":-0.0041063321,"count":50},"24":{"player_id":206318,"player_name":"Raffaele Palladino","vaep_value":0.0543349873,"offensive_value":0.0970289935,"defensive_value":-0.0426940062,"count":91},"25":{"player_id":238832,"player_name":"Samuel Bastien","vaep_value":0.0168408842,"offensive_value":0.0193955607,"defensive_value":-0.0025546765,"count":7},"26":{"player_id":278813,"player_name":"Samuel Bastien","vaep_value":0.2372924711,"offensive_value":0.0366874731,"defensive_value":0.200604998,"count":30},"27":{"player_id":415809,"player_name":"Valter Birsa","vaep_value":0.0290012464,"offensive_value":0.0241294457,"defensive_value":0.0048718008,"count":17},"28":{"player_id":481329,"player_name":"Fabrizio Cacciatore","vaep_value":-0.1552447308,"offensive_value":-0.1471499049,"defensive_value":-0.0080948259,"count":24}}