{"0":{"player_id":0,"player_name":"Christian Benteke Liolo","vaep_value":0.0178394499,"offensive_value":0.0298056877,"defensive_value":-0.0119662378,"count":5},"1":{"player_id":173,"player_name":"James McArthur","vaep_value":-0.088003299,"offensive_value":-0.0331116049,"defensive_value":-0.0548916941,"count":18},"2":{"player_id":454,"player_name":"Patrick  van Aanholt","vaep_value":0.1517683159,"offensive_value":0.1841703132,"defensive_value":-0.0324019972,"count":59},"3":{"player_id":7988,"player_name":"Jeffrey  Schlupp","vaep_value":-0.0517320688,"offensive_value":-0.1053103948,"defensive_value":0.053578326,"count":46},"4":{"player_id":8290,"player_name":"Mamadou Sakho","vaep_value":-0.0064638299,"offensive_value":0.0070902817,"defensive_value":-0.0135541116,"count":41},"5":{"player_id":8422,"player_name":"Christopher Schindler","vaep_value":0.3690061333,"offensive_value":0.3560095243,"defensive_value":0.012996609,"count":40},"6":{"player_id":8425,"player_name":"Aaron Mooy","vaep_value":0.0467686612,"offensive_value":0.1475617893,"defensive_value":-0.1007931281,"count":31},"7":{"player_id":8471,"player_name":"Aaron Mooy","vaep_value":0.2228245198,"offensive_value":0.2767240736,"defensive_value":-0.0538995537,"count":57},"8":{"player_id":8501,"player_name":"Aaron Wan-Bissaka","vaep_value":-0.0213980011,"offensive_value":-0.0130217585,"defensive_value":-0.0083762426,"count":6},"9":{"player_id":8554,"player_name":"James McArthur","vaep_value":1.0436959568,"offensive_value":0.9922048089,"defensive_value":0.0514911478,"count":42},"10":{"player_id":8623,"player_name":"James McArthur","vaep_value":-0.1699255323,"offensive_value":-0.2675133091,"defensive_value":0.0975877768,"count":64},"11":{"player_id":8897,"player_name":"Andros Townsend","vaep_value":0.1229182392,"offensive_value":0.0810622214,"defensive_value":0.0418560178,"count":82},"12":{"player_id":9280,"player_name":"Andros Townsend","vaep_value":0.0401139929,"offensive_value":0.0504512486,"defensive_value":-0.0103372557,"count":45},"13":{"player_id":9419,"player_name":"Florent Hadergjonaj","vaep_value":0.0191937251,"offensive_value":-0.0118932824,"defensive_value":0.0310870075,"count":33},"14":{"player_id":14796,"player_name":"Luka Milivojevi\u0107","vaep_value":0.0420004198,"offensive_value":0.0172507007,"defensive_value":0.0247497191,"count":54},"15":{"player_id":15215,"player_name":"James McArthur","vaep_value":0.2049969065,"offensive_value":0.1273982592,"defensive_value":0.0775986472,"count":57},"16":{"player_id":16122,"player_name":"Jonathan Hogg","vaep_value":-0.0113379109,"offensive_value":-0.0005658077,"defensive_value":-0.0107721032,"count":11},"17":{"player_id":16436,"player_name":"James McArthur","vaep_value":0.0648696917,"offensive_value":-0.0244621792,"defensive_value":0.0893318709,"count":45},"18":{"player_id":25430,"player_name":"Scott Malone","vaep_value":0.0643905838,"offensive_value":0.097029202,"defensive_value":-0.0326386183,"count":41},"19":{"player_id":38031,"player_name":"Jonathan Hogg","vaep_value":-0.1425418786,"offensive_value":-0.1256507102,"defensive_value":-0.0168911684,"count":40},"20":{"player_id":55979,"player_name":"Florent Hadergjonaj","vaep_value":-0.1971823733,"offensive_value":0.1930811008,"defensive_value":-0.3902634741,"count":62},"21":{"player_id":56038,"player_name":"Tom Ince","vaep_value":0.2746651121,"offensive_value":0.0775071036,"defensive_value":0.1971580086,"count":33},"22":{"player_id":62389,"player_name":"Aaron Wan-Bissaka","vaep_value":0.1943529182,"offensive_value":0.1846593272,"defensive_value":0.009693591,"count":92},"23":{"player_id":127537,"player_name":"Wayne  Hennessey","vaep_value":0.2006526323,"offensive_value":0.238435126,"defensive_value":-0.0377824937,"count":55},"24":{"player_id":214654,"player_name":"Mathias Jattah-Njie J\u00f8rgensen","vaep_value":-0.036263409,"offensive_value":-0.0502272602,"defensive_value":0.0139638513,"count":32},"25":{"player_id":235555,"player_name":"Jeffrey  Schlupp","vaep_value":-0.0238444622,"offensive_value":-0.0219602911,"defensive_value":-0.0018841711,"count":2},"26":{"player_id":282550,"player_name":"James McArthur","vaep_value":0.2008253734,"offensive_value":0.2424558381,"defensive_value":-0.0416304647,"count":87},"27":{"player_id":486252,"player_name":"Jonas L\u00f6ssl","vaep_value":0.5489297318,"offensive_value":0.5149454986,"defensive_value":0.0339842332,"count":87}}