{"0":{"player_id":0,"player_name":"Thomas Mangani","vaep_value":0.2219887255,"offensive_value":0.231686973,"defensive_value":-0.0096982475,"count":9},"1":{"player_id":25503,"player_name":"Mateo Pavlovi\u0107","vaep_value":0.0775395189,"offensive_value":0.0735810597,"defensive_value":0.0039584592,"count":35},"2":{"player_id":25716,"player_name":"Prince Oniangu\u00e9","vaep_value":0.1013803681,"offensive_value":0.1352137302,"defensive_value":-0.033833362,"count":48},"3":{"player_id":25809,"player_name":"Vincent Manceau","vaep_value":-0.0189410903,"offensive_value":0.002408931,"defensive_value":-0.0213500214,"count":34},"4":{"player_id":25919,"player_name":"Prince Oniangu\u00e9","vaep_value":-0.0064709159,"offensive_value":0.0310439492,"defensive_value":-0.037514865,"count":36},"5":{"player_id":26086,"player_name":"Mateo Pavlovi\u0107","vaep_value":0.3033337381,"offensive_value":0.0525798292,"defensive_value":0.2507539089,"count":48},"6":{"player_id":26120,"player_name":"Abdoulaye Bamba","vaep_value":0.3305283752,"offensive_value":0.3911795267,"defensive_value":-0.0606511516,"count":109},"7":{"player_id":26138,"player_name":"Mateo Pavlovi\u0107","vaep_value":0.1596487327,"offensive_value":0.0901515865,"defensive_value":0.0694971463,"count":44},"8":{"player_id":26265,"player_name":"Baptiste Santamaria","vaep_value":0.1295816186,"offensive_value":0.1284026392,"defensive_value":0.0011789794,"count":81},"9":{"player_id":26368,"player_name":"Abdoulaye Bamba","vaep_value":0.1116853834,"offensive_value":0.1211485483,"defensive_value":-0.009463165,"count":91},"10":{"player_id":26508,"player_name":"Thomas Mangani","vaep_value":0.3566463814,"offensive_value":0.1677088912,"defensive_value":0.1889374902,"count":69},"11":{"player_id":26512,"player_name":"Flavien Tait","vaep_value":0.1546326525,"offensive_value":0.1876824739,"defensive_value":-0.0330498214,"count":45},"12":{"player_id":26539,"player_name":"Jonathan Rivierez","vaep_value":-0.0151257958,"offensive_value":-0.0132545712,"defensive_value":-0.0018712246,"count":42},"13":{"player_id":26638,"player_name":"Thomas Mangani","vaep_value":-0.0815964665,"offensive_value":-0.048297351,"defensive_value":-0.0332991155,"count":43},"14":{"player_id":26869,"player_name":"Karl Toko Ekambi","vaep_value":0.1793393337,"offensive_value":0.0437589756,"defensive_value":0.1355803581,"count":27},"15":{"player_id":27646,"player_name":"Karl Toko Ekambi","vaep_value":-0.0362243531,"offensive_value":-0.0257247449,"defensive_value":-0.0104996082,"count":60},"16":{"player_id":27959,"player_name":"Eiji Kawashima","vaep_value":-0.0300863353,"offensive_value":-0.0172995692,"defensive_value":-0.012786766,"count":10},"17":{"player_id":30437,"player_name":"Baptiste Santamaria","vaep_value":0.8310330031,"offensive_value":0.8304006967,"defensive_value":0.0006323063,"count":40},"18":{"player_id":37896,"player_name":"Baptiste Santamaria","vaep_value":0.0907970616,"offensive_value":0.1689027967,"defensive_value":-0.0781057351,"count":38},"19":{"player_id":69525,"player_name":"Thomas Mangani","vaep_value":0.9803917023,"offensive_value":0.9220911063,"defensive_value":0.058300596,"count":96},"20":{"player_id":86486,"player_name":"Vahid Selimovic","vaep_value":0.0555916596,"offensive_value":0.026298109,"defensive_value":0.0292935506,"count":14},"21":{"player_id":209209,"player_name":"Baptiste Santamaria","vaep_value":0.9333153594,"offensive_value":0.953877398,"defensive_value":-0.0205620386,"count":88},"22":{"player_id":274344,"player_name":"Pierrick Capelle","vaep_value":0.2349529933,"offensive_value":0.1197269094,"defensive_value":0.1152260839,"count":67},"23":{"player_id":290119,"player_name":"Pierrick Capelle","vaep_value":0.1080684578,"offensive_value":0.0947951553,"defensive_value":0.0132733025,"count":69},"24":{"player_id":347205,"player_name":"Thomas Mangani","vaep_value":-0.0500494555,"offensive_value":-0.0536985284,"defensive_value":0.003649073,"count":5},"25":{"player_id":366563,"player_name":"Mateo Pavlovi\u0107","vaep_value":0.2092101849,"offensive_value":0.1333079661,"defensive_value":0.0759022188,"count":58},"26":{"player_id":366760,"player_name":"Thomas Mangani","vaep_value":-0.0168130054,"offensive_value":-0.0375771653,"defensive_value":0.0207641599,"count":19},"27":{"player_id":487983,"player_name":"Abdoulaye Bamba","vaep_value":-0.0008416311,"offensive_value":0.0029367574,"defensive_value":-0.0037783885,"count":5},"28":{"player_id":498357,"player_name":"Mateo Pavlovi\u0107","vaep_value":-0.0574722604,"offensive_value":-0.0139776571,"defensive_value":-0.0434946034,"count":2}}