{"0":{"player_id":0,"player_name":"Du\u0161an Tadi\u0107","vaep_value":-0.0516025806,"offensive_value":0.0118374717,"defensive_value":-0.0634400523,"count":3},"1":{"player_id":179,"player_name":"Du\u0161an Tadi\u0107","vaep_value":0.0856037807,"offensive_value":0.0012273273,"defensive_value":0.0843764534,"count":6},"2":{"player_id":383,"player_name":"Jack Stephens","vaep_value":0.2662577749,"offensive_value":0.2288868129,"defensive_value":0.037370962,"count":42},"3":{"player_id":7847,"player_name":"Charlie Austin","vaep_value":0.0698683376,"offensive_value":0.1020620624,"defensive_value":-0.0321937248,"count":45},"4":{"player_id":7885,"player_name":"Charlie Austin","vaep_value":0.0836295232,"offensive_value":0.1022219047,"defensive_value":-0.0185923815,"count":38},"5":{"player_id":7899,"player_name":"Jack Stephens","vaep_value":0.1022302035,"offensive_value":0.0584233586,"defensive_value":0.0438068449,"count":68},"6":{"player_id":8116,"player_name":"Jack Stephens","vaep_value":0.0110125912,"offensive_value":-0.0198354601,"defensive_value":0.0308480513,"count":38},"7":{"player_id":8136,"player_name":"Wesley Hoedt","vaep_value":0.1310251715,"offensive_value":0.0592692081,"defensive_value":0.0717559634,"count":56},"8":{"player_id":8192,"player_name":"Kyle Naughton","vaep_value":0.1226075848,"offensive_value":0.0948868589,"defensive_value":0.0277207259,"count":45},"9":{"player_id":8336,"player_name":"Kyle Naughton","vaep_value":0.126813149,"offensive_value":0.1068521263,"defensive_value":0.0199610227,"count":63},"10":{"player_id":8384,"player_name":"Du\u0161an Tadi\u0107","vaep_value":0.0169538266,"offensive_value":0.0114381369,"defensive_value":0.0055156897,"count":10},"11":{"player_id":8498,"player_name":null,"vaep_value":0.1809284267,"offensive_value":0.1560385717,"defensive_value":0.0248898549,"count":48},"12":{"player_id":8580,"player_name":"Alfie Mawson","vaep_value":-0.0046573613,"offensive_value":0.127573947,"defensive_value":-0.1322313083,"count":29},"13":{"player_id":8953,"player_name":"Alex McCarthy","vaep_value":-0.1102682112,"offensive_value":-0.1271650204,"defensive_value":0.0168968092,"count":35},"14":{"player_id":8976,"player_name":"Connor Roberts","vaep_value":0.0233595531,"offensive_value":0.004216619,"defensive_value":0.0191429341,"count":9},"15":{"player_id":10252,"player_name":"Pierre-Emile H\u00f8jbjerg","vaep_value":-0.0491689564,"offensive_value":-0.026180426,"defensive_value":-0.0229885305,"count":40},"16":{"player_id":20857,"player_name":"Jan Bednarek","vaep_value":0.9817140951,"offensive_value":0.9759966526,"defensive_value":0.0057174425,"count":20},"17":{"player_id":21164,"player_name":"Jack Stephens","vaep_value":0.2229366266,"offensive_value":0.1228046239,"defensive_value":0.1001320027,"count":51},"18":{"player_id":25571,"player_name":"Wesley Hoedt","vaep_value":0.0917276299,"offensive_value":0.0645390709,"defensive_value":0.0271885589,"count":45},"19":{"player_id":25572,"player_name":"Nathan Redmond","vaep_value":-0.110618311,"offensive_value":0.0398183075,"defensive_value":-0.1504366185,"count":31},"20":{"player_id":61962,"player_name":"Wesley Hoedt","vaep_value":0.2822683095,"offensive_value":0.2785893472,"defensive_value":0.0036789622,"count":66},"21":{"player_id":70389,"player_name":"Ryan Bertrand","vaep_value":0.0552941664,"offensive_value":0.1404387271,"defensive_value":-0.0851445607,"count":51},"22":{"player_id":135114,"player_name":"Ryan Bertrand","vaep_value":0.1143967104,"offensive_value":0.1237407271,"defensive_value":-0.0093440167,"count":66},"23":{"player_id":240032,"player_name":"\u0141ukasz Fabia\u0144ski","vaep_value":0.1276702039,"offensive_value":0.0855376147,"defensive_value":0.0421325893,"count":35},"24":{"player_id":246866,"player_name":"Jordan Ayew","vaep_value":0.2448473492,"offensive_value":0.06962285,"defensive_value":0.1752244992,"count":66},"25":{"player_id":268776,"player_name":"Jordan Ayew","vaep_value":0.1835726289,"offensive_value":0.106622635,"defensive_value":0.0769499938,"count":54},"26":{"player_id":297733,"player_name":"Oriol Romeu Vidal","vaep_value":0.0372586553,"offensive_value":0.0362308938,"defensive_value":0.0010277615,"count":5},"27":{"player_id":343951,"player_name":"Jordan Ayew","vaep_value":-0.0358390018,"offensive_value":-0.0223927875,"defensive_value":-0.0134462143,"count":9},"28":{"player_id":386197,"player_name":"Oriol Romeu Vidal","vaep_value":0.1166452212,"offensive_value":0.1353095074,"defensive_value":-0.0186642861,"count":63}}