{"0":{"player_id":0,"player_name":"Marcus Thuram","vaep_value":0.0768698286,"offensive_value":-0.0387987955,"defensive_value":0.1156686242,"count":10},"1":{"player_id":25411,"player_name":"\u00c9tienne Didot","vaep_value":-0.0326538989,"offensive_value":0.0095418611,"defensive_value":-0.0421957601,"count":25},"2":{"player_id":25474,"player_name":"Yoann Andreu","vaep_value":0.9138850076,"offensive_value":0.9027402108,"defensive_value":0.0111447969,"count":22},"3":{"player_id":25526,"player_name":"Yoann Andreu","vaep_value":0.1949997665,"offensive_value":0.1364282769,"defensive_value":0.0585714896,"count":64},"4":{"player_id":25800,"player_name":"Jonathan Martins-Pereira","vaep_value":0.1561856979,"offensive_value":0.1142248246,"defensive_value":0.0419608733,"count":50},"5":{"player_id":25805,"player_name":"Mehdi Jean Tahrat","vaep_value":0.5415442191,"offensive_value":0.5150250265,"defensive_value":0.0265191926,"count":63},"6":{"player_id":25846,"player_name":"Mehdi Jean Tahrat","vaep_value":0.0346667917,"offensive_value":0.0121608565,"defensive_value":0.0225059352,"count":76},"7":{"player_id":25883,"player_name":"Mehdi Jean Tahrat","vaep_value":0.1078620255,"offensive_value":0.0650412494,"defensive_value":0.0428207761,"count":26},"8":{"player_id":25939,"player_name":"Thomas Mangani","vaep_value":-0.026246235,"offensive_value":-0.0276669054,"defensive_value":0.0014206704,"count":9},"9":{"player_id":25943,"player_name":"Thomas Mangani","vaep_value":0.1010760888,"offensive_value":0.1287666118,"defensive_value":-0.027690523,"count":43},"10":{"player_id":26044,"player_name":"Karl Toko Ekambi","vaep_value":-0.1953050974,"offensive_value":-0.193818633,"defensive_value":-0.0014864644,"count":15},"11":{"player_id":26120,"player_name":"Karl Toko Ekambi","vaep_value":0.4355505104,"offensive_value":0.4764045698,"defensive_value":-0.0408540594,"count":98},"12":{"player_id":26265,"player_name":"Karl Toko Ekambi","vaep_value":0.119831322,"offensive_value":0.1788980212,"defensive_value":-0.0590666992,"count":67},"13":{"player_id":26314,"player_name":"Karl Toko Ekambi","vaep_value":-0.1107269003,"offensive_value":-0.0493289215,"defensive_value":-0.0613979788,"count":32},"14":{"player_id":26547,"player_name":"Yoann Andreu","vaep_value":0.0985772454,"offensive_value":0.0994999307,"defensive_value":-0.0009226853,"count":9},"15":{"player_id":26604,"player_name":"Romain Thomas","vaep_value":0.0471150566,"offensive_value":0.0991832803,"defensive_value":-0.0520682237,"count":28},"16":{"player_id":26638,"player_name":"Romain Thomas","vaep_value":-0.0308757096,"offensive_value":-0.0006608064,"defensive_value":-0.0302149032,"count":41},"17":{"player_id":26938,"player_name":"Mateo Pavlovi\u0107","vaep_value":0.0844261476,"offensive_value":0.1099120276,"defensive_value":-0.02548588,"count":23},"18":{"player_id":28364,"player_name":"Mateo Pavlovi\u0107","vaep_value":0.1030130706,"offensive_value":0.0771113101,"defensive_value":0.0259017606,"count":80},"19":{"player_id":29474,"player_name":"Franck Tabanou","vaep_value":0.0473093794,"offensive_value":-0.0263403073,"defensive_value":0.0736496868,"count":63},"20":{"player_id":50771,"player_name":"Lucas Deaux","vaep_value":0.0998145833,"offensive_value":0.1845741449,"defensive_value":-0.0847595616,"count":29},"21":{"player_id":69525,"player_name":"Lucas Deaux","vaep_value":0.1640057088,"offensive_value":0.0237180246,"defensive_value":0.1402876842,"count":61},"22":{"player_id":209209,"player_name":"Vincent Manceau","vaep_value":-0.0454606394,"offensive_value":-0.0493740668,"defensive_value":0.0039134274,"count":47},"23":{"player_id":253784,"player_name":"Franck Tabanou","vaep_value":-0.0283455341,"offensive_value":-0.0273840749,"defensive_value":-0.0009614592,"count":2},"24":{"player_id":275032,"player_name":"Franck Tabanou","vaep_value":-0.1081918824,"offensive_value":-0.0969853789,"defensive_value":-0.0112065035,"count":17},"25":{"player_id":286915,"player_name":"Franck Tabanou","vaep_value":-0.0748469075,"offensive_value":-0.0717051104,"defensive_value":-0.0031417971,"count":3},"26":{"player_id":301017,"player_name":null,"vaep_value":-0.0866878406,"offensive_value":-0.0454510057,"defensive_value":-0.0412368349,"count":32},"27":{"player_id":330387,"player_name":null,"vaep_value":-0.0157413657,"offensive_value":-0.0084969008,"defensive_value":-0.0072444649,"count":3},"28":{"player_id":366760,"player_name":null,"vaep_value":0.3678664399,"offensive_value":0.1818415573,"defensive_value":0.1860248826,"count":45}}