{"0":{"player_id":0,"player_name":"Romain Amalfitano","vaep_value":0.0741857605,"offensive_value":0.1078066162,"defensive_value":-0.0336208558,"count":15},"1":{"player_id":3308,"player_name":"Jordan Mari\u00e9","vaep_value":0.0879341462,"offensive_value":0.0540921354,"defensive_value":0.0338420108,"count":62},"2":{"player_id":14945,"player_name":"Oussama Haddadi","vaep_value":0.3358528097,"offensive_value":0.3505110082,"defensive_value":-0.0146581985,"count":41},"3":{"player_id":25457,"player_name":"\u00c1d\u00e1m Lang","vaep_value":0.9453729886,"offensive_value":0.9351562511,"defensive_value":0.0102167375,"count":93},"4":{"player_id":25786,"player_name":"C\u00e9dric Yamber\u00e9","vaep_value":0.3140138226,"offensive_value":0.0376160534,"defensive_value":0.2763977692,"count":64},"5":{"player_id":25829,"player_name":"\u00c1d\u00e1m Lang","vaep_value":0.1844303628,"offensive_value":0.19871184,"defensive_value":-0.0142814772,"count":67},"6":{"player_id":26008,"player_name":"Jordan Mari\u00e9","vaep_value":0.014711561,"offensive_value":0.0140788369,"defensive_value":0.0006327241,"count":3},"7":{"player_id":26016,"player_name":"Oussama Haddadi","vaep_value":0.12358191,"offensive_value":0.0909101432,"defensive_value":0.0326717668,"count":33},"8":{"player_id":26100,"player_name":"Nordi Mukiele Mulere","vaep_value":-0.0265531835,"offensive_value":-0.0283859397,"defensive_value":0.0018327562,"count":59},"9":{"player_id":26124,"player_name":"Pedro Filipe Teod\u00f3sio Mendes","vaep_value":1.7844090579,"offensive_value":1.8120294285,"defensive_value":-0.0276203706,"count":23},"10":{"player_id":26311,"player_name":"\u00c1d\u00e1m Lang","vaep_value":0.0850578852,"offensive_value":0.0535804961,"defensive_value":0.031477389,"count":63},"11":{"player_id":26365,"player_name":"Oussama Haddadi","vaep_value":0.2182603945,"offensive_value":0.1721484957,"defensive_value":0.0461118988,"count":50},"12":{"player_id":27354,"player_name":"\u00c1d\u00e1m Lang","vaep_value":-0.0250206733,"offensive_value":-0.0212430356,"defensive_value":-0.0037776377,"count":15},"13":{"player_id":29748,"player_name":"C\u00e9dric Yamber\u00e9","vaep_value":0.1196151259,"offensive_value":0.0893676787,"defensive_value":0.0302474472,"count":48},"14":{"player_id":30427,"player_name":"Romain Amalfitano","vaep_value":0.0193717048,"offensive_value":0.0015237462,"defensive_value":0.0178479587,"count":54},"15":{"player_id":76201,"player_name":"Benjamin Lecomte","vaep_value":0.0559078591,"offensive_value":0.0916489155,"defensive_value":-0.0357410564,"count":73},"16":{"player_id":116345,"player_name":"Daniel Congr\u00e9","vaep_value":0.0065435708,"offensive_value":0.0023011132,"defensive_value":0.0042424576,"count":32},"17":{"player_id":120717,"player_name":"Giovanni-Guy Yann Sio","vaep_value":0.2092806119,"offensive_value":0.1908137263,"defensive_value":0.0184668856,"count":64},"18":{"player_id":143189,"player_name":"C\u00e9dric Yamber\u00e9","vaep_value":-0.1134653114,"offensive_value":-0.1136602052,"defensive_value":0.0001948938,"count":24},"19":{"player_id":149054,"player_name":"Baptiste Reynet","vaep_value":0.0322699222,"offensive_value":0.0421942224,"defensive_value":-0.0099243002,"count":37},"20":{"player_id":215036,"player_name":"C\u00e9dric Yamber\u00e9","vaep_value":0.2410138408,"offensive_value":0.2221474458,"defensive_value":0.018866395,"count":68},"21":{"player_id":244335,"player_name":"C\u00e9dric Yamber\u00e9","vaep_value":0.0533313226,"offensive_value":0.0551896339,"defensive_value":-0.0018583114,"count":36},"22":{"player_id":256084,"player_name":"\u00c1d\u00e1m Lang","vaep_value":0.0430085731,"offensive_value":0.0171360383,"defensive_value":0.0258725348,"count":18},"23":{"player_id":276983,"player_name":"Jordan Mari\u00e9","vaep_value":0.1116157434,"offensive_value":0.1524883813,"defensive_value":-0.0408726379,"count":34},"24":{"player_id":335763,"player_name":"C\u00e9dric Yamber\u00e9","vaep_value":-0.0156118691,"offensive_value":-0.0268006128,"defensive_value":0.0111887438,"count":16},"25":{"player_id":341973,"player_name":"J\u00e9r\u00f4me Roussillon","vaep_value":-0.1364050355,"offensive_value":-0.1207947201,"defensive_value":-0.0156103154,"count":80},"26":{"player_id":344744,"player_name":"Chang-Hoon Kwon","vaep_value":-0.0112964893,"offensive_value":0.0027318886,"defensive_value":-0.0140283778,"count":15},"27":{"player_id":393214,"player_name":"J\u00e9r\u00f4me Roussillon","vaep_value":0.0425281872,"offensive_value":0.0485120188,"defensive_value":-0.0059838316,"count":13}}