{"0":{"player_id":0,"player_name":"Gianmarco Ferrari","vaep_value":-0.0048965449,"offensive_value":0.0303721158,"defensive_value":-0.0352686606,"count":15},"1":{"player_id":20478,"player_name":"Ivan Strini\u0107","vaep_value":0.8906003775,"offensive_value":0.888676685,"defensive_value":0.0019236924,"count":4},"2":{"player_id":20479,"player_name":"Lucas Torreira Di Pascua","vaep_value":-0.3216558821,"offensive_value":-0.3160003121,"defensive_value":-0.00565557,"count":27},"3":{"player_id":20635,"player_name":"Lucas Torreira Di Pascua","vaep_value":-0.053137778,"offensive_value":-0.0130404467,"defensive_value":-0.0400973313,"count":31},"4":{"player_id":20689,"player_name":"Mat\u00edas Agust\u00edn Silvestre","vaep_value":-0.0468063672,"offensive_value":-0.0227251208,"defensive_value":-0.0240812465,"count":57},"5":{"player_id":20802,"player_name":"Bartosz Bereszy\u0144ski","vaep_value":0.0790028359,"offensive_value":0.0463230659,"defensive_value":0.03267977,"count":36},"6":{"player_id":20811,"player_name":"Duv\u00e1n Esteban Zapata Banguera","vaep_value":0.1259083246,"offensive_value":0.0736220411,"defensive_value":0.0522862835,"count":64},"7":{"player_id":20816,"player_name":"\u00c9dgar Osvaldo Barreto C\u00e1ceres","vaep_value":0.3195943062,"offensive_value":0.3280703776,"defensive_value":-0.0084760714,"count":57},"8":{"player_id":20832,"player_name":"Francesco Magnanelli","vaep_value":0.0689994349,"offensive_value":0.11815554,"defensive_value":-0.049156105,"count":41},"9":{"player_id":20842,"player_name":"\u00c9dgar Osvaldo Barreto C\u00e1ceres","vaep_value":-0.0874973349,"offensive_value":0.1629391772,"defensive_value":-0.2504365122,"count":44},"10":{"player_id":21162,"player_name":"Simone Missiroli","vaep_value":0.0123561269,"offensive_value":-0.00034417,"defensive_value":0.0127002969,"count":2},"11":{"player_id":21376,"player_name":"Simone Missiroli","vaep_value":0.01172026,"offensive_value":0.0218733572,"defensive_value":-0.0101530972,"count":15},"12":{"player_id":21861,"player_name":"Bartosz Bereszy\u0144ski","vaep_value":-0.2051298763,"offensive_value":-0.1806911137,"defensive_value":-0.0244387626,"count":26},"13":{"player_id":22162,"player_name":"Francesco Acerbi","vaep_value":0.2239455788,"offensive_value":0.2258640024,"defensive_value":-0.0019184236,"count":47},"14":{"player_id":22163,"player_name":"Diego Falcinelli","vaep_value":0.1254393556,"offensive_value":0.0772809675,"defensive_value":0.0481583881,"count":52},"15":{"player_id":22270,"player_name":"Diego Falcinelli","vaep_value":-0.202102747,"offensive_value":0.1948838208,"defensive_value":-0.3969865679,"count":85},"16":{"player_id":22383,"player_name":"Emiliano Viviano","vaep_value":-0.0005814381,"offensive_value":-0.0203063917,"defensive_value":0.0197249536,"count":42},"17":{"player_id":22699,"player_name":"\u00c9dgar Osvaldo Barreto C\u00e1ceres","vaep_value":0.0229932914,"offensive_value":0.0490210372,"defensive_value":-0.0260277458,"count":7},"18":{"player_id":37739,"player_name":"Bartosz Bereszy\u0144ski","vaep_value":0.1610712598,"offensive_value":0.1464230445,"defensive_value":0.0146482153,"count":69},"19":{"player_id":86243,"player_name":"Mat\u00edas Agust\u00edn Silvestre","vaep_value":-0.3775384598,"offensive_value":-0.3072529808,"defensive_value":-0.0702854791,"count":22},"20":{"player_id":99833,"player_name":"Bartosz Bereszy\u0144ski","vaep_value":0.43731438,"offensive_value":0.4029632948,"defensive_value":0.0343510852,"count":100},"21":{"player_id":105361,"player_name":"Duv\u00e1n Esteban Zapata Banguera","vaep_value":0.0606826737,"offensive_value":0.1476328772,"defensive_value":-0.0869502035,"count":88},"22":{"player_id":208696,"player_name":"\u00c9dgar Osvaldo Barreto C\u00e1ceres","vaep_value":-0.7868866499,"offensive_value":-0.6122313125,"defensive_value":-0.1746553374,"count":44},"23":{"player_id":209400,"player_name":"Pol Mikel Lirola Kosok","vaep_value":0.1237974453,"offensive_value":0.1462919395,"defensive_value":-0.0224944942,"count":41},"24":{"player_id":240042,"player_name":"Gianmarco Ferrari","vaep_value":-0.0086444638,"offensive_value":-0.0075930902,"defensive_value":-0.0010513737,"count":4},"25":{"player_id":246059,"player_name":"Lucas Torreira Di Pascua","vaep_value":-0.1482635696,"offensive_value":0.00332304,"defensive_value":-0.1515866095,"count":28},"26":{"player_id":333571,"player_name":"Dennis Praet","vaep_value":0.1473864941,"offensive_value":0.0823752216,"defensive_value":0.0650112726,"count":86},"27":{"player_id":354123,"player_name":"Lucas Torreira Di Pascua","vaep_value":0.2249465327,"offensive_value":0.1453632321,"defensive_value":0.0795833006,"count":64}}