{"0":{"player_id":0,"player_name":"Alexandre Lacazette","vaep_value":-0.0021413504,"offensive_value":0.0057069161,"defensive_value":-0.0078482665,"count":1},"1":{"player_id":370,"player_name":"Per Mertesacker","vaep_value":0.3128394889,"offensive_value":0.1256234453,"defensive_value":0.1872160436,"count":41},"2":{"player_id":383,"player_name":"Ignacio Monreal Eraso","vaep_value":0.0094453992,"offensive_value":-0.0002636951,"defensive_value":0.0097090943,"count":38},"3":{"player_id":703,"player_name":"Petr \u010cech","vaep_value":0.0338459811,"offensive_value":0.0245016348,"defensive_value":0.0093443464,"count":28},"4":{"player_id":3319,"player_name":"James  Ward-Prowse","vaep_value":0.722944127,"offensive_value":0.7326520225,"defensive_value":-0.0097078955,"count":113},"5":{"player_id":3361,"player_name":"Aaron Ramsey","vaep_value":0.1350986894,"offensive_value":0.203795058,"defensive_value":-0.0686963686,"count":83},"6":{"player_id":3560,"player_name":"Aaron Ramsey","vaep_value":0.1827161714,"offensive_value":0.1525072148,"defensive_value":0.0302089566,"count":102},"7":{"player_id":7855,"player_name":"Granit Xhaka","vaep_value":0.1021986518,"offensive_value":0.1104346114,"defensive_value":-0.0082359597,"count":104},"8":{"player_id":7856,"player_name":"Mesut \u00d6zil","vaep_value":0.2220477326,"offensive_value":0.1143935057,"defensive_value":0.1076542268,"count":52},"9":{"player_id":7870,"player_name":"Laurent Koscielny","vaep_value":-0.0086634745,"offensive_value":0.0211154361,"defensive_value":-0.0297789106,"count":65},"10":{"player_id":7873,"player_name":"Ignacio Monreal Eraso","vaep_value":0.1534673355,"offensive_value":0.1523385304,"defensive_value":0.0011288051,"count":35},"11":{"player_id":7882,"player_name":"Alexis Alejandro S\u00e1nchez S\u00e1nchez","vaep_value":0.3817507121,"offensive_value":0.0646359345,"defensive_value":0.3171147775,"count":43},"12":{"player_id":7885,"player_name":"Oriol Romeu Vidal","vaep_value":0.2746983132,"offensive_value":0.0969730247,"defensive_value":0.1777252885,"count":60},"13":{"player_id":7899,"player_name":"James  Ward-Prowse","vaep_value":0.4547971354,"offensive_value":0.1009231538,"defensive_value":0.3538739816,"count":75},"14":{"player_id":7945,"player_name":"Ignacio Monreal Eraso","vaep_value":-0.0804853725,"offensive_value":-0.086686493,"defensive_value":0.0062011206,"count":12},"15":{"player_id":8116,"player_name":"Laurent Koscielny","vaep_value":0.2093973063,"offensive_value":0.1878302938,"defensive_value":0.0215670125,"count":53},"16":{"player_id":8136,"player_name":"Per Mertesacker","vaep_value":0.3622379925,"offensive_value":0.202925854,"defensive_value":0.1593121385,"count":56},"17":{"player_id":8144,"player_name":"Ignacio Monreal Eraso","vaep_value":-0.0391540217,"offensive_value":-0.0496219822,"defensive_value":0.0104679605,"count":37},"18":{"player_id":8953,"player_name":"Per Mertesacker","vaep_value":0.8612083561,"offensive_value":0.8665099265,"defensive_value":-0.0053015704,"count":36},"19":{"player_id":14869,"player_name":"Laurent Koscielny","vaep_value":-0.1827413128,"offensive_value":-0.1509623969,"defensive_value":-0.0317789159,"count":73},"20":{"player_id":20857,"player_name":"H\u00e9ctor Beller\u00edn Moruno","vaep_value":-0.0024427015,"offensive_value":0.0026308231,"defensive_value":-0.0050735245,"count":1},"21":{"player_id":25413,"player_name":"Laurent Koscielny","vaep_value":-0.0435305358,"offensive_value":-0.0369511604,"defensive_value":-0.0065793754,"count":31},"22":{"player_id":26010,"player_name":"Per Mertesacker","vaep_value":0.8724759694,"offensive_value":0.8738515798,"defensive_value":-0.0013756105,"count":3},"23":{"player_id":49876,"player_name":"Ignacio Monreal Eraso","vaep_value":0.2185395233,"offensive_value":0.2802144692,"defensive_value":-0.0616749459,"count":111},"24":{"player_id":61941,"player_name":"Per Mertesacker","vaep_value":0.1145003273,"offensive_value":0.1761473506,"defensive_value":-0.0616470233,"count":25},"25":{"player_id":61988,"player_name":"Petr \u010cech","vaep_value":0.000465729,"offensive_value":-0.0007569073,"defensive_value":0.0012226363,"count":2},"26":{"player_id":135114,"player_name":"Virgil van Dijk","vaep_value":0.2221407843,"offensive_value":0.0204872664,"defensive_value":0.2016535179,"count":80},"27":{"player_id":167145,"player_name":"Virgil van Dijk","vaep_value":0.1512024248,"offensive_value":0.1349828689,"defensive_value":0.016219556,"count":90},"28":{"player_id":215983,"player_name":"Oriol Romeu Vidal","vaep_value":0.0073857899,"offensive_value":0.0134715256,"defensive_value":-0.0060857357,"count":11}}