{"0":{"player_id":54,"player_name":"Antoine Griezmann","vaep_value":0.0272462614,"offensive_value":0.0589962707,"defensive_value":-0.0317500093,"count":42},"1":{"player_id":1722,"player_name":"Steven N'Kemboanza Mike Christopher N'Zonzi","vaep_value":-0.0820944518,"offensive_value":-0.0828008375,"defensive_value":0.0007063856,"count":13},"2":{"player_id":3309,"player_name":"Rapha\u00ebl Varane","vaep_value":0.0838478995,"offensive_value":-0.0164177939,"defensive_value":0.1002656934,"count":95},"3":{"player_id":3682,"player_name":"Djibril Sidib\u00e9","vaep_value":0.0590703278,"offensive_value":0.0346277989,"defensive_value":0.0244425289,"count":57},"4":{"player_id":8200,"player_name":"Rapha\u00ebl Varane","vaep_value":0.0283403462,"offensive_value":0.0406859103,"defensive_value":-0.0123455641,"count":71},"5":{"player_id":8480,"player_name":"Presnel Kimpembe","vaep_value":0.1331797311,"offensive_value":0.3066618741,"defensive_value":-0.173482143,"count":41},"6":{"player_id":20433,"player_name":"Rapha\u00ebl Varane","vaep_value":0.160510327,"offensive_value":0.1033790837,"defensive_value":0.0571312433,"count":50},"7":{"player_id":25552,"player_name":"Rapha\u00ebl Varane","vaep_value":0.1250684294,"offensive_value":0.0710780034,"defensive_value":0.053990426,"count":33},"8":{"player_id":26010,"player_name":"Djibril Sidib\u00e9","vaep_value":-0.1926405183,"offensive_value":-0.1736646083,"defensive_value":-0.01897591,"count":18},"9":{"player_id":26136,"player_name":"Rapha\u00ebl Varane","vaep_value":0.1637032302,"offensive_value":0.1423203256,"defensive_value":0.0213829046,"count":42},"10":{"player_id":26196,"player_name":"Presnel Kimpembe","vaep_value":0.0686923256,"offensive_value":0.09666397,"defensive_value":-0.0279716444,"count":111},"11":{"player_id":28115,"player_name":"Steven N'Kemboanza Mike Christopher N'Zonzi","vaep_value":0.0726304173,"offensive_value":0.0551967279,"defensive_value":0.0174336894,"count":19},"12":{"player_id":28922,"player_name":"Presnel Kimpembe","vaep_value":0.1803334562,"offensive_value":0.170373338,"defensive_value":0.0099601182,"count":66},"13":{"player_id":31528,"player_name":"Lucas  Hern\u00e1ndez Pi","vaep_value":0.295998059,"offensive_value":0.2467203723,"defensive_value":0.0492776866,"count":91},"14":{"player_id":55968,"player_name":"Thomas Lemar","vaep_value":0.0100352869,"offensive_value":0.0058807989,"defensive_value":0.004154488,"count":35},"15":{"player_id":55979,"player_name":"N'Golo Kant\u00e9","vaep_value":0.0904323169,"offensive_value":0.0416856681,"defensive_value":0.0487466488,"count":43},"16":{"player_id":55990,"player_name":"Djibril Sidib\u00e9","vaep_value":0.0458893439,"offensive_value":0.0256090421,"defensive_value":0.0202803017,"count":43},"17":{"player_id":56026,"player_name":"Ousmane Demb\u00e9l\u00e9","vaep_value":0.2133241107,"offensive_value":0.1489909117,"defensive_value":0.0643331991,"count":36},"18":{"player_id":56394,"player_name":"Djibril Sidib\u00e9","vaep_value":0.1047772733,"offensive_value":0.1773007115,"defensive_value":-0.0725234383,"count":60},"19":{"player_id":135103,"player_name":"N'Golo Kant\u00e9","vaep_value":0.2573314591,"offensive_value":-0.0439192029,"defensive_value":0.301250662,"count":43},"20":{"player_id":135150,"player_name":"Rapha\u00ebl Varane","vaep_value":0.0670098072,"offensive_value":0.0675958075,"defensive_value":-0.0005860003,"count":22},"21":{"player_id":231138,"player_name":"Presnel Kimpembe","vaep_value":0.1932307557,"offensive_value":0.1498087557,"defensive_value":0.043422,"count":92},"22":{"player_id":241945,"player_name":"Steven N'Kemboanza Mike Christopher N'Zonzi","vaep_value":0.0750641506,"offensive_value":0.0577063677,"defensive_value":0.0173577829,"count":22},"23":{"player_id":279545,"player_name":"Presnel Kimpembe","vaep_value":0.0354154078,"offensive_value":0.036259738,"defensive_value":-0.0008443302,"count":50},"24":{"player_id":281254,"player_name":"Lucas  Hern\u00e1ndez Pi","vaep_value":-0.0344734272,"offensive_value":-0.0286904294,"defensive_value":-0.0057829978,"count":8},"25":{"player_id":286390,"player_name":"Presnel Kimpembe","vaep_value":0.232278945,"offensive_value":0.2531121831,"defensive_value":-0.0208332381,"count":56},"26":{"player_id":353833,"player_name":"Steve Mandanda","vaep_value":-0.0259801685,"offensive_value":-0.0251406627,"defensive_value":-0.0008395058,"count":12}}