{"0":{"player_id":0,"player_name":"Maximiliano G\u00f3mez Gonz\u00e1lez","vaep_value":0.0191649917,"offensive_value":0.0483645783,"defensive_value":-0.0291995866,"count":25},"1":{"player_id":3277,"player_name":"Gustavo Daniel Cabral C\u00e1ceres","vaep_value":0.1332324303,"offensive_value":0.1133569635,"defensive_value":0.0198754668,"count":48},"2":{"player_id":3338,"player_name":"Sergi G\u00f3mez Sol\u00e0","vaep_value":0.4715452807,"offensive_value":0.2470382204,"defensive_value":0.2245070603,"count":82},"3":{"player_id":3428,"player_name":"Gustavo Daniel Cabral C\u00e1ceres","vaep_value":0.1016930942,"offensive_value":0.2257853835,"defensive_value":-0.1240922892,"count":28},"4":{"player_id":3529,"player_name":"Jonathan Castro Otto","vaep_value":0.462166699,"offensive_value":0.4626204765,"defensive_value":-0.0004537775,"count":61},"5":{"player_id":3542,"player_name":"Gustavo Daniel Cabral C\u00e1ceres","vaep_value":0.4465211175,"offensive_value":0.3579719303,"defensive_value":0.0885491872,"count":66},"6":{"player_id":3695,"player_name":"Sergio  Asenjo Andr\u00e9s","vaep_value":0.0710686325,"offensive_value":-0.0509946898,"defensive_value":0.1220633223,"count":33},"7":{"player_id":3821,"player_name":"Daniel Wass","vaep_value":0.1120605785,"offensive_value":0.1041861826,"defensive_value":0.0078743959,"count":40},"8":{"player_id":3827,"player_name":"Manuel Trigueros Mu\u00f1oz","vaep_value":0.123420156,"offensive_value":0.1631741845,"defensive_value":-0.0397540285,"count":53},"9":{"player_id":3916,"player_name":"Daniel Wass","vaep_value":0.447579204,"offensive_value":0.1634669577,"defensive_value":0.2841122462,"count":88},"10":{"player_id":4424,"player_name":"Maximiliano G\u00f3mez Gonz\u00e1lez","vaep_value":0.2351523009,"offensive_value":0.152586497,"defensive_value":0.0825658039,"count":97},"11":{"player_id":4513,"player_name":"Jozabed S\u00e1nchez Ruiz","vaep_value":0.3944756771,"offensive_value":0.3507732623,"defensive_value":0.0437024147,"count":34},"12":{"player_id":4911,"player_name":"Rodrigo Hern\u00e1ndez Cascante","vaep_value":-0.0274378109,"offensive_value":-0.0334655249,"defensive_value":0.006027714,"count":65},"13":{"player_id":15214,"player_name":"Pione Sisto Ifolo Emirmija","vaep_value":0.1726481472,"offensive_value":0.1500661958,"defensive_value":0.0225819515,"count":46},"14":{"player_id":22578,"player_name":"Maximiliano G\u00f3mez Gonz\u00e1lez","vaep_value":0.0594231964,"offensive_value":0.0593135636,"defensive_value":0.0001096327,"count":4},"15":{"player_id":26652,"player_name":"Stanislav Lobotka","vaep_value":-0.1559420553,"offensive_value":-0.2780295404,"defensive_value":0.122087485,"count":79},"16":{"player_id":37831,"player_name":"Stanislav Lobotka","vaep_value":2.5383023649,"offensive_value":2.4827593027,"defensive_value":0.0555430622,"count":26},"17":{"player_id":134174,"player_name":"Pione Sisto Ifolo Emirmija","vaep_value":1.0493319516,"offensive_value":1.0823652514,"defensive_value":-0.0330332997,"count":88},"18":{"player_id":167641,"player_name":"Antonio Rukavina","vaep_value":0.289630106,"offensive_value":0.2063485368,"defensive_value":0.0832815692,"count":80},"19":{"player_id":241945,"player_name":"Antonio Rukavina","vaep_value":1.3206856032,"offensive_value":1.4076218945,"defensive_value":-0.0869362913,"count":89},"20":{"player_id":269060,"player_name":"Hugo Mallo Novegil","vaep_value":-0.0440628622,"offensive_value":-0.0360204279,"defensive_value":-0.0080424342,"count":18},"21":{"player_id":274435,"player_name":"Sergi G\u00f3mez Sol\u00e0","vaep_value":-0.1106939001,"offensive_value":-0.060480589,"defensive_value":-0.0502133111,"count":8},"22":{"player_id":281255,"player_name":"Brais M\u00e9ndez Portela","vaep_value":0.0819188042,"offensive_value":0.0863187183,"defensive_value":-0.0043999141,"count":7},"23":{"player_id":302550,"player_name":"Hugo Mallo Novegil","vaep_value":-0.1588304216,"offensive_value":-0.193254807,"defensive_value":0.0344243854,"count":36},"24":{"player_id":334817,"player_name":"Pione Sisto Ifolo Emirmija","vaep_value":-0.0926546487,"offensive_value":-0.0782528417,"defensive_value":-0.014401807,"count":12},"25":{"player_id":364860,"player_name":"Stanislav Lobotka","vaep_value":0.1564092422,"offensive_value":0.0955486435,"defensive_value":0.0608605987,"count":66},"26":{"player_id":395636,"player_name":"Jozabed S\u00e1nchez Ruiz","vaep_value":-0.2070923455,"offensive_value":-0.2060694282,"defensive_value":-0.0010229172,"count":35},"27":{"player_id":399676,"player_name":"Pione Sisto Ifolo Emirmija","vaep_value":0.0700820443,"offensive_value":0.0603755647,"defensive_value":0.0097064796,"count":21},"28":{"player_id":412897,"player_name":"Pione Sisto Ifolo Emirmija","vaep_value":0.0370520742,"offensive_value":0.0411296093,"defensive_value":-0.0040775351,"count":45}}