{"0":{"player_id":0,"player_name":"Tom Davies","vaep_value":0.1216301475,"offensive_value":0.0429350791,"defensive_value":0.0786950684,"count":6},"1":{"player_id":3928,"player_name":"Phil Jagielka","vaep_value":0.1962012184,"offensive_value":0.1324165275,"defensive_value":0.0637846909,"count":60},"2":{"player_id":7944,"player_name":"Vicente Iborra De La Fuente","vaep_value":0.0090446275,"offensive_value":0.0750033603,"defensive_value":-0.0659587327,"count":68},"3":{"player_id":8013,"player_name":"Demarai Gray","vaep_value":0.0566301835,"offensive_value":0.0430800377,"defensive_value":0.0135501458,"count":5},"4":{"player_id":8239,"player_name":"Wes Morgan","vaep_value":-0.0300923824,"offensive_value":0.1135095409,"defensive_value":-0.1436019234,"count":79},"5":{"player_id":8245,"player_name":"Kasper Schmeichel","vaep_value":0.1593968661,"offensive_value":0.2407980439,"defensive_value":-0.0814011778,"count":70},"6":{"player_id":8284,"player_name":"Christian Fuchs","vaep_value":-0.0746522844,"offensive_value":-0.0940098205,"defensive_value":0.0193575361,"count":22},"7":{"player_id":8480,"player_name":"Christian Fuchs","vaep_value":0.2770384145,"offensive_value":0.2563021567,"defensive_value":0.0207362578,"count":41},"8":{"player_id":8488,"player_name":"Jamie Vardy","vaep_value":0.0503310446,"offensive_value":0.0822067601,"defensive_value":-0.0318757155,"count":33},"9":{"player_id":8653,"player_name":"Phil Jagielka","vaep_value":0.066565735,"offensive_value":0.0473879434,"defensive_value":0.0191777917,"count":40},"10":{"player_id":10131,"player_name":"Jordan Pickford","vaep_value":0.0732817764,"offensive_value":0.103587352,"defensive_value":-0.0303055756,"count":29},"11":{"player_id":12829,"player_name":"Vicente Iborra De La Fuente","vaep_value":0.8523442908,"offensive_value":0.8268496604,"defensive_value":0.0254946304,"count":24},"12":{"player_id":14763,"player_name":"Onyinye Wilfred Ndidi","vaep_value":0.0047425159,"offensive_value":0.0050505046,"defensive_value":-0.0003079887,"count":3},"13":{"player_id":14853,"player_name":"Phil Jagielka","vaep_value":0.3995430174,"offensive_value":0.3600421187,"defensive_value":0.0395008987,"count":81},"14":{"player_id":25706,"player_name":"Aaron  Lennon","vaep_value":0.114831318,"offensive_value":0.0780916304,"defensive_value":0.0367396877,"count":80},"15":{"player_id":26150,"player_name":"Wayne Rooney","vaep_value":0.0769466091,"offensive_value":0.0701085121,"defensive_value":0.006838097,"count":27},"16":{"player_id":77546,"player_name":"Kevin Mirallas","vaep_value":0.214646503,"offensive_value":0.1148558329,"defensive_value":0.0997906701,"count":46},"17":{"player_id":77558,"player_name":"Leighton Baines","vaep_value":-0.0427947599,"offensive_value":-0.0271762734,"defensive_value":-0.0156184866,"count":8},"18":{"player_id":92922,"player_name":"Harry  Maguire","vaep_value":0.0970498133,"offensive_value":0.1190662916,"defensive_value":-0.0220164784,"count":37},"19":{"player_id":145692,"player_name":"Riyad Mahrez","vaep_value":-0.1236287005,"offensive_value":-0.0456243338,"defensive_value":-0.0780043667,"count":22},"20":{"player_id":149019,"player_name":"Ben Chilwell","vaep_value":0.1414948754,"offensive_value":0.0555118253,"defensive_value":0.0859830502,"count":40},"21":{"player_id":265366,"player_name":"Ben Chilwell","vaep_value":0.201742415,"offensive_value":0.0642253819,"defensive_value":0.1375170331,"count":52},"22":{"player_id":283142,"player_name":"Jonjoe Kenny","vaep_value":1.1478053932,"offensive_value":1.0675417638,"defensive_value":0.0802636294,"count":47},"23":{"player_id":285508,"player_name":"Christian Fuchs","vaep_value":-0.0375785162,"offensive_value":-0.0382415801,"defensive_value":0.000663064,"count":5},"24":{"player_id":286825,"player_name":"Vicente Iborra De La Fuente","vaep_value":0.2582247716,"offensive_value":0.2382729523,"defensive_value":0.0199518193,"count":84},"25":{"player_id":293687,"player_name":"Christian Fuchs","vaep_value":-0.0357029994,"offensive_value":-0.0382947436,"defensive_value":0.0025917442,"count":25},"26":{"player_id":350976,"player_name":"Harry  Maguire","vaep_value":-0.1105835259,"offensive_value":-0.094261433,"defensive_value":-0.0163220929,"count":38},"27":{"player_id":353236,"player_name":"Wes Morgan","vaep_value":0.229864169,"offensive_value":0.1272969063,"defensive_value":0.1025672627,"count":60},"28":{"player_id":447379,"player_name":"Harry  Maguire","vaep_value":0.0663519677,"offensive_value":0.0596931231,"defensive_value":0.0066588446,"count":29}}