{"0":{"player_id":0,"player_name":"Charles  D\u00edas Barbosa de Oliveira","vaep_value":0.0663621792,"offensive_value":0.0990286338,"defensive_value":-0.0326664546,"count":12},"1":{"player_id":254,"player_name":"Daniel Garc\u00eda Carrillo","vaep_value":0.3883999983,"offensive_value":0.275155851,"defensive_value":0.1132441473,"count":50},"2":{"player_id":3568,"player_name":"Jos\u00e9 \u00c1ngel Vald\u00e9s D\u00edaz","vaep_value":0.1395878714,"offensive_value":0.0029677824,"defensive_value":0.1366200889,"count":46},"3":{"player_id":3642,"player_name":"Anaitz Arbilla Zabala","vaep_value":0.0355168827,"offensive_value":0.0251375549,"defensive_value":0.0103793278,"count":46},"4":{"player_id":3645,"player_name":"Joan Jord\u00e1n Moreno","vaep_value":0.0937908766,"offensive_value":-0.0183507172,"defensive_value":0.1121415938,"count":48},"5":{"player_id":3705,"player_name":"Joan Jord\u00e1n Moreno","vaep_value":-0.129907916,"offensive_value":-0.1185170952,"defensive_value":-0.0113908207,"count":49},"6":{"player_id":3719,"player_name":"Anaitz Arbilla Zabala","vaep_value":0.1949544511,"offensive_value":0.2539819379,"defensive_value":-0.0590274868,"count":26},"7":{"player_id":3843,"player_name":"Jos\u00e9 \u00c1ngel Vald\u00e9s D\u00edaz","vaep_value":0.014767915,"offensive_value":0.0296135567,"defensive_value":-0.0148456417,"count":30},"8":{"player_id":3866,"player_name":"Sergio Gont\u00e1n Gallardo","vaep_value":-0.0362400824,"offensive_value":-0.0165695277,"defensive_value":-0.0196705547,"count":29},"9":{"player_id":3874,"player_name":"Roberto Jos\u00e9 Rosales Altuve","vaep_value":0.6286847524,"offensive_value":0.6312868365,"defensive_value":-0.0026020841,"count":34},"10":{"player_id":3875,"player_name":"Joan Jord\u00e1n Moreno","vaep_value":-0.0317584086,"offensive_value":-0.0235827672,"defensive_value":-0.0081756414,"count":10},"11":{"player_id":4094,"player_name":"Joan Jord\u00e1n Moreno","vaep_value":0.1292040491,"offensive_value":0.1838736414,"defensive_value":-0.0546695923,"count":93},"12":{"player_id":4805,"player_name":"Jos\u00e9 \u00c1ngel Vald\u00e9s D\u00edaz","vaep_value":0.2389182512,"offensive_value":0.1922404517,"defensive_value":0.0466777995,"count":90},"13":{"player_id":5472,"player_name":"Anaitz Arbilla Zabala","vaep_value":0.1181844007,"offensive_value":0.0698543243,"defensive_value":0.0483300764,"count":22},"14":{"player_id":5542,"player_name":"Gonzalo Castro Iriz\u00e1bal","vaep_value":0.0447148496,"offensive_value":0.0813138934,"defensive_value":-0.0365990439,"count":77},"15":{"player_id":7857,"player_name":"Jos\u00e9 Luis Garc\u00eda del Pozo","vaep_value":0.1715805776,"offensive_value":0.0376037508,"defensive_value":0.1339768268,"count":25},"16":{"player_id":14757,"player_name":"Ander Capa Rodr\u00edguez","vaep_value":0.0185575497,"offensive_value":-0.0053729694,"defensive_value":0.0239305191,"count":5},"17":{"player_id":14836,"player_name":"Joan Jord\u00e1n Moreno","vaep_value":0.0248485214,"offensive_value":0.0098382029,"defensive_value":0.0150103185,"count":24},"18":{"player_id":20436,"player_name":"Anaitz Arbilla Zabala","vaep_value":0.1227651416,"offensive_value":0.1954867526,"defensive_value":-0.072721611,"count":93},"19":{"player_id":21894,"player_name":"Anaitz Arbilla Zabala","vaep_value":-0.0510551259,"offensive_value":-0.0844720871,"defensive_value":0.0334169612,"count":33},"20":{"player_id":32601,"player_name":"Jos\u00e9 \u00c1ngel Vald\u00e9s D\u00edaz","vaep_value":0.1627536108,"offensive_value":0.1539389517,"defensive_value":0.0088146591,"count":21},"21":{"player_id":70507,"player_name":"Roberto Jos\u00e9 Rosales Altuve","vaep_value":0.0622696604,"offensive_value":0.06201818,"defensive_value":0.0002514804,"count":39},"22":{"player_id":140046,"player_name":"Jos\u00e9 \u00c1ngel Vald\u00e9s D\u00edaz","vaep_value":0.22202172,"offensive_value":0.2159269281,"defensive_value":0.0060947919,"count":46},"23":{"player_id":247207,"player_name":"Anaitz Arbilla Zabala","vaep_value":-0.0028730406,"offensive_value":0.0147305822,"defensive_value":-0.0176036229,"count":84},"24":{"player_id":278007,"player_name":"Daniel Garc\u00eda Carrillo","vaep_value":0.053930015,"offensive_value":0.141020946,"defensive_value":-0.087090931,"count":46},"25":{"player_id":279555,"player_name":"Paulo Andr\u00e9 Rodrigues de Oliveira","vaep_value":-0.0242394779,"offensive_value":-0.0233123139,"defensive_value":-0.000927164,"count":32},"26":{"player_id":385273,"player_name":"Gonzalo Castro Iriz\u00e1bal","vaep_value":0.1833090397,"offensive_value":0.159366175,"defensive_value":0.0239428647,"count":32},"27":{"player_id":447821,"player_name":"Adri\u00e1n  Gonz\u00e1lez Morales","vaep_value":0.8539864301,"offensive_value":0.8609273797,"defensive_value":-0.0069409496,"count":21},"28":{"player_id":485383,"player_name":"Jos\u00e9 Luis Garc\u00eda del Pozo","vaep_value":0.1124873054,"offensive_value":0.0482733275,"defensive_value":0.0642139779,"count":9}}