{"0":{"player_id":0,"player_name":"Kevin Volland","vaep_value":-0.0089335131,"offensive_value":0.0611300927,"defensive_value":-0.0700636058,"count":10},"1":{"player_id":9611,"player_name":"Dominik Kohr","vaep_value":0.0620185188,"offensive_value":0.0836179818,"defensive_value":-0.021599463,"count":22},"2":{"player_id":14768,"player_name":"Lars Bender","vaep_value":0.0481247831,"offensive_value":0.1241122837,"defensive_value":-0.0759875006,"count":39},"3":{"player_id":14781,"player_name":"Jonathan Tah","vaep_value":0.20160475,"offensive_value":0.0591162797,"defensive_value":0.1424884703,"count":59},"4":{"player_id":14786,"player_name":"Wendell Nascimento Borges","vaep_value":0.019008175,"offensive_value":0.0103895196,"defensive_value":0.0086186554,"count":1},"5":{"player_id":15069,"player_name":"Willi Orban","vaep_value":-0.4310370097,"offensive_value":0.0978024465,"defensive_value":-0.5288394562,"count":50},"6":{"player_id":15231,"player_name":"Marcel Halstenberg","vaep_value":0.7206779013,"offensive_value":0.7439630536,"defensive_value":-0.0232851523,"count":37},"7":{"player_id":15937,"player_name":"Ibrahima Konat\u00e9","vaep_value":0.1084495957,"offensive_value":0.1031896505,"defensive_value":0.0052599453,"count":91},"8":{"player_id":16110,"player_name":"Bernardo Fernandes da Silva Junior","vaep_value":-0.0496479174,"offensive_value":-0.0699340184,"defensive_value":0.020286101,"count":38},"9":{"player_id":18579,"player_name":"Kevin Kampl","vaep_value":0.087311074,"offensive_value":0.1183015108,"defensive_value":-0.0309904368,"count":68},"10":{"player_id":40657,"player_name":"Kevin Kampl","vaep_value":0.0535214187,"offensive_value":0.1894363342,"defensive_value":-0.1359149155,"count":89},"11":{"player_id":51132,"player_name":"Dominik Kohr","vaep_value":0.2925462137,"offensive_value":0.3026509753,"defensive_value":-0.0101047616,"count":37},"12":{"player_id":65596,"player_name":"Charles Mariano Ar\u00e1nguiz Sandoval","vaep_value":0.0347486539,"offensive_value":0.0127223753,"defensive_value":0.0220262785,"count":39},"13":{"player_id":70975,"player_name":"Charles Mariano Ar\u00e1nguiz Sandoval","vaep_value":0.011444933,"offensive_value":0.0053951938,"defensive_value":0.0060497392,"count":4},"14":{"player_id":89559,"player_name":"Kevin Volland","vaep_value":0.4261505277,"offensive_value":0.4042831586,"defensive_value":0.0218673691,"count":79},"15":{"player_id":105619,"player_name":"Bernardo Fernandes da Silva Junior","vaep_value":-0.4296763863,"offensive_value":-0.0869572915,"defensive_value":-0.3427190948,"count":46},"16":{"player_id":146583,"player_name":"Marcel Sabitzer","vaep_value":-0.0791353658,"offensive_value":-0.0935053377,"defensive_value":0.0143699718,"count":59},"17":{"player_id":165425,"player_name":"Kevin Kampl","vaep_value":0.251871196,"offensive_value":0.2362872047,"defensive_value":0.0155839913,"count":58},"18":{"player_id":173214,"player_name":"Kevin Volland","vaep_value":0.2520189273,"offensive_value":0.2832742257,"defensive_value":-0.0312552984,"count":38},"19":{"player_id":228768,"player_name":"Bernardo Fernandes da Silva Junior","vaep_value":0.1473915046,"offensive_value":0.117235909,"defensive_value":0.0301555956,"count":50},"20":{"player_id":258253,"player_name":"Diego Demme","vaep_value":-0.4951497026,"offensive_value":0.030597536,"defensive_value":-0.5257472387,"count":9},"21":{"player_id":279780,"player_name":"Naby Deco Ke\u00efta","vaep_value":0.1284713128,"offensive_value":0.0525837343,"defensive_value":0.0758875785,"count":13},"22":{"player_id":289711,"player_name":"Diego Demme","vaep_value":0.1059526424,"offensive_value":0.0770795299,"defensive_value":0.0288731125,"count":58},"23":{"player_id":296341,"player_name":"Willi Orban","vaep_value":0.0812912027,"offensive_value":0.097893479,"defensive_value":-0.0166022764,"count":66},"24":{"player_id":344178,"player_name":"Marcel Halstenberg","vaep_value":0.0141591728,"offensive_value":0.0119249988,"defensive_value":0.0022341739,"count":1},"25":{"player_id":352988,"player_name":"Marcel Halstenberg","vaep_value":0.1004937212,"offensive_value":0.0979928153,"defensive_value":0.0025009059,"count":18},"26":{"player_id":388267,"player_name":"Willi Orban","vaep_value":0.8520547777,"offensive_value":0.9215829073,"defensive_value":-0.0695281297,"count":60},"27":{"player_id":393247,"player_name":"Diego Demme","vaep_value":0.1636086226,"offensive_value":0.1709435559,"defensive_value":-0.0073349333,"count":49},"28":{"player_id":425925,"player_name":"Timo Werner","vaep_value":0.0553819382,"offensive_value":-0.0271256556,"defensive_value":0.0825075938,"count":55}}