{"0":{"player_id":0,"player_name":"Lucas P\u00e9rez Mart\u00ednez","vaep_value":0.0146376773,"offensive_value":0.0446829973,"defensive_value":-0.0300453199,"count":8},"1":{"player_id":3282,"player_name":"Michael Krohn-Dehli","vaep_value":1.0573878738,"offensive_value":1.0569382496,"defensive_value":0.0004496241,"count":17},"2":{"player_id":3451,"player_name":"Eneko B\u00f3veda Altube","vaep_value":-0.0986709571,"offensive_value":-0.033496791,"defensive_value":-0.0651741661,"count":33},"3":{"player_id":3554,"player_name":"Ra\u00fal Albentosa Redal","vaep_value":0.0228240617,"offensive_value":0.0688479947,"defensive_value":-0.046023933,"count":29},"4":{"player_id":3576,"player_name":"Aritz Elustondo Irribaria","vaep_value":-0.2065141299,"offensive_value":-0.188807429,"defensive_value":-0.0177067008,"count":23},"5":{"player_id":3667,"player_name":"\u00c1lvaro Odriozola Arzallus","vaep_value":0.2660924923,"offensive_value":0.2619268388,"defensive_value":0.0041656535,"count":58},"6":{"player_id":3676,"player_name":"Luis Carlos Correia Pinto","vaep_value":2.2097083399,"offensive_value":2.1820221525,"defensive_value":0.0276861875,"count":71},"7":{"player_id":3678,"player_name":"Adri\u00e1n L\u00f3pez \u00c1lvarez","vaep_value":-0.0260994461,"offensive_value":-0.0394897037,"defensive_value":0.0133902575,"count":80},"8":{"player_id":3681,"player_name":"Ra\u00fal Rodr\u00edguez Navas","vaep_value":-0.0363090571,"offensive_value":-0.033497056,"defensive_value":-0.0028120012,"count":2},"9":{"player_id":3828,"player_name":"Mikel Oyarzabal Ugarte","vaep_value":0.6066330159,"offensive_value":0.4961564774,"defensive_value":0.1104765385,"count":76},"10":{"player_id":4086,"player_name":"Mikel Oyarzabal Ugarte","vaep_value":0.0378102047,"offensive_value":0.0790044127,"defensive_value":-0.0411942081,"count":51},"11":{"player_id":4879,"player_name":"\u00c1lvaro Odriozola Arzallus","vaep_value":0.0898481403,"offensive_value":-0.0033303145,"defensive_value":0.0931784548,"count":17},"12":{"player_id":7302,"player_name":"Mikel Oyarzabal Ugarte","vaep_value":0.0661099107,"offensive_value":0.0847322404,"defensive_value":-0.0186223297,"count":37},"13":{"player_id":32652,"player_name":"Xabier Prieto Argarate","vaep_value":-0.0943509326,"offensive_value":-0.0684784222,"defensive_value":-0.0258725104,"count":27},"14":{"player_id":40614,"player_name":"Guilherme dos Santos Torres","vaep_value":0.0879560086,"offensive_value":0.057424486,"defensive_value":0.0305315226,"count":46},"15":{"player_id":40770,"player_name":"\u00c1lvaro Odriozola Arzallus","vaep_value":0.9237502708,"offensive_value":0.9216591655,"defensive_value":0.0020911053,"count":43},"16":{"player_id":50102,"player_name":"Luis Carlos Correia Pinto","vaep_value":0.5514981403,"offensive_value":0.0968830343,"defensive_value":0.454615106,"count":56},"17":{"player_id":56025,"player_name":"Adri\u00e1n L\u00f3pez \u00c1lvarez","vaep_value":0.1054700537,"offensive_value":0.1193574741,"defensive_value":-0.0138874204,"count":31},"18":{"player_id":70451,"player_name":"Igor Zubeld\u00eda Elorza","vaep_value":0.2930090606,"offensive_value":0.1268137179,"defensive_value":0.1661953427,"count":67},"19":{"player_id":86212,"player_name":"Igor Zubeld\u00eda Elorza","vaep_value":0.1384264171,"offensive_value":0.1286412419,"defensive_value":0.0097851752,"count":41},"20":{"player_id":105541,"player_name":"Xabier Prieto Argarate","vaep_value":0.0706194968,"offensive_value":-0.0495756963,"defensive_value":0.1201951931,"count":22},"21":{"player_id":230897,"player_name":"Xabier Prieto Argarate","vaep_value":0.0150591473,"offensive_value":0.0094818452,"defensive_value":0.005577302,"count":31},"22":{"player_id":239843,"player_name":"\u00c1lvaro Odriozola Arzallus","vaep_value":0.0606143815,"offensive_value":0.0530742602,"defensive_value":0.0075401212,"count":7},"23":{"player_id":278288,"player_name":"Mikel Oyarzabal Ugarte","vaep_value":1.1656562854,"offensive_value":1.1549982269,"defensive_value":0.0106580585,"count":94},"24":{"player_id":278289,"player_name":"\u00c1lvaro Odriozola Arzallus","vaep_value":0.2322147862,"offensive_value":0.2435961638,"defensive_value":-0.0113813776,"count":82},"25":{"player_id":279566,"player_name":"Aritz Elustondo Irribaria","vaep_value":-0.0044502136,"offensive_value":-0.0045944527,"defensive_value":0.000144239,"count":1},"26":{"player_id":355599,"player_name":"Ger\u00f3nimo Rulli","vaep_value":-0.235658482,"offensive_value":-0.1954171427,"defensive_value":-0.0402413393,"count":93},"27":{"player_id":364005,"player_name":"Igor Zubeld\u00eda Elorza","vaep_value":0.0111184536,"offensive_value":0.0061113635,"defensive_value":0.00500709,"count":6},"28":{"player_id":395114,"player_name":"Aritz Elustondo Irribaria","vaep_value":0.0783730172,"offensive_value":0.0484215443,"defensive_value":0.0299514729,"count":52}}