{"0":{"player_id":0,"player_name":"Luca Cigarini","vaep_value":0.0466621631,"offensive_value":0.0895069526,"defensive_value":-0.0428447895,"count":14},"1":{"player_id":45,"player_name":"Luca Ceppitelli","vaep_value":0.1607480919,"offensive_value":0.1294200495,"defensive_value":0.0313280424,"count":52},"2":{"player_id":20472,"player_name":"Gianmarco Ferrari","vaep_value":0.2879835963,"offensive_value":0.3679495614,"defensive_value":-0.0799659651,"count":69},"3":{"player_id":20479,"player_name":"Paolo Pancrazio Farag\u00f2","vaep_value":2.5846883672,"offensive_value":2.5848430949,"defensive_value":-0.0001547277,"count":36},"4":{"player_id":20636,"player_name":"Gianmarco Ferrari","vaep_value":0.1324252158,"offensive_value":0.0894620628,"defensive_value":0.042963153,"count":45},"5":{"player_id":20689,"player_name":"Gianmarco Ferrari","vaep_value":0.5961522693,"offensive_value":0.5404846996,"defensive_value":0.0556675696,"count":52},"6":{"player_id":20802,"player_name":"Filippo Romagna","vaep_value":0.4524596424,"offensive_value":0.2985171042,"defensive_value":0.1539425382,"count":55},"7":{"player_id":20811,"player_name":"Jo\u00e3o Pedro Geraldino dos Santos Galv\u00e3o","vaep_value":0.4245703593,"offensive_value":0.3006906067,"defensive_value":0.1238797526,"count":59},"8":{"player_id":20816,"player_name":"Emiliano Viviano","vaep_value":0.077243216,"offensive_value":0.0139040519,"defensive_value":0.0633391641,"count":51},"9":{"player_id":20850,"player_name":"Luca Cigarini","vaep_value":0.5082021141,"offensive_value":0.3711950277,"defensive_value":0.1370070864,"count":98},"10":{"player_id":20869,"player_name":"Bartosz Bereszy\u0144ski","vaep_value":0.1673008483,"offensive_value":0.1385347871,"defensive_value":0.0287660612,"count":50},"11":{"player_id":20875,"player_name":"Mat\u00edas Agust\u00edn Silvestre","vaep_value":0.0199358561,"offensive_value":0.0020092521,"defensive_value":0.017926604,"count":16},"12":{"player_id":21376,"player_name":"Emiliano Viviano","vaep_value":-0.1179306666,"offensive_value":-0.1110278081,"defensive_value":-0.0069028585,"count":15},"13":{"player_id":21639,"player_name":"Mat\u00edas Agust\u00edn Silvestre","vaep_value":0.0064264283,"offensive_value":0.0040854844,"defensive_value":0.0023409439,"count":2},"14":{"player_id":22270,"player_name":"Lucas Torreira Di Pascua","vaep_value":0.0451751279,"offensive_value":0.0669504217,"defensive_value":-0.0217752937,"count":49},"15":{"player_id":22732,"player_name":"Emiliano Viviano","vaep_value":0.5302383448,"offensive_value":0.1736935254,"defensive_value":0.3565448194,"count":56},"16":{"player_id":22933,"player_name":"Luca Ceppitelli","vaep_value":0.6175804306,"offensive_value":0.6062136848,"defensive_value":0.0113667458,"count":39},"17":{"player_id":23314,"player_name":"Emiliano Viviano","vaep_value":0.8892102615,"offensive_value":0.883935452,"defensive_value":0.0052748095,"count":27},"18":{"player_id":37739,"player_name":"Gianmarco Ferrari","vaep_value":0.049091287,"offensive_value":0.0903749762,"defensive_value":-0.0412836892,"count":50},"19":{"player_id":50073,"player_name":"Mat\u00edas Agust\u00edn Silvestre","vaep_value":-0.1008626388,"offensive_value":-0.0785010699,"defensive_value":-0.0223615689,"count":42},"20":{"player_id":86243,"player_name":"Bartosz Bereszy\u0144ski","vaep_value":-0.0958622805,"offensive_value":-0.0850786506,"defensive_value":-0.0107836298,"count":33},"21":{"player_id":99833,"player_name":"Bartosz Bereszy\u0144ski","vaep_value":0.0988497585,"offensive_value":0.1567204965,"defensive_value":-0.057870738,"count":77},"22":{"player_id":116171,"player_name":"Artur Ioni\u0163\u0103","vaep_value":-0.0182397763,"offensive_value":-0.040707579,"defensive_value":0.0224678027,"count":51},"23":{"player_id":134413,"player_name":"Luca Cigarini","vaep_value":1.1055718621,"offensive_value":0.0569498891,"defensive_value":1.048621973,"count":40},"24":{"player_id":220359,"player_name":"\u00c9dgar Osvaldo Barreto C\u00e1ceres","vaep_value":0.059762742,"offensive_value":0.0700562213,"defensive_value":-0.0102934793,"count":19},"25":{"player_id":283832,"player_name":"Lucas Torreira Di Pascua","vaep_value":0.3087310937,"offensive_value":0.2315804226,"defensive_value":0.077150671,"count":40},"26":{"player_id":333571,"player_name":"Lucas Torreira Di Pascua","vaep_value":0.3645842839,"offensive_value":0.3437606322,"defensive_value":0.0208236517,"count":74}}