{"0":{"player_id":0,"player_name":"Alassane Pl\u00e9a","vaep_value":0.0115516977,"offensive_value":0.026862961,"defensive_value":-0.0153112633,"count":5},"1":{"player_id":15010,"player_name":"Wesley Sneijder","vaep_value":0.0895272135,"offensive_value":0.0636428572,"defensive_value":0.0258843562,"count":81},"2":{"player_id":20531,"player_name":"Christophe Jallet","vaep_value":-0.036809155,"offensive_value":0.0188541454,"defensive_value":-0.0556633004,"count":96},"3":{"player_id":25410,"player_name":"Maxime Le Marchand","vaep_value":-0.0370120147,"offensive_value":-0.0295567851,"defensive_value":-0.0074552295,"count":17},"4":{"player_id":25427,"player_name":"Yoan Cardinale","vaep_value":0.062125821,"offensive_value":0.0671267351,"defensive_value":-0.0050009141,"count":60},"5":{"player_id":25492,"player_name":"Maxime Le Marchand","vaep_value":0.0890887474,"offensive_value":0.0619312378,"defensive_value":0.0271575096,"count":39},"6":{"player_id":25534,"player_name":"Ga\u00ebl Kakuta","vaep_value":-0.0379284885,"offensive_value":0.0184879999,"defensive_value":-0.0564164884,"count":14},"7":{"player_id":25957,"player_name":"Christophe Jallet","vaep_value":0.0371774083,"offensive_value":-0.057338657,"defensive_value":0.0945160653,"count":33},"8":{"player_id":26055,"player_name":"Pierre Lees Melou","vaep_value":-0.0345862797,"offensive_value":-0.0393927516,"defensive_value":0.004806472,"count":29},"9":{"player_id":26134,"player_name":"Oualid El Hajjam","vaep_value":0.1340170407,"offensive_value":0.0774686493,"defensive_value":0.0565483915,"count":40},"10":{"player_id":26135,"player_name":"Oualid El Hajjam","vaep_value":0.1313210807,"offensive_value":0.0733739657,"defensive_value":0.057947115,"count":49},"11":{"player_id":26384,"player_name":"Tanguy Ndomb\u00e8l\u00e9 Alvaro","vaep_value":0.8558474598,"offensive_value":0.8691034298,"defensive_value":-0.0132559701,"count":35},"12":{"player_id":26414,"player_name":"Tanguy Ndomb\u00e8l\u00e9 Alvaro","vaep_value":0.064266604,"offensive_value":0.068013683,"defensive_value":-0.0037470789,"count":6},"13":{"player_id":26583,"player_name":"Ga\u00ebl Kakuta","vaep_value":0.1542191053,"offensive_value":0.3067230734,"defensive_value":-0.1525039681,"count":40},"14":{"player_id":26633,"player_name":"Maxime Le Marchand","vaep_value":0.1484077839,"offensive_value":0.1414349944,"defensive_value":0.0069727895,"count":88},"15":{"player_id":28230,"player_name":"Ga\u00ebl Kakuta","vaep_value":-0.1872372609,"offensive_value":-0.0032543051,"defensive_value":-0.1839829558,"count":45},"16":{"player_id":29590,"player_name":"Ga\u00ebl Kakuta","vaep_value":-0.3418210204,"offensive_value":-0.3102652637,"defensive_value":-0.0315557567,"count":45},"17":{"player_id":30320,"player_name":"Julien Ielsch","vaep_value":-0.2436798085,"offensive_value":-0.0594165428,"defensive_value":-0.1842632657,"count":68},"18":{"player_id":97582,"player_name":"Dante Bonfim da Costa Santos","vaep_value":1.1224024183,"offensive_value":1.1332021914,"defensive_value":-0.0107997732,"count":47},"19":{"player_id":149053,"player_name":"Adrien  Tameze","vaep_value":0.0443327222,"offensive_value":0.0338178785,"defensive_value":0.0105148437,"count":58},"20":{"player_id":214609,"player_name":"Prince-D\u00e9sir Gouano","vaep_value":0.078321513,"offensive_value":0.078901351,"defensive_value":-0.0005798379,"count":35},"21":{"player_id":214710,"player_name":"Emmanuel Bourgaud","vaep_value":0.4923063387,"offensive_value":0.4464222393,"defensive_value":0.0458840994,"count":48},"22":{"player_id":229198,"player_name":"Prince-D\u00e9sir Gouano","vaep_value":0.6983109883,"offensive_value":0.6659487337,"defensive_value":0.0323622546,"count":8},"23":{"player_id":276211,"player_name":"Abdul Khaled Akiola Ad\u00e9non","vaep_value":-0.0615170336,"offensive_value":-0.0209109253,"defensive_value":-0.0406061083,"count":26},"24":{"player_id":277629,"player_name":"Thomas Monconduit","vaep_value":-0.0730126414,"offensive_value":-0.065989339,"defensive_value":-0.0070233024,"count":75},"25":{"player_id":279734,"player_name":"R\u00e9gis Gurtner","vaep_value":0.1403901501,"offensive_value":0.1029867218,"defensive_value":0.0374034283,"count":93},"26":{"player_id":294695,"player_name":"R\u00e9gis Gurtner","vaep_value":0.3948889106,"offensive_value":0.3332838407,"defensive_value":0.0616050699,"count":50},"27":{"player_id":393228,"player_name":"R\u00e9gis Gurtner","vaep_value":0.1595686233,"offensive_value":0.1068470631,"defensive_value":0.0527215602,"count":68},"28":{"player_id":408827,"player_name":"Abdul Khaled Akiola Ad\u00e9non","vaep_value":0.0230055754,"offensive_value":0.0250217444,"defensive_value":-0.002016169,"count":12}}