{"0":{"player_id":0,"player_name":"Gylfi \u00de\u00f3r Sigur\u00f0sson","vaep_value":0.0440194644,"offensive_value":0.0501456447,"defensive_value":-0.0061261803,"count":6},"1":{"player_id":74,"player_name":"Mason Holgate","vaep_value":0.2607209941,"offensive_value":0.1353880943,"defensive_value":0.1253328997,"count":85},"2":{"player_id":340,"player_name":"Simon Mignolet","vaep_value":0.2430366247,"offensive_value":0.0817970706,"defensive_value":0.1612395542,"count":36},"3":{"player_id":3802,"player_name":"Ragnar Klavan","vaep_value":0.032728602,"offensive_value":0.0448700764,"defensive_value":-0.0121414744,"count":23},"4":{"player_id":7868,"player_name":"Jordan Brian Henderson","vaep_value":0.4639733915,"offensive_value":0.4654976886,"defensive_value":-0.0015242971,"count":86},"5":{"player_id":7944,"player_name":"Joe Gomez","vaep_value":0.194313816,"offensive_value":0.2378317986,"defensive_value":-0.0435179826,"count":28},"6":{"player_id":7964,"player_name":"Jordan Brian Henderson","vaep_value":0.2084932301,"offensive_value":0.1751541199,"defensive_value":0.0333391102,"count":125},"7":{"player_id":8143,"player_name":"Jonjoe Kenny","vaep_value":0.0054265191,"offensive_value":0.0199833642,"defensive_value":-0.0145568451,"count":18},"8":{"player_id":8245,"player_name":"Andrew Robertson","vaep_value":-0.0143420589,"offensive_value":-0.000451542,"defensive_value":-0.0138905169,"count":1},"9":{"player_id":8284,"player_name":"Ragnar Klavan","vaep_value":0.3594102986,"offensive_value":0.0165107324,"defensive_value":0.3428995663,"count":20},"10":{"player_id":8319,"player_name":"Dejan Lovren","vaep_value":0.3367310702,"offensive_value":0.3523475443,"defensive_value":-0.0156164741,"count":106},"11":{"player_id":8514,"player_name":"Jordan Brian Henderson","vaep_value":0.0068770333,"offensive_value":0.0327641622,"defensive_value":-0.0258871289,"count":24},"12":{"player_id":8955,"player_name":"Joe Gomez","vaep_value":-0.0345027088,"offensive_value":-0.0300895635,"defensive_value":-0.0044131454,"count":7},"13":{"player_id":10131,"player_name":"Mohamed  Salah Ghaly","vaep_value":0.2863300963,"offensive_value":0.2349547343,"defensive_value":0.051375362,"count":48},"14":{"player_id":15808,"player_name":"Alex Oxlade-Chamberlain","vaep_value":-0.1824526328,"offensive_value":-0.1828356953,"defensive_value":0.0003830625,"count":18},"15":{"player_id":25393,"player_name":"Jordan Brian Henderson","vaep_value":-0.2517179193,"offensive_value":0.0995304369,"defensive_value":-0.3512483562,"count":76},"16":{"player_id":25706,"player_name":"Jordan Pickford","vaep_value":0.1786123924,"offensive_value":-0.0012116025,"defensive_value":0.1798239949,"count":30},"17":{"player_id":25747,"player_name":"James Milner","vaep_value":0.0527698296,"offensive_value":0.0517684245,"defensive_value":0.0010014052,"count":65},"18":{"player_id":77546,"player_name":"James Milner","vaep_value":-0.00825649,"offensive_value":0.0075241781,"defensive_value":-0.0157806681,"count":22},"19":{"player_id":77558,"player_name":"Sadio Man\u00e9","vaep_value":0.270182314,"offensive_value":0.1701302322,"defensive_value":0.1000520819,"count":25},"20":{"player_id":120353,"player_name":"Gylfi \u00de\u00f3r Sigur\u00f0sson","vaep_value":1.1393340254,"offensive_value":1.1619129398,"defensive_value":-0.0225789144,"count":79},"21":{"player_id":145692,"player_name":"Tom Davies","vaep_value":0.0231704119,"offensive_value":0.0076179504,"defensive_value":0.0155524615,"count":9},"22":{"player_id":222220,"player_name":"Rhu-endly Martina","vaep_value":0.223568978,"offensive_value":0.2654305187,"defensive_value":-0.0418615406,"count":124},"23":{"player_id":257899,"player_name":"Ashley Williams","vaep_value":0.315805632,"offensive_value":0.3212770354,"defensive_value":-0.0054714034,"count":113},"24":{"player_id":286825,"player_name":"Dominic Solanke","vaep_value":-0.0278379994,"offensive_value":0.069247207,"defensive_value":-0.0970852064,"count":33},"25":{"player_id":286831,"player_name":"Jordan Brian Henderson","vaep_value":-0.4280266075,"offensive_value":-0.4012542568,"defensive_value":-0.0267723507,"count":33},"26":{"player_id":293687,"player_name":"Alex Oxlade-Chamberlain","vaep_value":-0.10887589,"offensive_value":-0.0629701848,"defensive_value":-0.0459057052,"count":25},"27":{"player_id":353236,"player_name":"Mohamed  Salah Ghaly","vaep_value":0.0339527035,"offensive_value":0.0011745258,"defensive_value":0.0327781776,"count":11},"28":{"player_id":355937,"player_name":"Jordan Brian Henderson","vaep_value":0.0280686149,"offensive_value":0.007765725,"defensive_value":0.0203028899,"count":23}}