{"0":{"player_id":0,"player_name":"Ga\u00ebl Kakuta","vaep_value":0.0139628378,"offensive_value":0.0206188645,"defensive_value":-0.0066560267,"count":4},"1":{"player_id":3308,"player_name":"Abdul Khaled Akiola Ad\u00e9non","vaep_value":0.2225034963,"offensive_value":0.1246606301,"defensive_value":0.0978428662,"count":73},"2":{"player_id":8533,"player_name":"Oualid El Hajjam","vaep_value":-0.0342248509,"offensive_value":-0.1007608122,"defensive_value":0.0665359613,"count":65},"3":{"player_id":14945,"player_name":"Moussa Konat\u00e9","vaep_value":1.0271246568,"offensive_value":1.0303041902,"defensive_value":-0.0031795334,"count":8},"4":{"player_id":25786,"player_name":"Daniel Congr\u00e9","vaep_value":0.0570776509,"offensive_value":0.0821200788,"defensive_value":-0.0250424279,"count":73},"5":{"player_id":25829,"player_name":"Vitorino Hilton da Silva","vaep_value":0.5329078765,"offensive_value":0.4990857689,"defensive_value":0.0338221076,"count":74},"6":{"player_id":25957,"player_name":"Danilo Fernando Avelar","vaep_value":0.3768210768,"offensive_value":0.0762475135,"defensive_value":0.3005735633,"count":60},"7":{"player_id":25993,"player_name":"Ellyes Skhiri","vaep_value":0.2842167224,"offensive_value":0.1897274836,"defensive_value":0.0944892388,"count":73},"8":{"player_id":26008,"player_name":"Morgan Poaty","vaep_value":-0.1345350237,"offensive_value":-0.1169961493,"defensive_value":-0.0175388744,"count":35},"9":{"player_id":26016,"player_name":"Oualid El Hajjam","vaep_value":0.1178482475,"offensive_value":0.1063461415,"defensive_value":0.011502106,"count":32},"10":{"player_id":26384,"player_name":"Oualid El Hajjam","vaep_value":-0.0400006378,"offensive_value":0.0005196185,"defensive_value":-0.0405202563,"count":58},"11":{"player_id":26414,"player_name":"Paul Lasne","vaep_value":0.2298795085,"offensive_value":0.1783440064,"defensive_value":0.0515355021,"count":73},"12":{"player_id":26583,"player_name":"Paul Lasne","vaep_value":0.1175489125,"offensive_value":0.1700250925,"defensive_value":-0.05247618,"count":33},"13":{"player_id":28335,"player_name":"Serge Gakp\u00e9","vaep_value":-0.2633008586,"offensive_value":-0.0042468336,"defensive_value":-0.259054025,"count":40},"14":{"player_id":30320,"player_name":"Oualid El Hajjam","vaep_value":0.3595284196,"offensive_value":0.1160607382,"defensive_value":0.2434676813,"count":95},"15":{"player_id":38095,"player_name":"Abdul Khaled Akiola Ad\u00e9non","vaep_value":-0.0716616125,"offensive_value":-0.059680427,"defensive_value":-0.0119811855,"count":45},"16":{"player_id":97582,"player_name":"R\u00e9gis Gurtner","vaep_value":-0.1909952351,"offensive_value":-0.1785171418,"defensive_value":-0.0124780933,"count":24},"17":{"player_id":105523,"player_name":"Abdul Khaled Akiola Ad\u00e9non","vaep_value":1.0508570642,"offensive_value":1.0504416554,"defensive_value":0.0004154088,"count":66},"18":{"player_id":214710,"player_name":"Ga\u00ebl Kakuta","vaep_value":0.1205366469,"offensive_value":0.0417442259,"defensive_value":0.078792421,"count":56},"19":{"player_id":229198,"player_name":"Ga\u00ebl Kakuta","vaep_value":0.2011836249,"offensive_value":0.06163403,"defensive_value":0.139549595,"count":50},"20":{"player_id":243931,"player_name":"Morgan Poaty","vaep_value":-0.0359265679,"offensive_value":-0.0240549734,"defensive_value":-0.0118715945,"count":14},"21":{"player_id":244357,"player_name":"Bongani Zungu","vaep_value":0.3371352794,"offensive_value":0.2072722832,"defensive_value":0.1298629963,"count":79},"22":{"player_id":246946,"player_name":"Moussa Konat\u00e9","vaep_value":0.2441642756,"offensive_value":0.212067611,"defensive_value":0.0320966645,"count":86},"23":{"player_id":274345,"player_name":"Paul Lasne","vaep_value":-0.0050501325,"offensive_value":-0.0031799953,"defensive_value":-0.0018701372,"count":3},"24":{"player_id":276983,"player_name":"Oualid El Hajjam","vaep_value":0.1207049303,"offensive_value":0.1264794936,"defensive_value":-0.0057745633,"count":16},"25":{"player_id":335763,"player_name":"Abdul Khaled Akiola Ad\u00e9non","vaep_value":-0.0847401969,"offensive_value":-0.0749691192,"defensive_value":-0.0097710777,"count":9},"26":{"player_id":341973,"player_name":"R\u00e9gis Gurtner","vaep_value":0.1358345276,"offensive_value":0.2111670342,"defensive_value":-0.0753325067,"count":52},"27":{"player_id":343116,"player_name":"Abdul Khaled Akiola Ad\u00e9non","vaep_value":0.1107254954,"offensive_value":0.1103715482,"defensive_value":0.0003539472,"count":47}}