{"0":{"player_id":0,"player_name":"Pierre-Emile H\u00f8jbjerg","vaep_value":0.0851547559,"offensive_value":0.1253010565,"defensive_value":-0.0401463007,"count":13},"1":{"player_id":116,"player_name":"Jack Stephens","vaep_value":0.3465386246,"offensive_value":0.2326321495,"defensive_value":0.1139064751,"count":49},"2":{"player_id":370,"player_name":"Guido Marcelo Carrillo","vaep_value":0.1492508971,"offensive_value":0.0549461802,"defensive_value":0.0943047169,"count":59},"3":{"player_id":383,"player_name":"Emre Can","vaep_value":0.3046151379,"offensive_value":0.3214444136,"defensive_value":-0.0168292758,"count":51},"4":{"player_id":7868,"player_name":"Alex Oxlade-Chamberlain","vaep_value":0.2410692617,"offensive_value":0.2440690673,"defensive_value":-0.0029998056,"count":39},"5":{"player_id":7885,"player_name":"Alex Oxlade-Chamberlain","vaep_value":0.0998256772,"offensive_value":0.2405285147,"defensive_value":-0.1407028375,"count":93},"6":{"player_id":7899,"player_name":"Oriol Romeu Vidal","vaep_value":0.2115693067,"offensive_value":0.058417769,"defensive_value":0.1531515376,"count":78},"7":{"player_id":8136,"player_name":"C\u00e9dric Ricardo Alves Soares","vaep_value":0.378956954,"offensive_value":0.0931300403,"defensive_value":0.2858269137,"count":75},"8":{"player_id":8140,"player_name":"Pierre-Emile H\u00f8jbjerg","vaep_value":-0.1546657703,"offensive_value":-0.1763371043,"defensive_value":0.021671334,"count":28},"9":{"player_id":8144,"player_name":"Pierre-Emile H\u00f8jbjerg","vaep_value":0.2697837042,"offensive_value":0.1930211554,"defensive_value":0.0767625488,"count":40},"10":{"player_id":8319,"player_name":"Andrew Robertson","vaep_value":0.2103482423,"offensive_value":0.1813154654,"defensive_value":0.0290327769,"count":27},"11":{"player_id":8384,"player_name":"Roberto Firmino Barbosa de Oliveira","vaep_value":-0.0113311328,"offensive_value":-0.0018921017,"defensive_value":-0.0094390311,"count":11},"12":{"player_id":8580,"player_name":"Sadio Man\u00e9","vaep_value":-0.0302736639,"offensive_value":0.0784542426,"defensive_value":-0.1087279065,"count":34},"13":{"player_id":14870,"player_name":"Georginio Wijnaldum","vaep_value":0.138133271,"offensive_value":0.0837561634,"defensive_value":0.0543771076,"count":67},"14":{"player_id":15175,"player_name":"C\u00e9dric Ricardo Alves Soares","vaep_value":0.1500779943,"offensive_value":0.1595930369,"defensive_value":-0.0095150425,"count":37},"15":{"player_id":15808,"player_name":"Emre Can","vaep_value":0.8698053895,"offensive_value":0.8695717331,"defensive_value":0.0002336565,"count":47},"16":{"player_id":18550,"player_name":"Emre Can","vaep_value":0.2886325398,"offensive_value":0.1445712838,"defensive_value":0.144061256,"count":86},"17":{"player_id":25393,"player_name":"Roberto Firmino Barbosa de Oliveira","vaep_value":0.0046760051,"offensive_value":0.0004267553,"defensive_value":0.0042492498,"count":3},"18":{"player_id":25747,"player_name":"Trent Alexander-Arnold","vaep_value":0.0881525507,"offensive_value":-0.0332271667,"defensive_value":0.1213797174,"count":44},"19":{"player_id":29640,"player_name":"Wesley Hoedt","vaep_value":0.1715712617,"offensive_value":0.125521334,"defensive_value":0.0460499277,"count":50},"20":{"player_id":61988,"player_name":"Mohamed  Salah Ghaly","vaep_value":-0.0168955739,"offensive_value":-0.0051293528,"defensive_value":-0.0117662211,"count":19},"21":{"player_id":70389,"player_name":"Guido Marcelo Carrillo","vaep_value":0.1630000019,"offensive_value":0.1643071389,"defensive_value":-0.001307137,"count":77},"22":{"player_id":86239,"player_name":"Mario Lemina","vaep_value":0.1173236018,"offensive_value":0.0736752899,"defensive_value":0.0436483119,"count":28},"23":{"player_id":120353,"player_name":"Georginio Wijnaldum","vaep_value":1.0793764862,"offensive_value":1.0819419883,"defensive_value":-0.002565502,"count":40},"24":{"player_id":135114,"player_name":"Mohamed  Salah Ghaly","vaep_value":0.045278046,"offensive_value":-0.0113029997,"defensive_value":0.0565810457,"count":84},"25":{"player_id":215983,"player_name":"Emre Can","vaep_value":0.0666808248,"offensive_value":0.0203348622,"defensive_value":0.0463459627,"count":19},"26":{"player_id":222220,"player_name":"Alex Oxlade-Chamberlain","vaep_value":0.1326707823,"offensive_value":0.1387397458,"defensive_value":-0.0060689635,"count":62},"27":{"player_id":268776,"player_name":"Roberto Firmino Barbosa de Oliveira","vaep_value":0.0609788438,"offensive_value":-0.0723069304,"defensive_value":0.1332857743,"count":82},"28":{"player_id":346101,"player_name":"Mohamed  Salah Ghaly","vaep_value":0.2095756262,"offensive_value":0.2678491576,"defensive_value":-0.0582735313,"count":89}}