{"0":{"player_id":0,"player_name":"Joshua King","vaep_value":0.0082233684,"offensive_value":0.0300097782,"defensive_value":-0.0217864098,"count":7},"1":{"player_id":93,"player_name":"Andrew Surman","vaep_value":0.1166456982,"offensive_value":0.142476702,"defensive_value":-0.0258310038,"count":48},"2":{"player_id":7989,"player_name":"Charlie Daniels","vaep_value":0.2026125744,"offensive_value":0.0388676219,"defensive_value":0.1637449525,"count":22},"3":{"player_id":8125,"player_name":"Tyrone Mings","vaep_value":0.1616048883,"offensive_value":0.1402878764,"defensive_value":0.0213170119,"count":61},"4":{"player_id":8284,"player_name":"Joshua King","vaep_value":0.084989763,"offensive_value":0.0727674519,"defensive_value":0.0122223111,"count":37},"5":{"player_id":8296,"player_name":"Lys Mousset","vaep_value":0.0761184223,"offensive_value":0.0729417198,"defensive_value":0.0031767025,"count":6},"6":{"player_id":8351,"player_name":"Charlie Daniels","vaep_value":0.0543692753,"offensive_value":0.0596933501,"defensive_value":-0.0053240748,"count":69},"7":{"player_id":8433,"player_name":"James  Tarkowski","vaep_value":0.4575258825,"offensive_value":0.4366061386,"defensive_value":0.0209197439,"count":71},"8":{"player_id":8643,"player_name":"Charlie Daniels","vaep_value":0.2238167101,"offensive_value":0.171096951,"defensive_value":0.0527197591,"count":70},"9":{"player_id":8726,"player_name":"Matthew Lowton","vaep_value":0.1636836434,"offensive_value":0.0833686721,"defensive_value":0.0803149714,"count":36},"10":{"player_id":8925,"player_name":"Charlie Daniels","vaep_value":0.0568008506,"offensive_value":-0.0231996047,"defensive_value":0.0800004553,"count":70},"11":{"player_id":8980,"player_name":"Emerson Hyndman","vaep_value":0.0423392716,"offensive_value":0.0960812609,"defensive_value":-0.0537419893,"count":55},"12":{"player_id":9127,"player_name":"Steve Cook","vaep_value":-0.4224306084,"offensive_value":-0.4169378541,"defensive_value":-0.0054927543,"count":10},"13":{"player_id":9179,"player_name":"Ryan Fraser","vaep_value":-0.0911437976,"offensive_value":-0.0897234248,"defensive_value":-0.0014203729,"count":12},"14":{"player_id":9206,"player_name":"Jordon  Ibe","vaep_value":0.932770655,"offensive_value":0.955802048,"defensive_value":-0.0230313929,"count":22},"15":{"player_id":9277,"player_name":"Steve Cook","vaep_value":0.0970780916,"offensive_value":0.0792765699,"defensive_value":0.0178015217,"count":59},"16":{"player_id":9285,"player_name":"Nathan Ak\u00e9","vaep_value":0.2581098246,"offensive_value":0.1841724758,"defensive_value":0.0739373488,"count":80},"17":{"player_id":9433,"player_name":"Tyrone Mings","vaep_value":0.0221329106,"offensive_value":0.0372109537,"defensive_value":-0.0150780431,"count":54},"18":{"player_id":9637,"player_name":"Charlie Daniels","vaep_value":0.9610674146,"offensive_value":0.9961321838,"defensive_value":-0.0350647692,"count":34},"19":{"player_id":9739,"player_name":"Ashley Westwood","vaep_value":0.0205552284,"offensive_value":0.0321915966,"defensive_value":-0.0116363682,"count":47},"20":{"player_id":10108,"player_name":"Aaron  Lennon","vaep_value":0.0604125811,"offensive_value":0.1021029707,"defensive_value":-0.0416903896,"count":56},"21":{"player_id":11669,"player_name":"Matthew Lowton","vaep_value":0.8223203087,"offensive_value":0.8279648549,"defensive_value":-0.0056445462,"count":9},"22":{"player_id":12242,"player_name":"Matthew Lowton","vaep_value":0.1200024796,"offensive_value":0.1921426466,"defensive_value":-0.072140167,"count":41},"23":{"player_id":62224,"player_name":"Kevin Long","vaep_value":0.0226606379,"offensive_value":0.0593463894,"defensive_value":-0.0366857515,"count":45},"24":{"player_id":134102,"player_name":"Nick Pope","vaep_value":0.0228723895,"offensive_value":0.0138161335,"defensive_value":0.009056256,"count":45},"25":{"player_id":239411,"player_name":"Nick Pope","vaep_value":0.0853707944,"offensive_value":0.1167145401,"defensive_value":-0.0313437456,"count":60},"26":{"player_id":245813,"player_name":"Nathan Ak\u00e9","vaep_value":-0.0663380203,"offensive_value":-0.0541102772,"defensive_value":-0.012227743,"count":36},"27":{"player_id":259531,"player_name":"Joshua King","vaep_value":0.0496339856,"offensive_value":0.0524531079,"defensive_value":-0.0028191223,"count":28},"28":{"player_id":532949,"player_name":"Johann  Berg Gu\u00f0munds\u00adson","vaep_value":0.0064860596,"offensive_value":0.0073782885,"defensive_value":-0.0008922289,"count":1}}