{"0":{"player_id":0,"player_name":"Giovanni Pablo Simeone","vaep_value":0.0183409894,"offensive_value":0.0720765535,"defensive_value":-0.0537355641,"count":11},"1":{"player_id":3431,"player_name":"Carlos Alberto S\u00e1nchez Moreno","vaep_value":0.2312223566,"offensive_value":0.1855718265,"defensive_value":0.0456505301,"count":70},"2":{"player_id":3543,"player_name":"Davide Astori","vaep_value":0.1535420846,"offensive_value":0.1629934672,"defensive_value":-0.0094513826,"count":67},"3":{"player_id":3710,"player_name":"Yuto Nagatomo","vaep_value":-0.0133706823,"offensive_value":-0.0165757949,"defensive_value":0.0032051126,"count":18},"4":{"player_id":14812,"player_name":"Carlos Alberto S\u00e1nchez Moreno","vaep_value":0.6039136578,"offensive_value":0.6386923204,"defensive_value":-0.0347786627,"count":63},"5":{"player_id":20517,"player_name":"Jordan Veretout","vaep_value":0.1269875663,"offensive_value":0.0866105688,"defensive_value":0.0403769975,"count":47},"6":{"player_id":20556,"player_name":"Mat\u00edas Vecino Falero","vaep_value":0.1945938478,"offensive_value":0.1123987164,"defensive_value":0.0821951313,"count":83},"7":{"player_id":20571,"player_name":"Mat\u00edas Vecino Falero","vaep_value":0.2050581076,"offensive_value":0.0837276063,"defensive_value":0.1213305013,"count":43},"8":{"player_id":20626,"player_name":"Antonio Candreva","vaep_value":-0.0150191459,"offensive_value":-0.0180457961,"defensive_value":0.0030266502,"count":3},"9":{"player_id":20748,"player_name":"Danilo D'Ambrosio","vaep_value":0.0539091675,"offensive_value":0.1879072593,"defensive_value":-0.1339980918,"count":79},"10":{"player_id":20866,"player_name":"Antonio Candreva","vaep_value":-0.1339256782,"offensive_value":0.0621606868,"defensive_value":-0.196086365,"count":71},"11":{"player_id":21094,"player_name":"Marco Benassi","vaep_value":0.134888851,"offensive_value":0.0999578934,"defensive_value":0.0349309576,"count":64},"12":{"player_id":22380,"player_name":"Davide Astori","vaep_value":0.0672361638,"offensive_value":0.0198496919,"defensive_value":0.0473864719,"count":39},"13":{"player_id":23705,"player_name":"Samir Handanovi\u010d","vaep_value":0.1260011459,"offensive_value":0.0925548184,"defensive_value":0.0334463276,"count":38},"14":{"player_id":25541,"player_name":"Borja Valero Iglesias","vaep_value":0.2486901657,"offensive_value":0.176496473,"defensive_value":0.0721936927,"count":74},"15":{"player_id":26518,"player_name":"Jo\u00e3o Miranda de Souza Filho","vaep_value":-0.0277723951,"offensive_value":-0.0188168213,"defensive_value":-0.0089555738,"count":67},"16":{"player_id":44510,"player_name":"Gil Basti\u00e3o Dias","vaep_value":0.0555115088,"offensive_value":0.081056918,"defensive_value":-0.0255454092,"count":54},"17":{"player_id":69968,"player_name":"Vitor Hugo Franchescoli de Souza","vaep_value":0.0068699613,"offensive_value":-0.0002384699,"defensive_value":0.0071084312,"count":42},"18":{"player_id":70965,"player_name":"Davide Astori","vaep_value":0.2193468591,"offensive_value":0.2193727748,"defensive_value":-0.0000259157,"count":26},"19":{"player_id":116170,"player_name":"Maximiliano Mart\u00edn Olivera De Andrea","vaep_value":0.1348785483,"offensive_value":0.1388455057,"defensive_value":-0.0039669573,"count":34},"20":{"player_id":116225,"player_name":"Milan \u0160kriniar","vaep_value":0.1112062264,"offensive_value":0.0869235354,"defensive_value":0.024282691,"count":45},"21":{"player_id":116349,"player_name":"Mat\u00edas Vecino Falero","vaep_value":0.0609969471,"offensive_value":0.0178084162,"defensive_value":0.043188531,"count":86},"22":{"player_id":138408,"player_name":"Borja Valero Iglesias","vaep_value":0.2858063372,"offensive_value":0.1271344314,"defensive_value":0.1586719058,"count":71},"23":{"player_id":149076,"player_name":"Jordan Veretout","vaep_value":0.2076450267,"offensive_value":0.2490695806,"defensive_value":-0.0414245538,"count":77},"24":{"player_id":206314,"player_name":"Danilo D'Ambrosio","vaep_value":0.9982434248,"offensive_value":1.0164589978,"defensive_value":-0.018215573,"count":20},"25":{"player_id":241676,"player_name":"Valentin Eysseric","vaep_value":0.0699177455,"offensive_value":0.0331215096,"defensive_value":0.0367962359,"count":23},"26":{"player_id":269152,"player_name":"Mat\u00edas Vecino Falero","vaep_value":-0.072990692,"offensive_value":-0.0585975745,"defensive_value":-0.0143931175,"count":13},"27":{"player_id":338249,"player_name":"Danilo D'Ambrosio","vaep_value":-0.1615976304,"offensive_value":-0.1627517356,"defensive_value":0.0011541052,"count":85},"28":{"player_id":361214,"player_name":"Milan \u0160kriniar","vaep_value":-0.0049303537,"offensive_value":-0.0008002622,"defensive_value":-0.0041300915,"count":5}}