{"0":{"player_id":0,"player_name":"Xherdan Shaqiri","vaep_value":0.0103010582,"offensive_value":0.0161621121,"defensive_value":-0.0058610539,"count":5},"1":{"player_id":93,"player_name":"Darren  Fletcher","vaep_value":-0.0101686048,"offensive_value":0.0317878239,"defensive_value":-0.0419564287,"count":60},"2":{"player_id":107,"player_name":"Joe Allen","vaep_value":0.2765964636,"offensive_value":0.1942780985,"defensive_value":0.0823183651,"count":78},"3":{"player_id":7932,"player_name":null,"vaep_value":0.0130633053,"offensive_value":-0.0485548755,"defensive_value":0.0616181808,"count":38},"4":{"player_id":8094,"player_name":null,"vaep_value":0.0647614665,"offensive_value":0.1527162366,"defensive_value":-0.0879547701,"count":37},"5":{"player_id":8125,"player_name":"Johann  Berg Gu\u00f0munds\u00adson","vaep_value":0.1489497008,"offensive_value":0.1341105165,"defensive_value":0.0148391842,"count":72},"6":{"player_id":8433,"player_name":"Phil Bardsley","vaep_value":0.049532285,"offensive_value":0.0481769479,"defensive_value":0.0013553372,"count":22},"7":{"player_id":8516,"player_name":"Jeff Hendrick","vaep_value":0.1347280359,"offensive_value":0.1873315558,"defensive_value":-0.0526035199,"count":71},"8":{"player_id":8731,"player_name":"Geoff Cameron","vaep_value":0.0744007421,"offensive_value":0.0979513581,"defensive_value":-0.023550616,"count":49},"9":{"player_id":8747,"player_name":"Geoff Cameron","vaep_value":-0.1592503458,"offensive_value":-0.1494008071,"defensive_value":-0.0098495387,"count":36},"10":{"player_id":8980,"player_name":"Jack Butland","vaep_value":0.0165674638,"offensive_value":0.0089341431,"defensive_value":0.0076333206,"count":31},"11":{"player_id":9123,"player_name":"Jeff Hendrick","vaep_value":0.8812368468,"offensive_value":0.8925462686,"defensive_value":-0.0113094219,"count":21},"12":{"player_id":9127,"player_name":"Steven Defour","vaep_value":-0.0568764127,"offensive_value":-0.0140547755,"defensive_value":-0.0428216372,"count":4},"13":{"player_id":9164,"player_name":"Kevin Long","vaep_value":0.1181522475,"offensive_value":0.0891654169,"defensive_value":0.0289868306,"count":34},"14":{"player_id":9206,"player_name":"James  Tarkowski","vaep_value":-0.0590529769,"offensive_value":-0.0543860889,"defensive_value":-0.004666888,"count":25},"15":{"player_id":9433,"player_name":"Steven Defour","vaep_value":0.0936327231,"offensive_value":0.0628811042,"defensive_value":0.0307516189,"count":57},"16":{"player_id":10108,"player_name":"Phil Bardsley","vaep_value":0.0694586228,"offensive_value":0.0455944745,"defensive_value":0.0238641483,"count":57},"17":{"player_id":11294,"player_name":"Kevin Long","vaep_value":-0.0141024907,"offensive_value":-0.030888297,"defensive_value":0.0167858063,"count":41},"18":{"player_id":12242,"player_name":"Nick Pope","vaep_value":0.1838727193,"offensive_value":0.2574509736,"defensive_value":-0.0735782543,"count":46},"19":{"player_id":15054,"player_name":"Ryan Shawcross","vaep_value":-0.2114664124,"offensive_value":-0.180425856,"defensive_value":-0.0310405564,"count":38},"20":{"player_id":15198,"player_name":"Johann  Berg Gu\u00f0munds\u00adson","vaep_value":-0.1280854451,"offensive_value":-0.04967462,"defensive_value":-0.0784108251,"count":8},"21":{"player_id":25854,"player_name":"James  Tarkowski","vaep_value":0.0169078996,"offensive_value":0.0300688233,"defensive_value":-0.0131609236,"count":31},"22":{"player_id":49872,"player_name":"James  Tarkowski","vaep_value":0.1109247391,"offensive_value":0.1388240986,"defensive_value":-0.0278993595,"count":53},"23":{"player_id":58978,"player_name":"Jack Butland","vaep_value":0.1436762828,"offensive_value":0.148081665,"defensive_value":-0.0044053822,"count":44},"24":{"player_id":65254,"player_name":"Erik Pieters","vaep_value":0.0807489179,"offensive_value":-0.0049704255,"defensive_value":0.0857193434,"count":10},"25":{"player_id":70092,"player_name":"Peter Crouch","vaep_value":0.1907914229,"offensive_value":0.13490893,"defensive_value":0.0558824928,"count":79},"26":{"player_id":77548,"player_name":"Mame Biram Diouf","vaep_value":0.3479543851,"offensive_value":0.187609499,"defensive_value":0.1603448861,"count":62},"27":{"player_id":332605,"player_name":"Xherdan Shaqiri","vaep_value":0.1276652116,"offensive_value":0.0633056671,"defensive_value":0.0643595444,"count":60}}