{"0":{"player_id":0,"player_name":"Simone Verdi","vaep_value":0.0056395525,"offensive_value":0.0095354533,"defensive_value":-0.0038959008,"count":4},"1":{"player_id":130,"player_name":"Sebastien De Maio","vaep_value":0.2066182474,"offensive_value":0.1513690611,"defensive_value":0.0552491863,"count":73},"2":{"player_id":3484,"player_name":"Ladislav Krej\u010d\u00ed","vaep_value":0.6398577874,"offensive_value":0.6578394205,"defensive_value":-0.0179816331,"count":68},"3":{"player_id":4792,"player_name":"Adam Maru\u0161i\u0107","vaep_value":0.0087593971,"offensive_value":-0.001190559,"defensive_value":0.0099499561,"count":1},"4":{"player_id":7926,"player_name":"Ciro Immobile","vaep_value":0.085732232,"offensive_value":0.0092786476,"defensive_value":0.0764535844,"count":13},"5":{"player_id":7965,"player_name":"Filip Helander","vaep_value":0.1449416868,"offensive_value":0.1484580114,"defensive_value":-0.0035163247,"count":72},"6":{"player_id":20483,"player_name":"Emil Krafth","vaep_value":0.139193321,"offensive_value":0.084726923,"defensive_value":0.054466398,"count":41},"7":{"player_id":20526,"player_name":"Sebastien De Maio","vaep_value":0.1655142227,"offensive_value":0.1452605035,"defensive_value":0.0202537192,"count":61},"8":{"player_id":20550,"player_name":"Lorenzo Crisetig","vaep_value":0.2524422003,"offensive_value":0.0883621685,"defensive_value":0.1640800318,"count":58},"9":{"player_id":20561,"player_name":"Filip Helander","vaep_value":0.9376456122,"offensive_value":0.9183424092,"defensive_value":0.019303203,"count":42},"10":{"player_id":20707,"player_name":"Sebastien De Maio","vaep_value":0.0191495629,"offensive_value":0.0829327527,"defensive_value":-0.0637831897,"count":62},"11":{"player_id":20796,"player_name":"Emil Krafth","vaep_value":-0.2668278852,"offensive_value":-0.1162906548,"defensive_value":-0.1505372304,"count":30},"12":{"player_id":21123,"player_name":"Thomas Strakosha","vaep_value":0.0471627033,"offensive_value":0.1166838829,"defensive_value":-0.0695211795,"count":56},"13":{"player_id":21350,"player_name":"\u015etefan Daniel Radu","vaep_value":-0.427767562,"offensive_value":-0.4773311869,"defensive_value":0.0495636249,"count":54},"14":{"player_id":21384,"player_name":"Senad Luli\u0107","vaep_value":-0.73313789,"offensive_value":-0.7157607783,"defensive_value":-0.0173771117,"count":33},"15":{"player_id":37745,"player_name":"Ladislav Krej\u010d\u00ed","vaep_value":-0.0001195186,"offensive_value":0.0310564463,"defensive_value":-0.0311759649,"count":24},"16":{"player_id":50805,"player_name":"Filip Helander","vaep_value":0.4507852981,"offensive_value":0.2739058316,"defensive_value":0.1768794665,"count":85},"17":{"player_id":51064,"player_name":"Godfred Donsah","vaep_value":0.1446254808,"offensive_value":0.1336033911,"defensive_value":0.0110220896,"count":60},"18":{"player_id":82266,"player_name":"Lorenzo Crisetig","vaep_value":0.0849459214,"offensive_value":0.1044821893,"defensive_value":-0.0195362678,"count":45},"19":{"player_id":90268,"player_name":"Erick Antonio Pulgar Farf\u00e1n","vaep_value":0.3898862788,"offensive_value":0.2466714454,"defensive_value":0.1432148333,"count":70},"20":{"player_id":149846,"player_name":"Ladislav Krej\u010d\u00ed","vaep_value":0.0470473593,"offensive_value":0.0560112791,"defensive_value":-0.0089639198,"count":21},"21":{"player_id":166534,"player_name":"Adam Maru\u0161i\u0107","vaep_value":0.1401977866,"offensive_value":0.2058001532,"defensive_value":-0.0656023666,"count":44},"22":{"player_id":208865,"player_name":"Godfred Donsah","vaep_value":0.3356812985,"offensive_value":0.2070414284,"defensive_value":0.1286398701,"count":87},"23":{"player_id":228928,"player_name":"Lorenzo Crisetig","vaep_value":-0.0028909741,"offensive_value":-0.0046534771,"defensive_value":0.0017625031,"count":49},"24":{"player_id":232822,"player_name":"Adam Masina","vaep_value":-0.4289551362,"offensive_value":-0.1364870509,"defensive_value":-0.2924680853,"count":77},"25":{"player_id":265865,"player_name":"Bartolomeu Jacinto Quissanga","vaep_value":0.9433040448,"offensive_value":0.8598127097,"defensive_value":0.083491335,"count":91},"26":{"player_id":295273,"player_name":"Sergej Milinkovi\u0107-Savi\u0107","vaep_value":0.0110299549,"offensive_value":0.0094246564,"defensive_value":0.0016052985,"count":24},"27":{"player_id":299557,"player_name":"Luis Alberto Romero Alconchel","vaep_value":-0.0189456533,"offensive_value":-0.0068613548,"defensive_value":-0.0120842985,"count":34},"28":{"player_id":403272,"player_name":"Sergej Milinkovi\u0107-Savi\u0107","vaep_value":0.0748451806,"offensive_value":0.0736016238,"defensive_value":0.0012435568,"count":8}}