{"0":{"player_id":0,"player_name":"Vedad Ibi\u0161evi\u0107","vaep_value":0.0149842834,"offensive_value":0.0189219087,"defensive_value":-0.0039376253,"count":4},"1":{"player_id":7904,"player_name":"Vladim\u00edr Darida","vaep_value":0.738594049,"offensive_value":0.7652907495,"defensive_value":-0.0266967005,"count":28},"2":{"player_id":8309,"player_name":"Julian Brandt","vaep_value":0.315071556,"offensive_value":0.2091448193,"defensive_value":0.1059267367,"count":53},"3":{"player_id":14762,"player_name":"Julian Brandt","vaep_value":0.0739135128,"offensive_value":0.0692320706,"defensive_value":0.0046814422,"count":29},"4":{"player_id":14768,"player_name":"Mitchell Weiser","vaep_value":0.036192102,"offensive_value":0.0357265027,"defensive_value":0.0004655994,"count":20},"5":{"player_id":14781,"player_name":"Mitchell Weiser","vaep_value":0.1379216992,"offensive_value":0.1222079238,"defensive_value":0.0157137754,"count":49},"6":{"player_id":14786,"player_name":"Vladim\u00edr Darida","vaep_value":0.0001458916,"offensive_value":0.0347260135,"defensive_value":-0.034580122,"count":42},"7":{"player_id":14803,"player_name":"Mitchell Weiser","vaep_value":0.1475568566,"offensive_value":0.1659565317,"defensive_value":-0.018399675,"count":102},"8":{"player_id":14905,"player_name":"Sven Bender","vaep_value":0.2986064182,"offensive_value":0.1742839152,"defensive_value":0.124322503,"count":48},"9":{"player_id":15020,"player_name":"Vedad Ibi\u0161evi\u0107","vaep_value":0.8187601967,"offensive_value":0.7738904543,"defensive_value":0.0448697424,"count":54},"10":{"player_id":15103,"player_name":"Wendell Nascimento Borges","vaep_value":0.0310992938,"offensive_value":0.047627233,"defensive_value":-0.0165279391,"count":8},"11":{"player_id":15125,"player_name":"Sven Bender","vaep_value":0.4230762563,"offensive_value":0.4031843488,"defensive_value":0.0198919076,"count":59},"12":{"player_id":15141,"player_name":"Panagiotis Retsos","vaep_value":0.063527926,"offensive_value":0.0645771441,"defensive_value":-0.0010492181,"count":10},"13":{"player_id":15231,"player_name":"Kevin Volland","vaep_value":0.067789676,"offensive_value":-0.0326647339,"defensive_value":0.10045441,"count":40},"14":{"player_id":15276,"player_name":"Kevin Volland","vaep_value":0.1931392099,"offensive_value":0.1623353318,"defensive_value":0.0308038782,"count":64},"15":{"player_id":40657,"player_name":"Julian Brandt","vaep_value":0.2113004146,"offensive_value":0.1776665561,"defensive_value":0.0336338584,"count":44},"16":{"player_id":54579,"player_name":"Rune  Almenning Jarstein","vaep_value":-0.3799772392,"offensive_value":0.1837829312,"defensive_value":-0.5637601704,"count":40},"17":{"player_id":82518,"player_name":"Marvin Plattenhardt","vaep_value":0.1471480991,"offensive_value":0.0984187936,"defensive_value":0.0487293055,"count":72},"18":{"player_id":89559,"player_name":"Marvin Plattenhardt","vaep_value":0.3938503044,"offensive_value":0.212330529,"defensive_value":0.1815197754,"count":112},"19":{"player_id":94650,"player_name":"Salomon Armand Magloire Kalou","vaep_value":-0.0110536381,"offensive_value":0.0043729707,"defensive_value":-0.0154266087,"count":2},"20":{"player_id":105619,"player_name":"Ondrej Duda","vaep_value":0.2302509174,"offensive_value":0.2213727143,"defensive_value":0.0088782031,"count":46},"21":{"player_id":146583,"player_name":"Ondrej Duda","vaep_value":0.741789274,"offensive_value":0.7985568314,"defensive_value":-0.0567675574,"count":69},"22":{"player_id":165425,"player_name":"Karim Bellarabi","vaep_value":0.1082410909,"offensive_value":0.0336343681,"defensive_value":0.0746067228,"count":72},"23":{"player_id":173212,"player_name":"Marvin Plattenhardt","vaep_value":0.0428335256,"offensive_value":0.0422701787,"defensive_value":0.000563347,"count":42},"24":{"player_id":218896,"player_name":"Niklas Stark","vaep_value":0.0532027575,"offensive_value":0.0442444348,"defensive_value":0.0089583227,"count":35},"25":{"player_id":228768,"player_name":"Mitchell Weiser","vaep_value":0.2181803357,"offensive_value":0.1283789134,"defensive_value":0.0898014223,"count":51},"26":{"player_id":344178,"player_name":"Mitchell Weiser","vaep_value":0.1502274192,"offensive_value":0.1455751824,"defensive_value":0.0046522368,"count":95},"27":{"player_id":388267,"player_name":"Mathew Leckie","vaep_value":-0.1177539509,"offensive_value":-0.1104612404,"defensive_value":-0.0072927105,"count":21},"28":{"player_id":425925,"player_name":"Mitchell Weiser","vaep_value":-0.058672621,"offensive_value":-0.0307617441,"defensive_value":-0.0279108769,"count":36}}