{"0":{"player_id":0,"player_name":"Lebo Mothiba","vaep_value":0.0487230452,"offensive_value":0.0602972857,"defensive_value":-0.0115742405,"count":8},"1":{"player_id":25492,"player_name":"Ibrahim Amadou","vaep_value":0.3270288791,"offensive_value":0.1249398862,"defensive_value":0.2020889929,"count":72},"2":{"player_id":25534,"player_name":"K\u00e9vin Malcuit","vaep_value":0.1012730355,"offensive_value":0.159756275,"defensive_value":-0.0584832395,"count":59},"3":{"player_id":25957,"player_name":"Edgar Miguel I\u00e9","vaep_value":0.1785985874,"offensive_value":0.0828935995,"defensive_value":0.0957049879,"count":51},"4":{"player_id":26134,"player_name":"Mike Maignan","vaep_value":0.035990555,"offensive_value":-0.009193302,"defensive_value":0.045183857,"count":37},"5":{"player_id":26384,"player_name":"Nicolas P\u00e9p\u00e9","vaep_value":0.4174125226,"offensive_value":0.4681942256,"defensive_value":-0.050781703,"count":67},"6":{"player_id":26583,"player_name":"Bakaye Dibassy","vaep_value":0.0559621339,"offensive_value":0.1267889768,"defensive_value":-0.0708268429,"count":33},"7":{"player_id":28122,"player_name":"Danilo Fernando Avelar","vaep_value":-0.0774353307,"offensive_value":-0.1235939149,"defensive_value":0.0461585842,"count":87},"8":{"player_id":28232,"player_name":"K\u00e9vin Malcuit","vaep_value":0.0098203375,"offensive_value":0.0100434984,"defensive_value":-0.0002231608,"count":11},"9":{"player_id":28948,"player_name":"J\u00fanior Osmar Ignacio  Alonso Mujica","vaep_value":-0.0165265265,"offensive_value":-0.0198401108,"defensive_value":0.0033135843,"count":3},"10":{"player_id":38095,"player_name":"Issa Cissokho","vaep_value":0.0482099183,"offensive_value":0.0220710037,"defensive_value":0.0261389146,"count":14},"11":{"player_id":41056,"player_name":"Prince-D\u00e9sir Gouano","vaep_value":0.168313973,"offensive_value":0.1219520925,"defensive_value":0.0463618805,"count":92},"12":{"player_id":70959,"player_name":"Abdul Khaled Akiola Ad\u00e9non","vaep_value":0.1766899968,"offensive_value":0.0232256919,"defensive_value":0.153464305,"count":57},"13":{"player_id":90880,"player_name":"Bongani Zungu","vaep_value":1.051937185,"offensive_value":1.036525021,"defensive_value":0.015412164,"count":48},"14":{"player_id":97582,"player_name":"Prince-D\u00e9sir Gouano","vaep_value":-0.2101236556,"offensive_value":-0.2078966738,"defensive_value":-0.0022269818,"count":25},"15":{"player_id":105523,"player_name":"Fod\u00e9  Ballo Tour\u00e9","vaep_value":0.1139001336,"offensive_value":-0.0394069701,"defensive_value":0.1533071038,"count":40},"16":{"player_id":134496,"player_name":"Ibrahim Amadou","vaep_value":0.1777707418,"offensive_value":0.0573528989,"defensive_value":0.1204178429,"count":27},"17":{"player_id":144867,"player_name":"Abdul Khaled Akiola Ad\u00e9non","vaep_value":0.4645077123,"offensive_value":0.5023306917,"defensive_value":-0.0378229794,"count":128},"18":{"player_id":213308,"player_name":"Thiago Maia Alencar","vaep_value":0.1084166445,"offensive_value":0.0734706729,"defensive_value":0.0349459716,"count":43},"19":{"player_id":214710,"player_name":"Yassine Benzia","vaep_value":0.0828216143,"offensive_value":0.1155279657,"defensive_value":-0.0327063514,"count":51},"20":{"player_id":229198,"player_name":"Yassine Benzia","vaep_value":0.0244247697,"offensive_value":0.0224383126,"defensive_value":0.001986457,"count":13},"21":{"player_id":244357,"player_name":"R\u00e9gis Gurtner","vaep_value":0.1031764699,"offensive_value":0.0536335418,"defensive_value":0.0495429281,"count":65},"22":{"player_id":245807,"player_name":"R\u00e9gis Gurtner","vaep_value":0.211951456,"offensive_value":0.2253189815,"defensive_value":-0.0133675255,"count":19},"23":{"player_id":247671,"player_name":"Issa Cissokho","vaep_value":-0.0506165546,"offensive_value":-0.0126871527,"defensive_value":-0.0379294018,"count":69},"24":{"player_id":250134,"player_name":"Prince-D\u00e9sir Gouano","vaep_value":0.0206596439,"offensive_value":0.0299413931,"defensive_value":-0.0092817491,"count":39},"25":{"player_id":257750,"player_name":"Abdul Khaled Akiola Ad\u00e9non","vaep_value":0.1814027793,"offensive_value":0.2103061014,"defensive_value":-0.0289033221,"count":100},"26":{"player_id":286917,"player_name":"Bakaye Dibassy","vaep_value":0.0325155794,"offensive_value":-0.0008357726,"defensive_value":0.033351352,"count":73},"27":{"player_id":366546,"player_name":"Edgar Miguel I\u00e9","vaep_value":-0.156380227,"offensive_value":-0.1939569225,"defensive_value":0.0375766956,"count":42},"28":{"player_id":372904,"player_name":"Edgar Miguel I\u00e9","vaep_value":0.1190163962,"offensive_value":0.0543984605,"defensive_value":0.0646179357,"count":46}}