{"0":{"player_id":0,"player_name":"Moussa Konat\u00e9","vaep_value":0.002610473,"offensive_value":0.0047963685,"defensive_value":-0.0021858956,"count":1},"1":{"player_id":8326,"player_name":"Bongani Zungu","vaep_value":0.1140594442,"offensive_value":0.1086232568,"defensive_value":0.0054361874,"count":16},"2":{"player_id":25410,"player_name":"Maxime Le Marchand","vaep_value":-0.4103435215,"offensive_value":-0.4166572252,"defensive_value":0.0063137037,"count":35},"3":{"player_id":25427,"player_name":"Malang Sarr","vaep_value":0.0227456221,"offensive_value":0.0064019309,"defensive_value":0.0163436912,"count":1},"4":{"player_id":25433,"player_name":"Ga\u00ebl Kakuta","vaep_value":-0.0401901815,"offensive_value":-0.038422049,"defensive_value":-0.0017681324,"count":8},"5":{"player_id":25534,"player_name":"Malang Sarr","vaep_value":0.0558347676,"offensive_value":0.0022405528,"defensive_value":0.0535942148,"count":50},"6":{"player_id":25957,"player_name":"Ga\u00ebl Kakuta","vaep_value":0.0182103514,"offensive_value":0.0819539552,"defensive_value":-0.0637436039,"count":38},"7":{"player_id":26134,"player_name":"Emmanuel Bourgaud","vaep_value":-0.05277245,"offensive_value":0.0083553169,"defensive_value":-0.061127767,"count":42},"8":{"player_id":26135,"player_name":"Moussa Konat\u00e9","vaep_value":0.1266828778,"offensive_value":0.1928991113,"defensive_value":-0.0662162335,"count":98},"9":{"player_id":26384,"player_name":"Walter Daniel Ben\u00edtez","vaep_value":0.0848800856,"offensive_value":0.1246084511,"defensive_value":-0.0397283655,"count":59},"10":{"player_id":26414,"player_name":"Maxime Le Marchand","vaep_value":0.0412034963,"offensive_value":0.045150402,"defensive_value":-0.0039469057,"count":14},"11":{"player_id":26970,"player_name":"Maxime Le Marchand","vaep_value":0.1038917927,"offensive_value":0.1116915089,"defensive_value":-0.0077997162,"count":35},"12":{"player_id":28230,"player_name":"Oualid El Hajjam","vaep_value":0.1348361799,"offensive_value":0.0628667797,"defensive_value":0.0719694002,"count":80},"13":{"player_id":28948,"player_name":"Issa Cissokho","vaep_value":0.1298366345,"offensive_value":0.0355128448,"defensive_value":0.0943237897,"count":42},"14":{"player_id":29590,"player_name":"Oualid El Hajjam","vaep_value":0.1455125471,"offensive_value":0.1533735546,"defensive_value":-0.0078610075,"count":33},"15":{"player_id":30320,"player_name":"Bongani Zungu","vaep_value":0.1007769359,"offensive_value":0.0346933444,"defensive_value":0.0660835915,"count":61},"16":{"player_id":38095,"player_name":"Oualid El Hajjam","vaep_value":0.0001706253,"offensive_value":-0.0458988338,"defensive_value":0.0460694591,"count":33},"17":{"player_id":86745,"player_name":"Prince-D\u00e9sir Gouano","vaep_value":0.0679056927,"offensive_value":0.0928857649,"defensive_value":-0.0249800722,"count":30},"18":{"player_id":97582,"player_name":"Emmanuel Bourgaud","vaep_value":0.0120257162,"offensive_value":0.0366823989,"defensive_value":-0.0246566826,"count":36},"19":{"player_id":131959,"player_name":"Prince-D\u00e9sir Gouano","vaep_value":0.234884504,"offensive_value":0.2084385776,"defensive_value":0.0264459264,"count":104},"20":{"player_id":228983,"player_name":"Jean-Christophe Bouet","vaep_value":0.0147559517,"offensive_value":0.0076106433,"defensive_value":0.0071453084,"count":11},"21":{"player_id":229198,"player_name":"Prince-D\u00e9sir Gouano","vaep_value":-0.0023218538,"offensive_value":-0.000938369,"defensive_value":-0.0013834848,"count":3},"22":{"player_id":244357,"player_name":"Ga\u00ebl Kakuta","vaep_value":0.0105088158,"offensive_value":-0.0263561767,"defensive_value":0.0368649925,"count":28},"23":{"player_id":266286,"player_name":"Issa Cissokho","vaep_value":0.0641021287,"offensive_value":0.0402399253,"defensive_value":0.0238622035,"count":95},"24":{"player_id":276211,"player_name":"Issa Cissokho","vaep_value":0.3986509269,"offensive_value":0.439297264,"defensive_value":-0.040646337,"count":70},"25":{"player_id":277629,"player_name":"Serge Gakp\u00e9","vaep_value":0.6106489454,"offensive_value":0.6198462504,"defensive_value":-0.009197305,"count":66},"26":{"player_id":328488,"player_name":"Guessouma Fofana","vaep_value":0.1950816804,"offensive_value":0.2091851208,"defensive_value":-0.0141034404,"count":101},"27":{"player_id":393228,"player_name":"Bongani Zungu","vaep_value":0.3201744646,"offensive_value":0.232144482,"defensive_value":0.0880299826,"count":105},"28":{"player_id":408827,"player_name":"Abdul Khaled Akiola Ad\u00e9non","vaep_value":0.0890644157,"offensive_value":0.0907854124,"defensive_value":-0.0017209967,"count":55}}