{"0":{"player_id":0,"player_name":"Enrique Garc\u00eda Mart\u00ednez","vaep_value":0.0238957286,"offensive_value":0.030897921,"defensive_value":-0.0070021923,"count":7},"1":{"player_id":3286,"player_name":"David Rodr\u00edguez Lomb\u00e1n","vaep_value":0.2805161135,"offensive_value":0.0917559546,"defensive_value":0.1887601589,"count":103},"2":{"player_id":3339,"player_name":"Takashi Inui","vaep_value":0.0301733242,"offensive_value":0.0663891541,"defensive_value":-0.0362158299,"count":72},"3":{"player_id":3704,"player_name":"Jos\u00e9 \u00c1ngel Vald\u00e9s D\u00edaz","vaep_value":-0.0020041569,"offensive_value":0.0203652714,"defensive_value":-0.0223694283,"count":34},"4":{"player_id":3823,"player_name":"Carlos Soler Barrag\u00e1n","vaep_value":0.0999498585,"offensive_value":0.1993649899,"defensive_value":-0.0994151314,"count":50},"5":{"player_id":3843,"player_name":"Daniel Garc\u00eda Carrillo","vaep_value":0.3177873275,"offensive_value":0.2855908895,"defensive_value":0.0321964379,"count":62},"6":{"player_id":3874,"player_name":"Jos\u00e9 \u00c1ngel Vald\u00e9s D\u00edaz","vaep_value":-0.1273252553,"offensive_value":-0.118687829,"defensive_value":-0.0086374263,"count":39},"7":{"player_id":4014,"player_name":"R\u00faben Miguel Nunes Vezo","vaep_value":0.0412209608,"offensive_value":0.095620533,"defensive_value":-0.0543995722,"count":50},"8":{"player_id":4180,"player_name":null,"vaep_value":0.0464896582,"offensive_value":0.0562067087,"defensive_value":-0.0097170505,"count":37},"9":{"player_id":4892,"player_name":"Takashi Inui","vaep_value":0.0524744556,"offensive_value":0.0348071114,"defensive_value":0.0176673442,"count":82},"10":{"player_id":5542,"player_name":"Takashi Inui","vaep_value":0.0014512483,"offensive_value":-0.0212021586,"defensive_value":0.022653407,"count":36},"11":{"player_id":14836,"player_name":"Fabi\u00e1n Ariel Orellana Valenzuela","vaep_value":-0.018258662,"offensive_value":-0.0041654645,"defensive_value":-0.0140931974,"count":46},"12":{"player_id":20436,"player_name":"Jos\u00e9 \u00c1ngel Vald\u00e9s D\u00edaz","vaep_value":0.1301564348,"offensive_value":0.12448675,"defensive_value":0.0056696848,"count":62},"13":{"player_id":20922,"player_name":"Mart\u00edn Montoya Torralbo","vaep_value":0.081563002,"offensive_value":0.072170381,"defensive_value":0.009392621,"count":28},"14":{"player_id":22202,"player_name":"Rodrigo Moreno Machado","vaep_value":-0.1338639217,"offensive_value":-0.1234586576,"defensive_value":-0.0104052641,"count":11},"15":{"player_id":25623,"player_name":"Rodrigo Moreno Machado","vaep_value":0.1947413124,"offensive_value":0.1653010566,"defensive_value":0.0294402558,"count":72},"16":{"player_id":41363,"player_name":"Daniel Parejo Mu\u00f1oz","vaep_value":0.1425998071,"offensive_value":0.0600357545,"defensive_value":0.0825640527,"count":63},"17":{"player_id":70129,"player_name":"Daniel Parejo Mu\u00f1oz","vaep_value":-0.1090437282,"offensive_value":-0.0852378146,"defensive_value":-0.0238059135,"count":54},"18":{"player_id":70507,"player_name":"Jos\u00e9 \u00c1ngel Vald\u00e9s D\u00edaz","vaep_value":0.0911264648,"offensive_value":0.0671192517,"defensive_value":0.0240072131,"count":42},"19":{"player_id":211853,"player_name":"Daniel Garc\u00eda Carrillo","vaep_value":0.1925680813,"offensive_value":0.0624402281,"defensive_value":0.1301278532,"count":63},"20":{"player_id":212644,"player_name":"David Rodr\u00edguez Lomb\u00e1n","vaep_value":0.0496439681,"offensive_value":0.0202583009,"defensive_value":0.0293856672,"count":13},"21":{"player_id":225948,"player_name":"Yoel Rodr\u00edguez Oterino","vaep_value":0.0515389337,"offensive_value":0.0663135567,"defensive_value":-0.0147746231,"count":56},"22":{"player_id":237034,"player_name":"Jos\u00e9 Luis Gay\u00e1 Pe\u00f1a","vaep_value":0.2247352473,"offensive_value":0.2731094589,"defensive_value":-0.0483742115,"count":65},"23":{"player_id":247207,"player_name":"Jos\u00e9 \u00c1ngel Vald\u00e9s D\u00edaz","vaep_value":0.0895255464,"offensive_value":0.0451169122,"defensive_value":0.0444086342,"count":31},"24":{"player_id":250885,"player_name":"Mart\u00edn Montoya Torralbo","vaep_value":-0.0652278403,"offensive_value":-0.0613001813,"defensive_value":-0.003927659,"count":31},"25":{"player_id":279555,"player_name":"Mart\u00edn Montoya Torralbo","vaep_value":-0.002208659,"offensive_value":-0.0024412461,"defensive_value":0.0002325871,"count":1},"26":{"player_id":372752,"player_name":"Gabriel Armando de Abreu","vaep_value":0.0170369318,"offensive_value":0.0524546275,"defensive_value":-0.0354176956,"count":54},"27":{"player_id":397303,"player_name":"Daniel Parejo Mu\u00f1oz","vaep_value":-0.021370624,"offensive_value":-0.0194976646,"defensive_value":-0.0018729593,"count":4}}