{"0":{"player_id":0,"player_name":"Vedad Ibi\u0161evi\u0107","vaep_value":0.0510866863,"offensive_value":0.0533547113,"defensive_value":-0.002268025,"count":5},"1":{"player_id":159,"player_name":"Per Ciljan Skjelbred","vaep_value":0.0430533702,"offensive_value":0.0407488134,"defensive_value":0.0023045568,"count":51},"2":{"player_id":7904,"player_name":"Philipp Max","vaep_value":0.8772859906,"offensive_value":0.8763303997,"defensive_value":0.000955591,"count":11},"3":{"player_id":8309,"player_name":"Mitchell Weiser","vaep_value":0.0174007041,"offensive_value":0.0322307881,"defensive_value":-0.0148300841,"count":55},"4":{"player_id":14762,"player_name":"Philipp Max","vaep_value":-0.0234074302,"offensive_value":0.0143291525,"defensive_value":-0.0377365827,"count":32},"5":{"player_id":14905,"player_name":"Philipp Max","vaep_value":0.10718568,"offensive_value":0.1004081783,"defensive_value":0.0067775017,"count":46},"6":{"player_id":14914,"player_name":"Philipp Max","vaep_value":0.1394005999,"offensive_value":0.1063978297,"defensive_value":0.0330027702,"count":38},"7":{"player_id":14997,"player_name":"Caiuby Francisco da Silva","vaep_value":0.020406549,"offensive_value":0.0269938132,"defensive_value":-0.0065872641,"count":6},"8":{"player_id":15020,"player_name":"Alfre\u00f0 Finnbogason","vaep_value":0.0479652025,"offensive_value":0.0581808714,"defensive_value":-0.0102156689,"count":36},"9":{"player_id":15125,"player_name":"Alfre\u00f0 Finnbogason","vaep_value":0.2071680327,"offensive_value":0.2353323137,"defensive_value":-0.028164281,"count":59},"10":{"player_id":15141,"player_name":"Caiuby Francisco da Silva","vaep_value":0.0514182114,"offensive_value":0.0541859886,"defensive_value":-0.0027677772,"count":20},"11":{"player_id":15276,"player_name":"Mitchell Weiser","vaep_value":0.2044490427,"offensive_value":0.1396157329,"defensive_value":0.0648333097,"count":74},"12":{"player_id":15695,"player_name":"Mitchell Weiser","vaep_value":-0.0655058152,"offensive_value":-0.0621391118,"defensive_value":-0.0033667034,"count":54},"13":{"player_id":15771,"player_name":"Mathew Leckie","vaep_value":0.0947102839,"offensive_value":0.003119788,"defensive_value":0.0915904959,"count":69},"14":{"player_id":15777,"player_name":"Jeffrey Gouweleeuw","vaep_value":0.2074000813,"offensive_value":0.2480723984,"defensive_value":-0.040672317,"count":84},"15":{"player_id":15781,"player_name":"Mitchell Weiser","vaep_value":0.0629349456,"offensive_value":0.0152565853,"defensive_value":0.0476783602,"count":62},"16":{"player_id":16432,"player_name":"Mathew Leckie","vaep_value":0.8617111862,"offensive_value":0.870455103,"defensive_value":-0.0087439168,"count":57},"17":{"player_id":16826,"player_name":"Maximilian Mittelst\u00e4dt","vaep_value":0.0220596909,"offensive_value":-0.0055556179,"defensive_value":0.0276153088,"count":13},"18":{"player_id":37948,"player_name":"Marwin Hitz","vaep_value":-0.1603988686,"offensive_value":-0.1673069547,"defensive_value":0.0069080861,"count":43},"19":{"player_id":54579,"player_name":"Daniel Baier","vaep_value":0.1029457701,"offensive_value":0.2143048841,"defensive_value":-0.1113591139,"count":46},"20":{"player_id":65075,"player_name":"Marwin Hitz","vaep_value":0.238542762,"offensive_value":0.2056346035,"defensive_value":0.0329081585,"count":75},"21":{"player_id":65180,"player_name":"Niklas Stark","vaep_value":-0.1248910654,"offensive_value":-0.1057277103,"defensive_value":-0.0191633551,"count":27},"22":{"player_id":134399,"player_name":"Daniel Baier","vaep_value":-0.1163249409,"offensive_value":-0.0729156692,"defensive_value":-0.0434092717,"count":27},"23":{"player_id":173212,"player_name":"Caiuby Francisco da Silva","vaep_value":0.0667043702,"offensive_value":0.0794680464,"defensive_value":-0.0127636762,"count":30},"24":{"player_id":208652,"player_name":"Philipp Max","vaep_value":0.0163204018,"offensive_value":0.0018427232,"defensive_value":0.0144776786,"count":12},"25":{"player_id":221411,"player_name":"Marvin Plattenhardt","vaep_value":0.1223823556,"offensive_value":0.2198646109,"defensive_value":-0.0974822553,"count":81},"26":{"player_id":224965,"player_name":"Rune  Almenning Jarstein","vaep_value":0.3358732893,"offensive_value":0.3191833112,"defensive_value":0.0166899781,"count":55},"27":{"player_id":337890,"player_name":"Martin Hinteregger","vaep_value":-0.0218556889,"offensive_value":-0.0339045784,"defensive_value":0.0120488895,"count":37},"28":{"player_id":354997,"player_name":"Marwin Hitz","vaep_value":-0.0079389347,"offensive_value":-0.0083940374,"defensive_value":0.0004551027,"count":2}}