{"0":{"player_id":0,"player_name":"\u00c1lvaro Borja Morata Mart\u00edn","vaep_value":0.0084288989,"offensive_value":0.0360578494,"defensive_value":-0.0276289505,"count":6},"1":{"player_id":383,"player_name":"Francesc F\u00e0bregas i Soler","vaep_value":1.0091143869,"offensive_value":1.0085313648,"defensive_value":0.000583022,"count":54},"2":{"player_id":703,"player_name":"C\u00e9sar Azpilicueta Tanco","vaep_value":-0.1142641327,"offensive_value":-0.1405623087,"defensive_value":0.026298176,"count":49},"3":{"player_id":3324,"player_name":"Andreas Christensen","vaep_value":-0.1007368454,"offensive_value":-0.1283874508,"defensive_value":0.0276506054,"count":29},"4":{"player_id":3350,"player_name":"Gary  Cahill","vaep_value":-0.008810313,"offensive_value":-0.0381983479,"defensive_value":0.0293880348,"count":100},"5":{"player_id":3360,"player_name":"Thibaut Courtois","vaep_value":-0.1256193668,"offensive_value":-0.091511644,"defensive_value":-0.0341077228,"count":16},"6":{"player_id":3429,"player_name":"Jan Bednarek","vaep_value":0.301158656,"offensive_value":0.0615631533,"defensive_value":0.2395955027,"count":38},"7":{"player_id":7885,"player_name":"Marcos  Alonso Mendoza","vaep_value":0.1262230152,"offensive_value":0.2487080779,"defensive_value":-0.1224850627,"count":72},"8":{"player_id":7887,"player_name":"Francesc F\u00e0bregas i Soler","vaep_value":0.181737921,"offensive_value":0.1132522342,"defensive_value":0.0684856868,"count":65},"9":{"player_id":7899,"player_name":"Marcos  Alonso Mendoza","vaep_value":-0.0005403974,"offensive_value":0.0344599455,"defensive_value":-0.0350003429,"count":56},"10":{"player_id":8032,"player_name":"Francesc F\u00e0bregas i Soler","vaep_value":0.15539406,"offensive_value":0.1825043169,"defensive_value":-0.027110257,"count":55},"11":{"player_id":8144,"player_name":"Eden Hazard","vaep_value":0.2106699038,"offensive_value":0.2622536532,"defensive_value":-0.0515837494,"count":31},"12":{"player_id":8384,"player_name":"\u00c1lvaro Borja Morata Mart\u00edn","vaep_value":0.1357632023,"offensive_value":0.1326782927,"defensive_value":0.0030849096,"count":37},"13":{"player_id":8580,"player_name":"Willian Borges da Silva","vaep_value":0.109705047,"offensive_value":0.2008005012,"defensive_value":-0.0910954542,"count":36},"14":{"player_id":8625,"player_name":"Du\u0161an Tadi\u0107","vaep_value":0.0086018958,"offensive_value":0.0030070744,"defensive_value":0.0055948214,"count":4},"15":{"player_id":8953,"player_name":"Ryan Bertrand","vaep_value":-0.0111032659,"offensive_value":-0.0080390503,"defensive_value":-0.0030642156,"count":2},"16":{"player_id":20857,"player_name":"C\u00e9sar Azpilicueta Tanco","vaep_value":0.0064306923,"offensive_value":0.0057734563,"defensive_value":0.000657236,"count":1},"17":{"player_id":22889,"player_name":"Davide Zappacosta","vaep_value":0.0597860473,"offensive_value":0.0943332016,"defensive_value":-0.0345471543,"count":34},"18":{"player_id":25553,"player_name":"Davide Zappacosta","vaep_value":0.1397059821,"offensive_value":0.0807922592,"defensive_value":0.0589137229,"count":82},"19":{"player_id":25707,"player_name":"Francesc F\u00e0bregas i Soler","vaep_value":1.0923084861,"offensive_value":1.0502919547,"defensive_value":0.0420165315,"count":71},"20":{"player_id":26010,"player_name":"Eden Hazard","vaep_value":1.6554457542,"offensive_value":1.6631156825,"defensive_value":-0.0076699284,"count":9},"21":{"player_id":31528,"player_name":"Eden Hazard","vaep_value":0.164574631,"offensive_value":0.135139028,"defensive_value":0.0294356031,"count":73},"22":{"player_id":70389,"player_name":"Willian Borges da Silva","vaep_value":0.043503543,"offensive_value":0.0335438355,"defensive_value":0.0099597074,"count":47},"23":{"player_id":105333,"player_name":"Eden Hazard","vaep_value":0.1477044803,"offensive_value":0.1685546266,"defensive_value":-0.0208501463,"count":66},"24":{"player_id":135103,"player_name":"Marcos  Alonso Mendoza","vaep_value":0.0029570966,"offensive_value":0.0265991612,"defensive_value":-0.0236420647,"count":49},"25":{"player_id":135114,"player_name":"Francesc F\u00e0bregas i Soler","vaep_value":0.1341801099,"offensive_value":0.0999535717,"defensive_value":0.0342265383,"count":64},"26":{"player_id":240032,"player_name":"C\u00e9dric Ricardo Alves Soares","vaep_value":0.9463518974,"offensive_value":0.9455176552,"defensive_value":0.0008342422,"count":53},"27":{"player_id":268776,"player_name":"C\u00e9dric Ricardo Alves Soares","vaep_value":0.1908623263,"offensive_value":0.1485452865,"defensive_value":0.0423170398,"count":63},"28":{"player_id":302520,"player_name":"James  Ward-Prowse","vaep_value":-0.0031632816,"offensive_value":0.0038622052,"defensive_value":-0.0070254868,"count":10}}