{"0":{"player_id":66,"player_name":"Gylfi \u00de\u00f3r Sigur\u00f0sson","vaep_value":-0.0445044847,"offensive_value":-0.1264475231,"defensive_value":0.0819430384,"count":21},"1":{"player_id":93,"player_name":"Ari Freyr Sk\u00falason","vaep_value":0.0679707448,"offensive_value":0.0673368956,"defensive_value":0.0006338493,"count":25},"2":{"player_id":7980,"player_name":"Johann  Berg Gu\u00f0munds\u00adson","vaep_value":0.0825569203,"offensive_value":0.3509839786,"defensive_value":-0.2684270583,"count":127},"3":{"player_id":8372,"player_name":"Roland Juh\u00e1sz","vaep_value":0.1737943992,"offensive_value":0.1752052897,"defensive_value":-0.0014108905,"count":93},"4":{"player_id":15196,"player_name":"Aron Einar Gunnarsson","vaep_value":0.0188124678,"offensive_value":-0.0293835327,"defensive_value":0.0481960005,"count":37},"5":{"player_id":15200,"player_name":"Tam\u00e1s K\u00e1d\u00e1r","vaep_value":0.0176612423,"offensive_value":0.0218555108,"defensive_value":-0.0041942685,"count":3},"6":{"player_id":15206,"player_name":"Tam\u00e1s K\u00e1d\u00e1r","vaep_value":0.0752448422,"offensive_value":0.0983445408,"defensive_value":-0.0230996986,"count":31},"7":{"player_id":21314,"player_name":"K\u00e1ri \u00c1rnason","vaep_value":0.0744924854,"offensive_value":0.0072316462,"defensive_value":0.0672608392,"count":10},"8":{"player_id":37724,"player_name":"G\u00e1bor Kir\u00e1ly","vaep_value":0.1376072884,"offensive_value":0.0747002226,"defensive_value":0.0629070658,"count":82},"9":{"player_id":37948,"player_name":"Rich\u00e1rd Guzmics","vaep_value":-0.0350360034,"offensive_value":-0.0434112393,"defensive_value":0.0083752359,"count":12},"10":{"player_id":38084,"player_name":"G\u00e1bor Kir\u00e1ly","vaep_value":0.1772238745,"offensive_value":0.1671386507,"defensive_value":0.0100852238,"count":26},"11":{"player_id":51127,"player_name":"Rich\u00e1rd Guzmics","vaep_value":0.4369650059,"offensive_value":0.3030793474,"defensive_value":0.1338856585,"count":45},"12":{"player_id":54451,"player_name":"\u00c1d\u00e1m Nagy","vaep_value":0.2092106688,"offensive_value":0.1269623968,"defensive_value":0.082248272,"count":29},"13":{"player_id":55983,"player_name":"Roland Juh\u00e1sz","vaep_value":0.2367556943,"offensive_value":0.0916928857,"defensive_value":0.1450628086,"count":32},"14":{"player_id":57226,"player_name":"\u00c1d\u00e1m Nagy","vaep_value":0.5971022043,"offensive_value":0.6525800505,"defensive_value":-0.0554778462,"count":31},"15":{"player_id":58105,"player_name":"Rich\u00e1rd Guzmics","vaep_value":-0.1348310996,"offensive_value":-0.1068781065,"defensive_value":-0.0279529931,"count":23},"16":{"player_id":62221,"player_name":"Tam\u00e1s K\u00e1d\u00e1r","vaep_value":0.424661098,"offensive_value":0.2539981821,"defensive_value":0.1706629159,"count":33},"17":{"player_id":74943,"player_name":"Rich\u00e1rd Guzmics","vaep_value":0.0102801066,"offensive_value":0.1084492133,"defensive_value":-0.0981691067,"count":73},"18":{"player_id":74958,"player_name":"\u00c1d\u00e1m Nagy","vaep_value":-0.0319292733,"offensive_value":-0.0267832908,"defensive_value":-0.0051459825,"count":9},"19":{"player_id":75137,"player_name":"Roland Juh\u00e1sz","vaep_value":0.0065560457,"offensive_value":0.0050091087,"defensive_value":0.001546937,"count":5},"20":{"player_id":75209,"player_name":"\u00c1d\u00e1m Lang","vaep_value":0.2733661342,"offensive_value":0.0992964579,"defensive_value":0.1740696763,"count":96},"21":{"player_id":76201,"player_name":"Ari Freyr Sk\u00falason","vaep_value":0.3128928968,"offensive_value":0.3160126379,"defensive_value":-0.0031197412,"count":84},"22":{"player_id":77521,"player_name":"\u00c1d\u00e1m Lang","vaep_value":0.0580574904,"offensive_value":0.1042033698,"defensive_value":-0.0461458794,"count":40},"23":{"player_id":77558,"player_name":"Ari Freyr Sk\u00falason","vaep_value":0.0744463534,"offensive_value":0.2820236883,"defensive_value":-0.2075773349,"count":44},"24":{"player_id":92982,"player_name":"Ari Freyr Sk\u00falason","vaep_value":0.0266148575,"offensive_value":0.0162789135,"defensive_value":0.010335944,"count":6},"25":{"player_id":101690,"player_name":"Bal\u00e1zs Dzsudzs\u00e1k","vaep_value":0.2857560468,"offensive_value":0.2187543093,"defensive_value":0.0670017376,"count":69},"26":{"player_id":102382,"player_name":"Zolt\u00e1n Gera","vaep_value":-0.1050017419,"offensive_value":-0.1034256394,"defensive_value":-0.0015761025,"count":15},"27":{"player_id":299557,"player_name":"\u00c1d\u00e1m Nagy","vaep_value":0.1010596116,"offensive_value":0.1164246493,"defensive_value":-0.0153650377,"count":85}}