{"0":{"player_id":0,"player_name":"Jhon Andr\u00e9s C\u00f3rdoba Copete","vaep_value":0.0001878117,"offensive_value":0.0082752914,"defensive_value":-0.0080874797,"count":2},"1":{"player_id":91,"player_name":"Salih \u00d6zcan","vaep_value":-0.002231641,"offensive_value":0.000779629,"defensive_value":-0.00301127,"count":4},"2":{"player_id":14705,"player_name":"Dominique Heintz","vaep_value":-0.0462451185,"offensive_value":-0.0294367968,"defensive_value":-0.0168083217,"count":29},"3":{"player_id":14760,"player_name":"Frederik Hillesborg S\u00f8rensen","vaep_value":0.0095752522,"offensive_value":-0.0015656885,"defensive_value":0.0111409407,"count":35},"4":{"player_id":14802,"player_name":"Julian Korb","vaep_value":0.0994938057,"offensive_value":0.0233703869,"defensive_value":0.0761234188,"count":60},"5":{"player_id":14863,"player_name":"Konstantin Rausch","vaep_value":-0.0192453337,"offensive_value":-0.0052047728,"defensive_value":-0.0140405609,"count":5},"6":{"player_id":15039,"player_name":"Marvin Bakalorz","vaep_value":0.1693540757,"offensive_value":0.1368037904,"defensive_value":0.0325502853,"count":48},"7":{"player_id":15050,"player_name":"Pirmin Schwegler","vaep_value":-0.0473100597,"offensive_value":-0.0270575662,"defensive_value":-0.0202524934,"count":19},"8":{"player_id":15122,"player_name":"Julian Korb","vaep_value":0.1031394869,"offensive_value":0.0644186824,"defensive_value":0.0387208046,"count":30},"9":{"player_id":15253,"player_name":"Ihlas Bebou","vaep_value":0.1336121001,"offensive_value":0.037878755,"defensive_value":0.0957333451,"count":44},"10":{"player_id":15256,"player_name":"Pirmin Schwegler","vaep_value":0.5540811031,"offensive_value":0.4767025956,"defensive_value":0.0773785075,"count":101},"11":{"player_id":15265,"player_name":"Dominique Heintz","vaep_value":0.127342836,"offensive_value":0.1958304958,"defensive_value":-0.0684876598,"count":30},"12":{"player_id":15317,"player_name":"Pirmin Schwegler","vaep_value":0.1375116701,"offensive_value":0.2026093394,"defensive_value":-0.0650976693,"count":40},"13":{"player_id":15456,"player_name":"Pirmin Schwegler","vaep_value":0.0995631748,"offensive_value":0.1080184462,"defensive_value":-0.0084552714,"count":13},"14":{"player_id":15772,"player_name":"Martin Harnik","vaep_value":-0.050576707,"offensive_value":-0.0355652953,"defensive_value":-0.0150114117,"count":63},"15":{"player_id":16010,"player_name":"Ihlas Bebou","vaep_value":0.0713978127,"offensive_value":0.0869279956,"defensive_value":-0.0155301829,"count":32},"16":{"player_id":16843,"player_name":"Ihlas Bebou","vaep_value":0.0434384556,"offensive_value":0.0834035086,"defensive_value":-0.039965053,"count":47},"17":{"player_id":16884,"player_name":"Kenan Karaman","vaep_value":0.2907846654,"offensive_value":0.2589007177,"defensive_value":0.0318839477,"count":85},"18":{"player_id":20680,"player_name":"Marvin Bakalorz","vaep_value":0.2089176183,"offensive_value":0.0686799055,"defensive_value":0.1402377128,"count":39},"19":{"player_id":26115,"player_name":"Matthias Ostrzolek","vaep_value":0.1677332573,"offensive_value":0.1439866617,"defensive_value":0.0237465956,"count":72},"20":{"player_id":91519,"player_name":"Niclas F\u00fcllkrug","vaep_value":-0.0027443072,"offensive_value":0.0101780313,"defensive_value":-0.0129223384,"count":31},"21":{"player_id":94831,"player_name":"Lukas Kl\u00fcnter","vaep_value":-0.1354460341,"offensive_value":-0.1337929231,"defensive_value":-0.0016531111,"count":22},"22":{"player_id":127685,"player_name":"Matthias Ostrzolek","vaep_value":0.0427998307,"offensive_value":0.0391078317,"defensive_value":0.003691999,"count":6},"23":{"player_id":165431,"player_name":"Lukas Kl\u00fcnter","vaep_value":0.0293828639,"offensive_value":0.0338163637,"defensive_value":-0.0044334998,"count":38},"24":{"player_id":224801,"player_name":"Salif San\u00e9","vaep_value":0.0612133518,"offensive_value":0.047915258,"defensive_value":0.0132980938,"count":46},"25":{"player_id":263490,"player_name":"Kenan Karaman","vaep_value":0.0314433799,"offensive_value":0.0235642528,"defensive_value":0.0078791272,"count":10},"26":{"player_id":272338,"player_name":"Matthias Ostrzolek","vaep_value":-0.1605334231,"offensive_value":-0.1424314023,"defensive_value":-0.0181020207,"count":32},"27":{"player_id":272434,"player_name":"Frederik Hillesborg S\u00f8rensen","vaep_value":0.1888856147,"offensive_value":0.1570002807,"defensive_value":0.0318853341,"count":71},"28":{"player_id":356903,"player_name":"Dominique Heintz","vaep_value":0.1951000003,"offensive_value":0.1933336316,"defensive_value":0.0017663687,"count":34}}