{"0":{"player_id":0,"player_name":"Joshua King","vaep_value":-0.0348136439,"offensive_value":-0.0046531783,"defensive_value":-0.0301604656,"count":8},"1":{"player_id":173,"player_name":"Andrew Surman","vaep_value":-0.0316926402,"offensive_value":0.0128962584,"defensive_value":-0.0445888985,"count":67},"2":{"player_id":7989,"player_name":"Charlie Daniels","vaep_value":-0.0242413054,"offensive_value":0.0081905974,"defensive_value":-0.0324319028,"count":2},"3":{"player_id":8351,"player_name":"Marc Pugh","vaep_value":0.1143247953,"offensive_value":0.0141329595,"defensive_value":0.1001918358,"count":29},"4":{"player_id":8460,"player_name":"Mathias Jattah-Njie J\u00f8rgensen","vaep_value":-0.1139991433,"offensive_value":-0.0308725744,"defensive_value":-0.0831265689,"count":19},"5":{"player_id":8726,"player_name":"Florent Hadergjonaj","vaep_value":0.0557992832,"offensive_value":0.1585723242,"defensive_value":-0.102773041,"count":33},"6":{"player_id":8761,"player_name":"Aaron Mooy","vaep_value":0.1396369098,"offensive_value":0.0604792235,"defensive_value":0.0791576863,"count":61},"7":{"player_id":9277,"player_name":"Florent Hadergjonaj","vaep_value":0.0567921386,"offensive_value":0.0721204232,"defensive_value":-0.0153282846,"count":33},"8":{"player_id":9279,"player_name":"Nathan Ak\u00e9","vaep_value":0.1655538519,"offensive_value":0.1184795067,"defensive_value":0.0470743452,"count":37},"9":{"player_id":9280,"player_name":"Aaron Mooy","vaep_value":0.2911478227,"offensive_value":0.2976078284,"defensive_value":-0.0064600057,"count":95},"10":{"player_id":9283,"player_name":"Aaron Mooy","vaep_value":1.0611427214,"offensive_value":1.0461342114,"defensive_value":0.0150085101,"count":31},"11":{"player_id":9285,"player_name":"Steve Cook","vaep_value":0.2235212501,"offensive_value":0.197393996,"defensive_value":0.0261272541,"count":61},"12":{"player_id":9293,"player_name":"Mathias Jattah-Njie J\u00f8rgensen","vaep_value":0.3700625656,"offensive_value":0.2965027718,"defensive_value":0.0735597938,"count":43},"13":{"player_id":9419,"player_name":"Aaron Mooy","vaep_value":0.127563494,"offensive_value":0.1908374979,"defensive_value":-0.0632740039,"count":59},"14":{"player_id":9637,"player_name":"Aaron Mooy","vaep_value":0.1156281387,"offensive_value":0.065133539,"defensive_value":0.0504945997,"count":28},"15":{"player_id":9739,"player_name":"Charlie Daniels","vaep_value":0.1160511246,"offensive_value":0.111723452,"defensive_value":0.0043276725,"count":19},"16":{"player_id":11669,"player_name":"Florent Hadergjonaj","vaep_value":2.8551648131,"offensive_value":2.5056218442,"defensive_value":0.3495429689,"count":42},"17":{"player_id":15823,"player_name":"Elias Kachunga","vaep_value":0.1003246576,"offensive_value":0.1115105799,"defensive_value":-0.0111859223,"count":35},"18":{"player_id":16122,"player_name":"Charlie Daniels","vaep_value":0.0435333113,"offensive_value":0.0469458711,"defensive_value":-0.0034125597,"count":27},"19":{"player_id":16436,"player_name":"Florent Hadergjonaj","vaep_value":0.0698950112,"offensive_value":0.0864517473,"defensive_value":-0.0165567361,"count":28},"20":{"player_id":38377,"player_name":"Mathias Jattah-Njie J\u00f8rgensen","vaep_value":-0.1878909563,"offensive_value":-0.1648643757,"defensive_value":-0.0230265806,"count":27},"21":{"player_id":55979,"player_name":"Martin Cranie","vaep_value":0.0661432163,"offensive_value":0.0659623888,"defensive_value":0.0001808276,"count":90},"22":{"player_id":56038,"player_name":"Daniel Williams","vaep_value":0.077421324,"offensive_value":0.0938417272,"defensive_value":-0.0164204033,"count":44},"23":{"player_id":62389,"player_name":"Mathias Jattah-Njie J\u00f8rgensen","vaep_value":0.2139373303,"offensive_value":0.3142873491,"defensive_value":-0.1003500188,"count":105},"24":{"player_id":134102,"player_name":"Elias Kachunga","vaep_value":-0.0013212898,"offensive_value":0.0474798207,"defensive_value":-0.0488011105,"count":31},"25":{"player_id":214654,"player_name":"Charlie Daniels","vaep_value":-0.0039929089,"offensive_value":0.0295494129,"defensive_value":-0.0335423218,"count":18},"26":{"player_id":282550,"player_name":"Elias Kachunga","vaep_value":0.2489493703,"offensive_value":0.2219457369,"defensive_value":0.0270036334,"count":79},"27":{"player_id":302518,"player_name":"Charlie Daniels","vaep_value":-0.0005601768,"offensive_value":-0.0001997296,"defensive_value":-0.0003604472,"count":1},"28":{"player_id":442211,"player_name":"Charlie Daniels","vaep_value":-0.0752074521,"offensive_value":-0.0612740915,"defensive_value":-0.0139333606,"count":23}}