{"0":{"player_id":0,"player_name":"Julian Weigl","vaep_value":0.0484801451,"offensive_value":0.0693764938,"defensive_value":-0.0208963488,"count":10},"1":{"player_id":14687,"player_name":"Michy Batshuayi Tunga","vaep_value":0.2348332218,"offensive_value":0.1694655814,"defensive_value":0.0653676403,"count":72},"2":{"player_id":14707,"player_name":"Jeremy Toljan","vaep_value":-0.020751294,"offensive_value":-0.0236966694,"defensive_value":0.0029453754,"count":2},"3":{"player_id":14778,"player_name":"\u00d6mer Toprak","vaep_value":0.1999934746,"offensive_value":0.1804450792,"defensive_value":0.0195483954,"count":79},"4":{"player_id":14789,"player_name":"Sokratis Papastathopoulos","vaep_value":1.2217104124,"offensive_value":1.2298366625,"defensive_value":-0.0081262501,"count":50},"5":{"player_id":14798,"player_name":"\u00d6mer Toprak","vaep_value":0.3121286227,"offensive_value":0.1358212575,"defensive_value":0.1763073652,"count":72},"6":{"player_id":14816,"player_name":"Andr\u00e9 Sch\u00fcrrle","vaep_value":0.6082544798,"offensive_value":0.4340765587,"defensive_value":0.174177921,"count":92},"7":{"player_id":14863,"player_name":"\u00d6mer Toprak","vaep_value":0.2453152231,"offensive_value":0.0967423989,"defensive_value":0.1485728242,"count":85},"8":{"player_id":15265,"player_name":"Sokratis Papastathopoulos","vaep_value":0.1831318099,"offensive_value":0.0639610343,"defensive_value":0.1191707756,"count":31},"9":{"player_id":15278,"player_name":"Dominique Heintz","vaep_value":0.0765369541,"offensive_value":0.0572039632,"defensive_value":0.019332991,"count":28},"10":{"player_id":15543,"player_name":"Sokratis Papastathopoulos","vaep_value":0.9621884569,"offensive_value":0.9666202957,"defensive_value":-0.0044318388,"count":20},"11":{"player_id":16094,"player_name":"Jonas Hector","vaep_value":-0.0149333419,"offensive_value":-0.0272967897,"defensive_value":0.0123634478,"count":28},"12":{"player_id":16843,"player_name":"Dominique Heintz","vaep_value":0.2909742113,"offensive_value":0.2487634893,"defensive_value":0.042210722,"count":74},"13":{"player_id":18669,"player_name":"Roman B\u00fcrki","vaep_value":0.3338595039,"offensive_value":0.3882077849,"defensive_value":-0.054348281,"count":78},"14":{"player_id":20680,"player_name":"Julian Weigl","vaep_value":0.2139755838,"offensive_value":0.2086274243,"defensive_value":0.0053481595,"count":45},"15":{"player_id":28907,"player_name":"Shinji Kagawa","vaep_value":0.1187177372,"offensive_value":0.0252452581,"defensive_value":0.0934724791,"count":22},"16":{"player_id":38093,"player_name":"Shinji Kagawa","vaep_value":1.2221347567,"offensive_value":1.2909854411,"defensive_value":-0.0688506843,"count":38},"17":{"player_id":49968,"player_name":"Andr\u00e9 Sch\u00fcrrle","vaep_value":0.1337917497,"offensive_value":0.0705560689,"defensive_value":0.0632356808,"count":40},"18":{"player_id":91519,"player_name":"Andr\u00e9 Sch\u00fcrrle","vaep_value":-0.043698943,"offensive_value":-0.0338098216,"defensive_value":-0.0098891214,"count":16},"19":{"player_id":127685,"player_name":"Jeremy Toljan","vaep_value":0.2952865574,"offensive_value":0.3311220156,"defensive_value":-0.0358354582,"count":60},"20":{"player_id":149389,"player_name":"Salih \u00d6zcan","vaep_value":0.2236539915,"offensive_value":0.1721219392,"defensive_value":0.0515320522,"count":55},"21":{"player_id":224677,"player_name":"Salih \u00d6zcan","vaep_value":0.4331072187,"offensive_value":0.1842553488,"defensive_value":0.24885187,"count":86},"22":{"player_id":263490,"player_name":"Christian Clemens","vaep_value":0.1089239995,"offensive_value":0.0740472091,"defensive_value":0.0348767904,"count":22},"23":{"player_id":272363,"player_name":"\u00d6mer Toprak","vaep_value":0.2586298325,"offensive_value":0.197284465,"defensive_value":0.0613453676,"count":47},"24":{"player_id":275384,"player_name":"\u00d6mer Toprak","vaep_value":1.2031085285,"offensive_value":1.0072721392,"defensive_value":0.1958363893,"count":59},"25":{"player_id":297957,"player_name":"Shinji Kagawa","vaep_value":0.0083626623,"offensive_value":0.0048507093,"defensive_value":0.0035119529,"count":3},"26":{"player_id":356903,"player_name":"Julian Weigl","vaep_value":0.3621732024,"offensive_value":0.2821028099,"defensive_value":0.0800703926,"count":103},"27":{"player_id":391530,"player_name":"Andr\u00e9 Sch\u00fcrrle","vaep_value":-0.1098624852,"offensive_value":-0.1357588858,"defensive_value":0.0258964006,"count":52},"28":{"player_id":447223,"player_name":"Andr\u00e9 Sch\u00fcrrle","vaep_value":0.110338877,"offensive_value":0.0365218916,"defensive_value":0.0738169854,"count":7}}