{"0":{"player_id":0,"player_name":"Ayoze P\u00e9rez Guti\u00e9rrez","vaep_value":-0.0177832019,"offensive_value":0.0042761273,"defensive_value":-0.0220593292,"count":5},"1":{"player_id":116,"player_name":"Jonjo Shelvey","vaep_value":-0.0537553487,"offensive_value":-0.1021731747,"defensive_value":0.0484178261,"count":47},"2":{"player_id":3327,"player_name":"DeAndre Yedlin","vaep_value":0.9544650661,"offensive_value":0.9063976431,"defensive_value":0.0480674229,"count":30},"3":{"player_id":3436,"player_name":"Jamal Lascelles","vaep_value":0.1093040917,"offensive_value":0.1045204727,"defensive_value":0.004783619,"count":36},"4":{"player_id":3802,"player_name":"Rob Elliot","vaep_value":1.3274261267,"offensive_value":1.3581830882,"defensive_value":-0.0307569614,"count":101},"5":{"player_id":4908,"player_name":"Jonjo Shelvey","vaep_value":0.1609770886,"offensive_value":0.2199124505,"defensive_value":-0.0589353619,"count":78},"6":{"player_id":7868,"player_name":"Jonjo Shelvey","vaep_value":-0.1592601374,"offensive_value":-0.1607712517,"defensive_value":0.0015111143,"count":6},"7":{"player_id":7907,"player_name":"Georginio Wijnaldum","vaep_value":-0.0408006463,"offensive_value":-0.0291162631,"defensive_value":-0.0116843831,"count":31},"8":{"player_id":7964,"player_name":"Mohamed  Salah Ghaly","vaep_value":0.269383133,"offensive_value":0.2155359167,"defensive_value":0.0538472163,"count":89},"9":{"player_id":7967,"player_name":"Joe Gomez","vaep_value":0.0732324539,"offensive_value":0.0822602677,"defensive_value":-0.0090278138,"count":53},"10":{"player_id":7974,"player_name":"Ciaran Clark","vaep_value":0.1059798804,"offensive_value":0.2168163429,"defensive_value":-0.1108364625,"count":40},"11":{"player_id":8004,"player_name":"Joe Gomez","vaep_value":0.0301525764,"offensive_value":0.0234253346,"defensive_value":0.0067272418,"count":37},"12":{"player_id":8514,"player_name":"Jordan Brian Henderson","vaep_value":0.1234490672,"offensive_value":0.0796619478,"defensive_value":0.0437871194,"count":31},"13":{"player_id":8620,"player_name":"Joe Gomez","vaep_value":-0.0667653766,"offensive_value":-0.0648493767,"defensive_value":-0.0019159999,"count":3},"14":{"player_id":8833,"player_name":"Joe Gomez","vaep_value":0.3896488558,"offensive_value":0.0553230998,"defensive_value":0.3343257559,"count":40},"15":{"player_id":9227,"player_name":"Javier Manquillo Gait\u00e1n","vaep_value":0.0955884978,"offensive_value":0.1092227811,"defensive_value":-0.0136342833,"count":51},"16":{"player_id":12536,"player_name":"Joe Gomez","vaep_value":0.0134823272,"offensive_value":0.0077545588,"defensive_value":0.0057277684,"count":3},"17":{"player_id":14870,"player_name":"Rob Elliot","vaep_value":0.468417672,"offensive_value":0.5396918424,"defensive_value":-0.0712741704,"count":105},"18":{"player_id":15808,"player_name":"Georginio Wijnaldum","vaep_value":0.0213072733,"offensive_value":0.0229100015,"defensive_value":-0.0016027282,"count":10},"19":{"player_id":25393,"player_name":"Jordan Brian Henderson","vaep_value":-0.0521265985,"offensive_value":-0.1105709237,"defensive_value":0.0584443251,"count":98},"20":{"player_id":25747,"player_name":"Jamal Lascelles","vaep_value":-0.1144755996,"offensive_value":-0.130180984,"defensive_value":0.0157053844,"count":38},"21":{"player_id":70215,"player_name":"Alberto Moreno P\u00e9rez","vaep_value":0.0375901568,"offensive_value":0.0134055803,"defensive_value":0.0241845765,"count":31},"22":{"player_id":120353,"player_name":"DeAndre Yedlin","vaep_value":0.3656469355,"offensive_value":0.3590634976,"defensive_value":0.0065834379,"count":51},"23":{"player_id":134294,"player_name":"Matt Ritchie","vaep_value":-0.0054538547,"offensive_value":-0.0006924835,"defensive_value":-0.0047613712,"count":4},"24":{"player_id":230883,"player_name":"Mikel Merino Zaz\u00f3n","vaep_value":-0.0126244373,"offensive_value":-0.0639791669,"defensive_value":0.0513547296,"count":32},"25":{"player_id":252365,"player_name":"DeAndre Yedlin","vaep_value":-0.0076679658,"offensive_value":0.058977284,"defensive_value":-0.0666452498,"count":49},"26":{"player_id":257899,"player_name":"Jos\u00e9 Luis Sanmart\u00edn Mato","vaep_value":0.197846251,"offensive_value":0.2116451435,"defensive_value":-0.0137988925,"count":90},"27":{"player_id":286831,"player_name":"Philippe Coutinho Correia","vaep_value":-0.1542755582,"offensive_value":-0.1351578922,"defensive_value":-0.0191176659,"count":18},"28":{"player_id":339789,"player_name":"Jamal Lascelles","vaep_value":0.2089430676,"offensive_value":0.1141801967,"defensive_value":0.0947628709,"count":52}}