{"0":{"player_id":0,"player_name":"Salomon Armand Magloire Kalou","vaep_value":0.0422772465,"offensive_value":0.0883070857,"defensive_value":-0.0460298392,"count":18},"1":{"player_id":7904,"player_name":"Fabian Lustenberger","vaep_value":0.0760050505,"offensive_value":-0.051628984,"defensive_value":0.1276340346,"count":45},"2":{"player_id":14687,"player_name":"Valentino Lazaro","vaep_value":0.1014391524,"offensive_value":0.0739974933,"defensive_value":0.0274416592,"count":85},"3":{"player_id":14778,"player_name":"Valentino Lazaro","vaep_value":0.2168176901,"offensive_value":0.1277561787,"defensive_value":0.0890615113,"count":83},"4":{"player_id":14789,"player_name":"Davie Selke","vaep_value":0.0220850658,"offensive_value":0.039009185,"defensive_value":-0.0169241192,"count":65},"5":{"player_id":14798,"player_name":"Ondrej Duda","vaep_value":0.395707713,"offensive_value":0.2823533537,"defensive_value":0.1133543593,"count":84},"6":{"player_id":14806,"player_name":"Roman B\u00fcrki","vaep_value":0.110673546,"offensive_value":0.1217937807,"defensive_value":-0.0111202347,"count":59},"7":{"player_id":14816,"player_name":"Jeremy Toljan","vaep_value":1.1437573825,"offensive_value":1.0969423322,"defensive_value":0.0468150504,"count":100},"8":{"player_id":14905,"player_name":"Jeremy Toljan","vaep_value":0.1515935347,"offensive_value":0.0856026817,"defensive_value":0.0659908529,"count":53},"9":{"player_id":15020,"player_name":"Jeremy Toljan","vaep_value":-0.0267197557,"offensive_value":-0.0084095846,"defensive_value":-0.0183101711,"count":11},"10":{"player_id":15090,"player_name":"Jadon Sancho","vaep_value":0.1597569237,"offensive_value":0.0768439898,"defensive_value":0.0829129339,"count":38},"11":{"player_id":15103,"player_name":"Jeremy Toljan","vaep_value":0.2205845697,"offensive_value":0.1154953637,"defensive_value":0.105089206,"count":45},"12":{"player_id":15125,"player_name":"Jeremy Toljan","vaep_value":0.0581680383,"offensive_value":0.1081356517,"defensive_value":-0.0499676134,"count":41},"13":{"player_id":15276,"player_name":"Mitchell Weiser","vaep_value":0.2155766172,"offensive_value":0.1504816638,"defensive_value":0.0650949534,"count":60},"14":{"player_id":49968,"player_name":"Arne Maier","vaep_value":0.0292913103,"offensive_value":0.0697563553,"defensive_value":-0.0404650449,"count":36},"15":{"player_id":82518,"player_name":"\u00d6mer Toprak","vaep_value":-0.0343425216,"offensive_value":0.0020596136,"defensive_value":-0.0364021352,"count":5},"16":{"player_id":105622,"player_name":"Sokratis Papastathopoulos","vaep_value":-0.1705239234,"offensive_value":-0.162057206,"defensive_value":-0.0084667173,"count":3},"17":{"player_id":134399,"player_name":"\u00d6mer Toprak","vaep_value":0.801343785,"offensive_value":0.8784941335,"defensive_value":-0.0771503485,"count":25},"18":{"player_id":149389,"player_name":"Jadon Sancho","vaep_value":0.3413550199,"offensive_value":0.3129846654,"defensive_value":0.0283703546,"count":73},"19":{"player_id":173212,"player_name":"\u00d6mer Toprak","vaep_value":0.3075106557,"offensive_value":0.0114703999,"defensive_value":0.2960402558,"count":73},"20":{"player_id":208652,"player_name":"Sokratis Papastathopoulos","vaep_value":0.275513708,"offensive_value":0.1163212715,"defensive_value":0.1591924364,"count":60},"21":{"player_id":218896,"player_name":"Shinji Kagawa","vaep_value":0.1063446371,"offensive_value":0.117266428,"defensive_value":-0.0109217908,"count":44},"22":{"player_id":224677,"player_name":"Christian Pulisic","vaep_value":0.1287321522,"offensive_value":0.1000368719,"defensive_value":0.0286952803,"count":64},"23":{"player_id":391530,"player_name":"Ondrej Duda","vaep_value":0.1350627907,"offensive_value":0.1954756676,"defensive_value":-0.0604128769,"count":53},"24":{"player_id":399599,"player_name":"Christian Pulisic","vaep_value":-0.1826299791,"offensive_value":-0.1826265333,"defensive_value":-0.0000034458,"count":14},"25":{"player_id":425926,"player_name":"\u00d6mer Toprak","vaep_value":0.0410892779,"offensive_value":0.0251960144,"defensive_value":0.0158932635,"count":53},"26":{"player_id":447223,"player_name":"Jadon Sancho","vaep_value":0.0883290324,"offensive_value":0.096138707,"defensive_value":-0.0078096746,"count":66}}