{"0":{"player_id":0,"player_name":"Jean-K\u00e9vin Augustin","vaep_value":0.0281057793,"offensive_value":0.0399215282,"defensive_value":-0.0118157489,"count":3},"1":{"player_id":9611,"player_name":"Marcel Sabitzer","vaep_value":-0.0010290529,"offensive_value":0.055210025,"defensive_value":-0.0562390779,"count":33},"2":{"player_id":14863,"player_name":"Kevin Kampl","vaep_value":0.2114531891,"offensive_value":0.0532126306,"defensive_value":0.1582405586,"count":68},"3":{"player_id":15069,"player_name":"Dayotchanculle Upamecano","vaep_value":-0.039051743,"offensive_value":-0.0413836504,"defensive_value":0.0023319074,"count":89},"4":{"player_id":15194,"player_name":"Willi Orban","vaep_value":0.105297119,"offensive_value":0.1954077998,"defensive_value":-0.0901106808,"count":74},"5":{"player_id":15253,"player_name":"Kevin Kampl","vaep_value":-0.0023853956,"offensive_value":-0.0046290932,"defensive_value":0.0022436976,"count":2},"6":{"player_id":15265,"player_name":"Ademola Lookman","vaep_value":0.0902817599,"offensive_value":0.13784181,"defensive_value":-0.0475600502,"count":32},"7":{"player_id":15317,"player_name":"Dayotchanculle Upamecano","vaep_value":0.7912471208,"offensive_value":0.8077420001,"defensive_value":-0.0164948793,"count":23},"8":{"player_id":15937,"player_name":"Bernardo Fernandes da Silva Junior","vaep_value":0.1454643279,"offensive_value":0.1109429814,"defensive_value":0.0345213464,"count":23},"9":{"player_id":16094,"player_name":"Bernardo Fernandes da Silva Junior","vaep_value":-0.2939350581,"offensive_value":-0.2380698933,"defensive_value":-0.0558651647,"count":43},"10":{"player_id":16110,"player_name":"Armindo Tu\u00e9 Na Bangna","vaep_value":0.3212223204,"offensive_value":0.2510057511,"defensive_value":0.0702165694,"count":95},"11":{"player_id":16843,"player_name":"Dayotchanculle Upamecano","vaep_value":0.2072479834,"offensive_value":0.1142533377,"defensive_value":0.0929946457,"count":54},"12":{"player_id":18669,"player_name":"Willi Orban","vaep_value":0.0788816773,"offensive_value":0.0420827068,"defensive_value":0.0367989705,"count":55},"13":{"player_id":20680,"player_name":"Lukas Klostermann","vaep_value":0.3001672814,"offensive_value":0.2659431485,"defensive_value":0.0342241329,"count":77},"14":{"player_id":51132,"player_name":"Marcel Sabitzer","vaep_value":0.181875946,"offensive_value":0.0867766878,"defensive_value":0.0950992582,"count":74},"15":{"player_id":56274,"player_name":"Lukas Klostermann","vaep_value":0.2168210974,"offensive_value":0.2055925366,"defensive_value":0.0112285608,"count":19},"16":{"player_id":65596,"player_name":"P\u00e9ter Gul\u00e1csi","vaep_value":0.0837686089,"offensive_value":0.1067555652,"defensive_value":-0.0229869563,"count":74},"17":{"player_id":70975,"player_name":"Willi Orban","vaep_value":0.2000169114,"offensive_value":0.1460091849,"defensive_value":0.0540077265,"count":71},"18":{"player_id":94831,"player_name":"Willi Orban","vaep_value":0.2740276285,"offensive_value":0.2448306412,"defensive_value":0.0291969873,"count":40},"19":{"player_id":173214,"player_name":"Ademola Lookman","vaep_value":-0.0438294269,"offensive_value":-0.0448599304,"defensive_value":0.0010305035,"count":11},"20":{"player_id":258252,"player_name":"Kevin Kampl","vaep_value":0.2046740301,"offensive_value":0.1556362216,"defensive_value":0.0490378084,"count":78},"21":{"player_id":275384,"player_name":"Bernardo Fernandes da Silva Junior","vaep_value":0.1248095656,"offensive_value":0.0166209657,"defensive_value":0.1081885999,"count":59},"22":{"player_id":279734,"player_name":"Marcel Sabitzer","vaep_value":1.147065693,"offensive_value":1.1303117075,"defensive_value":0.0167539855,"count":54},"23":{"player_id":279780,"player_name":"Marcel Sabitzer","vaep_value":0.7648151796,"offensive_value":0.7625834669,"defensive_value":0.0022317127,"count":36},"24":{"player_id":284524,"player_name":"Frederik Hillesborg S\u00f8rensen","vaep_value":0.2147191722,"offensive_value":0.2556729651,"defensive_value":-0.0409537929,"count":42},"25":{"player_id":296341,"player_name":"Frederik Hillesborg S\u00f8rensen","vaep_value":0.19284357,"offensive_value":0.1208998363,"defensive_value":0.0719437337,"count":106},"26":{"player_id":352988,"player_name":"Frederik Hillesborg S\u00f8rensen","vaep_value":0.1069507492,"offensive_value":0.0393141047,"defensive_value":0.0676366445,"count":82},"27":{"player_id":356903,"player_name":"Marcel Risse","vaep_value":0.0022860134,"offensive_value":0.0024150722,"defensive_value":-0.0001290587,"count":5},"28":{"player_id":406682,"player_name":"Kevin Kampl","vaep_value":0.0094825964,"offensive_value":0.0059658445,"defensive_value":0.0035167519,"count":39}}