{"0":{"player_id":0,"player_name":"Kevin-Prince Boateng","vaep_value":0.0016573679,"offensive_value":0.0048590219,"defensive_value":-0.0032016539,"count":1},"1":{"player_id":4509,"player_name":"Danny  Vieira da Costa","vaep_value":0.1871528872,"offensive_value":0.212851384,"defensive_value":-0.0256984967,"count":68},"2":{"player_id":14772,"player_name":"Makoto Hasebe","vaep_value":0.2443551455,"offensive_value":0.2256584605,"defensive_value":0.018696685,"count":67},"3":{"player_id":14863,"player_name":"Simon Falette","vaep_value":0.0543589162,"offensive_value":0.0775352671,"defensive_value":-0.0231763509,"count":57},"4":{"player_id":14923,"player_name":"Makoto Hasebe","vaep_value":1.0930953321,"offensive_value":1.1362622129,"defensive_value":-0.0431668808,"count":78},"5":{"player_id":14929,"player_name":"Marco Russ","vaep_value":0.4060437883,"offensive_value":0.1490992421,"defensive_value":0.2569445462,"count":86},"6":{"player_id":15139,"player_name":"Kevin-Prince Boateng","vaep_value":0.3083704921,"offensive_value":0.3764558168,"defensive_value":-0.0680853247,"count":77},"7":{"player_id":15194,"player_name":"Simon Falette","vaep_value":-0.0034238289,"offensive_value":-0.0080694624,"defensive_value":0.0046456335,"count":21},"8":{"player_id":15253,"player_name":"Omar Mascarell Gonz\u00e1lez","vaep_value":0.2077723648,"offensive_value":0.1017414122,"defensive_value":0.1060309527,"count":32},"9":{"player_id":15265,"player_name":"Marco Russ","vaep_value":0.3376198681,"offensive_value":0.09120782,"defensive_value":0.2464120481,"count":43},"10":{"player_id":15543,"player_name":"Danny  Vieira da Costa","vaep_value":-0.0178609635,"offensive_value":-0.0129581755,"defensive_value":-0.004902788,"count":6},"11":{"player_id":16094,"player_name":"Danny  Vieira da Costa","vaep_value":1.2282598735,"offensive_value":1.254801886,"defensive_value":-0.0265420125,"count":35},"12":{"player_id":16843,"player_name":"Makoto Hasebe","vaep_value":0.2125994023,"offensive_value":0.0799365416,"defensive_value":0.1326628607,"count":47},"13":{"player_id":18669,"player_name":"Simon Falette","vaep_value":0.0450624738,"offensive_value":0.1397253031,"defensive_value":-0.0946628293,"count":67},"14":{"player_id":20402,"player_name":"Makoto Hasebe","vaep_value":-0.0492033275,"offensive_value":-0.0328867624,"defensive_value":-0.0163165651,"count":50},"15":{"player_id":20591,"player_name":"Kevin-Prince Boateng","vaep_value":0.0887890945,"offensive_value":0.0680705316,"defensive_value":0.0207185629,"count":14},"16":{"player_id":20680,"player_name":"Marco Russ","vaep_value":0.3499083255,"offensive_value":0.2929861738,"defensive_value":0.0569221517,"count":85},"17":{"player_id":25512,"player_name":"Danny  Vieira da Costa","vaep_value":-0.1694948035,"offensive_value":-0.1531364308,"defensive_value":-0.0163583728,"count":12},"18":{"player_id":26021,"player_name":"Milo\u0161 Joji\u0107","vaep_value":1.1269456153,"offensive_value":1.1449236772,"defensive_value":-0.0179780619,"count":76},"19":{"player_id":55951,"player_name":"Simon Terodde","vaep_value":0.1158854092,"offensive_value":0.10915816,"defensive_value":0.0067272491,"count":44},"20":{"player_id":69616,"player_name":"Marco Russ","vaep_value":0.3350229493,"offensive_value":0.3533389946,"defensive_value":-0.0183160453,"count":39},"21":{"player_id":91519,"player_name":"Marius Wolf","vaep_value":-0.0715888526,"offensive_value":-0.0282124546,"defensive_value":-0.0433763979,"count":18},"22":{"player_id":127685,"player_name":"Kevin-Prince Boateng","vaep_value":0.3696337221,"offensive_value":-0.001600537,"defensive_value":0.3712342591,"count":20},"23":{"player_id":136011,"player_name":"Frederik Hillesborg S\u00f8rensen","vaep_value":-0.0049493997,"offensive_value":-0.004543066,"defensive_value":-0.0004063337,"count":5},"24":{"player_id":224680,"player_name":"Frederik Hillesborg S\u00f8rensen","vaep_value":1.5342569206,"offensive_value":1.5464192949,"defensive_value":-0.0121623743,"count":73},"25":{"player_id":258264,"player_name":"Ante Rebi\u0107","vaep_value":0.4325250357,"offensive_value":0.4449790032,"defensive_value":-0.0124539675,"count":27},"26":{"player_id":275384,"player_name":"Dominique Heintz","vaep_value":0.2058464633,"offensive_value":0.0793951885,"defensive_value":0.1264512748,"count":49},"27":{"player_id":279734,"player_name":"Dominique Heintz","vaep_value":0.0209870665,"offensive_value":0.0014599693,"defensive_value":0.0195270972,"count":12},"28":{"player_id":356903,"player_name":"Jhon Andr\u00e9s C\u00f3rdoba Copete","vaep_value":0.1913821953,"offensive_value":0.1011900855,"defensive_value":0.0901921098,"count":44}}