{"0":{"player_id":0,"player_name":"Corentin Jean","vaep_value":0.0213498112,"offensive_value":0.0236061537,"defensive_value":-0.0022563424,"count":4},"1":{"player_id":123,"player_name":"Christopher Jullien","vaep_value":0.0207577907,"offensive_value":0.0114510283,"defensive_value":0.0093067624,"count":9},"2":{"player_id":8899,"player_name":"Lucas Pedro Alves De Lima","vaep_value":0.0985910182,"offensive_value":0.0588294161,"defensive_value":0.0397616022,"count":22},"3":{"player_id":20685,"player_name":"Lucas Pedro Alves De Lima","vaep_value":0.8529780707,"offensive_value":0.8498075999,"defensive_value":0.0031704708,"count":24},"4":{"player_id":25517,"player_name":"Wergiton do Ros\u00e1rio Calmon","vaep_value":-0.0130495968,"offensive_value":0.0022709945,"defensive_value":-0.0153205913,"count":17},"5":{"player_id":25605,"player_name":"Jimmy Durmaz","vaep_value":-0.2147442292,"offensive_value":-0.182218947,"defensive_value":-0.0325252822,"count":49},"6":{"player_id":25860,"player_name":"Kelvin Amian Adou","vaep_value":0.3070116775,"offensive_value":0.3061637849,"defensive_value":0.0008478926,"count":85},"7":{"player_id":25942,"player_name":"Jimmy Durmaz","vaep_value":0.2419633757,"offensive_value":0.2172805306,"defensive_value":0.0246828451,"count":57},"8":{"player_id":26276,"player_name":"Jimmy Durmaz","vaep_value":0.1174283595,"offensive_value":0.1008915501,"defensive_value":0.0165368094,"count":29},"9":{"player_id":40301,"player_name":"Kelvin Amian Adou","vaep_value":0.2792269066,"offensive_value":0.199710471,"defensive_value":0.0795164356,"count":84},"10":{"player_id":43196,"player_name":"Ibrahim Sangar\u00e9","vaep_value":0.2017948627,"offensive_value":0.1651714493,"defensive_value":0.0366234134,"count":67},"11":{"player_id":43515,"player_name":"Lucas Pedro Alves De Lima","vaep_value":0.0043648803,"offensive_value":0.031000244,"defensive_value":-0.0266353637,"count":11},"12":{"player_id":50812,"player_name":"Ibrahim Sangar\u00e9","vaep_value":-0.0365726727,"offensive_value":-0.0036848387,"defensive_value":-0.032887834,"count":59},"13":{"player_id":83574,"player_name":"Wergiton do Ros\u00e1rio Calmon","vaep_value":-0.3097602141,"offensive_value":0.2336599496,"defensive_value":-0.5434201637,"count":42},"14":{"player_id":99453,"player_name":"Lucas Pedro Alves De Lima","vaep_value":0.1295408101,"offensive_value":0.1368097954,"defensive_value":-0.0072689853,"count":40},"15":{"player_id":134512,"player_name":"Wergiton do Ros\u00e1rio Calmon","vaep_value":-0.126570613,"offensive_value":-0.1286516198,"defensive_value":0.0020810068,"count":24},"16":{"player_id":144884,"player_name":"Max-Alain Gradel","vaep_value":0.3351409702,"offensive_value":0.1356028742,"defensive_value":0.199538096,"count":84},"17":{"player_id":203113,"player_name":"Max-Alain Gradel","vaep_value":0.3935740174,"offensive_value":0.4109500479,"defensive_value":-0.0173760304,"count":99},"18":{"player_id":209028,"player_name":"Chidozie Collins Awaziem","vaep_value":0.0058839764,"offensive_value":-0.0058884203,"defensive_value":0.0117723966,"count":68},"19":{"player_id":217872,"player_name":"Issiaga Sylla","vaep_value":-0.0582265215,"offensive_value":-0.0297063047,"defensive_value":-0.0285202168,"count":8},"20":{"player_id":217874,"player_name":"Ibrahim Sangar\u00e9","vaep_value":0.3583890742,"offensive_value":0.0939627135,"defensive_value":0.2644263607,"count":47},"21":{"player_id":260002,"player_name":"Anton Ciprian T\u0103t\u0103ru\u0219anu","vaep_value":-0.015595109,"offensive_value":-0.0085615737,"defensive_value":-0.0070335353,"count":8},"22":{"player_id":270866,"player_name":"Issiaga Sylla","vaep_value":0.0535689673,"offensive_value":0.0756136707,"defensive_value":-0.0220447035,"count":39},"23":{"player_id":286380,"player_name":"Chidozie Collins Awaziem","vaep_value":0.0619020793,"offensive_value":0.0506468196,"defensive_value":0.0112552596,"count":66},"24":{"player_id":352986,"player_name":"Issiaga Sylla","vaep_value":-0.1041408343,"offensive_value":-0.0812187504,"defensive_value":-0.0229220839,"count":58},"25":{"player_id":364772,"player_name":"Ibrahim Sangar\u00e9","vaep_value":0.112577538,"offensive_value":0.1727204006,"defensive_value":-0.0601428626,"count":59},"26":{"player_id":374118,"player_name":"Issiaga Sylla","vaep_value":-0.0849937079,"offensive_value":-0.0740575253,"defensive_value":-0.0109361826,"count":17},"27":{"player_id":375001,"player_name":"Issa Diop","vaep_value":0.2382257984,"offensive_value":0.192323176,"defensive_value":0.0459026224,"count":90},"28":{"player_id":404213,"player_name":"Jimmy Durmaz","vaep_value":0.1505231834,"offensive_value":0.1417887483,"defensive_value":0.0087344351,"count":35}}