{"0":{"player_id":0,"player_name":"\u00c1lvaro Borja Morata Mart\u00edn","vaep_value":0.0687155732,"offensive_value":0.092665442,"defensive_value":-0.0239498689,"count":11},"1":{"player_id":3324,"player_name":"Francesc F\u00e0bregas i Soler","vaep_value":-0.3302386664,"offensive_value":-0.2951823493,"defensive_value":-0.0350563171,"count":44},"2":{"player_id":3350,"player_name":"C\u00e9sar Azpilicueta Tanco","vaep_value":0.1181103628,"offensive_value":0.151666943,"defensive_value":-0.0335565802,"count":107},"3":{"player_id":3360,"player_name":"N'Golo Kant\u00e9","vaep_value":0.121436967,"offensive_value":0.1518765499,"defensive_value":-0.0304395829,"count":36},"4":{"player_id":3429,"player_name":"C\u00e9sar Azpilicueta Tanco","vaep_value":0.1306739385,"offensive_value":0.0575530963,"defensive_value":0.0731208422,"count":36},"5":{"player_id":3582,"player_name":"Andreas Christensen","vaep_value":-0.3598709725,"offensive_value":0.2205697743,"defensive_value":-0.5804407467,"count":30},"6":{"player_id":7887,"player_name":"Gary  Cahill","vaep_value":-0.005306829,"offensive_value":0.0806196892,"defensive_value":-0.0859265182,"count":80},"7":{"player_id":8032,"player_name":"Tiemou\u00e9 Bakayoko","vaep_value":0.0378031443,"offensive_value":0.1340563444,"defensive_value":-0.0962532001,"count":63},"8":{"player_id":8313,"player_name":"Gary  Cahill","vaep_value":0.0767556748,"offensive_value":0.0211774374,"defensive_value":0.0555782374,"count":37},"9":{"player_id":8553,"player_name":"Thibaut Courtois","vaep_value":0.2375772456,"offensive_value":0.0555855845,"defensive_value":0.1819916611,"count":36},"10":{"player_id":8561,"player_name":"C\u00e9sar Azpilicueta Tanco","vaep_value":-0.0640635014,"offensive_value":-0.0734859656,"defensive_value":0.0094224642,"count":55},"11":{"player_id":8582,"player_name":"Davide Zappacosta","vaep_value":0.2232120333,"offensive_value":0.2800243997,"defensive_value":-0.0568123665,"count":49},"12":{"player_id":8625,"player_name":"Michail Antonio","vaep_value":-0.1167213474,"offensive_value":-0.0640475086,"defensive_value":-0.0526738388,"count":33},"13":{"player_id":8677,"player_name":"C\u00e9sar Azpilicueta Tanco","vaep_value":-0.0448725198,"offensive_value":-0.0654606386,"defensive_value":0.0205881188,"count":43},"14":{"player_id":14703,"player_name":"Arthur Masuaku","vaep_value":0.961777281,"offensive_value":0.9273285985,"defensive_value":0.0344486826,"count":20},"15":{"player_id":20620,"player_name":"Andreas Christensen","vaep_value":0.0310398036,"offensive_value":0.050215004,"defensive_value":-0.0191752004,"count":29},"16":{"player_id":21100,"player_name":"Andreas Christensen","vaep_value":0.1032648314,"offensive_value":0.0120579007,"defensive_value":0.0912069307,"count":20},"17":{"player_id":22889,"player_name":"N'Golo Kant\u00e9","vaep_value":-0.0300990103,"offensive_value":0.0802969879,"defensive_value":-0.1103959982,"count":52},"18":{"player_id":25553,"player_name":"Tiemou\u00e9 Bakayoko","vaep_value":0.3284831343,"offensive_value":0.2292871248,"defensive_value":0.0991960095,"count":105},"19":{"player_id":25572,"player_name":"Tiemou\u00e9 Bakayoko","vaep_value":0.0154792821,"offensive_value":0.0042281703,"defensive_value":0.0112511119,"count":8},"20":{"player_id":25707,"player_name":"Marcos  Alonso Mendoza","vaep_value":0.067104039,"offensive_value":0.1029401862,"defensive_value":-0.0358361471,"count":83},"21":{"player_id":26499,"player_name":"\u00c1lvaro Borja Morata Mart\u00edn","vaep_value":0.1835880437,"offensive_value":0.0932930313,"defensive_value":0.0902950123,"count":75},"22":{"player_id":26610,"player_name":"Manuel Lanzini","vaep_value":-0.0380254562,"offensive_value":-0.039347182,"defensive_value":0.0013217258,"count":11},"23":{"player_id":28291,"player_name":"Manuel Lanzini","vaep_value":-0.099008502,"offensive_value":-0.0954572556,"defensive_value":-0.0035512464,"count":28},"24":{"player_id":31528,"player_name":"Winston  Reid","vaep_value":0.4839824955,"offensive_value":0.482924889,"defensive_value":0.0010576065,"count":105},"25":{"player_id":41174,"player_name":"Mark Noble","vaep_value":0.1314090313,"offensive_value":0.0605364689,"defensive_value":0.0708725625,"count":57},"26":{"player_id":105333,"player_name":"Pablo Javier Zabaleta Girod","vaep_value":0.0096907247,"offensive_value":0.0118991657,"defensive_value":-0.002208441,"count":21},"27":{"player_id":135103,"player_name":"Angelo Obinze Ogbonna","vaep_value":0.4030119663,"offensive_value":0.1893333271,"defensive_value":0.2136786391,"count":94}}