{"0":{"player_id":0,"player_name":"Ibai G\u00f3mez P\u00e9rez","vaep_value":0.0754984872,"offensive_value":0.0945281715,"defensive_value":-0.0190296842,"count":9},"1":{"player_id":151,"player_name":"Rodrigo Ely","vaep_value":0.0867441277,"offensive_value":0.0826378667,"defensive_value":0.004106261,"count":36},"2":{"player_id":3299,"player_name":"Juan Francisco Moreno Fuertes","vaep_value":0.0628225664,"offensive_value":0.0800007514,"defensive_value":-0.0171781851,"count":19},"3":{"player_id":3325,"player_name":"Rub\u00e9n Duarte S\u00e1nchez","vaep_value":0.1426870431,"offensive_value":0.1114309161,"defensive_value":0.0312561269,"count":86},"4":{"player_id":3423,"player_name":"Michael Krohn-Dehli","vaep_value":0.0323113407,"offensive_value":0.0549979372,"defensive_value":-0.0226865965,"count":58},"5":{"player_id":3451,"player_name":"Michael Krohn-Dehli","vaep_value":0.0479842833,"offensive_value":0.0629228058,"defensive_value":-0.0149385225,"count":50},"6":{"player_id":3539,"player_name":"Manuel Alejandro Garc\u00eda S\u00e1nchez","vaep_value":0.0115019511,"offensive_value":0.0077976421,"defensive_value":0.003704309,"count":7},"7":{"player_id":3554,"player_name":"Tom\u00e1s Pina Isla","vaep_value":0.1026032639,"offensive_value":0.1153908164,"defensive_value":-0.0127875524,"count":25},"8":{"player_id":3650,"player_name":"Juan Francisco Moreno Fuertes","vaep_value":0.1341915985,"offensive_value":0.1092916282,"defensive_value":0.0248999703,"count":51},"9":{"player_id":4086,"player_name":"Tom\u00e1s Pina Isla","vaep_value":0.0219518462,"offensive_value":0.0285107946,"defensive_value":-0.0065589484,"count":47},"10":{"player_id":4358,"player_name":"Manuel Alejandro Garc\u00eda S\u00e1nchez","vaep_value":0.3468705904,"offensive_value":0.2939372302,"defensive_value":0.0529333601,"count":44},"11":{"player_id":4511,"player_name":"John Guidetti","vaep_value":0.0017930034,"offensive_value":0.0142892759,"defensive_value":-0.0124962725,"count":25},"12":{"player_id":6165,"player_name":"Ra\u00fal Albentosa Redal","vaep_value":-0.0144429985,"offensive_value":0.0689402688,"defensive_value":-0.0833832673,"count":31},"13":{"player_id":7302,"player_name":"John Guidetti","vaep_value":0.0719689659,"offensive_value":0.0384229735,"defensive_value":0.0335459925,"count":77},"14":{"player_id":7585,"player_name":"Munir El Haddadi Mohamed","vaep_value":0.0325767344,"offensive_value":-0.005044793,"defensive_value":0.0376215274,"count":70},"15":{"player_id":40614,"player_name":"Juan Francisco Moreno Fuertes","vaep_value":0.2298952176,"offensive_value":0.1590484615,"defensive_value":0.0708467561,"count":57},"16":{"player_id":51004,"player_name":"John Guidetti","vaep_value":-0.0008085035,"offensive_value":-0.0008740048,"defensive_value":0.0000655013,"count":1},"17":{"player_id":56025,"player_name":"Rub\u00e9n Duarte S\u00e1nchez","vaep_value":0.0330859164,"offensive_value":0.0371042644,"defensive_value":-0.0040183479,"count":46},"18":{"player_id":70451,"player_name":"Rub\u00e9n Duarte S\u00e1nchez","vaep_value":0.0608081976,"offensive_value":0.0634666026,"defensive_value":-0.002658405,"count":81},"19":{"player_id":105541,"player_name":"Rub\u00e9n Iv\u00e1n Mart\u00ednez Andrade","vaep_value":0.0224326938,"offensive_value":-0.0366469206,"defensive_value":0.0590796144,"count":36},"20":{"player_id":134249,"player_name":"Florin Andone","vaep_value":0.0368330278,"offensive_value":0.036522859,"defensive_value":0.0003101688,"count":11},"21":{"player_id":208694,"player_name":"Florin Andone","vaep_value":0.1496439832,"offensive_value":0.0838266083,"defensive_value":0.065817375,"count":56},"22":{"player_id":225022,"player_name":"Mart\u00edn Aguirregabiria Padilla","vaep_value":-0.0008039022,"offensive_value":-0.075974277,"defensive_value":0.0751703748,"count":63},"23":{"player_id":230897,"player_name":"Guilherme dos Santos Torres","vaep_value":0.0683082491,"offensive_value":0.0612457769,"defensive_value":0.0070624722,"count":11},"24":{"player_id":239843,"player_name":"Guilherme dos Santos Torres","vaep_value":-0.0115865437,"offensive_value":0.0104679386,"defensive_value":-0.0220544823,"count":41},"25":{"player_id":247222,"player_name":"Florin Andone","vaep_value":-0.0119810281,"offensive_value":-0.0104426574,"defensive_value":-0.0015383707,"count":3},"26":{"player_id":278278,"player_name":"Tom\u00e1s Pina Isla","vaep_value":0.9732438935,"offensive_value":0.903008912,"defensive_value":0.0702349815,"count":47},"27":{"player_id":359847,"player_name":"V\u00edctor Laguardia Cisneros","vaep_value":-0.2218155079,"offensive_value":-0.2041977572,"defensive_value":-0.0176177507,"count":72},"28":{"player_id":489488,"player_name":"Fernando Pacheco Flores","vaep_value":0.1368018044,"offensive_value":0.159940464,"defensive_value":-0.0231386595,"count":48}}