{"0":{"player_id":0,"player_name":"St\u00e9phane Sess\u00e8gnon","vaep_value":0.0212751366,"offensive_value":0.0127468784,"defensive_value":0.0085282582,"count":11},"1":{"player_id":3308,"player_name":"Paul Lasne","vaep_value":0.0489769351,"offensive_value":0.0464883636,"defensive_value":0.0024885715,"count":36},"2":{"player_id":8533,"player_name":"Daniel Congr\u00e9","vaep_value":0.2437771847,"offensive_value":0.227664437,"defensive_value":0.0161127477,"count":50},"3":{"player_id":14945,"player_name":"Vincent Pajot","vaep_value":-0.0471904807,"offensive_value":-0.0510203096,"defensive_value":0.0038298288,"count":32},"4":{"player_id":21550,"player_name":"St\u00e9phane Sess\u00e8gnon","vaep_value":0.2026183157,"offensive_value":0.1271278841,"defensive_value":0.0754904316,"count":68},"5":{"player_id":25643,"player_name":"L\u00e9o Lacroix","vaep_value":0.216506706,"offensive_value":0.1616159549,"defensive_value":0.054890751,"count":56},"6":{"player_id":25650,"player_name":"Digbo G'nampa Habib Ma\u00efga","vaep_value":-0.2913824067,"offensive_value":-0.2976358001,"defensive_value":0.0062533934,"count":54},"7":{"player_id":25786,"player_name":"K\u00e9vin Monnet-Paquet","vaep_value":0.0766568473,"offensive_value":0.0795519921,"defensive_value":-0.0028951449,"count":43},"8":{"player_id":25829,"player_name":"L\u00e9o Lacroix","vaep_value":0.125827802,"offensive_value":0.086481337,"defensive_value":0.039346465,"count":59},"9":{"player_id":25845,"player_name":"K\u00e9vin Th\u00e9ophile Catherine","vaep_value":0.1732863813,"offensive_value":0.0715232204,"defensive_value":0.1017631609,"count":24},"10":{"player_id":25889,"player_name":"L\u00e9o Lacroix","vaep_value":0.1527342368,"offensive_value":0.2146174784,"defensive_value":-0.0618832416,"count":40},"11":{"player_id":25993,"player_name":"Gabriel Mois\u00e9s Antunes da Silva","vaep_value":0.1038040038,"offensive_value":-0.0196464679,"defensive_value":0.1234504717,"count":31},"12":{"player_id":25999,"player_name":"Ellyes Skhiri","vaep_value":0.1677127476,"offensive_value":0.2143612874,"defensive_value":-0.0466485397,"count":93},"13":{"player_id":26008,"player_name":"Ellyes Skhiri","vaep_value":-0.0165651927,"offensive_value":-0.0061745716,"defensive_value":-0.0103906211,"count":5},"14":{"player_id":26016,"player_name":"Nordi Mukiele Mulere","vaep_value":0.0589890534,"offensive_value":0.1425021018,"defensive_value":-0.0835130485,"count":34},"15":{"player_id":26042,"player_name":"Nordi Mukiele Mulere","vaep_value":0.3693642977,"offensive_value":0.3795919351,"defensive_value":-0.0102276374,"count":76},"16":{"player_id":28335,"player_name":"Gabriel Mois\u00e9s Antunes da Silva","vaep_value":0.1882902021,"offensive_value":0.1360308435,"defensive_value":0.0522593586,"count":48},"17":{"player_id":54819,"player_name":"Lo\u00efs Diony","vaep_value":-0.0242703476,"offensive_value":-0.0490968958,"defensive_value":0.0248265483,"count":11},"18":{"player_id":134797,"player_name":"Nordi Mukiele Mulere","vaep_value":-0.1240995564,"offensive_value":0.1010029534,"defensive_value":-0.2251025098,"count":24},"19":{"player_id":134951,"player_name":"K\u00e9vin Th\u00e9ophile Catherine","vaep_value":0.053483254,"offensive_value":0.0713540246,"defensive_value":-0.0178707705,"count":65},"20":{"player_id":143189,"player_name":"Ruben Aguilar","vaep_value":-0.0338505439,"offensive_value":-0.0377776872,"defensive_value":0.0039271433,"count":8},"21":{"player_id":217878,"player_name":"Ruben Aguilar","vaep_value":-0.0645763611,"offensive_value":-0.0368438917,"defensive_value":-0.0277324694,"count":9},"22":{"player_id":246946,"player_name":"Ruben Aguilar","vaep_value":0.0587471443,"offensive_value":0.1126505317,"defensive_value":-0.0539033874,"count":57},"23":{"player_id":276983,"player_name":"Paul Lasne","vaep_value":0.817677856,"offensive_value":0.8478829835,"defensive_value":-0.0302051276,"count":24},"24":{"player_id":278867,"player_name":"Ellyes Skhiri","vaep_value":0.1033683522,"offensive_value":0.0849010331,"defensive_value":0.0184673191,"count":49},"25":{"player_id":285457,"player_name":"St\u00e9phane Sess\u00e8gnon","vaep_value":0.1538299269,"offensive_value":0.0822276846,"defensive_value":0.0716022423,"count":69},"26":{"player_id":335763,"player_name":"Nordi Mukiele Mulere","vaep_value":-0.0145229192,"offensive_value":0.0151398366,"defensive_value":-0.0296627558,"count":5},"27":{"player_id":341973,"player_name":"Nordi Mukiele Mulere","vaep_value":0.32054356,"offensive_value":0.2510421424,"defensive_value":0.0695014176,"count":65}}