{"0":{"player_id":0,"player_name":"Karl Toko Ekambi","vaep_value":0.0152932879,"offensive_value":0.0268748042,"defensive_value":-0.0115815162,"count":6},"1":{"player_id":25392,"player_name":"Vincent Manceau","vaep_value":0.0149805979,"offensive_value":0.059375017,"defensive_value":-0.0443944191,"count":72},"2":{"player_id":25638,"player_name":"Romain Thomas","vaep_value":0.1753991278,"offensive_value":0.1214167154,"defensive_value":0.0539824123,"count":44},"3":{"player_id":25673,"player_name":"Ernest Seka","vaep_value":0.0641061519,"offensive_value":0.0386807523,"defensive_value":0.0254253997,"count":33},"4":{"player_id":26065,"player_name":"Ernest Seka","vaep_value":0.4071324655,"offensive_value":0.3900181061,"defensive_value":0.0171143594,"count":98},"5":{"player_id":26086,"player_name":"Martin Terrier","vaep_value":0.0569406085,"offensive_value":0.0610264083,"defensive_value":-0.0040857998,"count":41},"6":{"player_id":26120,"player_name":"Martin Terrier","vaep_value":0.6556663335,"offensive_value":0.579387626,"defensive_value":0.0762787075,"count":81},"7":{"player_id":26265,"player_name":"Jonas Martin","vaep_value":-0.3711401514,"offensive_value":0.0949758189,"defensive_value":-0.4661159703,"count":61},"8":{"player_id":26285,"player_name":"Ernest Seka","vaep_value":-0.1331451001,"offensive_value":-0.0954124444,"defensive_value":-0.0377326557,"count":67},"9":{"player_id":26368,"player_name":"Pablo Martinez","vaep_value":-0.0302437664,"offensive_value":0.0503025602,"defensive_value":-0.0805463266,"count":49},"10":{"player_id":26381,"player_name":"Bakary Kon\u00e9","vaep_value":-0.0305630169,"offensive_value":0.0038046091,"defensive_value":-0.034367626,"count":48},"11":{"player_id":26539,"player_name":"Anthony Gon\u00e7alves","vaep_value":0.0901442245,"offensive_value":-0.0165623128,"defensive_value":0.1067065373,"count":32},"12":{"player_id":26543,"player_name":"Bakary Kon\u00e9","vaep_value":-0.0071460074,"offensive_value":-0.0030388976,"defensive_value":-0.0041071097,"count":1},"13":{"player_id":26547,"player_name":"Pablo Martinez","vaep_value":-0.0932615537,"offensive_value":-0.0937105892,"defensive_value":0.0004490355,"count":14},"14":{"player_id":26638,"player_name":"Ernest Seka","vaep_value":0.5193369985,"offensive_value":0.5073110072,"defensive_value":0.0120259912,"count":38},"15":{"player_id":26676,"player_name":"Pablo Martinez","vaep_value":0.0996616988,"offensive_value":0.1133313433,"defensive_value":-0.0136696445,"count":21},"16":{"player_id":26869,"player_name":"Ernest Seka","vaep_value":0.0525066159,"offensive_value":0.0872911287,"defensive_value":-0.0347845128,"count":37},"17":{"player_id":28990,"player_name":"Jonas Martin","vaep_value":0.1459763813,"offensive_value":0.2175970812,"defensive_value":-0.0716206999,"count":77},"18":{"player_id":29137,"player_name":"Jean Eud\u00e8s Aholou","vaep_value":0.0262381758,"offensive_value":-0.0470345956,"defensive_value":0.0732727714,"count":28},"19":{"player_id":29474,"player_name":"Bakary Kon\u00e9","vaep_value":0.1613087985,"offensive_value":0.1762304422,"defensive_value":-0.0149216438,"count":49},"20":{"player_id":29588,"player_name":"Anthony Gon\u00e7alves","vaep_value":0.0756575562,"offensive_value":0.0567000007,"defensive_value":0.0189575555,"count":73},"21":{"player_id":29616,"player_name":"Dimitri Li\u00e9nard","vaep_value":0.0186507804,"offensive_value":0.0253457145,"defensive_value":-0.0066949341,"count":81},"22":{"player_id":141172,"player_name":"Dimitri Li\u00e9nard","vaep_value":0.0297547051,"offensive_value":0.015364717,"defensive_value":0.0143899882,"count":24},"23":{"player_id":209209,"player_name":"Martin Terrier","vaep_value":0.0808145403,"offensive_value":0.0565217568,"defensive_value":0.0242927835,"count":35},"24":{"player_id":256992,"player_name":"Ludovic Butelle","vaep_value":0.0783463258,"offensive_value":0.0150487272,"defensive_value":0.0632975986,"count":14},"25":{"player_id":274344,"player_name":"Romain Thomas","vaep_value":0.0327735052,"offensive_value":0.0662726974,"defensive_value":-0.0334991922,"count":46},"26":{"player_id":366542,"player_name":"Baptiste Santamaria","vaep_value":0.2010063111,"offensive_value":0.1940555691,"defensive_value":0.006950742,"count":38},"27":{"player_id":394006,"player_name":"Romain Thomas","vaep_value":-0.0092000526,"offensive_value":-0.092898475,"defensive_value":0.0836984224,"count":31}}