{"0":{"player_id":0,"player_name":"Aleksandar Tonev","vaep_value":0.0023883469,"offensive_value":0.002328163,"defensive_value":0.0000601839,"count":1},"1":{"player_id":11156,"player_name":"Arlind Ajeti","vaep_value":0.0021028308,"offensive_value":-0.0139006587,"defensive_value":0.0160034895,"count":20},"2":{"player_id":16922,"player_name":"Rolando Mandragora","vaep_value":-0.0071632636,"offensive_value":-0.0015862011,"defensive_value":-0.0055770625,"count":2},"3":{"player_id":20478,"player_name":"Rolando Mandragora","vaep_value":-0.5597239065,"offensive_value":-0.5626622945,"defensive_value":0.002938388,"count":13},"4":{"player_id":20635,"player_name":"Rolando Mandragora","vaep_value":0.4624797022,"offensive_value":0.2381820205,"defensive_value":0.2242976817,"count":66},"5":{"player_id":20815,"player_name":"Bruno Martella","vaep_value":0.0130831572,"offensive_value":0.0153726233,"defensive_value":-0.0022894661,"count":34},"6":{"player_id":20832,"player_name":"Adrian Marius Stoian","vaep_value":0.1759297926,"offensive_value":0.2289804083,"defensive_value":-0.0530506157,"count":28},"7":{"player_id":20842,"player_name":"Ante Budimir","vaep_value":0.318946987,"offensive_value":0.3561066384,"defensive_value":-0.0371596514,"count":60},"8":{"player_id":21162,"player_name":"Ante Budimir","vaep_value":0.0167484684,"offensive_value":0.0148973744,"defensive_value":0.001851094,"count":1},"9":{"player_id":21280,"player_name":"Andrea Consigli","vaep_value":-0.3882743104,"offensive_value":0.1495508145,"defensive_value":-0.5378251249,"count":82},"10":{"player_id":21494,"player_name":"Federico Ceccherini","vaep_value":0.269081742,"offensive_value":0.1412456579,"defensive_value":0.1278360841,"count":43},"11":{"player_id":21528,"player_name":"Rolando Mandragora","vaep_value":0.2460343641,"offensive_value":0.1125145588,"defensive_value":0.1335198053,"count":63},"12":{"player_id":21655,"player_name":"Bruno Martella","vaep_value":0.0685236821,"offensive_value":0.0372645238,"defensive_value":0.0312591583,"count":44},"13":{"player_id":21861,"player_name":"Edoardo Goldaniga","vaep_value":-0.2130803267,"offensive_value":-0.2056660729,"defensive_value":-0.0074142538,"count":32},"14":{"player_id":22163,"player_name":"Federico Ceccherini","vaep_value":0.0035022408,"offensive_value":-0.0113314886,"defensive_value":0.0148337294,"count":55},"15":{"player_id":22185,"player_name":"Matteo Politano","vaep_value":0.2083502529,"offensive_value":0.108255168,"defensive_value":0.100095085,"count":71},"16":{"player_id":22383,"player_name":"Francesco Cassata","vaep_value":0.0612525619,"offensive_value":0.0701517722,"defensive_value":-0.0088992104,"count":12},"17":{"player_id":49857,"player_name":"Federico Ceccherini","vaep_value":0.3402116292,"offensive_value":0.117215646,"defensive_value":0.2229959832,"count":70},"18":{"player_id":51151,"player_name":"Federico Ceccherini","vaep_value":0.0681701528,"offensive_value":0.0081454359,"defensive_value":0.0600247169,"count":28},"19":{"player_id":69513,"player_name":"Francesco Cassata","vaep_value":-0.3039241754,"offensive_value":-0.234696539,"defensive_value":-0.0692276364,"count":21},"20":{"player_id":99423,"player_name":"Simone Missiroli","vaep_value":0.0614525756,"offensive_value":0.035515215,"defensive_value":0.0259373606,"count":39},"21":{"player_id":208696,"player_name":"Francesco Acerbi","vaep_value":1.3475011287,"offensive_value":1.3732634701,"defensive_value":-0.0257623415,"count":61},"22":{"player_id":209400,"player_name":"Edoardo Goldaniga","vaep_value":-0.0871007225,"offensive_value":-0.0611732077,"defensive_value":-0.0259275148,"count":50},"23":{"player_id":246059,"player_name":"Pol Mikel Lirola Kosok","vaep_value":0.8953954359,"offensive_value":0.9270927234,"defensive_value":-0.0316972876,"count":57},"24":{"player_id":292310,"player_name":"Pol Mikel Lirola Kosok","vaep_value":0.1697247177,"offensive_value":0.0558877711,"defensive_value":0.1138369467,"count":46},"25":{"player_id":293198,"player_name":"Francesco Acerbi","vaep_value":0.2334121983,"offensive_value":0.1918004458,"defensive_value":0.0416117525,"count":25},"26":{"player_id":302798,"player_name":"Federico Peluso","vaep_value":0.1670239478,"offensive_value":0.1676681916,"defensive_value":-0.0006442438,"count":41},"27":{"player_id":302799,"player_name":"Francesco Cassata","vaep_value":0.3343683501,"offensive_value":0.2148342579,"defensive_value":0.1195340921,"count":60},"28":{"player_id":354123,"player_name":"Matteo Politano","vaep_value":0.3212116277,"offensive_value":0.2395331976,"defensive_value":0.0816784301,"count":51}}