{"0":{"player_id":0,"player_name":"Radamel Falcao Garc\u00eda Z\u00e1rate","vaep_value":-0.0071002486,"offensive_value":0.0101669806,"defensive_value":-0.0172672292,"count":7},"1":{"player_id":132,"player_name":"Jo\u00e3o Filipe Iria Santos Moutinho","vaep_value":0.1634044646,"offensive_value":0.104073748,"defensive_value":0.0593307166,"count":73},"2":{"player_id":3450,"player_name":"Djibril Sidib\u00e9","vaep_value":0.8155908,"offensive_value":0.8234891009,"defensive_value":-0.0078983009,"count":27},"3":{"player_id":21097,"player_name":"Jemerson de Jesus Nascimento","vaep_value":-0.2517289247,"offensive_value":0.10409257,"defensive_value":-0.3558214947,"count":60},"4":{"player_id":25399,"player_name":"F\u00e1bio Henrique Tavares","vaep_value":-0.0075844238,"offensive_value":-0.02562781,"defensive_value":0.0180433863,"count":39},"5":{"player_id":25562,"player_name":"Jemerson de Jesus Nascimento","vaep_value":0.0594339852,"offensive_value":0.0571685177,"defensive_value":0.0022654674,"count":33},"6":{"player_id":25776,"player_name":"Benjamin Bourigeaud","vaep_value":0.1681774351,"offensive_value":0.2026337781,"defensive_value":-0.034456343,"count":35},"7":{"player_id":26196,"player_name":"J\u00e9r\u00e9my Gelin","vaep_value":-0.472146493,"offensive_value":0.1874539066,"defensive_value":-0.6596003997,"count":74},"8":{"player_id":28117,"player_name":"F\u00e1bio Henrique Tavares","vaep_value":0.0047294601,"offensive_value":0.010131867,"defensive_value":-0.0054024069,"count":5},"9":{"player_id":28922,"player_name":"Marcos Paulo Mesquita Lopes","vaep_value":0.1305594948,"offensive_value":0.1431291063,"defensive_value":-0.0125696115,"count":63},"10":{"player_id":70093,"player_name":"Thomas Lemar","vaep_value":0.3648328506,"offensive_value":0.3283520755,"defensive_value":0.0364807751,"count":83},"11":{"player_id":70711,"player_name":"Joris Gnagnon","vaep_value":0.0077100064,"offensive_value":0.0464729161,"defensive_value":-0.0387629097,"count":42},"12":{"player_id":82690,"player_name":"Keita Bald\u00e9 Diao","vaep_value":0.1293953802,"offensive_value":0.1693135548,"defensive_value":-0.0399181746,"count":35},"13":{"player_id":86239,"player_name":"Tom\u00e1\u0161 Koubek","vaep_value":-0.0197870624,"offensive_value":-0.0199667113,"defensive_value":0.0001796489,"count":4},"14":{"player_id":135747,"player_name":"Adrien Hunou","vaep_value":0.0918849087,"offensive_value":0.137009949,"defensive_value":-0.0451250402,"count":28},"15":{"player_id":135913,"player_name":"Adrien Hunou","vaep_value":0.0548468546,"offensive_value":0.0633530039,"defensive_value":-0.0085061493,"count":21},"16":{"player_id":207143,"player_name":"Morgan Amalfitano","vaep_value":0.260959835,"offensive_value":0.245008213,"defensive_value":0.015951622,"count":78},"17":{"player_id":228963,"player_name":"Benjamin Bourigeaud","vaep_value":0.223351143,"offensive_value":0.1315148666,"defensive_value":0.0918362763,"count":70},"18":{"player_id":228981,"player_name":"Danijel Suba\u0161i\u0107","vaep_value":0.1752315117,"offensive_value":0.1185509935,"defensive_value":0.0566805182,"count":29},"19":{"player_id":229124,"player_name":"Kamil Glik","vaep_value":0.0109202155,"offensive_value":-0.0977293602,"defensive_value":0.1086495757,"count":29},"20":{"player_id":256480,"player_name":"Edson Andr\u00e9 Sitoe","vaep_value":0.5975192623,"offensive_value":0.6064884935,"defensive_value":-0.0089692312,"count":42},"21":{"player_id":263766,"player_name":"James Edward Lea Siliki","vaep_value":0.3101024051,"offensive_value":0.2756526587,"defensive_value":0.0344497465,"count":58},"22":{"player_id":264989,"player_name":"J\u00e9r\u00e9my Gelin","vaep_value":0.0051290151,"offensive_value":0.0064777248,"defensive_value":-0.0013487097,"count":3},"23":{"player_id":266917,"player_name":"J\u00e9r\u00e9my Gelin","vaep_value":0.0014022918,"offensive_value":0.0119773704,"defensive_value":-0.0105750785,"count":7},"24":{"player_id":278513,"player_name":"Joris Gnagnon","vaep_value":-0.0075639449,"offensive_value":-0.0057472789,"defensive_value":-0.001816666,"count":3},"25":{"player_id":301013,"player_name":"Benjamin Bourigeaud","vaep_value":0.2919706383,"offensive_value":0.1458831421,"defensive_value":0.1460874962,"count":45},"26":{"player_id":325781,"player_name":"Hamari Traor\u00e9","vaep_value":0.0500761716,"offensive_value":0.0451160984,"defensive_value":0.0049600733,"count":37},"27":{"player_id":334720,"player_name":"Joris Gnagnon","vaep_value":0.0752574056,"offensive_value":0.1613729298,"defensive_value":-0.0861155242,"count":38},"28":{"player_id":366581,"player_name":"Edson Andr\u00e9 Sitoe","vaep_value":-0.0043880756,"offensive_value":-0.0484083772,"defensive_value":0.0440203017,"count":39}}