{"0":{"player_id":0,"player_name":"Gaku Shibasaki","vaep_value":-0.0116148741,"offensive_value":0.0479575631,"defensive_value":-0.0595724372,"count":12},"1":{"player_id":3267,"player_name":"Juan Torres Ruiz","vaep_value":0.1033769874,"offensive_value":0.1770345215,"defensive_value":-0.0736575341,"count":29},"2":{"player_id":3468,"player_name":"Joseba Zald\u00faa Bengoetxea","vaep_value":-0.333527713,"offensive_value":0.0259510886,"defensive_value":-0.3594788016,"count":40},"3":{"player_id":3605,"player_name":"Rub\u00e9n Salvador P\u00e9rez Del M\u00e1rmol","vaep_value":-0.1340034861,"offensive_value":-0.1306679884,"defensive_value":-0.0033354977,"count":42},"4":{"player_id":3674,"player_name":"Juan Torres Ruiz","vaep_value":0.1468899549,"offensive_value":0.0602776451,"defensive_value":0.0866123098,"count":35},"5":{"player_id":3934,"player_name":"Fay\u00e7al Fajr","vaep_value":-0.0468387792,"offensive_value":-0.0351839059,"defensive_value":-0.0116548734,"count":7},"6":{"player_id":3963,"player_name":"Markel Bergara Larra\u00f1aga","vaep_value":0.0995189949,"offensive_value":0.1699740299,"defensive_value":-0.070455035,"count":32},"7":{"player_id":3974,"player_name":"Dami\u00e1n Nicol\u00e1s Su\u00e1rez Su\u00e1rez","vaep_value":0.1034562555,"offensive_value":0.2226982514,"defensive_value":-0.1192419959,"count":54},"8":{"player_id":4013,"player_name":"Diego Rico Salguero","vaep_value":0.3056185975,"offensive_value":0.2934348616,"defensive_value":0.012183736,"count":84},"9":{"player_id":4593,"player_name":"Dami\u00e1n Nicol\u00e1s Su\u00e1rez Su\u00e1rez","vaep_value":0.03278068,"offensive_value":0.0170603823,"defensive_value":0.0157202977,"count":7},"10":{"player_id":4683,"player_name":"Gabriel Appelt Pires","vaep_value":-0.0394391878,"offensive_value":-0.0326016222,"defensive_value":-0.0068375656,"count":32},"11":{"player_id":5195,"player_name":"Gabriel Appelt Pires","vaep_value":0.1128196326,"offensive_value":0.1090215059,"defensive_value":0.0037981268,"count":31},"12":{"player_id":5481,"player_name":"Rub\u00e9n Salvador P\u00e9rez Del M\u00e1rmol","vaep_value":0.0315488465,"offensive_value":0.0469367067,"defensive_value":-0.0153878602,"count":40},"13":{"player_id":5653,"player_name":"Mauro Wilney Arambarri Rosa","vaep_value":0.0918019867,"offensive_value":0.0774662932,"defensive_value":0.0143356934,"count":61},"14":{"player_id":6281,"player_name":"Dami\u00e1n Nicol\u00e1s Su\u00e1rez Su\u00e1rez","vaep_value":0.2662976817,"offensive_value":0.3360214033,"defensive_value":-0.0697237217,"count":87},"15":{"player_id":6370,"player_name":"Rub\u00e9n Salvador P\u00e9rez Del M\u00e1rmol","vaep_value":-0.1484564523,"offensive_value":-0.1260375436,"defensive_value":-0.0224189087,"count":37},"16":{"player_id":20808,"player_name":"Juli\u00e1n Omar Ramos Su\u00e1rez","vaep_value":0.1563894054,"offensive_value":0.0796015434,"defensive_value":0.076787862,"count":50},"17":{"player_id":25888,"player_name":"Mauro Wilney Arambarri Rosa","vaep_value":0.1587169166,"offensive_value":0.0869109993,"defensive_value":0.0718059173,"count":47},"18":{"player_id":26167,"player_name":"Juan Torres Ruiz","vaep_value":0.023560825,"offensive_value":0.0144050454,"defensive_value":0.0091557796,"count":2},"19":{"player_id":43051,"player_name":"Diego Rico Salguero","vaep_value":-0.0778328737,"offensive_value":-0.0783989114,"defensive_value":0.0005660377,"count":42},"20":{"player_id":93000,"player_name":"Ezequiel Mu\u00f1oz","vaep_value":0.1720755893,"offensive_value":0.1267393989,"defensive_value":0.0453361904,"count":53},"21":{"player_id":94828,"player_name":"Joseba Zald\u00faa Bengoetxea","vaep_value":-0.0493924584,"offensive_value":-0.0550208613,"defensive_value":0.0056284029,"count":24},"22":{"player_id":167118,"player_name":"Javier Eraso Go\u00f1i","vaep_value":-0.0295303838,"offensive_value":-0.018921199,"defensive_value":-0.0106091848,"count":31},"23":{"player_id":169002,"player_name":"Juli\u00e1n Omar Ramos Su\u00e1rez","vaep_value":0.3986161588,"offensive_value":0.4140523823,"defensive_value":-0.0154362236,"count":90},"24":{"player_id":250805,"player_name":"Juli\u00e1n Omar Ramos Su\u00e1rez","vaep_value":0.0646864381,"offensive_value":-0.0085790239,"defensive_value":0.0732654621,"count":29},"25":{"player_id":278383,"player_name":"Vitorino Gabriel  Pacheco Antunes","vaep_value":0.887294019,"offensive_value":0.8844068432,"defensive_value":0.0028871758,"count":17},"26":{"player_id":286448,"player_name":"Joseba Zald\u00faa Bengoetxea","vaep_value":1.0392666393,"offensive_value":0.9909140018,"defensive_value":0.0483526374,"count":45},"27":{"player_id":344140,"player_name":"Javier Eraso Go\u00f1i","vaep_value":0.0019178557,"offensive_value":0.0045741531,"defensive_value":-0.0026562974,"count":26}}