{"0":{"player_id":0,"player_name":"Lucas Nicol\u00e1s Alario","vaep_value":0.020400686,"offensive_value":0.0328381225,"defensive_value":-0.0124374365,"count":9},"1":{"player_id":110,"player_name":"Charles Mariano Ar\u00e1nguiz Sandoval","vaep_value":0.2110967804,"offensive_value":0.2284980406,"defensive_value":-0.0174012602,"count":64},"2":{"player_id":14768,"player_name":"Panagiotis Retsos","vaep_value":0.1161871989,"offensive_value":0.1397024381,"defensive_value":-0.0235152392,"count":51},"3":{"player_id":14781,"player_name":"Jonathan Tah","vaep_value":0.2637426873,"offensive_value":0.2730653083,"defensive_value":-0.009322621,"count":75},"4":{"player_id":14786,"player_name":"Lars Bender","vaep_value":0.152248058,"offensive_value":0.0538835342,"defensive_value":0.0983645238,"count":11},"5":{"player_id":14788,"player_name":"David \u00c1ngel Abraham","vaep_value":0.0016283627,"offensive_value":-0.0026852088,"defensive_value":0.0043135715,"count":5},"6":{"player_id":15231,"player_name":"Simon Falette","vaep_value":0.9566137993,"offensive_value":0.9798691913,"defensive_value":-0.023255392,"count":48},"7":{"player_id":20402,"player_name":"Ante Rebi\u0107","vaep_value":0.2052222318,"offensive_value":0.132697655,"defensive_value":0.0725245768,"count":69},"8":{"player_id":25512,"player_name":"Julian Brandt","vaep_value":-0.0593464492,"offensive_value":-0.0260419997,"defensive_value":-0.0333044495,"count":34},"9":{"player_id":26021,"player_name":"Dominik Kohr","vaep_value":-0.0328236807,"offensive_value":0.0151201765,"defensive_value":-0.0479438571,"count":62},"10":{"player_id":49856,"player_name":"Simon Falette","vaep_value":0.1542318962,"offensive_value":0.1028792671,"defensive_value":0.0513526291,"count":78},"11":{"player_id":51689,"player_name":"Dominik Kohr","vaep_value":-0.0105636069,"offensive_value":-0.0107248416,"defensive_value":0.0001612348,"count":2},"12":{"player_id":55951,"player_name":"Kevin-Prince Boateng","vaep_value":0.0112175437,"offensive_value":0.0702310263,"defensive_value":-0.0590134825,"count":33},"13":{"player_id":65880,"player_name":"David \u00c1ngel Abraham","vaep_value":0.0227404452,"offensive_value":0.0194284716,"defensive_value":0.0033119736,"count":3},"14":{"player_id":69616,"player_name":"Carlos Joel Salcedo Hern\u00e1ndez","vaep_value":-0.0956777974,"offensive_value":-0.055778503,"defensive_value":-0.0398992945,"count":35},"15":{"player_id":86489,"player_name":"Kai Havertz","vaep_value":-0.1778233927,"offensive_value":-0.1768491687,"defensive_value":-0.0009742239,"count":22},"16":{"player_id":89559,"player_name":"Kai Havertz","vaep_value":0.0815311818,"offensive_value":0.0447949572,"defensive_value":0.0367362247,"count":62},"17":{"player_id":105619,"player_name":"Marius Wolf","vaep_value":0.129863224,"offensive_value":0.1637697554,"defensive_value":-0.0339065314,"count":63},"18":{"player_id":136011,"player_name":"Jonathan Tah","vaep_value":0.2391295368,"offensive_value":0.2240853712,"defensive_value":0.0150441655,"count":44},"19":{"player_id":146583,"player_name":"Jonathan Tah","vaep_value":-0.0435711808,"offensive_value":-0.0200834527,"defensive_value":-0.0234877281,"count":66},"20":{"player_id":165425,"player_name":"Kai Havertz","vaep_value":0.137223827,"offensive_value":0.0519198789,"defensive_value":0.085303948,"count":47},"21":{"player_id":173213,"player_name":"Julian Brandt","vaep_value":0.0947890888,"offensive_value":0.0546671542,"defensive_value":0.0401219346,"count":38},"22":{"player_id":224680,"player_name":"Dominik Kohr","vaep_value":0.0413105955,"offensive_value":0.0402251967,"defensive_value":0.0010853987,"count":68},"23":{"player_id":228768,"player_name":"Kai Havertz","vaep_value":0.234655963,"offensive_value":0.0747960274,"defensive_value":0.1598599356,"count":64},"24":{"player_id":255387,"player_name":"Marc Stendera","vaep_value":0.1971731541,"offensive_value":0.2117096509,"defensive_value":-0.0145364968,"count":95},"25":{"player_id":344178,"player_name":"Marc Stendera","vaep_value":0.126697481,"offensive_value":0.1615427977,"defensive_value":-0.0348453167,"count":75},"26":{"player_id":365880,"player_name":"Dominik Kohr","vaep_value":-0.0199108851,"offensive_value":-0.0291289906,"defensive_value":0.0092181055,"count":9},"27":{"player_id":425925,"player_name":"Jonathan Tah","vaep_value":0.1570205764,"offensive_value":0.0724203252,"defensive_value":0.0846002512,"count":64}}