{"0":{"player_id":0,"player_name":"Luis Alberto Su\u00e1rez D\u00edaz","vaep_value":0.0271160335,"offensive_value":0.0570863594,"defensive_value":-0.0299703259,"count":10},"1":{"player_id":3269,"player_name":"Sergio Busquets i Burgos","vaep_value":0.6426395156,"offensive_value":0.1786201057,"defensive_value":0.4640194099,"count":91},"2":{"player_id":3325,"player_name":"Ousmane Demb\u00e9l\u00e9","vaep_value":0.1362789761,"offensive_value":0.0232874795,"defensive_value":0.1129914966,"count":79},"3":{"player_id":3341,"player_name":"N\u00e9lson Cabral Semedo","vaep_value":-0.1800948028,"offensive_value":-0.1617952576,"defensive_value":-0.0182995452,"count":60},"4":{"player_id":3346,"player_name":"Gerard Piqu\u00e9 Bernab\u00e9u","vaep_value":0.0278583049,"offensive_value":-0.0168774575,"defensive_value":0.0447357624,"count":70},"5":{"player_id":3353,"player_name":"Samuel Yves Umtiti","vaep_value":0.0702896815,"offensive_value":0.0736303953,"defensive_value":-0.0033407138,"count":5},"6":{"player_id":3359,"player_name":"Jordi Alba Ramos","vaep_value":2.8081489155,"offensive_value":2.8370609297,"defensive_value":-0.0289120142,"count":105},"7":{"player_id":3476,"player_name":"Sergio Busquets i Burgos","vaep_value":0.4296191006,"offensive_value":0.3744381806,"defensive_value":0.05518092,"count":79},"8":{"player_id":3554,"player_name":"Jordi Alba Ramos","vaep_value":0.1445573296,"offensive_value":0.1106473012,"defensive_value":0.0339100284,"count":27},"9":{"player_id":3802,"player_name":"Philippe Coutinho Correia","vaep_value":1.0795100841,"offensive_value":1.0658030739,"defensive_value":0.0137070101,"count":88},"10":{"player_id":4440,"player_name":"Philippe Coutinho Correia","vaep_value":-0.0950935,"offensive_value":-0.078076419,"defensive_value":-0.017017081,"count":33},"11":{"player_id":6165,"player_name":"Jordi Alba Ramos","vaep_value":-0.1695563281,"offensive_value":-0.1658537397,"defensive_value":-0.0037025884,"count":2},"12":{"player_id":7302,"player_name":"Samuel Yves Umtiti","vaep_value":-0.0006178415,"offensive_value":-0.0176794927,"defensive_value":0.0170616512,"count":22},"13":{"player_id":7972,"player_name":"Gerard Piqu\u00e9 Bernab\u00e9u","vaep_value":-0.2317674371,"offensive_value":-0.2084552562,"defensive_value":-0.0233121809,"count":74},"14":{"player_id":8323,"player_name":"Ivan Rakiti\u0107","vaep_value":-0.0432005972,"offensive_value":-0.0304763176,"defensive_value":-0.0127242797,"count":20},"15":{"player_id":15008,"player_name":"N\u00e9lson Cabral Semedo","vaep_value":0.2972785711,"offensive_value":0.2364393809,"defensive_value":0.0608391901,"count":40},"16":{"player_id":20410,"player_name":"Ousmane Demb\u00e9l\u00e9","vaep_value":0.0260121627,"offensive_value":0.0290562767,"defensive_value":-0.003044114,"count":9},"17":{"player_id":25397,"player_name":"Ivan Rakiti\u0107","vaep_value":0.1731081656,"offensive_value":0.1321212826,"defensive_value":0.040986883,"count":52},"18":{"player_id":32652,"player_name":"Ousmane Demb\u00e9l\u00e9","vaep_value":1.5624756064,"offensive_value":1.6057101186,"defensive_value":-0.0432345122,"count":70},"19":{"player_id":40550,"player_name":"Ivan Rakiti\u0107","vaep_value":0.1268116781,"offensive_value":0.1242347495,"defensive_value":0.0025769286,"count":15},"20":{"player_id":40614,"player_name":"Lionel Andr\u00e9s Messi Cuccittini","vaep_value":0.320025755,"offensive_value":0.2157489961,"defensive_value":0.104276759,"count":60},"21":{"player_id":50102,"player_name":"Philippe Coutinho Correia","vaep_value":-0.0563026259,"offensive_value":-0.1405471439,"defensive_value":0.084244518,"count":53},"22":{"player_id":51004,"player_name":"Philippe Coutinho Correia","vaep_value":0.2878902035,"offensive_value":0.1211028117,"defensive_value":0.1667873918,"count":65},"23":{"player_id":56025,"player_name":"Jordi Alba Ramos","vaep_value":0.2269561166,"offensive_value":0.1196594299,"defensive_value":0.1072966866,"count":75},"24":{"player_id":70451,"player_name":"Lionel Andr\u00e9s Messi Cuccittini","vaep_value":0.2039815085,"offensive_value":0.1237352082,"defensive_value":0.0802463003,"count":67},"25":{"player_id":105541,"player_name":"Michael Krohn-Dehli","vaep_value":1.0227449798,"offensive_value":1.0371088487,"defensive_value":-0.0143638689,"count":38},"26":{"player_id":222770,"player_name":"Emre \u00c7olak","vaep_value":0.3110702082,"offensive_value":0.3369708591,"defensive_value":-0.0259006509,"count":73},"27":{"player_id":230897,"player_name":"Jordi Alba Ramos","vaep_value":-0.0239104172,"offensive_value":-0.0096496004,"defensive_value":-0.0142608169,"count":4},"28":{"player_id":286390,"player_name":"Sergio Busquets i Burgos","vaep_value":0.0520813378,"offensive_value":-0.0360689756,"defensive_value":0.0881503134,"count":62}}