{"0":{"player_id":0,"player_name":"Thomas M\u00fcller","vaep_value":0.0094607037,"offensive_value":0.0224925233,"defensive_value":-0.0130318196,"count":5},"1":{"player_id":110,"player_name":"Arturo Erasmo Vidal Pardo","vaep_value":0.1159216579,"offensive_value":0.1499069615,"defensive_value":-0.0339853036,"count":55},"2":{"player_id":3416,"player_name":"Javier Mart\u00ednez Aginaga","vaep_value":0.0568505904,"offensive_value":-0.0322808449,"defensive_value":0.0891314353,"count":53},"3":{"player_id":14716,"player_name":"Kingsley Coman","vaep_value":0.2326409565,"offensive_value":0.1796564176,"defensive_value":0.052984539,"count":65},"4":{"player_id":14718,"player_name":"James David Rodr\u00edguez Rubio","vaep_value":0.1119031594,"offensive_value":0.1790688722,"defensive_value":-0.0671657128,"count":86},"5":{"player_id":14724,"player_name":"J\u00e9r\u00f4me Boateng","vaep_value":-0.0407497174,"offensive_value":-0.0461827698,"defensive_value":0.0054330524,"count":13},"6":{"player_id":14726,"player_name":"Niklas S\u00fcle","vaep_value":0.021288117,"offensive_value":-0.0396688464,"defensive_value":0.0609569635,"count":44},"7":{"player_id":14732,"player_name":"J\u00e9r\u00f4me Boateng","vaep_value":-0.1117127063,"offensive_value":-0.0532643565,"defensive_value":-0.0584483498,"count":36},"8":{"player_id":14817,"player_name":"Simon Falette","vaep_value":0.0491280362,"offensive_value":0.053539529,"defensive_value":-0.0044114927,"count":10},"9":{"player_id":15797,"player_name":"G\u00e9lson da Concei\u00e7\u00e3o Tavares Fernandes","vaep_value":0.0098817276,"offensive_value":0.0702873644,"defensive_value":-0.0604056368,"count":32},"10":{"player_id":20402,"player_name":"Javier Mart\u00ednez Aginaga","vaep_value":0.0223690994,"offensive_value":0.0279906539,"defensive_value":-0.0056215544,"count":92},"11":{"player_id":20475,"player_name":"Ante Rebi\u0107","vaep_value":0.729271687,"offensive_value":0.8443810332,"defensive_value":-0.1151093462,"count":39},"12":{"player_id":20591,"player_name":"M\u00e1rcio Rafael Ferreira de Souza","vaep_value":0.0571538171,"offensive_value":-0.0029104042,"defensive_value":0.0600642214,"count":42},"13":{"player_id":25512,"player_name":"Franck Bilal Rib\u00e9ry","vaep_value":-0.1648205348,"offensive_value":-0.1871867969,"defensive_value":0.0223662622,"count":33},"14":{"player_id":26021,"player_name":"M\u00e1rcio Rafael Ferreira de Souza","vaep_value":0.0113216963,"offensive_value":0.0899641432,"defensive_value":-0.0786424469,"count":66},"15":{"player_id":49856,"player_name":"Simon Falette","vaep_value":0.2244914331,"offensive_value":0.2015263847,"defensive_value":0.0229650484,"count":100},"16":{"player_id":55951,"player_name":"J\u00e9r\u00f4me Boateng","vaep_value":0.1365260992,"offensive_value":0.091171352,"defensive_value":0.0453547472,"count":39},"17":{"player_id":69616,"player_name":"Luk\u00e1\u0161 Hr\u00e1deck\u00fd","vaep_value":0.2016421234,"offensive_value":0.1953409242,"defensive_value":0.0063011992,"count":63},"18":{"player_id":70096,"player_name":"Jetro Willems","vaep_value":0.4545126663,"offensive_value":0.2940734522,"defensive_value":0.1604392141,"count":71},"19":{"player_id":97555,"player_name":"Kevin-Prince Boateng","vaep_value":-0.0550337681,"offensive_value":-0.0372491931,"defensive_value":-0.017784575,"count":10},"20":{"player_id":134383,"player_name":"Kevin-Prince Boateng","vaep_value":0.2586767379,"offensive_value":0.0531120924,"defensive_value":0.2055646455,"count":64},"21":{"player_id":173213,"player_name":"Ante Rebi\u0107","vaep_value":0.0550657512,"offensive_value":0.0397513876,"defensive_value":0.0153143636,"count":7},"22":{"player_id":209091,"player_name":"Jetro Willems","vaep_value":0.0507260179,"offensive_value":0.0095467691,"defensive_value":0.0411792488,"count":28},"23":{"player_id":224593,"player_name":"Joshua Kimmich","vaep_value":0.055027311,"offensive_value":0.0510224519,"defensive_value":0.004004859,"count":59},"24":{"player_id":224680,"player_name":"Jetro Willems","vaep_value":0.1872330748,"offensive_value":0.1850777123,"defensive_value":0.0021553625,"count":64},"25":{"player_id":231139,"player_name":"Joshua Kimmich","vaep_value":-0.0190233093,"offensive_value":-0.0441909228,"defensive_value":0.0251676134,"count":29},"26":{"player_id":255387,"player_name":"James David Rodr\u00edguez Rubio","vaep_value":0.0355988102,"offensive_value":0.1062964442,"defensive_value":-0.070697634,"count":86},"27":{"player_id":258264,"player_name":"Joshua Kimmich","vaep_value":-0.0009581167,"offensive_value":-0.0025738224,"defensive_value":0.0016157057,"count":4},"28":{"player_id":391387,"player_name":"Tom Starke","vaep_value":0.1285419796,"offensive_value":0.1230625149,"defensive_value":0.0054794647,"count":30}}