{"0":{"player_id":0,"player_name":"Emmanuel Rivi\u00e8re","vaep_value":-0.0002890789,"offensive_value":0.0036618535,"defensive_value":-0.0039509324,"count":7},"1":{"player_id":4786,"player_name":"Florent Mollet","vaep_value":-0.0356980374,"offensive_value":0.0310654185,"defensive_value":-0.0667634559,"count":84},"2":{"player_id":14990,"player_name":"Fallou Diagne","vaep_value":0.0738326375,"offensive_value":0.0050825141,"defensive_value":0.0687501234,"count":64},"3":{"player_id":25384,"player_name":"Moussa Niakhat\u00e9","vaep_value":0.3122586685,"offensive_value":0.3314917812,"defensive_value":-0.0192331127,"count":46},"4":{"player_id":25503,"player_name":"Emmanuel Rivi\u00e8re","vaep_value":0.1641785839,"offensive_value":0.0549052655,"defensive_value":0.1092733184,"count":61},"5":{"player_id":25532,"player_name":"Florent Mollet","vaep_value":0.1676221759,"offensive_value":0.0039653839,"defensive_value":0.163656792,"count":12},"6":{"player_id":25647,"player_name":"Nolan Roux","vaep_value":0.174530034,"offensive_value":0.1272111022,"defensive_value":0.0473189318,"count":52},"7":{"player_id":25715,"player_name":"Nolan Roux","vaep_value":-0.0344601341,"offensive_value":0.0334400304,"defensive_value":-0.0679001645,"count":48},"8":{"player_id":25716,"player_name":"Georges Constant Mandjeck","vaep_value":-0.0962005275,"offensive_value":-0.0829570568,"defensive_value":-0.0132434707,"count":42},"9":{"player_id":25809,"player_name":"Iv\u00e1n Balliu Campeny","vaep_value":-0.511228213,"offensive_value":-0.4698669908,"defensive_value":-0.0413612222,"count":35},"10":{"player_id":25919,"player_name":"Renaud Cohade","vaep_value":0.1301285836,"offensive_value":0.1578264764,"defensive_value":-0.0276978927,"count":73},"11":{"player_id":25947,"player_name":"Mathieu Dossevi","vaep_value":0.1528880633,"offensive_value":-0.0081890714,"defensive_value":0.1610771348,"count":40},"12":{"player_id":26399,"player_name":"Renaud Cohade","vaep_value":0.1157639308,"offensive_value":0.105115877,"defensive_value":0.0106480538,"count":82},"13":{"player_id":26508,"player_name":"Iv\u00e1n Balliu Campeny","vaep_value":0.462634324,"offensive_value":0.3338909909,"defensive_value":0.128743333,"count":88},"14":{"player_id":26512,"player_name":"Bel Durel Avounou","vaep_value":0.5152962663,"offensive_value":0.5734686554,"defensive_value":-0.0581723892,"count":89},"15":{"player_id":26528,"player_name":"Renaud Cohade","vaep_value":0.1436130668,"offensive_value":0.1825710953,"defensive_value":-0.0389580285,"count":70},"16":{"player_id":28908,"player_name":"Fallou Diagne","vaep_value":0.0578522385,"offensive_value":0.0679542929,"defensive_value":-0.0101020543,"count":52},"17":{"player_id":28965,"player_name":"Renaud Cohade","vaep_value":0.0077825326,"offensive_value":0.0078583937,"defensive_value":-0.0000758611,"count":1},"18":{"player_id":30437,"player_name":"Fallou Diagne","vaep_value":0.0015638112,"offensive_value":0.0097297009,"defensive_value":-0.0081658897,"count":54},"19":{"player_id":37796,"player_name":"Damien Da Silva","vaep_value":0.0789193241,"offensive_value":0.0785620187,"defensive_value":0.0003573054,"count":18},"20":{"player_id":37896,"player_name":"Damien Da Silva","vaep_value":0.1446304463,"offensive_value":0.1261178602,"defensive_value":0.0185125861,"count":34},"21":{"player_id":229427,"player_name":"Enzo Crivelli","vaep_value":-0.0144050375,"offensive_value":0.0188509546,"defensive_value":-0.0332559921,"count":70},"22":{"player_id":234138,"player_name":"Georges Constant Mandjeck","vaep_value":0.0017009107,"offensive_value":0.003786791,"defensive_value":-0.0020858803,"count":16},"23":{"player_id":275032,"player_name":null,"vaep_value":0.1030105547,"offensive_value":0.1079210786,"defensive_value":-0.0049105239,"count":13},"24":{"player_id":290119,"player_name":"Romain Genevois","vaep_value":0.2466150916,"offensive_value":0.1612989098,"defensive_value":0.0853161818,"count":70},"25":{"player_id":407699,"player_name":null,"vaep_value":0.0528661915,"offensive_value":0.0415608878,"defensive_value":0.0113053037,"count":59},"26":{"player_id":437636,"player_name":"Julian Palmieri","vaep_value":0.9109507815,"offensive_value":0.9050428026,"defensive_value":0.0059079789,"count":13},"27":{"player_id":498357,"player_name":"Emmanuel Rivi\u00e8re","vaep_value":-0.0034704683,"offensive_value":-0.0041892426,"defensive_value":0.0007187743,"count":7}}