{"0":{"player_id":0,"player_name":"Maximilian Philipp","vaep_value":0.004867861,"offensive_value":0.0353675608,"defensive_value":-0.0304996998,"count":7},"1":{"player_id":8315,"player_name":"Julian Weigl","vaep_value":0.2142678413,"offensive_value":0.1864108327,"defensive_value":0.0278570086,"count":41},"2":{"player_id":14687,"player_name":"Marco Reus","vaep_value":0.0202278848,"offensive_value":-0.0155773058,"defensive_value":0.0358051906,"count":95},"3":{"player_id":14778,"player_name":"Julian Weigl","vaep_value":0.0149893537,"offensive_value":0.0384858663,"defensive_value":-0.0234965126,"count":41},"4":{"player_id":14789,"player_name":"\u00d6mer Toprak","vaep_value":0.0226003989,"offensive_value":0.0158057162,"defensive_value":0.0067946827,"count":13},"5":{"player_id":14798,"player_name":"Sokratis Papastathopoulos","vaep_value":0.1520137794,"offensive_value":0.0932836096,"defensive_value":0.0587301698,"count":94},"6":{"player_id":14800,"player_name":"\u0141ukasz Piszczek","vaep_value":0.1186033536,"offensive_value":0.1518480552,"defensive_value":-0.0332447016,"count":82},"7":{"player_id":14806,"player_name":"Sokratis Papastathopoulos","vaep_value":0.1792733861,"offensive_value":0.1299910597,"defensive_value":0.0492823265,"count":49},"8":{"player_id":15024,"player_name":"\u00d6mer Toprak","vaep_value":-0.1755781414,"offensive_value":-0.1265365079,"defensive_value":-0.0490416335,"count":54},"9":{"player_id":15178,"player_name":"Sokratis Papastathopoulos","vaep_value":0.1271879945,"offensive_value":0.0623921829,"defensive_value":0.0647958117,"count":36},"10":{"player_id":15399,"player_name":"Julian Weigl","vaep_value":0.4250630762,"offensive_value":0.4828079397,"defensive_value":-0.0577448636,"count":52},"11":{"player_id":19392,"player_name":"Julian Weigl","vaep_value":0.7531620583,"offensive_value":0.7570384427,"defensive_value":-0.0038763843,"count":19},"12":{"player_id":21469,"player_name":"Manuel Akanji","vaep_value":0.0382254736,"offensive_value":0.0043390987,"defensive_value":0.0338863749,"count":1},"13":{"player_id":49968,"player_name":"\u00d6mer Toprak","vaep_value":0.1939656646,"offensive_value":-0.0024983317,"defensive_value":0.1964639963,"count":31},"14":{"player_id":66654,"player_name":"Roman B\u00fcrki","vaep_value":0.0156482358,"offensive_value":0.000268277,"defensive_value":0.0153799588,"count":15},"15":{"player_id":83836,"player_name":"Sokratis Papastathopoulos","vaep_value":0.0444788123,"offensive_value":0.0173535568,"defensive_value":0.0271252554,"count":16},"16":{"player_id":86517,"player_name":"Mario G\u00f6tze","vaep_value":-0.0744970731,"offensive_value":-0.1284780712,"defensive_value":0.0539809981,"count":45},"17":{"player_id":94764,"player_name":"Mario G\u00f6tze","vaep_value":0.8922675099,"offensive_value":0.9297378387,"defensive_value":-0.0374703287,"count":31},"18":{"player_id":105622,"player_name":"Stefan Bell","vaep_value":0.0468535032,"offensive_value":0.0253562364,"defensive_value":0.0214972668,"count":15},"19":{"player_id":221172,"player_name":"Julian Weigl","vaep_value":0.0996030205,"offensive_value":0.1215010702,"defensive_value":-0.0218980497,"count":49},"20":{"player_id":223560,"player_name":"Jean-Philippe Gbamin","vaep_value":0.0065861334,"offensive_value":-0.0303093721,"defensive_value":0.0368955055,"count":30},"21":{"player_id":224677,"player_name":"Mario G\u00f6tze","vaep_value":0.2503450795,"offensive_value":0.1410955552,"defensive_value":0.1092495243,"count":91},"22":{"player_id":228980,"player_name":"Marco Reus","vaep_value":0.2152462574,"offensive_value":0.1560505151,"defensive_value":0.0591957422,"count":51},"23":{"player_id":235450,"player_name":"Alexander Hack","vaep_value":0.0857801719,"offensive_value":0.1635730403,"defensive_value":-0.0777928684,"count":56},"24":{"player_id":297957,"player_name":"Manuel Akanji","vaep_value":0.2359947348,"offensive_value":0.2743830744,"defensive_value":-0.0383883396,"count":131},"25":{"player_id":337647,"player_name":"\u00d6mer Toprak","vaep_value":0.1946760139,"offensive_value":0.2237795438,"defensive_value":-0.0291035299,"count":38},"26":{"player_id":391425,"player_name":"\u0141ukasz Piszczek","vaep_value":0.879043401,"offensive_value":0.9403534716,"defensive_value":-0.0613100706,"count":34},"27":{"player_id":391530,"player_name":"\u0141ukasz Piszczek","vaep_value":0.0402962475,"offensive_value":0.0477807517,"defensive_value":-0.0074845043,"count":30},"28":{"player_id":447223,"player_name":"Alexander Hack","vaep_value":0.3081078148,"offensive_value":0.3282696123,"defensive_value":-0.0201617975,"count":71}}