{"0":{"player_id":0,"player_name":"Carlos Fern\u00e1ndez Luna","vaep_value":0.0254103297,"offensive_value":0.0259552761,"defensive_value":-0.0005449464,"count":6},"1":{"player_id":3280,"player_name":"Johannes Geis","vaep_value":0.5006289924,"offensive_value":0.5134690741,"defensive_value":-0.0128400817,"count":117},"2":{"player_id":3325,"player_name":"Miguel Arturo Lay\u00fan Prado","vaep_value":0.4537705295,"offensive_value":0.2343925026,"defensive_value":0.2193780269,"count":60},"3":{"player_id":3451,"player_name":"Johannes Geis","vaep_value":-0.2196632599,"offensive_value":-0.2258898674,"defensive_value":0.0062266075,"count":32},"4":{"player_id":3474,"player_name":"Ra\u00fal Albentosa Redal","vaep_value":0.5672530174,"offensive_value":0.497665796,"defensive_value":0.0695872215,"count":113},"5":{"player_id":3554,"player_name":"Guido Hern\u00e1n Pizarro","vaep_value":0.0972269627,"offensive_value":0.0953771274,"defensive_value":0.0018498353,"count":34},"6":{"player_id":4015,"player_name":"Guido Hern\u00e1n Pizarro","vaep_value":-0.0282252809,"offensive_value":-0.0071537378,"defensive_value":-0.0210715431,"count":28},"7":{"player_id":4511,"player_name":"Ra\u00fal Albentosa Redal","vaep_value":-0.1167992807,"offensive_value":-0.0593728854,"defensive_value":-0.0574263954,"count":43},"8":{"player_id":5911,"player_name":"Miguel Arturo Lay\u00fan Prado","vaep_value":-0.1255995358,"offensive_value":-0.0960740535,"defensive_value":-0.0295254823,"count":60},"9":{"player_id":7302,"player_name":"Guido Hern\u00e1n Pizarro","vaep_value":-0.0638233012,"offensive_value":-0.1051481945,"defensive_value":0.0413248932,"count":46},"10":{"player_id":15455,"player_name":"Rub\u00e9n Iv\u00e1n Mart\u00ednez Andrade","vaep_value":0.2927466336,"offensive_value":0.2522884023,"defensive_value":0.0404582313,"count":77},"11":{"player_id":20764,"player_name":"Ra\u00fal Albentosa Redal","vaep_value":-0.1234682002,"offensive_value":-0.131962731,"defensive_value":0.0084945308,"count":12},"12":{"player_id":32652,"player_name":"Miguel Arturo Lay\u00fan Prado","vaep_value":0.085234833,"offensive_value":0.0407854731,"defensive_value":0.0444493599,"count":46},"13":{"player_id":40614,"player_name":"Daniel Filipe Martins Carri\u00e7o","vaep_value":0.0454290445,"offensive_value":-0.00139412,"defensive_value":0.0468231644,"count":59},"14":{"player_id":50102,"player_name":"Johannes Geis","vaep_value":0.150560407,"offensive_value":0.0917983769,"defensive_value":0.0587620301,"count":35},"15":{"player_id":51004,"player_name":"Jes\u00fas Navas Gonz\u00e1lez","vaep_value":0.0609629879,"offensive_value":0.0542073913,"defensive_value":0.0067555966,"count":63},"16":{"player_id":56025,"player_name":"Johannes Geis","vaep_value":0.0414936694,"offensive_value":0.0475072842,"defensive_value":-0.0060136148,"count":12},"17":{"player_id":70125,"player_name":"Sandro  Ram\u00edrez Castillo","vaep_value":-0.0078517884,"offensive_value":0.002266369,"defensive_value":-0.0101181574,"count":9},"18":{"player_id":70140,"player_name":"Johannes Geis","vaep_value":0.1089852216,"offensive_value":0.1195770167,"defensive_value":-0.0105917951,"count":60},"19":{"player_id":70451,"player_name":"Gabriel Iv\u00e1n Mercado","vaep_value":0.1840342961,"offensive_value":0.1814058134,"defensive_value":0.0026284826,"count":57},"20":{"player_id":86220,"player_name":"Guido Hern\u00e1n Pizarro","vaep_value":0.0998332484,"offensive_value":0.0274477196,"defensive_value":0.0723855288,"count":60},"21":{"player_id":86828,"player_name":"Miguel Arturo Lay\u00fan Prado","vaep_value":0.0342811294,"offensive_value":0.0857658511,"defensive_value":-0.0514847217,"count":71},"22":{"player_id":105541,"player_name":"Daniel Filipe Martins Carri\u00e7o","vaep_value":0.2822518028,"offensive_value":0.2789635461,"defensive_value":0.0032882567,"count":35},"23":{"player_id":112366,"player_name":"Johannes Geis","vaep_value":-0.0631848589,"offensive_value":0.0155331792,"defensive_value":-0.078718038,"count":89},"24":{"player_id":207001,"player_name":"Miguel Arturo Lay\u00fan Prado","vaep_value":-0.1321414217,"offensive_value":-0.1220081067,"defensive_value":-0.010133315,"count":29},"25":{"player_id":239843,"player_name":"Miguel Arturo Lay\u00fan Prado","vaep_value":0.0061144477,"offensive_value":0.004648576,"defensive_value":0.0014658717,"count":4},"26":{"player_id":278320,"player_name":"Guido Hern\u00e1n Pizarro","vaep_value":0.201041456,"offensive_value":0.1263613953,"defensive_value":0.0746800606,"count":48},"27":{"player_id":278324,"player_name":"Jes\u00fas Navas Gonz\u00e1lez","vaep_value":-0.2727917876,"offensive_value":-0.3081364234,"defensive_value":0.0353446357,"count":32},"28":{"player_id":364005,"player_name":"Sandro  Ram\u00edrez Castillo","vaep_value":0.0097334004,"offensive_value":0.0073051353,"defensive_value":0.0024282652,"count":6}}