{"0":{"player_id":0,"player_name":"Nicolas de Roussel de Pr\u00e9ville","vaep_value":0.0581297628,"offensive_value":0.0771116843,"defensive_value":-0.0189819215,"count":7},"1":{"player_id":3573,"player_name":"Ot\u00e1vio Henrique Passos Santos","vaep_value":0.1013585671,"offensive_value":0.1365235836,"defensive_value":-0.0351650164,"count":62},"2":{"player_id":20685,"player_name":"Igor Lewczuk","vaep_value":-0.0764376763,"offensive_value":-0.055411702,"defensive_value":-0.0210259743,"count":36},"3":{"player_id":25523,"player_name":"J\u00e9r\u00e9my Toulalan","vaep_value":-0.0565831128,"offensive_value":0.0206296176,"defensive_value":-0.0772127304,"count":42},"4":{"player_id":25632,"player_name":"Vuka\u0161in Jovanovi\u0107","vaep_value":0.1881673781,"offensive_value":0.1151222,"defensive_value":0.0730451781,"count":43},"5":{"player_id":25923,"player_name":"Th\u00e9o Pellenard","vaep_value":0.074924065,"offensive_value":0.0867684254,"defensive_value":-0.0118443604,"count":23},"6":{"player_id":26389,"player_name":"Vuka\u0161in Jovanovi\u0107","vaep_value":0.1012405837,"offensive_value":0.0631655615,"defensive_value":0.0380750222,"count":29},"7":{"player_id":27958,"player_name":"Beno\u00eet Costil","vaep_value":0.1168788766,"offensive_value":0.1794141206,"defensive_value":-0.062535244,"count":70},"8":{"player_id":37714,"player_name":"Chidozie Collins Awaziem","vaep_value":0.1241526885,"offensive_value":0.0800885586,"defensive_value":0.0440641299,"count":18},"9":{"player_id":40301,"player_name":"Younousse Sankhar\u00e9","vaep_value":0.0764636706,"offensive_value":-0.0090643127,"defensive_value":0.0855279833,"count":42},"10":{"player_id":48318,"player_name":"Younousse Sankhar\u00e9","vaep_value":0.1073428773,"offensive_value":0.1085141136,"defensive_value":-0.0011712363,"count":14},"11":{"player_id":56441,"player_name":"Igor Lewczuk","vaep_value":-0.0401553758,"offensive_value":-0.0831992028,"defensive_value":0.0430438269,"count":45},"12":{"player_id":83574,"player_name":"L\u00e9vy Koffi Djidji","vaep_value":0.1934214357,"offensive_value":0.1439700433,"defensive_value":0.0494513924,"count":29},"13":{"player_id":99453,"player_name":"Beno\u00eet Costil","vaep_value":0.8200257509,"offensive_value":0.8600440654,"defensive_value":-0.0400183145,"count":37},"14":{"player_id":99633,"player_name":"Vuka\u0161in Jovanovi\u0107","vaep_value":0.1456687964,"offensive_value":0.2145290015,"defensive_value":-0.0688602051,"count":67},"15":{"player_id":209028,"player_name":"J\u00e9r\u00e9my Toulalan","vaep_value":0.0508060341,"offensive_value":0.0646415624,"defensive_value":-0.0138355283,"count":41},"16":{"player_id":217872,"player_name":"Anton Ciprian T\u0103t\u0103ru\u0219anu","vaep_value":0.1179722156,"offensive_value":0.1262673978,"defensive_value":-0.0082951821,"count":9},"17":{"player_id":217874,"player_name":"Diego Carlos Santos Silva","vaep_value":0.1103989471,"offensive_value":0.0684568908,"defensive_value":0.0419420564,"count":60},"18":{"player_id":229119,"player_name":"Beno\u00eet Costil","vaep_value":0.0272043184,"offensive_value":0.0254050968,"defensive_value":0.0017992216,"count":5},"19":{"player_id":242446,"player_name":"Vuka\u0161in Jovanovi\u0107","vaep_value":0.2144701633,"offensive_value":0.1201176847,"defensive_value":0.0943524786,"count":53},"20":{"player_id":258263,"player_name":"Th\u00e9o Pellenard","vaep_value":0.1582629576,"offensive_value":0.0374431434,"defensive_value":0.1208198142,"count":67},"21":{"player_id":260002,"player_name":"Fran\u00e7ois Kamano","vaep_value":0.2174162609,"offensive_value":0.2412628742,"defensive_value":-0.0238466134,"count":58},"22":{"player_id":270866,"player_name":"Younousse Sankhar\u00e9","vaep_value":0.1739512034,"offensive_value":0.0665001532,"defensive_value":0.1074510502,"count":37},"23":{"player_id":274970,"player_name":"Ot\u00e1vio Henrique Passos Santos","vaep_value":-0.1738545395,"offensive_value":-0.1684225313,"defensive_value":-0.0054320082,"count":7},"24":{"player_id":276920,"player_name":"J\u00e9r\u00e9my Toulalan","vaep_value":0.1291292997,"offensive_value":0.0805555813,"defensive_value":0.0485737184,"count":21},"25":{"player_id":295569,"player_name":"Igor Lewczuk","vaep_value":0.2697393085,"offensive_value":0.1169586313,"defensive_value":0.1527806773,"count":58},"26":{"player_id":300485,"player_name":"Malcom Filipe Silva de Oliveira","vaep_value":1.1432639879,"offensive_value":1.1954195014,"defensive_value":-0.0521555135,"count":77},"27":{"player_id":334552,"player_name":"Chidozie Collins Awaziem","vaep_value":0.0319142679,"offensive_value":0.0390258913,"defensive_value":-0.0071116234,"count":25},"28":{"player_id":364772,"player_name":"Chidozie Collins Awaziem","vaep_value":0.1740707724,"offensive_value":0.1765308653,"defensive_value":-0.0024600929,"count":37}}