{"0":{"player_id":0,"player_name":"Florian Thauvin","vaep_value":0.0508979658,"offensive_value":0.0614566281,"defensive_value":-0.0105586624,"count":5},"1":{"player_id":3276,"player_name":"Rona\u00ebl Pierre-Gabriel","vaep_value":0.2828606559,"offensive_value":0.1071841351,"defensive_value":0.1756765207,"count":65},"2":{"player_id":14722,"player_name":"Bouna Sarr","vaep_value":0.1921064475,"offensive_value":0.0752632457,"defensive_value":0.1168432018,"count":75},"3":{"player_id":25552,"player_name":"Vincent Pajot","vaep_value":0.1496330907,"offensive_value":0.050385956,"defensive_value":0.0992471348,"count":24},"4":{"player_id":25643,"player_name":"Adil Rami","vaep_value":0.2550447582,"offensive_value":0.0460156072,"defensive_value":0.209029151,"count":32},"5":{"player_id":25650,"player_name":"Rona\u00ebl Pierre-Gabriel","vaep_value":-0.1185978807,"offensive_value":-0.1625694847,"defensive_value":0.043971604,"count":35},"6":{"player_id":25714,"player_name":"Bouna Sarr","vaep_value":0.0620678104,"offensive_value":0.1043260708,"defensive_value":-0.0422582604,"count":75},"7":{"player_id":25743,"player_name":"Bouna Sarr","vaep_value":0.2451669308,"offensive_value":0.215939276,"defensive_value":0.0292276548,"count":98},"8":{"player_id":25770,"player_name":"Maxime Lopez","vaep_value":0.4886772722,"offensive_value":0.5399256605,"defensive_value":-0.0512483883,"count":100},"9":{"player_id":25784,"player_name":"Florian Thauvin","vaep_value":0.0490706275,"offensive_value":0.0923922803,"defensive_value":-0.0433216528,"count":61},"10":{"player_id":25789,"player_name":"Bouna Sarr","vaep_value":0.0353328562,"offensive_value":0.0522002096,"defensive_value":-0.0168673533,"count":6},"11":{"player_id":25845,"player_name":"Bouna Sarr","vaep_value":0.1695794209,"offensive_value":0.1780664127,"defensive_value":-0.0084869917,"count":38},"12":{"player_id":26000,"player_name":"Adil Rami","vaep_value":0.1920911401,"offensive_value":0.1508098783,"defensive_value":0.0412812618,"count":44},"13":{"player_id":26042,"player_name":"Bouna Sarr","vaep_value":0.582418937,"offensive_value":0.5457567197,"defensive_value":0.0366622173,"count":40},"14":{"player_id":26085,"player_name":"Maxime Lopez","vaep_value":-0.0481482149,"offensive_value":0.036526919,"defensive_value":-0.0846751339,"count":18},"15":{"player_id":54380,"player_name":"Aymen Abdennour","vaep_value":0.0334653041,"offensive_value":0.0755525633,"defensive_value":-0.0420872592,"count":52},"16":{"player_id":70088,"player_name":"Jordan Amavi","vaep_value":0.0234340524,"offensive_value":0.0363644357,"defensive_value":-0.0129303833,"count":16},"17":{"player_id":86338,"player_name":"Aymen Abdennour","vaep_value":0.7173815622,"offensive_value":0.7170594002,"defensive_value":0.0003221621,"count":12},"18":{"player_id":134494,"player_name":"Adil Rami","vaep_value":1.4541749561,"offensive_value":1.4812056948,"defensive_value":-0.0270307388,"count":26},"19":{"player_id":134951,"player_name":"Bouna Sarr","vaep_value":0.0113262939,"offensive_value":0.0249073759,"defensive_value":-0.013581082,"count":18},"20":{"player_id":209086,"player_name":"Maxime Lopez","vaep_value":-0.2118377443,"offensive_value":-0.2170885213,"defensive_value":0.005250777,"count":50},"21":{"player_id":214628,"player_name":"Bouna Sarr","vaep_value":0.0084371304,"offensive_value":-0.001488611,"defensive_value":0.0099257414,"count":79},"22":{"player_id":217878,"player_name":"Adil Rami","vaep_value":-0.2755605782,"offensive_value":-0.2572680074,"defensive_value":-0.0182925708,"count":17},"23":{"player_id":276944,"player_name":"Luiz Gustavo Dias","vaep_value":0.0605391318,"offensive_value":0.1350169252,"defensive_value":-0.0744777934,"count":41},"24":{"player_id":278867,"player_name":"Aymen Abdennour","vaep_value":0.1034244414,"offensive_value":0.0593264042,"defensive_value":0.0440980372,"count":59},"25":{"player_id":280115,"player_name":"Jordan Amavi","vaep_value":0.4665535638,"offensive_value":0.3826248415,"defensive_value":0.0839287223,"count":124},"26":{"player_id":351851,"player_name":"Aymen Abdennour","vaep_value":-0.1055124672,"offensive_value":-0.0933370516,"defensive_value":-0.0121754156,"count":6},"27":{"player_id":366401,"player_name":"Adil Rami","vaep_value":0.0453928522,"offensive_value":0.0404369058,"defensive_value":0.0049559464,"count":10},"28":{"player_id":396616,"player_name":"Bouna Sarr","vaep_value":-0.0798996309,"offensive_value":-0.0123232224,"defensive_value":-0.0675764085,"count":35}}