{"0":{"player_id":0,"player_name":"Luis Fernando Muriel Fruto","vaep_value":0.0012379871,"offensive_value":0.0038839122,"defensive_value":-0.0026459252,"count":1},"1":{"player_id":3280,"player_name":"Gabriel Iv\u00e1n Mercado","vaep_value":0.6022960352,"offensive_value":0.5985072474,"defensive_value":0.0037887878,"count":96},"2":{"player_id":3290,"player_name":"\u00cd\u00f1igo Lekue Mart\u00ednez","vaep_value":-0.0515153012,"offensive_value":-0.0456071286,"defensive_value":-0.0059081726,"count":13},"3":{"player_id":3397,"player_name":"Sergio Escudero Palomo","vaep_value":0.1996411732,"offensive_value":0.1512527883,"defensive_value":0.048388385,"count":49},"4":{"player_id":3408,"player_name":"Markel Susaeta Laskurain","vaep_value":0.0905688559,"offensive_value":0.1858029346,"defensive_value":-0.0952340787,"count":60},"5":{"player_id":3409,"player_name":"Markel Susaeta Laskurain","vaep_value":0.1030582635,"offensive_value":0.0795770751,"defensive_value":0.0234811885,"count":58},"6":{"player_id":3414,"player_name":"Sergio Escudero Palomo","vaep_value":0.0358803941,"offensive_value":0.0282522927,"defensive_value":0.0076281014,"count":31},"7":{"player_id":3420,"player_name":"\u00c9ver Maximiliano David Banega","vaep_value":0.1941277824,"offensive_value":0.1675870683,"defensive_value":0.0265407141,"count":50},"8":{"player_id":3458,"player_name":"Gabriel Iv\u00e1n Mercado","vaep_value":0.2266160814,"offensive_value":0.1736025825,"defensive_value":0.0530134989,"count":50},"9":{"player_id":3503,"player_name":"Miguel Arturo Lay\u00fan Prado","vaep_value":-0.0042860898,"offensive_value":0.0181459243,"defensive_value":-0.0224320141,"count":22},"10":{"player_id":3595,"player_name":"\u00cd\u00f1igo Mart\u00ednez Berridi","vaep_value":0.1312336437,"offensive_value":0.156972041,"defensive_value":-0.0257383973,"count":34},"11":{"player_id":3671,"player_name":"Steven N'Kemboanza Mike Christopher N'Zonzi","vaep_value":-0.1726953277,"offensive_value":0.1598966933,"defensive_value":-0.332592021,"count":77},"12":{"player_id":4015,"player_name":"Franco Dami\u00e1n V\u00e1zquez","vaep_value":0.2239211865,"offensive_value":0.2351537207,"defensive_value":-0.0112325342,"count":35},"13":{"player_id":8200,"player_name":"Miguel Arturo Lay\u00fan Prado","vaep_value":0.4019489401,"offensive_value":0.3333612215,"defensive_value":0.0685877186,"count":75},"14":{"player_id":14852,"player_name":"Luis Fernando Muriel Fruto","vaep_value":0.1922105871,"offensive_value":0.2066744554,"defensive_value":-0.0144638683,"count":73},"15":{"player_id":20433,"player_name":"Franco Dami\u00e1n V\u00e1zquez","vaep_value":-0.0023916808,"offensive_value":-0.0011549275,"defensive_value":-0.0012367533,"count":1},"16":{"player_id":20764,"player_name":"Steven N'Kemboanza Mike Christopher N'Zonzi","vaep_value":0.2651071792,"offensive_value":0.2648293725,"defensive_value":0.0002778067,"count":29},"17":{"player_id":20823,"player_name":"\u00c9ver Maximiliano David Banega","vaep_value":1.3059783918,"offensive_value":1.2137516227,"defensive_value":0.0922267691,"count":68},"18":{"player_id":70125,"player_name":"Enric Saborit Teixidor","vaep_value":-0.1930312201,"offensive_value":-0.1861646497,"defensive_value":-0.0068665704,"count":7},"19":{"player_id":86220,"player_name":"Enric Saborit Teixidor","vaep_value":0.1043810174,"offensive_value":0.1021370136,"defensive_value":0.0022440038,"count":55},"20":{"player_id":112366,"player_name":"Yeray \u00c1lvarez L\u00f3pez","vaep_value":0.0601911442,"offensive_value":0.1169536305,"defensive_value":-0.0567624863,"count":52},"21":{"player_id":134503,"player_name":"I\u00f1igo C\u00f3rdoba Kerejeta","vaep_value":0.268623898,"offensive_value":0.1335636296,"defensive_value":0.1350602685,"count":56},"22":{"player_id":207001,"player_name":"Enric Saborit Teixidor","vaep_value":-0.8247706499,"offensive_value":-0.8643816595,"defensive_value":0.0396110096,"count":57},"23":{"player_id":230857,"player_name":"Kepa Arrizabalaga Revuelta","vaep_value":0.2547584199,"offensive_value":0.2230795722,"defensive_value":0.0316788477,"count":71},"24":{"player_id":230862,"player_name":"Carlos Joaqu\u00edn Correa","vaep_value":0.2322592488,"offensive_value":0.1328262594,"defensive_value":0.0994329895,"count":80},"25":{"player_id":247141,"player_name":"Steven N'Kemboanza Mike Christopher N'Zonzi","vaep_value":-0.4353012369,"offensive_value":-0.3966932138,"defensive_value":-0.0386080231,"count":37},"26":{"player_id":286963,"player_name":"Franco Dami\u00e1n V\u00e1zquez","vaep_value":0.0133238246,"offensive_value":0.0069482117,"defensive_value":0.0063756129,"count":21},"27":{"player_id":344075,"player_name":"Ander Iturraspe Derteano","vaep_value":0.0276592382,"offensive_value":0.0216036455,"defensive_value":0.0060555927,"count":22}}