{"0":{"player_id":0,"player_name":"Enrique Garc\u00eda Mart\u00ednez","vaep_value":0.0270053475,"offensive_value":0.0746252092,"defensive_value":-0.0476198617,"count":12},"1":{"player_id":3282,"player_name":"Christian Rivera Hern\u00e1ndez","vaep_value":-0.018259007,"offensive_value":-0.0149884038,"defensive_value":-0.0032706033,"count":3},"2":{"player_id":3671,"player_name":"Jos\u00e9 \u00c1ngel Vald\u00e9s D\u00edaz","vaep_value":0.1230458334,"offensive_value":0.047469873,"defensive_value":0.0755759605,"count":73},"3":{"player_id":3676,"player_name":"Anaitz Arbilla Zabala","vaep_value":0.6209978158,"offensive_value":0.5813497938,"defensive_value":0.039648022,"count":65},"4":{"player_id":3678,"player_name":"Sergio Enrich Ametller","vaep_value":0.3060713196,"offensive_value":0.2898846979,"defensive_value":0.0161866217,"count":55},"5":{"player_id":3680,"player_name":"David Rodr\u00edguez Lomb\u00e1n","vaep_value":0.0540655716,"offensive_value":-0.0157290858,"defensive_value":0.0697946574,"count":49},"6":{"player_id":3685,"player_name":"Joan Jord\u00e1n Moreno","vaep_value":-0.0177701835,"offensive_value":-0.019515458,"defensive_value":0.0017452745,"count":8},"7":{"player_id":3874,"player_name":"Alejandro G\u00e1lvez Jimena","vaep_value":-0.0705257514,"offensive_value":-0.0608725909,"defensive_value":-0.0096531606,"count":9},"8":{"player_id":3970,"player_name":"Joan Jord\u00e1n Moreno","vaep_value":0.3090640918,"offensive_value":0.2726312323,"defensive_value":0.0364328595,"count":71},"9":{"player_id":4048,"player_name":"David Rodr\u00edguez Lomb\u00e1n","vaep_value":-0.0659381965,"offensive_value":-0.1988250446,"defensive_value":0.1328868481,"count":40},"10":{"player_id":4094,"player_name":"Ger\u00f3nimo Rulli","vaep_value":0.058303863,"offensive_value":0.0970177139,"defensive_value":-0.0387138509,"count":67},"11":{"player_id":4180,"player_name":"Ger\u00f3nimo Rulli","vaep_value":0.1161719209,"offensive_value":0.0777500487,"defensive_value":0.0384218722,"count":30},"12":{"player_id":4805,"player_name":"Anaitz Arbilla Zabala","vaep_value":0.2277270399,"offensive_value":0.1155456357,"defensive_value":0.1121814043,"count":76},"13":{"player_id":14836,"player_name":"Joan Jord\u00e1n Moreno","vaep_value":-0.0118648031,"offensive_value":0.0174255091,"defensive_value":-0.0292903122,"count":42},"14":{"player_id":20436,"player_name":"Adnan Januzaj","vaep_value":0.0814424644,"offensive_value":0.1305718956,"defensive_value":-0.0491294313,"count":71},"15":{"player_id":32601,"player_name":"Anaitz Arbilla Zabala","vaep_value":-0.0570189864,"offensive_value":-0.0466525727,"defensive_value":-0.0103664137,"count":13},"16":{"player_id":40770,"player_name":"Adnan Januzaj","vaep_value":0.6847848108,"offensive_value":0.651530013,"defensive_value":0.0332547978,"count":36},"17":{"player_id":86212,"player_name":"\u00c1lvaro Odriozola Arzallus","vaep_value":0.2995956684,"offensive_value":0.3178610178,"defensive_value":-0.0182653493,"count":71},"18":{"player_id":140046,"player_name":"Marko Dmitrovi\u0107","vaep_value":0.0517221881,"offensive_value":0.1082635372,"defensive_value":-0.056541349,"count":30},"19":{"player_id":209012,"player_name":"Jos\u00e9 \u00c1ngel Vald\u00e9s D\u00edaz","vaep_value":0.0077006945,"offensive_value":-0.0128510147,"defensive_value":0.0205517092,"count":67},"20":{"player_id":225996,"player_name":"Jos\u00e9 \u00c1ngel Vald\u00e9s D\u00edaz","vaep_value":0.1000326365,"offensive_value":0.1469656227,"defensive_value":-0.0469329861,"count":76},"21":{"player_id":247207,"player_name":"Joan Jord\u00e1n Moreno","vaep_value":0.9320933994,"offensive_value":0.9944637519,"defensive_value":-0.0623703524,"count":66},"22":{"player_id":261127,"player_name":"Alejandro G\u00e1lvez Jimena","vaep_value":0.7724309739,"offensive_value":0.7902537973,"defensive_value":-0.0178228234,"count":43},"23":{"player_id":278289,"player_name":"Ander Capa Rodr\u00edguez","vaep_value":0.3693747745,"offensive_value":0.4004703788,"defensive_value":-0.0310956044,"count":68},"24":{"player_id":279570,"player_name":"Takashi Inui","vaep_value":0.028755836,"offensive_value":0.0442433716,"defensive_value":-0.0154875356,"count":19},"25":{"player_id":355599,"player_name":"Takashi Inui","vaep_value":0.834471177,"offensive_value":0.8391433284,"defensive_value":-0.0046721514,"count":35},"26":{"player_id":373713,"player_name":"Xabier Prieto Argarate","vaep_value":0.0225575347,"offensive_value":-0.0323422629,"defensive_value":0.0548997977,"count":52},"27":{"player_id":385273,"player_name":"David Zurutuza Veillet","vaep_value":0.0058058663,"offensive_value":0.0056839781,"defensive_value":0.0001218882,"count":3}}