{"0":{"player_id":0,"player_name":"Jamie Vardy","vaep_value":-0.060049612,"offensive_value":-0.011734549,"defensive_value":-0.048315063,"count":6},"1":{"player_id":3577,"player_name":"Harry  Maguire","vaep_value":0.7665016801,"offensive_value":0.8205930934,"defensive_value":-0.0540914133,"count":26},"2":{"player_id":3928,"player_name":"Ben Chilwell","vaep_value":0.9781417045,"offensive_value":0.8771797293,"defensive_value":0.1009619752,"count":78},"3":{"player_id":5281,"player_name":"Ben Foster","vaep_value":0.1295073224,"offensive_value":0.1744438936,"defensive_value":-0.0449365712,"count":73},"4":{"player_id":7853,"player_name":"Oliver Burke","vaep_value":0.1093261378,"offensive_value":0.1211267407,"defensive_value":-0.0118006029,"count":54},"5":{"player_id":8013,"player_name":"Oliver Burke","vaep_value":0.2333946056,"offensive_value":0.188312332,"defensive_value":0.0450822735,"count":24},"6":{"player_id":8285,"player_name":"Ben Chilwell","vaep_value":0.1149387803,"offensive_value":0.1062423091,"defensive_value":0.0086964712,"count":52},"7":{"player_id":8358,"player_name":"Shinji Okazaki","vaep_value":0.3049568976,"offensive_value":0.1463808459,"defensive_value":0.1585760517,"count":35},"8":{"player_id":8360,"player_name":"Allan-Romeo Nyom","vaep_value":0.0630048593,"offensive_value":0.0524939687,"defensive_value":0.0105108905,"count":43},"9":{"player_id":8370,"player_name":"Ben Chilwell","vaep_value":0.212752741,"offensive_value":0.2082560388,"defensive_value":0.0044967022,"count":56},"10":{"player_id":8480,"player_name":"Shinji Okazaki","vaep_value":0.1080227351,"offensive_value":0.0987524459,"defensive_value":0.0092702892,"count":19},"11":{"player_id":8488,"player_name":"Ben Chilwell","vaep_value":0.1684244113,"offensive_value":0.0668243174,"defensive_value":0.1016000939,"count":43},"12":{"player_id":8653,"player_name":"Ben Chilwell","vaep_value":0.1521647607,"offensive_value":0.1277592715,"defensive_value":0.0244054892,"count":75},"13":{"player_id":8686,"player_name":"Shinji Okazaki","vaep_value":-0.0015210661,"offensive_value":0.0019838121,"defensive_value":-0.0035048781,"count":7},"14":{"player_id":8958,"player_name":"Craig Dawson","vaep_value":0.1273921401,"offensive_value":0.0462242373,"defensive_value":0.0811679028,"count":8},"15":{"player_id":9414,"player_name":"Jake Livermore","vaep_value":-0.0274386556,"offensive_value":0.0163785257,"defensive_value":-0.0438171813,"count":26},"16":{"player_id":12829,"player_name":"Jake Livermore","vaep_value":0.900579116,"offensive_value":0.9087992182,"defensive_value":-0.0082201023,"count":21},"17":{"player_id":14763,"player_name":"Harry  Maguire","vaep_value":-0.072238901,"offensive_value":-0.0710418178,"defensive_value":-0.0011970833,"count":29},"18":{"player_id":25537,"player_name":"Vicente Iborra De La Fuente","vaep_value":0.1368376721,"offensive_value":0.1401099007,"defensive_value":-0.0032722286,"count":54},"19":{"player_id":26150,"player_name":"Vicente Iborra De La Fuente","vaep_value":1.1280906061,"offensive_value":1.1423347053,"defensive_value":-0.0142440991,"count":74},"20":{"player_id":119951,"player_name":"Riyad Mahrez","vaep_value":0.2083492873,"offensive_value":0.1014895905,"defensive_value":0.1068596968,"count":32},"21":{"player_id":149019,"player_name":"Demarai Gray","vaep_value":0.0494947969,"offensive_value":0.1922184567,"defensive_value":-0.1427236598,"count":59},"22":{"player_id":265366,"player_name":"Demarai Gray","vaep_value":0.1689610376,"offensive_value":0.0222669594,"defensive_value":0.1466940782,"count":70},"23":{"player_id":277002,"player_name":"Craig Dawson","vaep_value":0.0893590047,"offensive_value":0.0862007979,"defensive_value":0.0031582068,"count":4},"24":{"player_id":283142,"player_name":"Craig Dawson","vaep_value":0.0842607989,"offensive_value":0.0280000731,"defensive_value":0.0562607258,"count":50},"25":{"player_id":285508,"player_name":"Vicente Iborra De La Fuente","vaep_value":1.036897814,"offensive_value":1.0367444269,"defensive_value":0.0001533871,"count":19},"26":{"player_id":346071,"player_name":"Danny Simpson","vaep_value":0.0710247891,"offensive_value":0.0851665728,"defensive_value":-0.0141417837,"count":56},"27":{"player_id":350976,"player_name":"Danny Simpson","vaep_value":0.2307312214,"offensive_value":0.189593505,"defensive_value":0.0411377164,"count":101},"28":{"player_id":434159,"player_name":"Wes Morgan","vaep_value":0.0741426428,"offensive_value":0.079580636,"defensive_value":-0.0054379932,"count":17}}