{"0":{"player_id":0,"player_name":"Nordin Amrabat","vaep_value":-0.0129321853,"offensive_value":0.0236601543,"defensive_value":-0.0365923395,"count":21},"1":{"player_id":3286,"player_name":"Rub\u00e9n Salvador P\u00e9rez Del M\u00e1rmol","vaep_value":0.1401182231,"offensive_value":0.1724931218,"defensive_value":-0.0323748986,"count":89},"2":{"player_id":3934,"player_name":"Joseba Zald\u00faa Bengoetxea","vaep_value":-0.1375059411,"offensive_value":-0.1308308102,"defensive_value":-0.0066751309,"count":4},"3":{"player_id":3963,"player_name":"Unai Bustinza Mart\u00ednez","vaep_value":0.1141386648,"offensive_value":0.1358002535,"defensive_value":-0.0216615887,"count":35},"4":{"player_id":4013,"player_name":"Ezequiel Mu\u00f1oz","vaep_value":0.1048674764,"offensive_value":0.0847395665,"defensive_value":0.0201279098,"count":72},"5":{"player_id":4892,"player_name":"Dimitrios Siovas","vaep_value":0.214777271,"offensive_value":0.2060989554,"defensive_value":0.0086783157,"count":54},"6":{"player_id":5195,"player_name":"Dimitrios Siovas","vaep_value":0.2877823194,"offensive_value":0.29511059,"defensive_value":-0.0073282706,"count":36},"7":{"player_id":6281,"player_name":"Carlos Soler Barrag\u00e1n","vaep_value":0.2125662899,"offensive_value":0.2062165339,"defensive_value":0.006349756,"count":64},"8":{"player_id":6365,"player_name":"Daniel Parejo Mu\u00f1oz","vaep_value":0.1899322496,"offensive_value":0.0826355939,"defensive_value":0.1072966557,"count":57},"9":{"player_id":6370,"player_name":"Javier Eraso Go\u00f1i","vaep_value":-0.0116329113,"offensive_value":-0.0557009296,"defensive_value":0.0440680183,"count":42},"10":{"player_id":20808,"player_name":"Jaume Dom\u00e9nech S\u00e1nchez","vaep_value":0.1014419615,"offensive_value":0.0396107738,"defensive_value":0.0618311877,"count":34},"11":{"player_id":22202,"player_name":"Gabriel Armando de Abreu","vaep_value":-0.076414134,"offensive_value":-0.0631164517,"defensive_value":-0.0132976823,"count":13},"12":{"player_id":25623,"player_name":"Ezequiel Marcelo Garay","vaep_value":-0.117837263,"offensive_value":-0.1708625252,"defensive_value":0.0530252622,"count":71},"13":{"player_id":26167,"player_name":"Gabriel Armando de Abreu","vaep_value":0.053477797,"offensive_value":0.0555742173,"defensive_value":-0.0020964204,"count":4},"14":{"player_id":32968,"player_name":"Geoffrey Kondogbia","vaep_value":0.0411317172,"offensive_value":0.053554917,"defensive_value":-0.0124231998,"count":51},"15":{"player_id":41363,"player_name":"Simone Zaza","vaep_value":0.3361408121,"offensive_value":0.2152188163,"defensive_value":0.1209219958,"count":94},"16":{"player_id":43051,"player_name":"Unai Bustinza Mart\u00ednez","vaep_value":0.0376940446,"offensive_value":-0.0237312766,"defensive_value":0.0614253213,"count":59},"17":{"player_id":70112,"player_name":"Joseba Zald\u00faa Bengoetxea","vaep_value":0.239932355,"offensive_value":0.2628022159,"defensive_value":-0.0228698609,"count":82},"18":{"player_id":70129,"player_name":"Iv\u00e1n Cu\u00e9llar Sacrist\u00e1n","vaep_value":1.204792496,"offensive_value":1.1851027464,"defensive_value":0.0196897497,"count":32},"19":{"player_id":86307,"player_name":"R\u00faben Miguel Nunes Vezo","vaep_value":0.0621524135,"offensive_value":0.0957922305,"defensive_value":-0.0336398169,"count":16},"20":{"player_id":93003,"player_name":"Jaume Dom\u00e9nech S\u00e1nchez","vaep_value":0.0662459573,"offensive_value":0.0239984293,"defensive_value":0.042247528,"count":57},"21":{"player_id":169002,"player_name":"Ezequiel Marcelo Garay","vaep_value":0.4957878202,"offensive_value":0.4343008052,"defensive_value":0.061487015,"count":72},"22":{"player_id":211853,"player_name":"Dimitrios Siovas","vaep_value":0.1068146128,"offensive_value":0.0081307165,"defensive_value":0.0986838962,"count":61},"23":{"player_id":215265,"player_name":"Dimitrios Siovas","vaep_value":-0.1388144367,"offensive_value":0.1421898508,"defensive_value":-0.2810042875,"count":28},"24":{"player_id":237034,"player_name":"Nordin Amrabat","vaep_value":0.0757685294,"offensive_value":0.0295032961,"defensive_value":0.0462652333,"count":31},"25":{"player_id":240445,"player_name":"Gabriel Appelt Pires","vaep_value":0.1274876525,"offensive_value":0.0176433488,"defensive_value":0.1098443037,"count":11},"26":{"player_id":372752,"player_name":"Juli\u00e1n Omar Ramos Su\u00e1rez","vaep_value":0.1031949001,"offensive_value":0.0913769305,"defensive_value":0.0118179697,"count":30},"27":{"player_id":397303,"player_name":"Juli\u00e1n Omar Ramos Su\u00e1rez","vaep_value":-0.0244581552,"offensive_value":-0.0297478649,"defensive_value":0.0052897098,"count":13}}