{"0":{"player_id":0,"player_name":"Corentin Tolisso","vaep_value":-0.0205498392,"offensive_value":-0.0021013104,"defensive_value":-0.0184485288,"count":8},"1":{"player_id":3345,"player_name":"James David Rodr\u00edguez Rubio","vaep_value":0.4181816129,"offensive_value":0.2863295902,"defensive_value":0.1318520226,"count":138},"2":{"player_id":3416,"player_name":"Thiago Alc\u00e2ntara do Nascimento","vaep_value":0.1260512358,"offensive_value":0.1038724559,"defensive_value":0.0221787798,"count":33},"3":{"player_id":14715,"player_name":"Mats  Hummels","vaep_value":0.1939614508,"offensive_value":0.0238647554,"defensive_value":0.1700966954,"count":27},"4":{"player_id":14718,"player_name":"James David Rodr\u00edguez Rubio","vaep_value":0.2628909973,"offensive_value":0.3048917878,"defensive_value":-0.0420007905,"count":134},"5":{"player_id":14726,"player_name":"James David Rodr\u00edguez Rubio","vaep_value":0.4149199682,"offensive_value":0.4286940761,"defensive_value":-0.0137741079,"count":80},"6":{"player_id":14732,"player_name":"Corentin Tolisso","vaep_value":0.0443992006,"offensive_value":0.0333669165,"defensive_value":0.0110322841,"count":30},"7":{"player_id":14736,"player_name":"Thiago Alc\u00e2ntara do Nascimento","vaep_value":0.0020948568,"offensive_value":0.0000424281,"defensive_value":0.0020524287,"count":27},"8":{"player_id":14754,"player_name":"Joshua Kimmich","vaep_value":0.098459442,"offensive_value":0.0256689251,"defensive_value":0.0727905169,"count":31},"9":{"player_id":14795,"player_name":"Thiago Alc\u00e2ntara do Nascimento","vaep_value":0.1669351202,"offensive_value":0.1318908561,"defensive_value":0.035044264,"count":108},"10":{"player_id":14817,"player_name":"James David Rodr\u00edguez Rubio","vaep_value":-0.0484618895,"offensive_value":-0.0265242297,"defensive_value":-0.0219376598,"count":21},"11":{"player_id":14845,"player_name":"M\u00e1rcio Rafael Ferreira de Souza","vaep_value":1.7222377112,"offensive_value":1.5902769419,"defensive_value":0.1319607693,"count":26},"12":{"player_id":15015,"player_name":"Mats  Hummels","vaep_value":0.0085862153,"offensive_value":0.0108150207,"defensive_value":-0.0022288053,"count":1},"13":{"player_id":15032,"player_name":"Franck Bilal Rib\u00e9ry","vaep_value":0.185018331,"offensive_value":0.1611364756,"defensive_value":0.0238818554,"count":50},"14":{"player_id":15085,"player_name":"Thiago Alc\u00e2ntara do Nascimento","vaep_value":-0.2805275908,"offensive_value":-0.2740426091,"defensive_value":-0.0064849816,"count":6},"15":{"player_id":15811,"player_name":"James David Rodr\u00edguez Rubio","vaep_value":0.0145426213,"offensive_value":0.0161812926,"defensive_value":-0.0016386714,"count":18},"16":{"player_id":70096,"player_name":"Joshua Kimmich","vaep_value":0.2141346499,"offensive_value":0.2696568348,"defensive_value":-0.0555221848,"count":136},"17":{"player_id":70139,"player_name":"Emiliano Adri\u00e1n Ins\u00faa Zapata","vaep_value":0.1981362775,"offensive_value":0.186668226,"defensive_value":0.0114680515,"count":33},"18":{"player_id":99410,"player_name":"Daniel Ginczek","vaep_value":-0.0234860869,"offensive_value":0.0141602638,"defensive_value":-0.0376463507,"count":5},"19":{"player_id":134383,"player_name":"Joshua Kimmich","vaep_value":0.2379092401,"offensive_value":0.1753255472,"defensive_value":0.0625836928,"count":87},"20":{"player_id":209091,"player_name":"James David Rodr\u00edguez Rubio","vaep_value":0.8968334439,"offensive_value":0.9004940242,"defensive_value":-0.0036605803,"count":44},"21":{"player_id":224593,"player_name":"Thiago Alc\u00e2ntara do Nascimento","vaep_value":0.3394230295,"offensive_value":0.2996068427,"defensive_value":0.0398161868,"count":102},"22":{"player_id":224971,"player_name":"Niklas S\u00fcle","vaep_value":0.1021041098,"offensive_value":-0.0235381697,"defensive_value":0.1256422795,"count":32},"23":{"player_id":233910,"player_name":"Corentin Tolisso","vaep_value":1.4996004368,"offensive_value":1.4911616879,"defensive_value":0.0084387489,"count":43},"24":{"player_id":235597,"player_name":"Thiago Alc\u00e2ntara do Nascimento","vaep_value":0.0397841642,"offensive_value":0.1586255055,"defensive_value":-0.1188413413,"count":40},"25":{"player_id":328131,"player_name":"Mats  Hummels","vaep_value":0.8863559237,"offensive_value":0.8725666841,"defensive_value":0.0137892396,"count":16},"26":{"player_id":340646,"player_name":"Franck Bilal Rib\u00e9ry","vaep_value":0.1578741977,"offensive_value":0.0217438161,"defensive_value":0.1361303816,"count":29},"27":{"player_id":347366,"player_name":"Emiliano Adri\u00e1n Ins\u00faa Zapata","vaep_value":-0.00915398,"offensive_value":0.0205384733,"defensive_value":-0.0296924533,"count":6},"28":{"player_id":349099,"player_name":"Emiliano Adri\u00e1n Ins\u00faa Zapata","vaep_value":0.0836850514,"offensive_value":0.0518865853,"defensive_value":0.0317984661,"count":27}}