{"0":{"player_id":0,"player_name":"Jos\u00e9 Manuel Jurado Mar\u00edn","vaep_value":0.0117569023,"offensive_value":0.0214013259,"defensive_value":-0.0096444236,"count":4},"1":{"player_id":3293,"player_name":"David L\u00f3pez Silva","vaep_value":0.1955366985,"offensive_value":0.2269381677,"defensive_value":-0.0314014692,"count":55},"2":{"player_id":3317,"player_name":"Antonio Manuel Luna Rodr\u00edguez","vaep_value":-0.0163585677,"offensive_value":-0.0036805128,"defensive_value":-0.0126780549,"count":11},"3":{"player_id":3398,"player_name":"Iv\u00e1n L\u00f3pez \u00c1lvarez","vaep_value":0.0287458436,"offensive_value":0.1516830008,"defensive_value":-0.1229371573,"count":37},"4":{"player_id":3464,"player_name":"Jefferson Andr\u00e9s Lerma Sol\u00eds","vaep_value":0.0585970412,"offensive_value":0.0708163815,"defensive_value":-0.0122193402,"count":77},"5":{"player_id":3470,"player_name":"David L\u00f3pez Silva","vaep_value":0.0611861772,"offensive_value":0.0315299301,"defensive_value":0.0296562471,"count":64},"6":{"player_id":3496,"player_name":"David L\u00f3pez Silva","vaep_value":0.040136487,"offensive_value":0.0434214692,"defensive_value":-0.0032849822,"count":44},"7":{"player_id":3562,"player_name":"Mario Hermoso Canseco","vaep_value":0.0007954498,"offensive_value":0.0312495625,"defensive_value":-0.0304541127,"count":22},"8":{"player_id":3803,"player_name":"Antonio Manuel Luna Rodr\u00edguez","vaep_value":0.1012445327,"offensive_value":0.0833920132,"defensive_value":0.0178525195,"count":76},"9":{"player_id":3816,"player_name":"Antonio Manuel Luna Rodr\u00edguez","vaep_value":0.0878627616,"offensive_value":0.0899947351,"defensive_value":-0.0021319735,"count":15},"10":{"player_id":3920,"player_name":"Antonio Manuel Luna Rodr\u00edguez","vaep_value":0.0577787259,"offensive_value":0.1554864531,"defensive_value":-0.0977077272,"count":38},"11":{"player_id":4303,"player_name":"Antonio Manuel Luna Rodr\u00edguez","vaep_value":0.1180054044,"offensive_value":0.2013153122,"defensive_value":-0.0833099078,"count":91},"12":{"player_id":4332,"player_name":"Marc Navarro Ceciliano","vaep_value":0.0799873127,"offensive_value":0.0579736556,"defensive_value":0.022013657,"count":46},"13":{"player_id":5400,"player_name":"David L\u00f3pez Silva","vaep_value":-0.1494058144,"offensive_value":-0.1324547883,"defensive_value":-0.016951026,"count":34},"14":{"player_id":7623,"player_name":"Mario Hermoso Canseco","vaep_value":-0.1939266449,"offensive_value":-0.1792910073,"defensive_value":-0.0146356375,"count":51},"15":{"player_id":14866,"player_name":"David L\u00f3pez Silva","vaep_value":0.0337174352,"offensive_value":0.0178509194,"defensive_value":0.0158665158,"count":26},"16":{"player_id":26032,"player_name":"Mario Hermoso Canseco","vaep_value":0.0041631174,"offensive_value":-0.003295955,"defensive_value":0.0074590724,"count":13},"17":{"player_id":213124,"player_name":"Jos\u00e9 Manuel Rodr\u00edguez Benito","vaep_value":0.1288176953,"offensive_value":0.0705836554,"defensive_value":0.0582340399,"count":41},"18":{"player_id":225089,"player_name":"Iv\u00e1n L\u00f3pez \u00c1lvarez","vaep_value":-0.0357227578,"offensive_value":-0.0404357505,"defensive_value":0.0047129927,"count":19},"19":{"player_id":247206,"player_name":"Antonio Manuel Luna Rodr\u00edguez","vaep_value":0.0990464046,"offensive_value":0.1042469307,"defensive_value":-0.0052005261,"count":30},"20":{"player_id":254189,"player_name":"Jos\u00e9 Manuel Rodr\u00edguez Benito","vaep_value":0.1304008202,"offensive_value":0.092159508,"defensive_value":0.0382413121,"count":63},"21":{"player_id":255738,"player_name":"Jos\u00e9 Manuel Rodr\u00edguez Benito","vaep_value":0.0122443001,"offensive_value":-0.0030758642,"defensive_value":0.0153201643,"count":56},"22":{"player_id":279533,"player_name":"David L\u00f3pez Silva","vaep_value":0.1638480596,"offensive_value":0.1973197567,"defensive_value":-0.0334716971,"count":66},"23":{"player_id":280383,"player_name":"David L\u00f3pez Silva","vaep_value":-0.0313260717,"offensive_value":-0.0283540001,"defensive_value":-0.0029720715,"count":11},"24":{"player_id":282438,"player_name":"Pablo Daniel Piatti","vaep_value":0.0464602811,"offensive_value":-0.0044087163,"defensive_value":0.0508689974,"count":73},"25":{"player_id":293857,"player_name":"Aar\u00f3n Mart\u00edn Caricol","vaep_value":0.0004277823,"offensive_value":-0.0705552751,"defensive_value":0.0709830574,"count":16},"26":{"player_id":338201,"player_name":"Pablo Daniel Piatti","vaep_value":-0.0375284627,"offensive_value":-0.0337831192,"defensive_value":-0.0037453435,"count":7},"27":{"player_id":341751,"player_name":"Sergi Darder Moll","vaep_value":0.0622628795,"offensive_value":0.0538109646,"defensive_value":0.0084519149,"count":37},"28":{"player_id":410055,"player_name":"David L\u00f3pez Silva","vaep_value":0.1497221515,"offensive_value":0.0169803494,"defensive_value":0.132741802,"count":17}}