{"0":{"player_id":0,"player_name":"Alexandre Lacazette","vaep_value":0.0138018013,"offensive_value":0.0983525739,"defensive_value":-0.0845507727,"count":10},"1":{"player_id":93,"player_name":"Granit Xhaka","vaep_value":-0.002065216,"offensive_value":0.0324902733,"defensive_value":-0.0345554893,"count":47},"2":{"player_id":7856,"player_name":"H\u00e9ctor Beller\u00edn Moruno","vaep_value":-0.0011933479,"offensive_value":0.0137358767,"defensive_value":-0.0149292245,"count":16},"3":{"player_id":7870,"player_name":"Calum Chambers","vaep_value":0.1557026695,"offensive_value":0.1467225247,"defensive_value":0.0089801448,"count":19},"4":{"player_id":7873,"player_name":"Konstantinos Mavropanos","vaep_value":0.1250394371,"offensive_value":0.1265493415,"defensive_value":-0.0015099043,"count":68},"5":{"player_id":7882,"player_name":"Calum Chambers","vaep_value":-0.0027363053,"offensive_value":0.059285532,"defensive_value":-0.0620218373,"count":35},"6":{"player_id":7945,"player_name":"Petr \u010cech","vaep_value":-0.1386454289,"offensive_value":-0.1374179157,"defensive_value":-0.0012275132,"count":10},"7":{"player_id":8125,"player_name":"Granit Xhaka","vaep_value":0.0626238728,"offensive_value":0.0307477019,"defensive_value":0.0318761709,"count":58},"8":{"player_id":8284,"player_name":"Granit Xhaka","vaep_value":0.0349143492,"offensive_value":0.0459230719,"defensive_value":-0.0110087227,"count":18},"9":{"player_id":8433,"player_name":"H\u00e9ctor Beller\u00edn Moruno","vaep_value":0.1392081815,"offensive_value":0.1264802201,"defensive_value":0.0127279614,"count":44},"10":{"player_id":8643,"player_name":"Alex Iwobi","vaep_value":-0.1302570512,"offensive_value":-0.0488157134,"defensive_value":-0.0814413378,"count":62},"11":{"player_id":8925,"player_name":"Henrikh Mkhitaryan","vaep_value":0.1498075186,"offensive_value":0.0620068858,"defensive_value":0.0878006328,"count":51},"12":{"player_id":8980,"player_name":"Kevin Long","vaep_value":0.1541929041,"offensive_value":0.1084108576,"defensive_value":0.0457820465,"count":46},"13":{"player_id":9123,"player_name":"Jack Cork","vaep_value":0.0154147858,"offensive_value":0.0139908232,"defensive_value":0.0014239626,"count":5},"14":{"player_id":9127,"player_name":"Ashley Westwood","vaep_value":0.0786111319,"offensive_value":-0.0318269589,"defensive_value":0.1104380907,"count":11},"15":{"player_id":9433,"player_name":"Jeff Hendrick","vaep_value":0.076619781,"offensive_value":0.0428393726,"defensive_value":0.0337804083,"count":51},"16":{"player_id":10108,"player_name":"Johann  Berg Gu\u00f0munds\u00adson","vaep_value":0.0626196356,"offensive_value":0.0464198381,"defensive_value":0.0161997975,"count":57},"17":{"player_id":12242,"player_name":"Petr \u010cech","vaep_value":0.0527544725,"offensive_value":0.1238393314,"defensive_value":-0.071084859,"count":30},"18":{"player_id":14869,"player_name":"Petr \u010cech","vaep_value":0.9476795907,"offensive_value":0.8316697074,"defensive_value":0.1160098833,"count":82},"19":{"player_id":25413,"player_name":"Calum Chambers","vaep_value":1.2667093507,"offensive_value":1.2761204608,"defensive_value":-0.0094111101,"count":31},"20":{"player_id":25867,"player_name":"Konstantinos Mavropanos","vaep_value":1.4780550674,"offensive_value":1.5105468193,"defensive_value":-0.0324917519,"count":63},"21":{"player_id":49876,"player_name":"Granit Xhaka","vaep_value":0.369456185,"offensive_value":0.3343176093,"defensive_value":0.0351385757,"count":101},"22":{"player_id":105338,"player_name":"Granit Xhaka","vaep_value":-0.0483571032,"offensive_value":-0.045951093,"defensive_value":-0.0024060102,"count":90},"23":{"player_id":167145,"player_name":"Sead Kola\u0161inac","vaep_value":0.4080082478,"offensive_value":0.3923008523,"defensive_value":0.0157073954,"count":81},"24":{"player_id":171283,"player_name":"Pierre-Emerick Aubameyang","vaep_value":0.2598004619,"offensive_value":0.2134823906,"defensive_value":0.0463180713,"count":63},"25":{"player_id":230020,"player_name":"Alex Iwobi","vaep_value":0.896140272,"offensive_value":0.8803680192,"defensive_value":0.0157722528,"count":110},"26":{"player_id":270828,"player_name":"Johann  Berg Gu\u00f0munds\u00adson","vaep_value":-0.0021877883,"offensive_value":0.00910425,"defensive_value":-0.0112920383,"count":14},"27":{"player_id":413002,"player_name":"Johann  Berg Gu\u00f0munds\u00adson","vaep_value":0.1153085701,"offensive_value":0.0794455719,"defensive_value":0.0358629982,"count":68}}