{"0":{"player_id":0,"player_name":"Timo Werner","vaep_value":0.0214532936,"offensive_value":0.0509894833,"defensive_value":-0.0295361896,"count":8},"1":{"player_id":77,"player_name":"Diego Demme","vaep_value":0.1307592556,"offensive_value":0.0891029467,"defensive_value":0.0416563089,"count":61},"2":{"player_id":9611,"player_name":"Marcel Halstenberg","vaep_value":0.051165021,"offensive_value":0.0491994794,"defensive_value":0.0019655416,"count":31},"3":{"player_id":11095,"player_name":"Diego Demme","vaep_value":0.4185661915,"offensive_value":0.1590528602,"defensive_value":0.2595133313,"count":58},"4":{"player_id":14692,"player_name":"Dayotchanculle Upamecano","vaep_value":0.130759788,"offensive_value":0.0219821298,"defensive_value":0.1087776582,"count":61},"5":{"player_id":15069,"player_name":"Willi Orban","vaep_value":0.1292811923,"offensive_value":0.1281547571,"defensive_value":0.0011264352,"count":67},"6":{"player_id":15937,"player_name":"Lukas Klostermann","vaep_value":0.3158847695,"offensive_value":0.2173059775,"defensive_value":0.0985787921,"count":92},"7":{"player_id":16025,"player_name":"Willi Orban","vaep_value":0.0499195845,"offensive_value":0.0289201464,"defensive_value":0.0209994381,"count":61},"8":{"player_id":16027,"player_name":"Emil Forsberg","vaep_value":-0.1904108137,"offensive_value":-0.2237761304,"defensive_value":0.0333653167,"count":54},"9":{"player_id":16110,"player_name":"Ludovic Lamine San\u00e9","vaep_value":-0.1296502071,"offensive_value":-0.1057602011,"defensive_value":-0.023890006,"count":62},"10":{"player_id":18579,"player_name":"Maximilian Eggestein","vaep_value":0.0354420593,"offensive_value":-0.0359666058,"defensive_value":0.071408665,"count":45},"11":{"player_id":20692,"player_name":"Diego Demme","vaep_value":0.0159124177,"offensive_value":0.0079738057,"defensive_value":0.007938612,"count":5},"12":{"player_id":25589,"player_name":"Lukas Klostermann","vaep_value":0.0823935497,"offensive_value":0.0342355018,"defensive_value":0.048158048,"count":59},"13":{"player_id":51132,"player_name":"Hans Carl Ludwig Augustinsson","vaep_value":0.0714660613,"offensive_value":0.0879714383,"defensive_value":-0.016505377,"count":54},"14":{"player_id":51217,"player_name":"Hans Carl Ludwig Augustinsson","vaep_value":0.2136266239,"offensive_value":0.2427466057,"defensive_value":-0.0291199818,"count":76},"15":{"player_id":55990,"player_name":"Marcel Halstenberg","vaep_value":0.4691026534,"offensive_value":0.3805358717,"defensive_value":0.0885667817,"count":65},"16":{"player_id":56274,"player_name":"Emil Forsberg","vaep_value":-0.1287632523,"offensive_value":-0.1222268175,"defensive_value":-0.0065364348,"count":47},"17":{"player_id":65055,"player_name":"Theodor Gebre Selassie","vaep_value":0.0280286616,"offensive_value":0.0068404551,"defensive_value":0.0211882065,"count":22},"18":{"player_id":82340,"player_name":"Ji\u0159\u00ed Pavlenka","vaep_value":0.1734468411,"offensive_value":0.1349387442,"defensive_value":0.0385080969,"count":69},"19":{"player_id":173214,"player_name":"Lukas Klostermann","vaep_value":0.11182609,"offensive_value":0.1276704094,"defensive_value":-0.0158443194,"count":29},"20":{"player_id":253822,"player_name":"Willi Orban","vaep_value":0.0178811002,"offensive_value":0.0589380799,"defensive_value":-0.0410569797,"count":43},"21":{"player_id":258252,"player_name":"Lukas Klostermann","vaep_value":0.1067944682,"offensive_value":0.1282637562,"defensive_value":-0.0214692879,"count":66},"22":{"player_id":272440,"player_name":"Timo Werner","vaep_value":-0.2134615401,"offensive_value":-0.1935981803,"defensive_value":-0.0198633597,"count":46},"23":{"player_id":279780,"player_name":"Lukas Klostermann","vaep_value":-0.0081560327,"offensive_value":-0.0077798562,"defensive_value":-0.0003761764,"count":6},"24":{"player_id":282804,"player_name":"Willi Orban","vaep_value":0.0277381308,"offensive_value":0.0280147023,"defensive_value":-0.0002765715,"count":13},"25":{"player_id":289711,"player_name":"Dayotchanculle Upamecano","vaep_value":1.5169149779,"offensive_value":1.4142006834,"defensive_value":0.1027142946,"count":104},"26":{"player_id":296341,"player_name":"Marcel Halstenberg","vaep_value":1.1155168994,"offensive_value":1.07256397,"defensive_value":0.0429529294,"count":33},"27":{"player_id":352988,"player_name":"Willi Orban","vaep_value":0.1235572678,"offensive_value":0.1480097509,"defensive_value":-0.024452483,"count":80}}