{"0":{"player_id":0,"player_name":"Charles  D\u00edas Barbosa de Oliveira","vaep_value":0.0609739241,"offensive_value":0.080749305,"defensive_value":-0.0197753808,"count":6},"1":{"player_id":254,"player_name":"Daniel Garc\u00eda Carrillo","vaep_value":0.1069830905,"offensive_value":0.1569041958,"defensive_value":-0.0499211053,"count":72},"2":{"player_id":3568,"player_name":"Jos\u00e9 \u00c1ngel Vald\u00e9s D\u00edaz","vaep_value":0.0085321279,"offensive_value":-0.0304979617,"defensive_value":0.0390300896,"count":45},"3":{"player_id":3642,"player_name":"Luis Hern\u00e1ndez Rodr\u00edguez","vaep_value":0.1579030997,"offensive_value":0.1023564048,"defensive_value":0.0555466949,"count":35},"4":{"player_id":3705,"player_name":"Zdravko Kuzmanovi\u0107","vaep_value":-0.0536724462,"offensive_value":0.0116032547,"defensive_value":-0.0652757009,"count":68},"5":{"player_id":3719,"player_name":"Roberto Jos\u00e9 Rosales Altuve","vaep_value":0.1987097688,"offensive_value":0.1320713741,"defensive_value":0.0666383947,"count":47},"6":{"player_id":3735,"player_name":"Borja Gonz\u00e1lez Tom\u00e1s","vaep_value":0.1104286008,"offensive_value":0.1464411964,"defensive_value":-0.0360125956,"count":68},"7":{"player_id":3874,"player_name":"Iv\u00e1n Ramis Barrios","vaep_value":0.0967007114,"offensive_value":0.0864982905,"defensive_value":0.0102024208,"count":25},"8":{"player_id":3875,"player_name":"Roberto Jos\u00e9 Rosales Altuve","vaep_value":-0.0374702888,"offensive_value":-0.0990404476,"defensive_value":0.0615701588,"count":39},"9":{"player_id":4048,"player_name":"Iv\u00e1n Ramis Barrios","vaep_value":-0.0143137035,"offensive_value":-0.016304689,"defensive_value":0.0019909855,"count":17},"10":{"player_id":4094,"player_name":"Borja Gonz\u00e1lez Tom\u00e1s","vaep_value":0.2259300123,"offensive_value":0.3009143537,"defensive_value":-0.0749843414,"count":88},"11":{"player_id":5472,"player_name":"Daniel Garc\u00eda Carrillo","vaep_value":0.1437317943,"offensive_value":0.0776160413,"defensive_value":0.066115753,"count":71},"12":{"player_id":5542,"player_name":"Ander Capa Rodr\u00edguez","vaep_value":-0.0020408081,"offensive_value":-0.0452356106,"defensive_value":0.0431948025,"count":52},"13":{"player_id":5791,"player_name":"Luis Hern\u00e1ndez Rodr\u00edguez","vaep_value":-0.1294558088,"offensive_value":-0.1258466847,"defensive_value":-0.0036091241,"count":37},"14":{"player_id":6684,"player_name":"Adri\u00e1n  Gonz\u00e1lez Morales","vaep_value":-0.0858635196,"offensive_value":-0.089968593,"defensive_value":0.0041050734,"count":19},"15":{"player_id":14757,"player_name":"Zdravko Kuzmanovi\u0107","vaep_value":0.2243041227,"offensive_value":0.2086247578,"defensive_value":0.0156793649,"count":70},"16":{"player_id":14836,"player_name":"Juan Pablo A\u00f1or Acosta","vaep_value":-0.0043418569,"offensive_value":0.0004320403,"defensive_value":-0.0047738972,"count":49},"17":{"player_id":20436,"player_name":"Paulo Andr\u00e9 Rodrigues de Oliveira","vaep_value":0.4737820193,"offensive_value":0.5454879778,"defensive_value":-0.0717059585,"count":78},"18":{"player_id":26332,"player_name":"Iv\u00e1n Ramis Barrios","vaep_value":0.1038701953,"offensive_value":0.0721760308,"defensive_value":0.0316941645,"count":65},"19":{"player_id":70507,"player_name":"Jos\u00e9 \u00c1ngel Vald\u00e9s D\u00edaz","vaep_value":-0.0035218215,"offensive_value":-0.0248309174,"defensive_value":0.0213090959,"count":41},"20":{"player_id":140046,"player_name":"Roberto Jos\u00e9 Rosales Altuve","vaep_value":0.1175866749,"offensive_value":0.1350324496,"defensive_value":-0.0174457747,"count":26},"21":{"player_id":225948,"player_name":"Roberto Jos\u00e9 Rosales Altuve","vaep_value":-0.053865896,"offensive_value":-0.0392664865,"defensive_value":-0.0145994095,"count":39},"22":{"player_id":247169,"player_name":"Juan Pablo A\u00f1or Acosta","vaep_value":0.0127897301,"offensive_value":-0.010223534,"defensive_value":0.0230132641,"count":34},"23":{"player_id":247207,"player_name":"Iv\u00e1n Ramis Barrios","vaep_value":0.157932608,"offensive_value":0.1678593483,"defensive_value":-0.0099267403,"count":50},"24":{"player_id":279555,"player_name":"Ander Capa Rodr\u00edguez","vaep_value":-0.0004451254,"offensive_value":0.0004618298,"defensive_value":-0.0009069552,"count":28},"25":{"player_id":373713,"player_name":"Joan Jord\u00e1n Moreno","vaep_value":-0.0033277761,"offensive_value":-0.0004546028,"defensive_value":-0.0028731733,"count":13},"26":{"player_id":385273,"player_name":"Paulo Andr\u00e9 Rodrigues de Oliveira","vaep_value":0.6514145355,"offensive_value":0.6704695919,"defensive_value":-0.0190550564,"count":20},"27":{"player_id":408293,"player_name":"Jos\u00e9 \u00c1ngel Vald\u00e9s D\u00edaz","vaep_value":0.050302094,"offensive_value":0.0492218051,"defensive_value":0.0010802889,"count":15},"28":{"player_id":447821,"player_name":"Charles  D\u00edas Barbosa de Oliveira","vaep_value":-0.0172986249,"offensive_value":-0.0135004087,"defensive_value":-0.0037982161,"count":5}}