{"0":{"player_id":3269,"player_name":"Diego da Silva Costa","vaep_value":0.098390658,"offensive_value":0.3494230038,"defensive_value":-0.2510323458,"count":95},"1":{"player_id":3304,"player_name":"Sergio Busquets i Burgos","vaep_value":0.4567056935,"offensive_value":0.9034604221,"defensive_value":-0.4467547286,"count":74},"2":{"player_id":3305,"player_name":"Sergio Ramos Garc\u00eda","vaep_value":0.0658930737,"offensive_value":0.025797855,"defensive_value":0.0400952187,"count":38},"3":{"player_id":3306,"player_name":"Jordi Alba Ramos","vaep_value":0.3225953638,"offensive_value":0.2187760851,"defensive_value":0.1038192788,"count":130},"4":{"player_id":3322,"player_name":"Sergio Ramos Garc\u00eda","vaep_value":2.2140716909,"offensive_value":2.285196083,"defensive_value":-0.0711243921,"count":48},"5":{"player_id":3341,"player_name":"Gerard Piqu\u00e9 Bernab\u00e9u","vaep_value":0.1222656452,"offensive_value":0.3053522732,"defensive_value":-0.183086628,"count":93},"6":{"player_id":3345,"player_name":"Sergio Ramos Garc\u00eda","vaep_value":0.0096218635,"offensive_value":0.0381184258,"defensive_value":-0.0284965623,"count":31},"7":{"player_id":3346,"player_name":"Andr\u00e9s Iniesta Luj\u00e1n","vaep_value":0.1934919565,"offensive_value":0.200637304,"defensive_value":-0.0071453475,"count":81},"8":{"player_id":3353,"player_name":"Sergio Ramos Garc\u00eda","vaep_value":0.1236587464,"offensive_value":0.1373697384,"defensive_value":-0.0137109921,"count":79},"9":{"player_id":3443,"player_name":"Francisco Rom\u00e1n Alarc\u00f3n Su\u00e1rez","vaep_value":0.1151563784,"offensive_value":0.0327434262,"defensive_value":0.0824129521,"count":95},"10":{"player_id":3563,"player_name":"Sergio Ramos Garc\u00eda","vaep_value":-0.2885788094,"offensive_value":-0.1341364649,"defensive_value":-0.1544423445,"count":127},"11":{"player_id":3840,"player_name":"Rapha\u00ebl Adelino Jos\u00e9 Guerreiro","vaep_value":-0.1284143967,"offensive_value":-0.0575079215,"defensive_value":-0.0709064752,"count":7},"12":{"player_id":4338,"player_name":"William Silva de Carvalho","vaep_value":1.5959193516,"offensive_value":1.5296301052,"defensive_value":0.0662892463,"count":28},"13":{"player_id":4498,"player_name":"Rapha\u00ebl Adelino Jos\u00e9 Guerreiro","vaep_value":-0.0295553536,"offensive_value":-0.0125542562,"defensive_value":-0.0170010973,"count":7},"14":{"player_id":7910,"player_name":"David Josu\u00e9 Jim\u00e9nez Silva","vaep_value":0.1692742566,"offensive_value":0.1860851801,"defensive_value":-0.0168109236,"count":19},"15":{"player_id":8126,"player_name":"Jos\u00e9 Miguel da Rocha Fonte","vaep_value":0.0681640191,"offensive_value":-0.0296475735,"defensive_value":0.0978115926,"count":40},"16":{"player_id":8317,"player_name":"Jordi Alba Ramos","vaep_value":0.2096004979,"offensive_value":0.1722534091,"defensive_value":0.0373470888,"count":68},"17":{"player_id":28907,"player_name":"Bernardo Mota Veiga de Carvalho e Silva","vaep_value":-0.1230560605,"offensive_value":0.0246612071,"defensive_value":-0.1477172676,"count":73},"18":{"player_id":32597,"player_name":"Cristiano Ronaldo dos Santos Aveiro","vaep_value":-0.2017536056,"offensive_value":-0.1844431213,"defensive_value":-0.0173104843,"count":16},"19":{"player_id":37762,"player_name":"C\u00e9dric Ricardo Alves Soares","vaep_value":0.1702091169,"offensive_value":0.1169465431,"defensive_value":0.0532625738,"count":55},"20":{"player_id":70093,"player_name":"Jo\u00e3o Filipe Iria Santos Moutinho","vaep_value":0.2015032805,"offensive_value":0.2030912358,"defensive_value":-0.0015879553,"count":41},"21":{"player_id":70134,"player_name":"Kl\u00e9per Laveran Lima Ferreira","vaep_value":0.1508064647,"offensive_value":0.1025345046,"defensive_value":0.0482719601,"count":31},"22":{"player_id":70389,"player_name":"William Silva de Carvalho","vaep_value":0.2505796221,"offensive_value":0.2921063248,"defensive_value":-0.0415267027,"count":48},"23":{"player_id":70403,"player_name":"William Silva de Carvalho","vaep_value":-0.0091010337,"offensive_value":0.001705477,"defensive_value":-0.0108065107,"count":5},"24":{"player_id":70965,"player_name":"Rapha\u00ebl Adelino Jos\u00e9 Guerreiro","vaep_value":0.0432199636,"offensive_value":0.1119318786,"defensive_value":-0.0687119151,"count":12},"25":{"player_id":237034,"player_name":"William Silva de Carvalho","vaep_value":0.0006462791,"offensive_value":-0.008555304,"defensive_value":0.0092015831,"count":22},"26":{"player_id":243588,"player_name":"Rapha\u00ebl Adelino Jos\u00e9 Guerreiro","vaep_value":0.0824149081,"offensive_value":0.0601931985,"defensive_value":0.0222217096,"count":29},"27":{"player_id":265673,"player_name":"Bruno Miguel Borges Fernandes","vaep_value":0.2005897523,"offensive_value":0.0870027943,"defensive_value":0.113586958,"count":30}}