{"0":{"player_id":7850,"player_name":"Taulant Ragip Xhaka","vaep_value":0.268346756,"offensive_value":0.1878190618,"defensive_value":0.0805276942,"count":65},"1":{"player_id":14922,"player_name":"Armando Sadiku","vaep_value":0.17004391,"offensive_value":0.1299336015,"defensive_value":0.0401103084,"count":60},"2":{"player_id":15285,"player_name":"Lorik Agim Cana","vaep_value":0.0510159614,"offensive_value":0.0665557323,"defensive_value":-0.0155397708,"count":30},"3":{"player_id":15449,"player_name":"Burim Kukeli","vaep_value":0.0457059515,"offensive_value":0.0999697826,"defensive_value":-0.0542638311,"count":64},"4":{"player_id":20465,"player_name":"Burim Kukeli","vaep_value":0.0441980997,"offensive_value":0.0189482745,"defensive_value":0.0252498252,"count":37},"5":{"player_id":20555,"player_name":"Burim Kukeli","vaep_value":-0.0561214673,"offensive_value":0.076628832,"defensive_value":-0.1327502993,"count":24},"6":{"player_id":20591,"player_name":"Johan Danon Djourou-Gbadjere","vaep_value":-0.0172415838,"offensive_value":-0.0075145459,"defensive_value":-0.0097270379,"count":3},"7":{"player_id":20766,"player_name":"Granit Xhaka","vaep_value":-0.1110731341,"offensive_value":-0.1240794088,"defensive_value":0.0130062748,"count":30},"8":{"player_id":20938,"player_name":"Granit Xhaka","vaep_value":0.1517582728,"offensive_value":0.2103192598,"defensive_value":-0.058560987,"count":73},"9":{"player_id":21001,"player_name":"Xherdan Shaqiri","vaep_value":0.1941469888,"offensive_value":0.2589657712,"defensive_value":-0.0648187824,"count":61},"10":{"player_id":21169,"player_name":"Fabian Lukas Sch\u00e4r","vaep_value":-0.2681664531,"offensive_value":-0.2671791505,"defensive_value":-0.0009873026,"count":42},"11":{"player_id":49855,"player_name":"Johan Danon Djourou-Gbadjere","vaep_value":0.1916354574,"offensive_value":0.1031600953,"defensive_value":0.0884753622,"count":34},"12":{"player_id":49869,"player_name":"Ricardo Iv\u00e1n Rodr\u00edguez Araya","vaep_value":0.0133646169,"offensive_value":0.011002169,"defensive_value":0.0023624479,"count":14},"13":{"player_id":49872,"player_name":"Granit Xhaka","vaep_value":0.1038767527,"offensive_value":0.1532318385,"defensive_value":-0.0493550859,"count":70},"14":{"player_id":49876,"player_name":"Johan Danon Djourou-Gbadjere","vaep_value":0.3295869393,"offensive_value":0.2495658611,"defensive_value":0.0800210782,"count":121},"15":{"player_id":49981,"player_name":"Fabian Lukas Sch\u00e4r","vaep_value":-0.0031139351,"offensive_value":0.0356100586,"defensive_value":-0.0387239937,"count":34},"16":{"player_id":49982,"player_name":"Yann Sommer","vaep_value":0.0949711466,"offensive_value":0.0709102703,"defensive_value":0.0240608763,"count":71},"17":{"player_id":50072,"player_name":"Valon Behrami","vaep_value":-0.0110623772,"offensive_value":-0.0132777403,"defensive_value":0.0022153631,"count":5},"18":{"player_id":50102,"player_name":"Granit Xhaka","vaep_value":1.0936536652,"offensive_value":1.1158247904,"defensive_value":-0.0221711252,"count":94},"19":{"player_id":50264,"player_name":"Valon Behrami","vaep_value":0.2369089134,"offensive_value":0.0737669647,"defensive_value":0.1631419487,"count":71},"20":{"player_id":50318,"player_name":"Johan Danon Djourou-Gbadjere","vaep_value":0.0355638398,"offensive_value":0.0592910216,"defensive_value":-0.0237271818,"count":39},"21":{"player_id":50461,"player_name":"Ricardo Iv\u00e1n Rodr\u00edguez Araya","vaep_value":-0.0929996001,"offensive_value":-0.0959600743,"defensive_value":0.0029604742,"count":23},"22":{"player_id":50849,"player_name":"Burim Kukeli","vaep_value":0.1293790207,"offensive_value":0.1918123022,"defensive_value":-0.0624332816,"count":50},"23":{"player_id":64067,"player_name":"Burim Kukeli","vaep_value":-0.0037090721,"offensive_value":-0.0043303077,"defensive_value":0.0006212356,"count":1},"24":{"player_id":92334,"player_name":"Haris Seferovi\u0107","vaep_value":-0.0405376446,"offensive_value":0.0452248918,"defensive_value":-0.0857625364,"count":63},"25":{"player_id":93608,"player_name":"Xherdan Shaqiri","vaep_value":-0.1188221494,"offensive_value":-0.0858041763,"defensive_value":-0.0330179731,"count":23},"26":{"player_id":105619,"player_name":"M\u00ebrgim Mavraj","vaep_value":0.0161857618,"offensive_value":0.0021568772,"defensive_value":0.0140288846,"count":38},"27":{"player_id":282772,"player_name":"Granit Xhaka","vaep_value":0.0314625151,"offensive_value":0.0174886404,"defensive_value":0.0139738746,"count":15}}