{"0":{"player_id":0,"player_name":"Valentin Rongier","vaep_value":-0.2111434285,"offensive_value":-0.227624997,"defensive_value":0.0164815686,"count":3},"1":{"player_id":25492,"player_name":"Andrei Girotto","vaep_value":0.0196873116,"offensive_value":0.0060210966,"defensive_value":0.013666215,"count":39},"2":{"player_id":25534,"player_name":"Issa Cissokho","vaep_value":0.1947215572,"offensive_value":0.1786476027,"defensive_value":0.0160739545,"count":56},"3":{"player_id":25605,"player_name":"Nicolas Pallois","vaep_value":-0.3997978043,"offensive_value":-0.372747079,"defensive_value":-0.0270507253,"count":35},"4":{"player_id":25957,"player_name":"Adrien Thomasson","vaep_value":0.0946696573,"offensive_value":0.1625884008,"defensive_value":-0.0679187435,"count":47},"5":{"player_id":26055,"player_name":"Adrien Thomasson","vaep_value":0.0288645241,"offensive_value":0.0181133917,"defensive_value":0.0107511324,"count":35},"6":{"player_id":26134,"player_name":"Emiliano Sala","vaep_value":0.0519089985,"offensive_value":0.0205121404,"defensive_value":0.0313968582,"count":31},"7":{"player_id":26276,"player_name":"Lucas Pedro Alves De Lima","vaep_value":-0.0199765974,"offensive_value":-0.0310643107,"defensive_value":0.0110877133,"count":57},"8":{"player_id":26384,"player_name":"Abdoulaye Tour\u00e9","vaep_value":0.8353876618,"offensive_value":0.9186997154,"defensive_value":-0.0833120536,"count":54},"9":{"player_id":26583,"player_name":"Adrien Thomasson","vaep_value":0.220868886,"offensive_value":0.278126522,"defensive_value":-0.057257636,"count":38},"10":{"player_id":28073,"player_name":"Valentin Rongier","vaep_value":-0.1756187718,"offensive_value":-0.1498947142,"defensive_value":-0.0257240576,"count":44},"11":{"player_id":29590,"player_name":"Abdoulaye Tour\u00e9","vaep_value":-0.0217069255,"offensive_value":-0.0062487953,"defensive_value":-0.0154581303,"count":7},"12":{"player_id":37714,"player_name":"Emiliano Sala","vaep_value":0.2180914952,"offensive_value":0.2439528967,"defensive_value":-0.0258614016,"count":50},"13":{"player_id":38095,"player_name":"Emiliano Sala","vaep_value":-0.0427746893,"offensive_value":-0.0360324043,"defensive_value":-0.006742285,"count":32},"14":{"player_id":40301,"player_name":"Bakaye Dibassy","vaep_value":0.7637635074,"offensive_value":0.7949162808,"defensive_value":-0.0311527734,"count":79},"15":{"player_id":43515,"player_name":"Nicolas Pallois","vaep_value":0.3351568587,"offensive_value":0.294553642,"defensive_value":0.0406032166,"count":81},"16":{"player_id":83574,"player_name":"Anton Ciprian T\u0103t\u0103ru\u0219anu","vaep_value":0.1947316116,"offensive_value":0.0837808703,"defensive_value":0.1109507413,"count":23},"17":{"player_id":90880,"player_name":"Diego Carlos Santos Silva","vaep_value":0.1819830388,"offensive_value":0.0777275275,"defensive_value":0.1042555113,"count":29},"18":{"player_id":99453,"player_name":"L\u00e9o Dubois","vaep_value":-0.072372869,"offensive_value":-0.0674374556,"defensive_value":-0.0049354134,"count":12},"19":{"player_id":101795,"player_name":"Bakaye Dibassy","vaep_value":-0.0666705464,"offensive_value":-0.1443430207,"defensive_value":0.0776724743,"count":30},"20":{"player_id":209028,"player_name":"Santy Ngom","vaep_value":-0.0878264558,"offensive_value":-0.070695637,"defensive_value":-0.0171308188,"count":29},"21":{"player_id":214710,"player_name":"Santy Ngom","vaep_value":0.0802842056,"offensive_value":0.123594563,"defensive_value":-0.0433103574,"count":54},"22":{"player_id":217874,"player_name":"Andrei Girotto","vaep_value":0.1305084229,"offensive_value":0.1066527005,"defensive_value":0.0238557224,"count":54},"23":{"player_id":229198,"player_name":"Diego Carlos Santos Silva","vaep_value":0.0026325545,"offensive_value":-0.0190099318,"defensive_value":0.0216424863,"count":4},"24":{"player_id":242446,"player_name":"Julien Ielsch","vaep_value":0.1329835702,"offensive_value":0.1624234515,"defensive_value":-0.0294398813,"count":109},"25":{"player_id":260002,"player_name":"John Stiven Mendoza Valencia","vaep_value":0.0881207256,"offensive_value":0.0649106854,"defensive_value":0.0232100402,"count":76},"26":{"player_id":270866,"player_name":"Lacina Traor\u00e9","vaep_value":0.112637097,"offensive_value":0.138545922,"defensive_value":-0.025908825,"count":67},"27":{"player_id":278913,"player_name":"Serge Gakp\u00e9","vaep_value":0.1900836624,"offensive_value":0.1974771656,"defensive_value":-0.0073935032,"count":17}}