{"0":{"player_id":0,"player_name":"Georginio Wijnaldum","vaep_value":0.0302764492,"offensive_value":0.0326090865,"defensive_value":-0.0023326373,"count":6},"1":{"player_id":116,"player_name":"Dejan Lovren","vaep_value":0.03096773,"offensive_value":-0.0260251502,"defensive_value":0.0569928802,"count":103},"2":{"player_id":120,"player_name":"Sadio Man\u00e9","vaep_value":0.0065328541,"offensive_value":0.01999365,"defensive_value":-0.013460796,"count":16},"3":{"player_id":370,"player_name":"Sadio Man\u00e9","vaep_value":0.1558492375,"offensive_value":0.1036609323,"defensive_value":0.0521883052,"count":107},"4":{"player_id":466,"player_name":"Shane Duffy","vaep_value":0.2235557291,"offensive_value":0.0264840176,"defensive_value":0.1970717115,"count":35},"5":{"player_id":7964,"player_name":"Jordan Brian Henderson","vaep_value":0.6462687656,"offensive_value":0.5903423171,"defensive_value":0.0559264485,"count":140},"6":{"player_id":8086,"player_name":"Ga\u00ebtan Bong Songo","vaep_value":0.29142418,"offensive_value":0.0599173481,"defensive_value":0.2315068319,"count":44},"7":{"player_id":8140,"player_name":"Georginio Wijnaldum","vaep_value":0.1037844192,"offensive_value":0.1019556283,"defensive_value":0.001828791,"count":24},"8":{"player_id":8242,"player_name":"Jordan Brian Henderson","vaep_value":0.2578927511,"offensive_value":0.0176766652,"defensive_value":0.2402160859,"count":31},"9":{"player_id":8416,"player_name":"Virgil van Dijk","vaep_value":0.1017716017,"offensive_value":0.0882106079,"defensive_value":0.0135609938,"count":15},"10":{"player_id":8955,"player_name":"Mathew Ryan","vaep_value":-0.178985615,"offensive_value":-0.1746699228,"defensive_value":-0.0043156922,"count":9},"11":{"player_id":9097,"player_name":"Shane Duffy","vaep_value":0.1560260874,"offensive_value":0.049535497,"defensive_value":0.1064905904,"count":32},"12":{"player_id":13451,"player_name":"Shane Duffy","vaep_value":0.0711458444,"offensive_value":0.0057252271,"defensive_value":0.0654206173,"count":6},"13":{"player_id":15175,"player_name":"Mathew Ryan","vaep_value":0.1261393428,"offensive_value":0.1145624183,"defensive_value":0.0115769245,"count":36},"14":{"player_id":15526,"player_name":"Beram Kayal","vaep_value":0.0556019975,"offensive_value":0.0658062009,"defensive_value":-0.0102042034,"count":14},"15":{"player_id":15808,"player_name":"Matias Ezequiel Schelotto","vaep_value":0.1960477332,"offensive_value":0.2060297509,"defensive_value":-0.0099820177,"count":57},"16":{"player_id":20855,"player_name":"Anthony Knockaert","vaep_value":0.1471958004,"offensive_value":0.0588387575,"defensive_value":0.088357043,"count":49},"17":{"player_id":25393,"player_name":"Matias Ezequiel Schelotto","vaep_value":1.228768378,"offensive_value":1.2064896992,"defensive_value":0.0222786788,"count":118},"18":{"player_id":25747,"player_name":"Matias Ezequiel Schelotto","vaep_value":0.3462041302,"offensive_value":0.3607206179,"defensive_value":-0.0145164878,"count":41},"19":{"player_id":25950,"player_name":"Loris Karius","vaep_value":0.0546929704,"offensive_value":-0.0468500152,"defensive_value":0.1015429855,"count":51},"20":{"player_id":26495,"player_name":"Dejan Lovren","vaep_value":0.1035400368,"offensive_value":0.0180724324,"defensive_value":0.0854676045,"count":33},"21":{"player_id":61390,"player_name":"Trent Alexander-Arnold","vaep_value":0.2693193153,"offensive_value":0.1004702485,"defensive_value":0.1688490668,"count":44},"22":{"player_id":61961,"player_name":"Roberto Firmino Barbosa de Oliveira","vaep_value":0.0553981181,"offensive_value":0.0592420117,"defensive_value":-0.0038438936,"count":14},"23":{"player_id":120353,"player_name":"Ga\u00ebtan Bong Songo","vaep_value":1.2820098566,"offensive_value":1.2934398415,"defensive_value":-0.0114299849,"count":30},"24":{"player_id":222220,"player_name":"Trent Alexander-Arnold","vaep_value":1.1388719467,"offensive_value":1.0434850422,"defensive_value":0.0953869045,"count":91},"25":{"player_id":247248,"player_name":"Dejan Lovren","vaep_value":-0.0090330635,"offensive_value":-0.0098066873,"defensive_value":0.0007736237,"count":44},"26":{"player_id":286831,"player_name":"Virgil van Dijk","vaep_value":0.9343992699,"offensive_value":0.9086677646,"defensive_value":0.0257315053,"count":34},"27":{"player_id":346101,"player_name":"Dejan Lovren","vaep_value":0.4645298799,"offensive_value":0.416911591,"defensive_value":0.0476182888,"count":105},"28":{"player_id":351808,"player_name":"Trent Alexander-Arnold","vaep_value":-0.0430637585,"offensive_value":-0.0428861063,"defensive_value":-0.0001776522,"count":7}}