{"0":{"player_id":0,"player_name":"Morgan Sanson","vaep_value":0.0169961613,"offensive_value":0.0311826463,"defensive_value":-0.014186485,"count":10},"1":{"player_id":3276,"player_name":"Florian Thauvin","vaep_value":0.0696267438,"offensive_value":0.1278317645,"defensive_value":-0.0582050207,"count":75},"2":{"player_id":14722,"player_name":"Adama Mbengue","vaep_value":0.9911350748,"offensive_value":0.7690510124,"defensive_value":0.2220840624,"count":58},"3":{"player_id":15004,"player_name":"Andr\u00e9-Frank Zambo Anguissa","vaep_value":0.3755337415,"offensive_value":0.216017326,"defensive_value":0.1595164156,"count":29},"4":{"player_id":25384,"player_name":"Andr\u00e9-Frank Zambo Anguissa","vaep_value":0.3600711627,"offensive_value":0.2224646925,"defensive_value":0.1376064701,"count":30},"5":{"player_id":25552,"player_name":"Morgan Sanson","vaep_value":0.2264809363,"offensive_value":0.2186617951,"defensive_value":0.0078191411,"count":41},"6":{"player_id":25647,"player_name":"Ronny Rodelin","vaep_value":0.244076676,"offensive_value":0.1464787131,"defensive_value":0.0975979629,"count":43},"7":{"player_id":25715,"player_name":"Andr\u00e9-Frank Zambo Anguissa","vaep_value":-0.0912062486,"offensive_value":-0.1199202689,"defensive_value":0.0287140203,"count":36},"8":{"player_id":25770,"player_name":null,"vaep_value":2.3647572502,"offensive_value":2.4119448515,"defensive_value":-0.0471876013,"count":102},"9":{"player_id":25784,"player_name":"Jessy Deminguet","vaep_value":0.048580552,"offensive_value":0.0644656608,"defensive_value":-0.0158851088,"count":63},"10":{"player_id":25859,"player_name":"Hiroki Sakai","vaep_value":0.0562174547,"offensive_value":0.0337489515,"defensive_value":0.0224685032,"count":28},"11":{"player_id":25947,"player_name":"Adama Mbengue","vaep_value":-0.1331311971,"offensive_value":-0.1031519322,"defensive_value":-0.0299792648,"count":44},"12":{"player_id":26399,"player_name":"Hiroki Sakai","vaep_value":0.0266570362,"offensive_value":-0.0024723987,"defensive_value":0.0291294348,"count":36},"13":{"player_id":26528,"player_name":"Hiroki Sakai","vaep_value":0.0092795182,"offensive_value":-0.0007043229,"defensive_value":0.0099838411,"count":4},"14":{"player_id":28908,"player_name":"Florian Thauvin","vaep_value":0.0834204413,"offensive_value":0.1552901943,"defensive_value":-0.0718697531,"count":44},"15":{"player_id":38236,"player_name":"Morgan Sanson","vaep_value":0.0098607755,"offensive_value":0.0810079506,"defensive_value":-0.071147175,"count":14},"16":{"player_id":40574,"player_name":"Morgan Sanson","vaep_value":0.0085196921,"offensive_value":0.0071278801,"defensive_value":0.001391812,"count":3},"17":{"player_id":86338,"player_name":"Jessy Deminguet","vaep_value":0.2149110485,"offensive_value":0.2192899853,"defensive_value":-0.0043789367,"count":62},"18":{"player_id":93331,"player_name":"Adama Mbengue","vaep_value":0.6820470776,"offensive_value":0.7085226364,"defensive_value":-0.0264755589,"count":22},"19":{"player_id":94695,"player_name":"Adil Rami","vaep_value":0.1234150429,"offensive_value":0.167660185,"defensive_value":-0.0442451421,"count":83},"20":{"player_id":131321,"player_name":"Andr\u00e9-Frank Zambo Anguissa","vaep_value":-0.2912205716,"offensive_value":-0.2489930165,"defensive_value":-0.0422275551,"count":12},"21":{"player_id":134494,"player_name":"Morgan Sanson","vaep_value":-0.1299962794,"offensive_value":-0.1149616363,"defensive_value":-0.0150346431,"count":8},"22":{"player_id":209086,"player_name":"Konstantinos Mitroglou","vaep_value":1.1017188029,"offensive_value":1.0558274779,"defensive_value":0.045891325,"count":85},"23":{"player_id":214628,"player_name":"Konstantinos Mitroglou","vaep_value":0.0977407331,"offensive_value":0.0532284309,"defensive_value":0.0445123021,"count":95},"24":{"player_id":215281,"player_name":"R\u00e9my Vercoutre","vaep_value":-0.0877007885,"offensive_value":0.0671999262,"defensive_value":-0.1549007146,"count":55},"25":{"player_id":234138,"player_name":"Ivan Santini","vaep_value":0.0753510465,"offensive_value":0.0047198317,"defensive_value":0.0706312148,"count":15},"26":{"player_id":280115,"player_name":"Ivan Santini","vaep_value":0.0816686649,"offensive_value":0.0947867606,"defensive_value":-0.0131180957,"count":11},"27":{"player_id":366401,"player_name":"Jordan Amavi","vaep_value":-0.052474739,"offensive_value":-0.0434606331,"defensive_value":-0.0090141059,"count":94},"28":{"player_id":437636,"player_name":"Fr\u00e9d\u00e9ric Guilbert","vaep_value":0.0052574171,"offensive_value":0.0124274887,"defensive_value":-0.0071700716,"count":31}}