{"0":{"player_id":0,"player_name":"Marcus Thuram","vaep_value":0.083024307,"offensive_value":0.1009682587,"defensive_value":-0.0179439517,"count":8},"1":{"player_id":102,"player_name":"\u00c9tienne Didot","vaep_value":-0.0314595266,"offensive_value":-0.1036569369,"defensive_value":0.0721974103,"count":37},"2":{"player_id":118,"player_name":"Rafael Pereira da Silva","vaep_value":-0.0749957698,"offensive_value":-0.0553946252,"defensive_value":-0.0196011446,"count":49},"3":{"player_id":1712,"player_name":"J\u00e9r\u00e9my Sorbon","vaep_value":0.0517629383,"offensive_value":0.061317531,"defensive_value":-0.0095545928,"count":19},"4":{"player_id":5167,"player_name":"Rafael Pereira da Silva","vaep_value":0.8764277162,"offensive_value":0.9057154034,"defensive_value":-0.0292876872,"count":39},"5":{"player_id":7920,"player_name":"Christophe Kerbrat","vaep_value":0.2147493574,"offensive_value":0.1320275379,"defensive_value":0.0827218195,"count":56},"6":{"player_id":25382,"player_name":"\u00c9tienne Didot","vaep_value":0.1002124588,"offensive_value":0.156566968,"defensive_value":-0.0563545092,"count":60},"7":{"player_id":25403,"player_name":"Fernando Mar\u00e7al de Oliveira","vaep_value":0.1036023194,"offensive_value":0.070368121,"defensive_value":0.0332341983,"count":41},"8":{"player_id":25411,"player_name":"Christopher Martins Pereira","vaep_value":0.1334258559,"offensive_value":0.1534235582,"defensive_value":-0.0199977023,"count":36},"9":{"player_id":25474,"player_name":"Fernando Mar\u00e7al de Oliveira","vaep_value":-0.075050204,"offensive_value":-0.0218433153,"defensive_value":-0.0532068887,"count":26},"10":{"player_id":25557,"player_name":"Jordan Ikoko","vaep_value":0.2034091508,"offensive_value":0.0615343363,"defensive_value":0.1418748145,"count":69},"11":{"player_id":25800,"player_name":"Fernando Mar\u00e7al de Oliveira","vaep_value":0.327656117,"offensive_value":0.3015928767,"defensive_value":0.0260632402,"count":70},"12":{"player_id":25883,"player_name":"Memphis Depay","vaep_value":0.0809299016,"offensive_value":0.0547847218,"defensive_value":0.0261451798,"count":41},"13":{"player_id":25939,"player_name":"Fernando Mar\u00e7al de Oliveira","vaep_value":-0.07290482,"offensive_value":-0.0731380052,"defensive_value":0.0002331852,"count":23},"14":{"player_id":25943,"player_name":"Lucas Tousart","vaep_value":0.1505114438,"offensive_value":0.127687159,"defensive_value":0.0228242849,"count":45},"15":{"player_id":26314,"player_name":"Anthony Lopes","vaep_value":0.2137624779,"offensive_value":0.1587872247,"defensive_value":0.0549752532,"count":45},"16":{"player_id":28115,"player_name":"J\u00e9r\u00e9my Morel","vaep_value":1.1228874809,"offensive_value":1.1586074025,"defensive_value":-0.0357199216,"count":51},"17":{"player_id":28528,"player_name":"J\u00e9r\u00e9my Morel","vaep_value":0.1796885066,"offensive_value":0.1954426658,"defensive_value":-0.0157541592,"count":57},"18":{"player_id":50771,"player_name":"Nabil Fekir","vaep_value":0.076488801,"offensive_value":0.1014795981,"defensive_value":-0.024990797,"count":19},"19":{"player_id":70981,"player_name":null,"vaep_value":0.0024940294,"offensive_value":0.0460879742,"defensive_value":-0.0435939449,"count":55},"20":{"player_id":135901,"player_name":"Jordan Ikoko","vaep_value":0.0222624568,"offensive_value":0.1149989711,"defensive_value":-0.0927365143,"count":40},"21":{"player_id":142755,"player_name":"Abdoul Razzagui Camara","vaep_value":0.1117238543,"offensive_value":0.1430960456,"defensive_value":-0.0313721913,"count":55},"22":{"player_id":216614,"player_name":"Christophe Kerbrat","vaep_value":-0.1398223888,"offensive_value":-0.1390044021,"defensive_value":-0.0008179867,"count":29},"23":{"player_id":228946,"player_name":"Karl-Johan Johnsson","vaep_value":-0.0178813722,"offensive_value":-0.0084356721,"defensive_value":-0.0094457001,"count":6},"24":{"player_id":286915,"player_name":"J\u00e9r\u00e9my Sorbon","vaep_value":0.0012246463,"offensive_value":0.0024215849,"defensive_value":-0.0011969386,"count":18},"25":{"player_id":301017,"player_name":"Karl-Johan Johnsson","vaep_value":0.6979246244,"offensive_value":0.7197825697,"defensive_value":-0.0218579452,"count":47},"26":{"player_id":330387,"player_name":"Rafael Pereira da Silva","vaep_value":-0.016113192,"offensive_value":-0.0089076025,"defensive_value":-0.0072055894,"count":16},"27":{"player_id":340920,"player_name":"Mariano D\u00edaz Mej\u00eda","vaep_value":0.0441926795,"offensive_value":0.0392534508,"defensive_value":0.0049392288,"count":10},"28":{"player_id":342743,"player_name":"Christophe Kerbrat","vaep_value":0.0674985852,"offensive_value":0.0306112333,"defensive_value":0.0368873519,"count":49}}