{"0":{"player_id":0,"player_name":"Manuel Lanzini","vaep_value":0.0196425684,"offensive_value":0.0455662562,"defensive_value":-0.0259236877,"count":7},"1":{"player_id":3577,"player_name":"Winston  Reid","vaep_value":0.0807326154,"offensive_value":0.0937297756,"defensive_value":-0.0129971602,"count":40},"2":{"player_id":3582,"player_name":"Jonny Evans","vaep_value":0.2385930615,"offensive_value":0.1422283161,"defensive_value":0.0963647454,"count":37},"3":{"player_id":7853,"player_name":"Pedro  Mba Obiang Avomo","vaep_value":0.1829156064,"offensive_value":0.1424385046,"defensive_value":0.0404771018,"count":65},"4":{"player_id":7914,"player_name":"Arthur Masuaku","vaep_value":0.1272707931,"offensive_value":0.0230484058,"defensive_value":0.1042223873,"count":58},"5":{"player_id":7941,"player_name":"Cheikhou Kouyat\u00e9","vaep_value":-0.0171469704,"offensive_value":-0.0188580633,"defensive_value":0.0017110929,"count":3},"6":{"player_id":7970,"player_name":"Aaron Cresswell","vaep_value":1.9440929126,"offensive_value":1.8997768804,"defensive_value":0.0443160322,"count":42},"7":{"player_id":8285,"player_name":"Pedro  Mba Obiang Avomo","vaep_value":0.0310164563,"offensive_value":0.01714445,"defensive_value":0.0138720063,"count":29},"8":{"player_id":8313,"player_name":"Aaron Cresswell","vaep_value":0.0663068242,"offensive_value":0.1088053492,"defensive_value":-0.042498525,"count":61},"9":{"player_id":8314,"player_name":"Angelo Obinze Ogbonna","vaep_value":0.0883374441,"offensive_value":0.0612678727,"defensive_value":0.0270695714,"count":13},"10":{"player_id":8358,"player_name":"Winston  Reid","vaep_value":0.0770154827,"offensive_value":0.1583227497,"defensive_value":-0.081307267,"count":32},"11":{"player_id":8360,"player_name":"Pablo Javier Zabaleta Girod","vaep_value":0.1075659051,"offensive_value":0.1078195407,"defensive_value":-0.0002536356,"count":55},"12":{"player_id":8530,"player_name":"Pedro  Mba Obiang Avomo","vaep_value":1.0975389864,"offensive_value":1.1787035636,"defensive_value":-0.0811645773,"count":57},"13":{"player_id":8553,"player_name":"Grzegorz Krychowiak","vaep_value":0.1406553085,"offensive_value":0.0218094526,"defensive_value":0.1188458559,"count":59},"14":{"player_id":8561,"player_name":"Jonny Evans","vaep_value":0.1402642454,"offensive_value":0.1213373473,"defensive_value":0.0189268981,"count":40},"15":{"player_id":8582,"player_name":"Angelo Obinze Ogbonna","vaep_value":-0.0836093369,"offensive_value":-0.014028432,"defensive_value":-0.0695809049,"count":72},"16":{"player_id":8686,"player_name":"Aaron Cresswell","vaep_value":0.1977434215,"offensive_value":0.1129370382,"defensive_value":0.0848063834,"count":14},"17":{"player_id":8958,"player_name":"Arthur Masuaku","vaep_value":-0.0570584369,"offensive_value":-0.0337223321,"defensive_value":-0.0233361048,"count":44},"18":{"player_id":14703,"player_name":"Craig Dawson","vaep_value":0.0766376122,"offensive_value":0.0981999368,"defensive_value":-0.0215623246,"count":56},"19":{"player_id":20620,"player_name":"Aaron Cresswell","vaep_value":0.0147279119,"offensive_value":0.020371982,"defensive_value":-0.0056440701,"count":36},"20":{"player_id":21100,"player_name":"Marko Arnautovi\u0107","vaep_value":0.143587999,"offensive_value":0.0645732393,"defensive_value":0.0790147597,"count":53},"21":{"player_id":25537,"player_name":"Aaron Cresswell","vaep_value":0.1744585709,"offensive_value":0.0623925402,"defensive_value":0.1120660307,"count":60},"22":{"player_id":26499,"player_name":"Arthur Masuaku","vaep_value":0.3484838973,"offensive_value":0.3750150176,"defensive_value":-0.0265311203,"count":55},"23":{"player_id":37725,"player_name":"Arthur Masuaku","vaep_value":0.1054266295,"offensive_value":0.0515234125,"defensive_value":0.0539032171,"count":35},"24":{"player_id":41174,"player_name":"Andy Carroll","vaep_value":0.3883081208,"offensive_value":0.3902492606,"defensive_value":-0.0019411398,"count":74},"25":{"player_id":86308,"player_name":"Ben Foster","vaep_value":0.1465159486,"offensive_value":0.1009818655,"defensive_value":0.045534083,"count":48},"26":{"player_id":119951,"player_name":"Angelo Obinze Ogbonna","vaep_value":0.5763704176,"offensive_value":0.1333600942,"defensive_value":0.4430103234,"count":44},"27":{"player_id":346071,"player_name":"Marko Arnautovi\u0107","vaep_value":-0.1735450575,"offensive_value":-0.1581236757,"defensive_value":-0.0154213818,"count":19},"28":{"player_id":379209,"player_name":"Marko Arnautovi\u0107","vaep_value":0.2580427808,"offensive_value":0.0707011971,"defensive_value":0.1873415837,"count":14}}