{"0":{"player_id":0,"player_name":"Joshua King","vaep_value":0.0169135792,"offensive_value":0.0285874279,"defensive_value":-0.0116738487,"count":7},"1":{"player_id":160,"player_name":"Lewis Cook","vaep_value":0.0369583209,"offensive_value":0.1119608809,"defensive_value":-0.07500256,"count":69},"2":{"player_id":3351,"player_name":"Charlie Daniels","vaep_value":0.8469565518,"offensive_value":0.8339897279,"defensive_value":0.0129668239,"count":41},"3":{"player_id":7989,"player_name":"Nathan Ak\u00e9","vaep_value":0.2402283177,"offensive_value":0.1505311488,"defensive_value":0.0896971689,"count":56},"4":{"player_id":8296,"player_name":"Charlie Daniels","vaep_value":0.8690236695,"offensive_value":0.8769263322,"defensive_value":-0.0079026627,"count":6},"5":{"player_id":8351,"player_name":"Nathan Ak\u00e9","vaep_value":-0.0118529275,"offensive_value":-0.0146827735,"defensive_value":0.002829846,"count":11},"6":{"player_id":8726,"player_name":"Charlie Daniels","vaep_value":0.1389393152,"offensive_value":0.1291648768,"defensive_value":0.0097744385,"count":41},"7":{"player_id":8889,"player_name":"Francisco Femen\u00eda Far","vaep_value":0.0997286468,"offensive_value":0.088110278,"defensive_value":0.0116183688,"count":55},"8":{"player_id":8903,"player_name":"Charlie Daniels","vaep_value":-0.1257705169,"offensive_value":-0.1052857048,"defensive_value":-0.0204848121,"count":47},"9":{"player_id":8959,"player_name":"Roberto Maximiliano Pereyra","vaep_value":-0.0572397424,"offensive_value":0.1141569301,"defensive_value":-0.1713966725,"count":23},"10":{"player_id":8981,"player_name":"Jos\u00e9 Holebas","vaep_value":0.1914602767,"offensive_value":0.1814397639,"defensive_value":0.0100205129,"count":62},"11":{"player_id":9277,"player_name":"Francisco Femen\u00eda Far","vaep_value":0.3088278582,"offensive_value":0.2190351933,"defensive_value":0.0897926649,"count":67},"12":{"player_id":9285,"player_name":"Will Hughes","vaep_value":-0.1836178916,"offensive_value":0.1901962847,"defensive_value":-0.3738141763,"count":62},"13":{"player_id":9293,"player_name":"Daryl Janmaat","vaep_value":0.1126290208,"offensive_value":0.0826275509,"defensive_value":0.0300014699,"count":25},"14":{"player_id":9403,"player_name":"Abdoulaye Doucour\u00e9","vaep_value":0.2148105152,"offensive_value":0.1213305674,"defensive_value":0.0934799478,"count":10},"15":{"player_id":9637,"player_name":"Etienne Capoue","vaep_value":0.1673462911,"offensive_value":0.1710870991,"defensive_value":-0.003740808,"count":36},"16":{"player_id":9739,"player_name":"Sebastian Pr\u00f6dl","vaep_value":-0.0336377823,"offensive_value":-0.0103396621,"defensive_value":-0.0232981202,"count":34},"17":{"player_id":11669,"player_name":"Adrian Mariappa","vaep_value":0.0462952359,"offensive_value":0.000681452,"defensive_value":0.0456137839,"count":15},"18":{"player_id":14688,"player_name":"Jos\u00e9 Holebas","vaep_value":-0.0820342156,"offensive_value":0.0102333887,"defensive_value":-0.0922676043,"count":32},"19":{"player_id":20505,"player_name":"Adrian Mariappa","vaep_value":-0.0145479725,"offensive_value":-0.0151949031,"defensive_value":0.0006469307,"count":12},"20":{"player_id":20593,"player_name":"Sebastian Pr\u00f6dl","vaep_value":1.0411559629,"offensive_value":0.8896249948,"defensive_value":0.1515309681,"count":50},"21":{"player_id":25798,"player_name":"Ryan Fraser","vaep_value":0.1058529509,"offensive_value":0.1104545277,"defensive_value":-0.0046015767,"count":52},"22":{"player_id":28292,"player_name":"Jordon  Ibe","vaep_value":0.2510410212,"offensive_value":0.1157688331,"defensive_value":0.1352721881,"count":67},"23":{"player_id":62224,"player_name":"Dan Gosling","vaep_value":0.6178758074,"offensive_value":0.4964370045,"defensive_value":0.1214388029,"count":81},"24":{"player_id":92864,"player_name":"Jordon  Ibe","vaep_value":0.1110823861,"offensive_value":0.2124448689,"defensive_value":-0.1013624828,"count":34},"25":{"player_id":92899,"player_name":"Nathan Ak\u00e9","vaep_value":-0.1373858607,"offensive_value":0.4325679075,"defensive_value":-0.5699537682,"count":75},"26":{"player_id":134102,"player_name":"Junior Stanislas","vaep_value":0.0317566852,"offensive_value":0.016620506,"defensive_value":0.0151361793,"count":62},"27":{"player_id":302518,"player_name":"Charlie Daniels","vaep_value":-0.104975501,"offensive_value":-0.0881882805,"defensive_value":-0.0167872205,"count":57},"28":{"player_id":377071,"player_name":"Dan Gosling","vaep_value":-0.1910323617,"offensive_value":-0.1888410822,"defensive_value":-0.0021912795,"count":10}}