{"0":{"player_id":0,"player_name":"Robin Quaison","vaep_value":0.1356609558,"offensive_value":0.081145935,"defensive_value":0.0545150208,"count":10},"1":{"player_id":1729,"player_name":"Leon-Aderemi Balogun","vaep_value":-0.0641976082,"offensive_value":-0.0766144998,"defensive_value":0.0124168916,"count":50},"2":{"player_id":14887,"player_name":"Josuha Guilavogui","vaep_value":0.0943259211,"offensive_value":0.062427011,"defensive_value":0.0318989102,"count":72},"3":{"player_id":14917,"player_name":"Danny Latza","vaep_value":0.1500191351,"offensive_value":0.1380314879,"defensive_value":0.0119876472,"count":79},"4":{"player_id":15129,"player_name":"Josuha Guilavogui","vaep_value":-0.1264475813,"offensive_value":-0.1259882958,"defensive_value":-0.0004592856,"count":46},"5":{"player_id":15178,"player_name":"Suat Serdar","vaep_value":0.2202984296,"offensive_value":0.2149888645,"defensive_value":0.0053095651,"count":61},"6":{"player_id":15191,"player_name":"Emil Berggreen","vaep_value":0.2503963191,"offensive_value":0.2232951286,"defensive_value":0.0271011905,"count":45},"7":{"player_id":15201,"player_name":"Emil Berggreen","vaep_value":0.0198864564,"offensive_value":0.0173735442,"defensive_value":0.0025129123,"count":5},"8":{"player_id":15775,"player_name":"Paul Verhaegh","vaep_value":0.2478302388,"offensive_value":0.2734296524,"defensive_value":-0.0255994137,"count":101},"9":{"player_id":15795,"player_name":"Paul Verhaegh","vaep_value":0.092029864,"offensive_value":0.0879233716,"defensive_value":0.0041064924,"count":49},"10":{"player_id":16303,"player_name":"Josip Brekalo","vaep_value":0.2535271391,"offensive_value":0.2665947485,"defensive_value":-0.0130676094,"count":71},"11":{"player_id":16443,"player_name":"Stefan Bell","vaep_value":0.1020352498,"offensive_value":0.0859957188,"defensive_value":0.016039531,"count":49},"12":{"player_id":21469,"player_name":"Robin Zentner","vaep_value":0.059946582,"offensive_value":0.0801376402,"defensive_value":-0.0201910583,"count":37},"13":{"player_id":25861,"player_name":"William de Asevedo Furtado","vaep_value":0.1735901088,"offensive_value":0.0112579793,"defensive_value":0.1623321294,"count":78},"14":{"player_id":51013,"player_name":"Yunus Mall\u0131","vaep_value":0.1065863159,"offensive_value":0.1035014663,"defensive_value":0.0030848496,"count":32},"15":{"player_id":86517,"player_name":"Yunus Mall\u0131","vaep_value":0.0415665184,"offensive_value":0.0481388192,"defensive_value":-0.0065723008,"count":9},"16":{"player_id":94764,"player_name":"Riechedly Bazoer","vaep_value":0.8800048237,"offensive_value":0.8873154412,"defensive_value":-0.0073106175,"count":10},"17":{"player_id":105619,"player_name":"Robin Knoche","vaep_value":-0.0273790029,"offensive_value":-0.0213106107,"defensive_value":-0.0060683922,"count":5},"18":{"player_id":134708,"player_name":"Jeffrey  Bruma","vaep_value":-0.1222229764,"offensive_value":-0.1287582878,"defensive_value":0.0065353113,"count":43},"19":{"player_id":217052,"player_name":"Paul Verhaegh","vaep_value":-0.047042585,"offensive_value":-0.0324300625,"defensive_value":-0.0146125224,"count":11},"20":{"player_id":222798,"player_name":"Jeffrey  Bruma","vaep_value":0.0004090737,"offensive_value":0.1425480004,"defensive_value":-0.1421389268,"count":37},"21":{"player_id":224896,"player_name":"Robin Knoche","vaep_value":0.0410117446,"offensive_value":0.1287795353,"defensive_value":-0.0877677907,"count":61},"22":{"player_id":228980,"player_name":"William de Asevedo Furtado","vaep_value":0.1004949842,"offensive_value":0.0285980776,"defensive_value":0.0718969066,"count":45},"23":{"player_id":230687,"player_name":"Riechedly Bazoer","vaep_value":-0.128070773,"offensive_value":-0.1324797429,"defensive_value":0.0044089699,"count":24},"24":{"player_id":235450,"player_name":"Robin Knoche","vaep_value":0.0808905744,"offensive_value":0.1174104386,"defensive_value":-0.0365198642,"count":65},"25":{"player_id":284469,"player_name":"Koen Casteels","vaep_value":0.9575790859,"offensive_value":0.9225505138,"defensive_value":0.0350285722,"count":57},"26":{"player_id":302600,"player_name":"Jeffrey  Bruma","vaep_value":0.0073499487,"offensive_value":0.0043404599,"defensive_value":0.0030094888,"count":26},"27":{"player_id":343685,"player_name":"Danny Latza","vaep_value":0.2697796348,"offensive_value":0.1993990079,"defensive_value":0.0703806268,"count":82}}