{"0":{"player_id":0,"player_name":"Jean Micha\u00ebl Seri","vaep_value":0.0437644187,"offensive_value":0.0664816662,"defensive_value":-0.0227172475,"count":17},"1":{"player_id":15010,"player_name":"Mathieu Deplagne","vaep_value":0.2287279668,"offensive_value":0.1689489436,"defensive_value":0.0597790232,"count":119},"2":{"player_id":25410,"player_name":"St\u00e9phane Darbion","vaep_value":0.0742227719,"offensive_value":-0.0256022801,"defensive_value":0.099825052,"count":26},"3":{"player_id":25427,"player_name":"St\u00e9phane Darbion","vaep_value":0.0410558237,"offensive_value":0.0509898625,"defensive_value":-0.0099340389,"count":19},"4":{"player_id":25891,"player_name":"Tristan Dingom\u00e9","vaep_value":0.3081903275,"offensive_value":0.2470919389,"defensive_value":0.0610983886,"count":42},"5":{"player_id":25930,"player_name":"Samuel Grandsir","vaep_value":-0.6046514717,"offensive_value":0.1447799751,"defensive_value":-0.7494314468,"count":35},"6":{"player_id":25937,"player_name":"Tristan Dingom\u00e9","vaep_value":0.1425658078,"offensive_value":0.1023028616,"defensive_value":0.0402629462,"count":30},"7":{"player_id":25990,"player_name":"Tristan Dingom\u00e9","vaep_value":0.0807307588,"offensive_value":0.0135225649,"defensive_value":0.0672081939,"count":39},"8":{"player_id":26135,"player_name":"Benjamin Nivet","vaep_value":0.1294984695,"offensive_value":0.1842794796,"defensive_value":-0.05478101,"count":89},"9":{"player_id":26633,"player_name":"Tristan Dingom\u00e9","vaep_value":0.0838828046,"offensive_value":0.0687970476,"defensive_value":0.015085757,"count":95},"10":{"player_id":28314,"player_name":"Yoan Cardinale","vaep_value":0.2176310861,"offensive_value":0.0778464003,"defensive_value":0.1397846858,"count":40},"11":{"player_id":28866,"player_name":"Maxime Le Marchand","vaep_value":0.0438061386,"offensive_value":0.063884399,"defensive_value":-0.0200782605,"count":14},"12":{"player_id":93044,"player_name":"Malang Sarr","vaep_value":0.0221610727,"offensive_value":0.0446882874,"defensive_value":-0.0225272147,"count":62},"13":{"player_id":112377,"player_name":"Maxime Le Marchand","vaep_value":-0.3473569222,"offensive_value":0.0400339337,"defensive_value":-0.3873908559,"count":31},"14":{"player_id":131959,"player_name":"Bassem  Srarfi","vaep_value":0.534418218,"offensive_value":0.5455629177,"defensive_value":-0.0111446998,"count":159},"15":{"player_id":149062,"player_name":"Malang Sarr","vaep_value":0.0446170699,"offensive_value":0.0300864312,"defensive_value":0.0145306387,"count":40},"16":{"player_id":214609,"player_name":"Jean Micha\u00ebl Seri","vaep_value":0.0427116049,"offensive_value":0.0502658493,"defensive_value":-0.0075542445,"count":18},"17":{"player_id":219350,"player_name":"Dante Bonfim da Costa Santos","vaep_value":0.8440830208,"offensive_value":0.8491760917,"defensive_value":-0.0050930709,"count":39},"18":{"player_id":249926,"player_name":"Arnaud Souquet","vaep_value":0.0486448724,"offensive_value":0.0460064276,"defensive_value":0.0026384448,"count":6},"19":{"player_id":275243,"player_name":"Dante Bonfim da Costa Santos","vaep_value":0.9073531646,"offensive_value":0.8983615832,"defensive_value":0.0089915814,"count":4},"20":{"player_id":276211,"player_name":"Jean Micha\u00ebl Seri","vaep_value":-0.043766393,"offensive_value":-0.0307772323,"defensive_value":-0.0129891607,"count":77},"21":{"player_id":277629,"player_name":"Malang Sarr","vaep_value":-0.0813469506,"offensive_value":-0.1189238681,"defensive_value":0.0375769176,"count":67},"22":{"player_id":279734,"player_name":"Allan Saint-Maximin","vaep_value":0.145391459,"offensive_value":0.1553415618,"defensive_value":-0.0099501028,"count":118},"23":{"player_id":295761,"player_name":"Maxime Le Marchand","vaep_value":-0.1073826879,"offensive_value":-0.1933712215,"defensive_value":0.0859885337,"count":39},"24":{"player_id":393228,"player_name":"Vincent Koziello","vaep_value":0.1307478447,"offensive_value":0.1387684812,"defensive_value":-0.0080206365,"count":64},"25":{"player_id":393284,"player_name":"Jean Micha\u00ebl Seri","vaep_value":0.2958206551,"offensive_value":0.2086301439,"defensive_value":0.0871905112,"count":65},"26":{"player_id":408827,"player_name":"Bassem  Srarfi","vaep_value":-0.0269574071,"offensive_value":-0.0377074024,"defensive_value":0.0107499952,"count":41},"27":{"player_id":437011,"player_name":"Jean Micha\u00ebl Seri","vaep_value":-0.0431394965,"offensive_value":-0.0358701341,"defensive_value":-0.0072693623,"count":22}}