{"0":{"player_id":0,"player_name":"Edin D\u017eeko","vaep_value":0.0502746167,"offensive_value":0.0805639417,"defensive_value":-0.030289325,"count":11},"1":{"player_id":114,"player_name":"Daniele De Rossi","vaep_value":-0.0786352227,"offensive_value":0.1301562713,"defensive_value":-0.208791494,"count":46},"2":{"player_id":625,"player_name":"Aleksandar Kolarov","vaep_value":0.1654220987,"offensive_value":0.1661203937,"defensive_value":-0.000698295,"count":12},"3":{"player_id":3463,"player_name":"Aleksandar Kolarov","vaep_value":0.0120166461,"offensive_value":-0.0023957212,"defensive_value":0.0144123673,"count":3},"4":{"player_id":3475,"player_name":"Aleksandar Kolarov","vaep_value":0.0690822481,"offensive_value":0.0591770152,"defensive_value":0.0099052329,"count":43},"5":{"player_id":8306,"player_name":"Aleksandar Kolarov","vaep_value":1.1245991919,"offensive_value":1.0496442944,"defensive_value":0.0749548975,"count":96},"6":{"player_id":8327,"player_name":"Jos\u00e9 Luis Palomino","vaep_value":-0.233912272,"offensive_value":-0.2250288001,"defensive_value":-0.0088834719,"count":37},"7":{"player_id":20404,"player_name":"Aleksandar Kolarov","vaep_value":0.2639223346,"offensive_value":0.1312995848,"defensive_value":0.1326227499,"count":50},"8":{"player_id":20418,"player_name":"Juan Guilherme Nunes Jesus","vaep_value":0.0105451893,"offensive_value":0.0123822612,"defensive_value":-0.001837072,"count":8},"9":{"player_id":20438,"player_name":"Daniele De Rossi","vaep_value":0.2588201612,"offensive_value":0.1531286841,"defensive_value":0.1056914771,"count":56},"10":{"player_id":20518,"player_name":"Juan Guilherme Nunes Jesus","vaep_value":0.1910759952,"offensive_value":0.1471031345,"defensive_value":0.0439728607,"count":37},"11":{"player_id":20820,"player_name":"Aleksandar Kolarov","vaep_value":-0.0784139063,"offensive_value":-0.0811463634,"defensive_value":0.0027324571,"count":33},"12":{"player_id":20841,"player_name":"Aleksandar Kolarov","vaep_value":0.1030392525,"offensive_value":0.1753913928,"defensive_value":-0.0723521403,"count":81},"13":{"player_id":20879,"player_name":"Jos\u00e9 Luis Palomino","vaep_value":0.1748554599,"offensive_value":0.1423343144,"defensive_value":0.0325211455,"count":49},"14":{"player_id":21077,"player_name":"Aleksandar Kolarov","vaep_value":0.1488312345,"offensive_value":0.207172561,"defensive_value":-0.0583413264,"count":68},"15":{"player_id":21620,"player_name":"Diego Perotti","vaep_value":0.0275708502,"offensive_value":-0.0145936345,"defensive_value":0.0421644847,"count":30},"16":{"player_id":23149,"player_name":"Etrit Berisha","vaep_value":-0.0564484143,"offensive_value":-0.0461360465,"defensive_value":-0.0103123678,"count":23},"17":{"player_id":41034,"player_name":"Jos\u00e9 Luis Palomino","vaep_value":0.2786019803,"offensive_value":0.228217458,"defensive_value":0.0503845223,"count":73},"18":{"player_id":44251,"player_name":"Jos\u00e9 Luis Palomino","vaep_value":0.3522944512,"offensive_value":0.3926246485,"defensive_value":-0.0403301973,"count":58},"19":{"player_id":49991,"player_name":"Robin Gosens","vaep_value":0.2081369731,"offensive_value":0.1329613894,"defensive_value":0.0751755837,"count":85},"20":{"player_id":50849,"player_name":"Alejandro Dar\u00edo G\u00f3mez","vaep_value":0.0486211581,"offensive_value":0.0405647663,"defensive_value":0.0080563918,"count":19},"21":{"player_id":86366,"player_name":"Remo Freuler","vaep_value":0.1758458826,"offensive_value":0.120183457,"defensive_value":0.0556624256,"count":60},"22":{"player_id":92966,"player_name":"Konstantinos Manolas","vaep_value":-0.0208058993,"offensive_value":0.0642909382,"defensive_value":-0.0850968375,"count":36},"23":{"player_id":135150,"player_name":"Remo Freuler","vaep_value":-0.0930223577,"offensive_value":-0.0816914814,"defensive_value":-0.0113308763,"count":18},"24":{"player_id":214220,"player_name":"Andrea Masiello","vaep_value":0.1282080768,"offensive_value":0.1431171601,"defensive_value":-0.0149090833,"count":38},"25":{"player_id":246175,"player_name":"Rafael Tol\u00f3i","vaep_value":-0.1188773406,"offensive_value":-0.1124038578,"defensive_value":-0.0064734828,"count":18},"26":{"player_id":280419,"player_name":"Bryan Cristante","vaep_value":0.1056672781,"offensive_value":0.0459537511,"defensive_value":0.059713527,"count":55},"27":{"player_id":295176,"player_name":"Rafael Tol\u00f3i","vaep_value":-0.1609849505,"offensive_value":-0.1007953474,"defensive_value":-0.0601896031,"count":66}}