{"0":{"player_id":0,"player_name":"Sebasti\u00e1n Carlos Crist\u00f3foro Pepe","vaep_value":0.0611549777,"offensive_value":0.1701745882,"defensive_value":-0.1090196106,"count":19},"1":{"player_id":10113,"player_name":"Vitor Hugo Franchescoli de Souza","vaep_value":0.1407764454,"offensive_value":0.0318489671,"defensive_value":0.1089274783,"count":68},"2":{"player_id":11156,"player_name":"Maximiliano Mart\u00edn Olivera De Andrea","vaep_value":0.0308682849,"offensive_value":0.0213468911,"defensive_value":0.0095213938,"count":37},"3":{"player_id":20516,"player_name":"Bruno Martella","vaep_value":0.1685580413,"offensive_value":0.0805463747,"defensive_value":0.0880116667,"count":74},"4":{"player_id":20815,"player_name":"Bruno Martella","vaep_value":-0.000445157,"offensive_value":-0.0622639009,"defensive_value":0.0618187439,"count":23},"5":{"player_id":21025,"player_name":"Rolando Mandragora","vaep_value":0.3117330464,"offensive_value":0.2937196267,"defensive_value":0.0180134197,"count":66},"6":{"player_id":21280,"player_name":"Giovanni Pablo Simeone","vaep_value":0.043640437,"offensive_value":0.0309029118,"defensive_value":0.0127375252,"count":11},"7":{"player_id":21370,"player_name":"Giovanni Pablo Simeone","vaep_value":0.1094457231,"offensive_value":0.0543444768,"defensive_value":0.0551012463,"count":47},"8":{"player_id":21494,"player_name":"Bruno Martella","vaep_value":0.1721964249,"offensive_value":0.0268543983,"defensive_value":0.1453420266,"count":22},"9":{"player_id":21528,"player_name":"Riccardo Saponara","vaep_value":0.0223912254,"offensive_value":-0.0042754839,"defensive_value":0.0266667093,"count":56},"10":{"player_id":21655,"player_name":"Sebasti\u00e1n Carlos Crist\u00f3foro Pepe","vaep_value":0.1907890447,"offensive_value":0.2598928874,"defensive_value":-0.0691038427,"count":42},"11":{"player_id":22185,"player_name":"Marco Davide Faraoni","vaep_value":0.116016946,"offensive_value":0.0883429518,"defensive_value":0.0276739942,"count":63},"12":{"player_id":22313,"player_name":"Vitor Hugo Franchescoli de Souza","vaep_value":0.2002497654,"offensive_value":0.2077318397,"defensive_value":-0.0074820743,"count":63},"13":{"player_id":23705,"player_name":"Marco Sportiello","vaep_value":0.013084336,"offensive_value":0.0570722504,"defensive_value":-0.0439879145,"count":35},"14":{"player_id":25541,"player_name":"Andrea Barberis","vaep_value":0.3017999773,"offensive_value":0.2574626317,"defensive_value":0.0443373456,"count":86},"15":{"player_id":26000,"player_name":"Vitor Hugo Franchescoli de Souza","vaep_value":0.3058995594,"offensive_value":0.2417866457,"defensive_value":0.0641129137,"count":67},"16":{"player_id":44510,"player_name":"Valentin Eysseric","vaep_value":0.2009913651,"offensive_value":0.1006196521,"defensive_value":0.1003717131,"count":78},"17":{"player_id":49857,"player_name":"Rolando Mandragora","vaep_value":0.0799873979,"offensive_value":0.0617303858,"defensive_value":0.0182570121,"count":15},"18":{"player_id":86328,"player_name":"Rolando Mandragora","vaep_value":0.1343284979,"offensive_value":0.0700635583,"defensive_value":0.0642649396,"count":76},"19":{"player_id":116170,"player_name":"Vitor Hugo Franchescoli de Souza","vaep_value":-0.0133999547,"offensive_value":0.0497476733,"defensive_value":-0.063147628,"count":45},"20":{"player_id":116225,"player_name":"Jordan Veretout","vaep_value":0.2070303409,"offensive_value":0.1828006198,"defensive_value":0.024229721,"count":91},"21":{"player_id":149076,"player_name":"Germ\u00e1n Alejandro Pezzella","vaep_value":-0.2653538253,"offensive_value":-0.2415521337,"defensive_value":-0.0238016916,"count":71},"22":{"player_id":222766,"player_name":"Jordan Veretout","vaep_value":0.066833746,"offensive_value":0.0594141393,"defensive_value":0.0074196068,"count":17},"23":{"player_id":250956,"player_name":"Jordan Veretout","vaep_value":0.0226328894,"offensive_value":0.0328300699,"defensive_value":-0.0101971806,"count":45},"24":{"player_id":269152,"player_name":"Vincent Laurini","vaep_value":0.8464827595,"offensive_value":0.8585236492,"defensive_value":-0.0120408897,"count":28},"25":{"player_id":302799,"player_name":"Germ\u00e1n Alejandro Pezzella","vaep_value":0.2101364834,"offensive_value":0.0476884171,"defensive_value":0.1624480663,"count":68},"26":{"player_id":368340,"player_name":"Vitor Hugo Franchescoli de Souza","vaep_value":-0.0663875366,"offensive_value":-0.0789053962,"defensive_value":0.0125178596,"count":25},"27":{"player_id":368642,"player_name":"Germ\u00e1n Alejandro Pezzella","vaep_value":-0.0169762844,"offensive_value":-0.0180948533,"defensive_value":0.0011185689,"count":14},"28":{"player_id":447804,"player_name":"Jordan Veretout","vaep_value":0.9312983862,"offensive_value":0.9284386691,"defensive_value":0.0028597171,"count":47}}