{"0":{"player_id":0,"player_name":"Jakub Jankto","vaep_value":0.0482563711,"offensive_value":0.0677621635,"defensive_value":-0.0195057924,"count":8},"1":{"player_id":394,"player_name":"Danilo Larangeira","vaep_value":0.2130715566,"offensive_value":0.0753203634,"defensive_value":0.1377511933,"count":41},"2":{"player_id":625,"player_name":"Rafael Tol\u00f3i","vaep_value":0.2024404614,"offensive_value":0.1722527222,"defensive_value":0.0301877392,"count":84},"3":{"player_id":20404,"player_name":"Ali Adnan Kadhim Al Tameemi","vaep_value":0.1695480386,"offensive_value":0.1289257724,"defensive_value":0.0406222662,"count":83},"4":{"player_id":20422,"player_name":"Marten de Roon","vaep_value":0.0281578345,"offensive_value":0.012598972,"defensive_value":0.0155588626,"count":8},"5":{"player_id":20540,"player_name":"Marten de Roon","vaep_value":0.0976015916,"offensive_value":0.1478749854,"defensive_value":-0.0502733937,"count":47},"6":{"player_id":20583,"player_name":"Timothy Castagne","vaep_value":0.2492448093,"offensive_value":0.1152277037,"defensive_value":0.1340171056,"count":48},"7":{"player_id":20841,"player_name":"Marten de Roon","vaep_value":1.2001909417,"offensive_value":1.194489055,"defensive_value":0.0057018867,"count":113},"8":{"player_id":21077,"player_name":"Danilo Larangeira","vaep_value":-0.0595561352,"offensive_value":0.0036615071,"defensive_value":-0.0632176423,"count":98},"9":{"player_id":24024,"player_name":"Albano Benjam\u00edn Bizzarri","vaep_value":0.0753826943,"offensive_value":0.0921782604,"defensive_value":-0.0167955662,"count":28},"10":{"player_id":41034,"player_name":"Danilo Larangeira","vaep_value":0.1543188785,"offensive_value":0.1246672452,"defensive_value":0.0296516333,"count":80},"11":{"player_id":49991,"player_name":"Ali Adnan Kadhim Al Tameemi","vaep_value":0.1933011024,"offensive_value":0.1232365889,"defensive_value":0.0700645135,"count":117},"12":{"player_id":50069,"player_name":"Jakub Jankto","vaep_value":-0.0107852237,"offensive_value":-0.0068750216,"defensive_value":-0.0039102021,"count":8},"13":{"player_id":56026,"player_name":"Andrea Masiello","vaep_value":0.1046194304,"offensive_value":0.0315042576,"defensive_value":0.0731151728,"count":48},"14":{"player_id":86366,"player_name":"Pierluigi Gollini","vaep_value":0.1335873418,"offensive_value":0.0435713944,"defensive_value":0.0900159474,"count":52},"15":{"player_id":131184,"player_name":"Robin Gosens","vaep_value":0.2312159756,"offensive_value":0.1114722365,"defensive_value":0.1197437391,"count":45},"16":{"player_id":213948,"player_name":"Alejandro Dar\u00edo G\u00f3mez","vaep_value":-0.4140079669,"offensive_value":0.0689020998,"defensive_value":-0.4829100667,"count":47},"17":{"player_id":234533,"player_name":"Francesco Zampano","vaep_value":-0.0247701403,"offensive_value":-0.0186218019,"defensive_value":-0.0061483384,"count":19},"18":{"player_id":246175,"player_name":"Svante Ingelsson","vaep_value":0.6039817971,"offensive_value":0.6197369481,"defensive_value":-0.0157551509,"count":55},"19":{"player_id":263803,"player_name":"Svante Ingelsson","vaep_value":-0.0980256294,"offensive_value":-0.046027685,"defensive_value":-0.0519979444,"count":44},"20":{"player_id":264084,"player_name":"Andrea Masiello","vaep_value":0.1432653009,"offensive_value":0.0548235057,"defensive_value":0.0884417952,"count":32},"21":{"player_id":280419,"player_name":"Francesco Zampano","vaep_value":0.2655585124,"offensive_value":0.25539375,"defensive_value":0.0101647624,"count":41},"22":{"player_id":295176,"player_name":"Jakub Jankto","vaep_value":0.1227577347,"offensive_value":0.1147124674,"defensive_value":0.0080452673,"count":78},"23":{"player_id":300669,"player_name":"Jakub Jankto","vaep_value":0.2147484081,"offensive_value":0.046100778,"defensive_value":0.16864763,"count":56},"24":{"player_id":347593,"player_name":"Bryan Cristante","vaep_value":-0.005107052,"offensive_value":-0.0696160877,"defensive_value":0.0645090357,"count":38},"25":{"player_id":354547,"player_name":"Timothy Castagne","vaep_value":-0.0046832314,"offensive_value":0.0147149292,"defensive_value":-0.0193981605,"count":25},"26":{"player_id":364641,"player_name":"Rafael Tol\u00f3i","vaep_value":0.0604232275,"offensive_value":0.0521464325,"defensive_value":0.008276795,"count":17},"27":{"player_id":491409,"player_name":"Marten de Roon","vaep_value":-0.0069108211,"offensive_value":-0.0075476523,"defensive_value":0.0006368313,"count":2}}