{"0":{"player_id":0,"player_name":"Tom Cleverley","vaep_value":-0.001375975,"offensive_value":0.033631093,"defensive_value":-0.035007068,"count":7},"1":{"player_id":160,"player_name":"Christian Kabasele","vaep_value":1.0961955635,"offensive_value":1.0133943527,"defensive_value":0.0828012108,"count":16},"2":{"player_id":383,"player_name":"Sofiane Boufal","vaep_value":0.1738069808,"offensive_value":0.1589014966,"defensive_value":0.0149054842,"count":31},"3":{"player_id":3351,"player_name":"Jos\u00e9 Holebas","vaep_value":0.0057678438,"offensive_value":0.0262561169,"defensive_value":-0.0204882731,"count":32},"4":{"player_id":7885,"player_name":"Nathaniel Chalobah","vaep_value":-0.1661770181,"offensive_value":-0.0897979576,"defensive_value":-0.0763790605,"count":65},"5":{"player_id":7888,"player_name":"Jos\u00e9 Holebas","vaep_value":0.1593749344,"offensive_value":0.0117617568,"defensive_value":0.1476131775,"count":73},"6":{"player_id":7899,"player_name":"C\u00e9dric Ricardo Alves Soares","vaep_value":0.2393990788,"offensive_value":0.2170693569,"defensive_value":0.0223297218,"count":67},"7":{"player_id":7929,"player_name":"Jos\u00e9 Holebas","vaep_value":0.1118417662,"offensive_value":0.071866809,"defensive_value":0.0399749572,"count":59},"8":{"player_id":8116,"player_name":"James  Ward-Prowse","vaep_value":0.1693458632,"offensive_value":0.18862708,"defensive_value":-0.0192812168,"count":67},"9":{"player_id":8136,"player_name":"Nathaniel Chalobah","vaep_value":0.2966004651,"offensive_value":0.048985318,"defensive_value":0.247615147,"count":64},"10":{"player_id":8144,"player_name":"James  Ward-Prowse","vaep_value":-0.1415218713,"offensive_value":-0.079040041,"defensive_value":-0.0624818302,"count":11},"11":{"player_id":8266,"player_name":"Ryan Bertrand","vaep_value":0.1132620656,"offensive_value":0.1787307947,"defensive_value":-0.0654687291,"count":39},"12":{"player_id":8272,"player_name":"Ryan Bertrand","vaep_value":0.0077490197,"offensive_value":0.0321388682,"defensive_value":-0.0243898486,"count":36},"13":{"player_id":8384,"player_name":"Nathan Redmond","vaep_value":-0.0376602098,"offensive_value":-0.0164978043,"defensive_value":-0.0211624055,"count":10},"14":{"player_id":8889,"player_name":"Ryan Bertrand","vaep_value":0.0968711913,"offensive_value":0.01809087,"defensive_value":0.0787803213,"count":12},"15":{"player_id":8903,"player_name":"Wesley Hoedt","vaep_value":-0.0179868686,"offensive_value":-0.0260394665,"defensive_value":0.0080525979,"count":5},"16":{"player_id":8953,"player_name":"Jack Stephens","vaep_value":-0.007510422,"offensive_value":-0.0036975304,"defensive_value":-0.0038128917,"count":5},"17":{"player_id":10663,"player_name":"Jack Stephens","vaep_value":0.0031998181,"offensive_value":0.002595813,"defensive_value":0.0006040051,"count":20},"18":{"player_id":20857,"player_name":"Sofiane Boufal","vaep_value":0.0032539895,"offensive_value":0.003139379,"defensive_value":0.0001146105,"count":8},"19":{"player_id":28292,"player_name":"C\u00e9dric Ricardo Alves Soares","vaep_value":1.1237301337,"offensive_value":1.0547677812,"defensive_value":0.0689623525,"count":73},"20":{"player_id":61941,"player_name":"Sofiane Boufal","vaep_value":0.0923366237,"offensive_value":0.0699606516,"defensive_value":0.0223759721,"count":32},"21":{"player_id":61988,"player_name":"Sofiane Boufal","vaep_value":0.2035642247,"offensive_value":0.1852897356,"defensive_value":0.0182744891,"count":71},"22":{"player_id":68085,"player_name":"Younes Kaboul","vaep_value":0.108357593,"offensive_value":0.084390225,"defensive_value":0.0239673679,"count":44},"23":{"player_id":70156,"player_name":"Younes Kaboul","vaep_value":-0.058063317,"offensive_value":0.0029154989,"defensive_value":-0.0609788159,"count":51},"24":{"player_id":70389,"player_name":"Jack Stephens","vaep_value":0.1687407868,"offensive_value":0.1330472021,"defensive_value":0.0356935847,"count":76},"25":{"player_id":92899,"player_name":"Wesley Hoedt","vaep_value":0.1370158657,"offensive_value":0.249756018,"defensive_value":-0.1127401523,"count":68},"26":{"player_id":215983,"player_name":"C\u00e9dric Ricardo Alves Soares","vaep_value":0.1283546344,"offensive_value":0.1519961856,"defensive_value":-0.0236415511,"count":39},"27":{"player_id":268776,"player_name":"Nathaniel Chalobah","vaep_value":0.0957370504,"offensive_value":0.1191776049,"defensive_value":-0.0234405545,"count":66},"28":{"player_id":377071,"player_name":"Jos\u00e9 Holebas","vaep_value":0.1896758262,"offensive_value":0.1563655667,"defensive_value":0.0333102595,"count":56}}