{"0":{"player_id":0,"player_name":"Fabio Quagliarella","vaep_value":0.0583588386,"offensive_value":0.0909691636,"defensive_value":-0.032610325,"count":12},"1":{"player_id":3318,"player_name":"Mat\u00edas Agust\u00edn Silvestre","vaep_value":0.0937904074,"offensive_value":-0.0152482014,"defensive_value":0.1090386088,"count":57},"2":{"player_id":3323,"player_name":"Gianmarco Ferrari","vaep_value":0.2395189519,"offensive_value":0.2503756125,"defensive_value":-0.0108566605,"count":48},"3":{"player_id":7849,"player_name":"Stephan Lichtsteiner","vaep_value":0.0513965341,"offensive_value":0.0278976809,"defensive_value":0.0234988532,"count":31},"4":{"player_id":14943,"player_name":"Dennis Praet","vaep_value":0.0740842454,"offensive_value":0.0648493366,"defensive_value":0.0092349087,"count":69},"5":{"player_id":20443,"player_name":"Dennis Praet","vaep_value":0.0952121804,"offensive_value":0.1211945079,"defensive_value":-0.0259823275,"count":72},"6":{"player_id":20446,"player_name":"\u00c9dgar Osvaldo Barreto C\u00e1ceres","vaep_value":-0.1076410377,"offensive_value":-0.1235344578,"defensive_value":0.0158934201,"count":31},"7":{"player_id":20461,"player_name":"Dennis Praet","vaep_value":0.2426875352,"offensive_value":0.1351774611,"defensive_value":0.1075100742,"count":90},"8":{"player_id":20465,"player_name":"Dennis Praet","vaep_value":0.4069558986,"offensive_value":0.2233950977,"defensive_value":0.183560801,"count":91},"9":{"player_id":20479,"player_name":"Stephan Lichtsteiner","vaep_value":0.3807892617,"offensive_value":0.3995759641,"defensive_value":-0.0187867024,"count":25},"10":{"player_id":20588,"player_name":"Dennis Praet","vaep_value":-0.0393908789,"offensive_value":0.1408655311,"defensive_value":-0.1802564099,"count":91},"11":{"player_id":20689,"player_name":"Lucas Torreira Di Pascua","vaep_value":-0.3718796155,"offensive_value":0.0392992102,"defensive_value":-0.4111788258,"count":52},"12":{"player_id":20751,"player_name":"Dennis Praet","vaep_value":0.1601832963,"offensive_value":0.1445150964,"defensive_value":0.0156681999,"count":56},"13":{"player_id":20802,"player_name":"Sami Khedira","vaep_value":0.1162432221,"offensive_value":0.1553204464,"defensive_value":-0.0390772242,"count":31},"14":{"player_id":20811,"player_name":"Kwadwo Asamoah","vaep_value":0.4827449056,"offensive_value":0.1648269296,"defensive_value":0.3179179761,"count":54},"15":{"player_id":20816,"player_name":"Kwadwo Asamoah","vaep_value":0.1960415379,"offensive_value":0.0975488957,"defensive_value":0.0984926422,"count":59},"16":{"player_id":21376,"player_name":"Mario Mand\u017euki\u0107","vaep_value":-0.034715877,"offensive_value":-0.0339524234,"defensive_value":-0.0007634536,"count":19},"17":{"player_id":22270,"player_name":"Gianmarco Ferrari","vaep_value":0.6126409487,"offensive_value":0.5446599877,"defensive_value":0.0679809611,"count":68},"18":{"player_id":25437,"player_name":"Lucas Torreira Di Pascua","vaep_value":-0.0091876404,"offensive_value":0.0044299108,"defensive_value":-0.0136175512,"count":9},"19":{"player_id":37739,"player_name":"Sami Khedira","vaep_value":-0.0192619059,"offensive_value":-0.0021785388,"defensive_value":-0.0170833671,"count":21},"20":{"player_id":86243,"player_name":"Miralem Pjani\u0107","vaep_value":0.8788815944,"offensive_value":0.8802037209,"defensive_value":-0.0013221265,"count":31},"21":{"player_id":89186,"player_name":"Miralem Pjani\u0107","vaep_value":0.8983041981,"offensive_value":0.9155288019,"defensive_value":-0.0172246038,"count":26},"22":{"player_id":99833,"player_name":"Mario Mand\u017euki\u0107","vaep_value":0.1995216529,"offensive_value":0.0969177437,"defensive_value":0.1026039092,"count":41},"23":{"player_id":105334,"player_name":"Mario Mand\u017euki\u0107","vaep_value":0.0212322789,"offensive_value":0.0314347983,"defensive_value":-0.0102025194,"count":25},"24":{"player_id":105361,"player_name":"Kwadwo Asamoah","vaep_value":-0.0746870681,"offensive_value":0.1824577483,"defensive_value":-0.2571448165,"count":80},"25":{"player_id":134427,"player_name":"Giorgio Chiellini","vaep_value":0.0604798585,"offensive_value":-0.0020312519,"defensive_value":0.0625111104,"count":66},"26":{"player_id":138174,"player_name":"Miralem Pjani\u0107","vaep_value":-0.0023723303,"offensive_value":-0.0160899876,"defensive_value":0.0137176573,"count":50},"27":{"player_id":246061,"player_name":"Daniele Rugani","vaep_value":0.2137070701,"offensive_value":0.2112945787,"defensive_value":0.0024124914,"count":35},"28":{"player_id":333571,"player_name":"Stephan Lichtsteiner","vaep_value":1.2878686311,"offensive_value":1.2431338331,"defensive_value":0.044734798,"count":85}}