{"0":{"player_id":0,"player_name":"Mario  Barwuah Balotelli","vaep_value":0.0454955657,"offensive_value":0.0598450927,"defensive_value":-0.014349527,"count":10},"1":{"player_id":3450,"player_name":"Jean Micha\u00ebl Seri","vaep_value":1.0864102567,"offensive_value":1.0757765225,"defensive_value":0.0106337342,"count":37},"2":{"player_id":8326,"player_name":"Allan Saint-Maximin","vaep_value":1.6754478927,"offensive_value":1.7532405091,"defensive_value":-0.0777926163,"count":60},"3":{"player_id":15010,"player_name":"Kevin N'Doram","vaep_value":0.0333581415,"offensive_value":-0.004956337,"defensive_value":0.0383144786,"count":93},"4":{"player_id":20677,"player_name":"Kevin N'Doram","vaep_value":0.0698860817,"offensive_value":0.0735519375,"defensive_value":-0.0036658557,"count":47},"5":{"player_id":20948,"player_name":"Patrick Burner","vaep_value":0.0255156145,"offensive_value":0.0167287993,"defensive_value":0.0087868152,"count":11},"6":{"player_id":21097,"player_name":"Allan Saint-Maximin","vaep_value":0.1575718911,"offensive_value":0.0812515016,"defensive_value":0.0763203895,"count":51},"7":{"player_id":25410,"player_name":"Mario  Barwuah Balotelli","vaep_value":0.0451495817,"offensive_value":-0.0091370301,"defensive_value":0.0542866118,"count":40},"8":{"player_id":26135,"player_name":"Pierre Lees Melou","vaep_value":0.0254665848,"offensive_value":0.0375795366,"defensive_value":-0.0121129517,"count":41},"9":{"player_id":26196,"player_name":"Patrick Burner","vaep_value":0.2038266929,"offensive_value":0.2156882265,"defensive_value":-0.0118615336,"count":59},"10":{"player_id":28117,"player_name":"Wylan Cyprien","vaep_value":-0.0038659376,"offensive_value":0.0042063156,"defensive_value":-0.0080722532,"count":9},"11":{"player_id":28922,"player_name":"Marlon Santos da Silva Barbosa","vaep_value":0.2671302554,"offensive_value":0.2665926547,"defensive_value":0.0005376007,"count":82},"12":{"player_id":70093,"player_name":"Walter Daniel Ben\u00edtez","vaep_value":0.0829110297,"offensive_value":0.0542549687,"defensive_value":0.028656061,"count":103},"13":{"player_id":86745,"player_name":"Marlon Santos da Silva Barbosa","vaep_value":0.0300679489,"offensive_value":0.1102128001,"defensive_value":-0.0801448512,"count":31},"14":{"player_id":131959,"player_name":"Pierre Lees Melou","vaep_value":0.2436919501,"offensive_value":0.195131559,"defensive_value":0.0485603911,"count":83},"15":{"player_id":135747,"player_name":"Pierre Lees Melou","vaep_value":0.0618578902,"offensive_value":0.0872883155,"defensive_value":-0.0254304253,"count":29},"16":{"player_id":135913,"player_name":"Mario  Barwuah Balotelli","vaep_value":0.0076389364,"offensive_value":0.0126092951,"defensive_value":-0.0049703587,"count":17},"17":{"player_id":228983,"player_name":"Jean Micha\u00ebl Seri","vaep_value":-0.094929906,"offensive_value":-0.1021359283,"defensive_value":0.0072060223,"count":85},"18":{"player_id":256480,"player_name":"Thomas Lemar","vaep_value":-0.2587035443,"offensive_value":-0.2336889603,"defensive_value":-0.025014584,"count":19},"19":{"player_id":266286,"player_name":"Thomas Lemar","vaep_value":0.2135265793,"offensive_value":0.1131806462,"defensive_value":0.1003459331,"count":74},"20":{"player_id":276211,"player_name":"Djibril Sidib\u00e9","vaep_value":0.2555393506,"offensive_value":0.3088358175,"defensive_value":-0.0532964669,"count":47},"21":{"player_id":276978,"player_name":"Djibril Sidib\u00e9","vaep_value":0.6132516004,"offensive_value":0.6159948441,"defensive_value":-0.0027432438,"count":39},"22":{"player_id":277629,"player_name":"Djibril Sidib\u00e9","vaep_value":-0.022466494,"offensive_value":0.0950706378,"defensive_value":-0.1175371318,"count":64},"23":{"player_id":300784,"player_name":"Maxime Le Marchand","vaep_value":0.1444267711,"offensive_value":0.1492235009,"defensive_value":-0.0047967298,"count":67},"24":{"player_id":328488,"player_name":"Jo\u00e3o Filipe Iria Santos Moutinho","vaep_value":0.1467404821,"offensive_value":0.0164085407,"defensive_value":0.1303319414,"count":62},"25":{"player_id":331923,"player_name":"Kevin N'Doram","vaep_value":0.0900702175,"offensive_value":0.0777796375,"defensive_value":0.01229058,"count":58},"26":{"player_id":393228,"player_name":"Wylan Cyprien","vaep_value":-0.0409120247,"offensive_value":0.0329562864,"defensive_value":-0.0738683111,"count":29}}