{"0":{"player_id":0,"player_name":"Daniel Bessa","vaep_value":-0.0301775804,"offensive_value":0.0245086346,"defensive_value":-0.054686215,"count":5},"1":{"player_id":20460,"player_name":"Samuel Souprayen","vaep_value":0.0412999556,"offensive_value":0.1191769366,"defensive_value":-0.077876981,"count":69},"2":{"player_id":20495,"player_name":"Mohamed Salim Fares","vaep_value":0.2236042779,"offensive_value":0.1488853425,"defensive_value":0.0747189354,"count":54},"3":{"player_id":20536,"player_name":"Dario Dainelli","vaep_value":0.1777545191,"offensive_value":0.1732893014,"defensive_value":0.0044652177,"count":19},"4":{"player_id":20633,"player_name":"Ivan Radovanovi\u0107","vaep_value":0.072542695,"offensive_value":0.0704668642,"defensive_value":0.0020758308,"count":26},"5":{"player_id":20638,"player_name":"Ivan Radovanovi\u0107","vaep_value":0.1910768225,"offensive_value":0.1160719576,"defensive_value":0.0750048648,"count":69},"6":{"player_id":20653,"player_name":"Giampaolo Pazzini","vaep_value":0.2181421369,"offensive_value":0.0642413935,"defensive_value":0.1539007435,"count":98},"7":{"player_id":20662,"player_name":"Mohamed Salim Fares","vaep_value":0.5413336123,"offensive_value":0.5319331351,"defensive_value":0.0094004772,"count":13},"8":{"player_id":20929,"player_name":"Daniele Verde","vaep_value":-0.4606781268,"offensive_value":0.0188798739,"defensive_value":-0.4795580007,"count":60},"9":{"player_id":20935,"player_name":"Ivan Radovanovi\u0107","vaep_value":0.0776467709,"offensive_value":0.1078753467,"defensive_value":-0.0302285758,"count":59},"10":{"player_id":20947,"player_name":"Mohamed Salim Fares","vaep_value":-0.0643778248,"offensive_value":-0.0403005003,"defensive_value":-0.0240773244,"count":18},"11":{"player_id":21291,"player_name":"Daniele Verde","vaep_value":0.353415058,"offensive_value":0.3869508192,"defensive_value":-0.0335357612,"count":99},"12":{"player_id":21298,"player_name":"Mohamed Salim Fares","vaep_value":0.2220051003,"offensive_value":0.1597949312,"defensive_value":0.0622101692,"count":56},"13":{"player_id":21438,"player_name":"Fabrizio Cacciatore","vaep_value":0.8019420771,"offensive_value":0.8262125867,"defensive_value":-0.0242705096,"count":16},"14":{"player_id":21564,"player_name":"Ivan Radovanovi\u0107","vaep_value":0.4045202482,"offensive_value":0.3345927859,"defensive_value":0.0699274623,"count":104},"15":{"player_id":21607,"player_name":"Ivan Radovanovi\u0107","vaep_value":0.638412671,"offensive_value":0.6871382277,"defensive_value":-0.0487255567,"count":71},"16":{"player_id":22093,"player_name":"Stefano Sorrentino","vaep_value":0.0747109528,"offensive_value":0.0198779153,"defensive_value":0.0548330375,"count":48},"17":{"player_id":22099,"player_name":"Bruno Zuculini","vaep_value":0.100027209,"offensive_value":0.0411073501,"defensive_value":0.0589198589,"count":20},"18":{"player_id":22381,"player_name":"Bruno Zuculini","vaep_value":0.2297247638,"offensive_value":0.1787744756,"defensive_value":0.0509502882,"count":63},"19":{"player_id":24964,"player_name":"Fabrizio Cacciatore","vaep_value":-0.029312518,"offensive_value":-0.0151775172,"defensive_value":-0.0141350008,"count":24},"20":{"player_id":26373,"player_name":"Fabrizio Cacciatore","vaep_value":0.1687736085,"offensive_value":0.0275571087,"defensive_value":0.1412164998,"count":36},"21":{"player_id":86301,"player_name":"Lucas  Nahuel Castro","vaep_value":0.027259318,"offensive_value":0.018296812,"defensive_value":0.0089625061,"count":81},"22":{"player_id":86309,"player_name":"Ivan Radovanovi\u0107","vaep_value":-0.4802510055,"offensive_value":0.0359448153,"defensive_value":-0.5161958208,"count":39},"23":{"player_id":99511,"player_name":"Antonio Aldo Caracciolo","vaep_value":0.0072933929,"offensive_value":0.0099256514,"defensive_value":-0.0026322585,"count":8},"24":{"player_id":328336,"player_name":"Nicolas David Andrade ","vaep_value":0.1589920733,"offensive_value":0.1007900708,"defensive_value":0.0582020024,"count":63},"25":{"player_id":343925,"player_name":"Jos\u00e9 Mart\u00edn C\u00e1ceres Silva","vaep_value":0.93686206,"offensive_value":0.9351056612,"defensive_value":0.0017563988,"count":22},"26":{"player_id":403546,"player_name":"Antonio Aldo Caracciolo","vaep_value":0.0722540766,"offensive_value":0.0668299494,"defensive_value":0.0054241272,"count":4},"27":{"player_id":410031,"player_name":"Samuel Souprayen","vaep_value":-0.0355423095,"offensive_value":-0.0310824816,"defensive_value":-0.0044598279,"count":5}}