{"0":{"player_id":0,"player_name":"Giovanni-Guy Yann Sio","vaep_value":0.0660598233,"offensive_value":0.0918005591,"defensive_value":-0.0257407358,"count":9},"1":{"player_id":3308,"player_name":"Nanitamo Jonathan Ikon\u00e9","vaep_value":0.1393291635,"offensive_value":0.1541159211,"defensive_value":-0.0147867576,"count":71},"2":{"player_id":8533,"player_name":"Nanitamo Jonathan Ikon\u00e9","vaep_value":-0.2212857262,"offensive_value":-0.2125395895,"defensive_value":-0.0087461367,"count":15},"3":{"player_id":14945,"player_name":"Issa Diop","vaep_value":0.8800472727,"offensive_value":0.9143121572,"defensive_value":-0.0342648845,"count":51},"4":{"player_id":25457,"player_name":"Daniel Congr\u00e9","vaep_value":0.3877407985,"offensive_value":0.4520001678,"defensive_value":-0.0642593693,"count":78},"5":{"player_id":25517,"player_name":"J\u00e9r\u00f4me Roussillon","vaep_value":-0.09344173,"offensive_value":-0.0767931753,"defensive_value":-0.0166485547,"count":10},"6":{"player_id":25745,"player_name":"Alban Lafont","vaep_value":-0.0939678408,"offensive_value":-0.0544910864,"defensive_value":-0.0394767544,"count":34},"7":{"player_id":25786,"player_name":"J\u00e9r\u00f4me Roussillon","vaep_value":0.0333099032,"offensive_value":-0.0039978952,"defensive_value":0.0373077984,"count":57},"8":{"player_id":25791,"player_name":"J\u00e9r\u00f4me Roussillon","vaep_value":0.1857178181,"offensive_value":0.139567466,"defensive_value":0.0461503521,"count":46},"9":{"player_id":25829,"player_name":"Salomon Junior Sambia","vaep_value":0.0790660093,"offensive_value":0.0644757065,"defensive_value":0.0145903027,"count":48},"10":{"player_id":25860,"player_name":"Giovanni-Guy Yann Sio","vaep_value":-0.0724195699,"offensive_value":-0.071187022,"defensive_value":-0.0012325479,"count":27},"11":{"player_id":25942,"player_name":"Giovanni-Guy Yann Sio","vaep_value":1.0030150445,"offensive_value":1.000934126,"defensive_value":0.0020809185,"count":45},"12":{"player_id":25993,"player_name":"Ruben Aguilar","vaep_value":0.2473410332,"offensive_value":0.1632582955,"defensive_value":0.0840827377,"count":52},"13":{"player_id":26016,"player_name":"Nanitamo Jonathan Ikon\u00e9","vaep_value":0.1459634184,"offensive_value":0.0709640061,"defensive_value":0.0749994123,"count":33},"14":{"player_id":28335,"player_name":"Pedro Filipe Teod\u00f3sio Mendes","vaep_value":0.0940526944,"offensive_value":0.089115507,"defensive_value":0.0049371874,"count":89},"15":{"player_id":43196,"player_name":"Ellyes Skhiri","vaep_value":0.079122541,"offensive_value":0.07442669,"defensive_value":0.004695851,"count":57},"16":{"player_id":134512,"player_name":"Pedro Filipe Teod\u00f3sio Mendes","vaep_value":0.0023958711,"offensive_value":0.0034569134,"defensive_value":-0.0010610423,"count":1},"17":{"player_id":144884,"player_name":"Ruben Aguilar","vaep_value":0.137463083,"offensive_value":0.1064069313,"defensive_value":0.0310561517,"count":43},"18":{"player_id":203113,"player_name":"Ellyes Skhiri","vaep_value":0.0208441775,"offensive_value":0.0547553852,"defensive_value":-0.0339112077,"count":59},"19":{"player_id":246946,"player_name":"Ruben Aguilar","vaep_value":0.1171597745,"offensive_value":0.0722267486,"defensive_value":0.044933026,"count":67},"20":{"player_id":253333,"player_name":"Pedro Filipe Teod\u00f3sio Mendes","vaep_value":-0.0613830646,"offensive_value":-0.0432553431,"defensive_value":-0.0181277215,"count":38},"21":{"player_id":276983,"player_name":"Paul Lasne","vaep_value":-0.1539650719,"offensive_value":-0.1510498952,"defensive_value":-0.0029151767,"count":14},"22":{"player_id":286380,"player_name":"Daniel Congr\u00e9","vaep_value":0.0041603721,"offensive_value":0.0625965751,"defensive_value":-0.058436203,"count":30},"23":{"player_id":335763,"player_name":"Salomon Junior Sambia","vaep_value":1.0056758586,"offensive_value":0.9854348783,"defensive_value":0.0202409803,"count":71},"24":{"player_id":341973,"player_name":"Daniel Congr\u00e9","vaep_value":0.1674766563,"offensive_value":0.1625766149,"defensive_value":0.0049000414,"count":14},"25":{"player_id":344744,"player_name":"Steeve Yago","vaep_value":-0.0523176513,"offensive_value":-0.0371938886,"defensive_value":-0.0151237627,"count":36},"26":{"player_id":375001,"player_name":"Wergiton do Ros\u00e1rio Calmon","vaep_value":0.2039202608,"offensive_value":0.0849670401,"defensive_value":0.1189532207,"count":44},"27":{"player_id":404213,"player_name":"Paul Lasne","vaep_value":0.3431982384,"offensive_value":0.3096198369,"defensive_value":0.0335784015,"count":49}}