{"0":{"player_id":0,"player_name":"Jonjo Shelvey","vaep_value":0.01124921,"offensive_value":0.0293381906,"defensive_value":-0.0180889806,"count":6},"1":{"player_id":340,"player_name":"Jamal Lascelles","vaep_value":0.0224178914,"offensive_value":0.053525783,"defensive_value":-0.0311078916,"count":76},"2":{"player_id":3327,"player_name":"Matt Ritchie","vaep_value":-0.0172144985,"offensive_value":-0.0086228193,"defensive_value":-0.0085916792,"count":7},"3":{"player_id":3436,"player_name":"Jonjo Shelvey","vaep_value":0.0713920189,"offensive_value":0.0798757889,"defensive_value":-0.00848377,"count":92},"4":{"player_id":3523,"player_name":"Mohamed Diam\u00e9","vaep_value":0.2436902217,"offensive_value":0.210786124,"defensive_value":0.0329040977,"count":76},"5":{"player_id":7944,"player_name":"Jonjo Shelvey","vaep_value":0.8718224657,"offensive_value":0.8967530392,"defensive_value":-0.0249305735,"count":50},"6":{"player_id":7967,"player_name":"Mason Holgate","vaep_value":0.3476642194,"offensive_value":0.3857281784,"defensive_value":-0.038063959,"count":90},"7":{"player_id":8143,"player_name":"Christian  Atsu Twasam","vaep_value":0.0452281407,"offensive_value":0.0569611993,"defensive_value":-0.0117330586,"count":56},"8":{"player_id":8245,"player_name":"DeAndre Yedlin","vaep_value":0.0312097542,"offensive_value":0.0274201997,"defensive_value":0.0037895545,"count":6},"9":{"player_id":8284,"player_name":"Mikel Merino Zaz\u00f3n","vaep_value":0.022480399,"offensive_value":-0.0371019887,"defensive_value":0.0595823877,"count":13},"10":{"player_id":8620,"player_name":"Idrissa Gana Gueye","vaep_value":0.0390107217,"offensive_value":0.058424634,"defensive_value":-0.0194139123,"count":30},"11":{"player_id":8826,"player_name":"Rhu-endly Martina","vaep_value":0.0219410675,"offensive_value":0.0513349886,"defensive_value":-0.029393921,"count":36},"12":{"player_id":8833,"player_name":"Mikel Merino Zaz\u00f3n","vaep_value":0.1792941713,"offensive_value":0.1161021366,"defensive_value":0.0631920347,"count":68},"13":{"player_id":9227,"player_name":"Mikel Merino Zaz\u00f3n","vaep_value":-0.0095185837,"offensive_value":0.0151942772,"defensive_value":-0.0247128609,"count":53},"14":{"player_id":10131,"player_name":"Christian  Atsu Twasam","vaep_value":0.0922297175,"offensive_value":0.1280438278,"defensive_value":-0.0358141103,"count":34},"15":{"player_id":12536,"player_name":"Mikel Merino Zaz\u00f3n","vaep_value":0.041530369,"offensive_value":0.0321463307,"defensive_value":0.0093840383,"count":19},"16":{"player_id":25706,"player_name":"DeAndre Yedlin","vaep_value":0.3618616379,"offensive_value":0.1207310695,"defensive_value":0.2411305684,"count":87},"17":{"player_id":70215,"player_name":"Mikel Merino Zaz\u00f3n","vaep_value":0.2241795426,"offensive_value":0.1778341664,"defensive_value":0.0463453762,"count":45},"18":{"player_id":77546,"player_name":"DeAndre Yedlin","vaep_value":0.3311293692,"offensive_value":0.0047658941,"defensive_value":0.3263634751,"count":60},"19":{"player_id":77558,"player_name":"Rhu-endly Martina","vaep_value":0.0166354934,"offensive_value":0.0046406083,"defensive_value":0.0119948852,"count":43},"20":{"player_id":252365,"player_name":"Wayne Rooney","vaep_value":0.346811776,"offensive_value":0.3513143031,"defensive_value":-0.0045025271,"count":76},"21":{"player_id":284476,"player_name":"DeAndre Yedlin","vaep_value":0.0416164793,"offensive_value":0.0418728921,"defensive_value":-0.0002564128,"count":17},"22":{"player_id":286825,"player_name":"Rhu-endly Martina","vaep_value":0.2072938372,"offensive_value":0.2689311078,"defensive_value":-0.0616372706,"count":64},"23":{"player_id":293687,"player_name":"Mohamed Diam\u00e9","vaep_value":0.0639881155,"offensive_value":0.0668956218,"defensive_value":-0.0029075063,"count":19},"24":{"player_id":337225,"player_name":"Morgan Schneiderlin","vaep_value":-0.1084243895,"offensive_value":-0.1032926063,"defensive_value":-0.0051317832,"count":6},"25":{"player_id":339789,"player_name":"Matt Ritchie","vaep_value":0.2066396455,"offensive_value":0.1384509604,"defensive_value":0.0681886851,"count":74},"26":{"player_id":353236,"player_name":"Jordan Pickford","vaep_value":-0.0085448859,"offensive_value":-0.0184505833,"defensive_value":0.0099056974,"count":11},"27":{"player_id":355937,"player_name":"Jonjoe Kenny","vaep_value":0.0106481713,"offensive_value":0.0869730345,"defensive_value":-0.0763248632,"count":62}}