{"0":{"player_id":0,"player_name":"Rafael Alc\u00e2ntara do Nascimento","vaep_value":-0.0371295154,"offensive_value":-0.0070126331,"defensive_value":-0.0301168823,"count":9},"1":{"player_id":3344,"player_name":"Borja Valero Iglesias","vaep_value":1.1731392734,"offensive_value":1.1749591313,"defensive_value":-0.0018198579,"count":74},"2":{"player_id":3543,"player_name":"Andrea Ranocchia","vaep_value":1.1691765372,"offensive_value":1.1079194155,"defensive_value":0.0612571217,"count":90},"3":{"player_id":7982,"player_name":"Jo\u00e3o Pedro Cavaco Cancelo","vaep_value":0.0245831964,"offensive_value":0.022585934,"defensive_value":0.0019972624,"count":10},"4":{"player_id":14812,"player_name":"Dalbert Henrique Chagas Estev\u00e3o","vaep_value":0.0201343688,"offensive_value":-0.0535750375,"defensive_value":0.0737094063,"count":65},"5":{"player_id":20519,"player_name":"Dalbert Henrique Chagas Estev\u00e3o","vaep_value":1.1123017618,"offensive_value":0.987341502,"defensive_value":0.1249602598,"count":40},"6":{"player_id":20540,"player_name":"Andrija Bali\u0107","vaep_value":0.063104558,"offensive_value":0.1018496579,"defensive_value":-0.0387450999,"count":39},"7":{"player_id":20556,"player_name":"Rafael Alc\u00e2ntara do Nascimento","vaep_value":0.0071912369,"offensive_value":0.0202037618,"defensive_value":-0.0130125249,"count":67},"8":{"player_id":20571,"player_name":"Andrea Ranocchia","vaep_value":0.1080002342,"offensive_value":0.1272207214,"defensive_value":-0.0192204872,"count":30},"9":{"player_id":20583,"player_name":"Borja Valero Iglesias","vaep_value":0.142358253,"offensive_value":0.0673558834,"defensive_value":0.0750023696,"count":33},"10":{"player_id":20626,"player_name":"Samir Handanovi\u010d","vaep_value":0.0627437321,"offensive_value":0.0618921537,"defensive_value":0.0008515784,"count":6},"11":{"player_id":20938,"player_name":"Jo\u00e3o Pedro Cavaco Cancelo","vaep_value":-0.0594355742,"offensive_value":-0.0123494028,"defensive_value":-0.0470861715,"count":33},"12":{"player_id":50069,"player_name":"Danilo Larangeira","vaep_value":0.1829912213,"offensive_value":0.1870788548,"defensive_value":-0.0040876335,"count":54},"13":{"player_id":56026,"player_name":"Andrija Bali\u0107","vaep_value":0.1413969693,"offensive_value":0.0953485228,"defensive_value":0.0460484466,"count":51},"14":{"player_id":69968,"player_name":"Danilo Larangeira","vaep_value":0.340708232,"offensive_value":0.3365962288,"defensive_value":0.0041120032,"count":110},"15":{"player_id":131184,"player_name":"Ali Adnan Kadhim Al Tameemi","vaep_value":0.291051814,"offensive_value":0.0480318272,"defensive_value":0.2430199868,"count":55},"16":{"player_id":134508,"player_name":"Jo\u00e3o Pedro Cavaco Cancelo","vaep_value":-0.0473675479,"offensive_value":-0.0516516939,"defensive_value":0.004284146,"count":23},"17":{"player_id":135903,"player_name":"Ali Adnan Kadhim Al Tameemi","vaep_value":0.1270516381,"offensive_value":0.2288616381,"defensive_value":-0.10181,"count":115},"18":{"player_id":138408,"player_name":"Jo\u00e3o Pedro Cavaco Cancelo","vaep_value":0.0004426331,"offensive_value":0.0041335165,"defensive_value":-0.0036908833,"count":54},"19":{"player_id":206314,"player_name":"Jo\u00e3o Pedro Cavaco Cancelo","vaep_value":0.7560132311,"offensive_value":0.7461774931,"defensive_value":0.0098357379,"count":22},"20":{"player_id":213948,"player_name":"Borja Valero Iglesias","vaep_value":0.0866189922,"offensive_value":0.090998977,"defensive_value":-0.0043799848,"count":34},"21":{"player_id":234533,"player_name":"Marcelo Brozovi\u0107","vaep_value":0.1000130097,"offensive_value":0.0996165015,"defensive_value":0.0003965083,"count":5},"22":{"player_id":248950,"player_name":"Andrea Ranocchia","vaep_value":-0.073238258,"offensive_value":0.0334765855,"defensive_value":-0.1067148435,"count":35},"23":{"player_id":265172,"player_name":"Samir Handanovi\u010d","vaep_value":-0.0917492178,"offensive_value":0.0082714644,"defensive_value":-0.1000206822,"count":33},"24":{"player_id":298212,"player_name":"Milan \u0160kriniar","vaep_value":-0.0144338639,"offensive_value":0.0001310215,"defensive_value":-0.0145648854,"count":43},"25":{"player_id":300669,"player_name":"Ivan Peri\u0161i\u0107","vaep_value":-0.2103913871,"offensive_value":-0.0788890242,"defensive_value":-0.1315023629,"count":48},"26":{"player_id":333913,"player_name":"Antonio Candreva","vaep_value":-0.1095399888,"offensive_value":-0.0486622598,"defensive_value":-0.060877729,"count":22},"27":{"player_id":352993,"player_name":"Ivan Peri\u0161i\u0107","vaep_value":0.0195318517,"offensive_value":0.0208243867,"defensive_value":-0.001292535,"count":5},"28":{"player_id":354547,"player_name":"Jens Stryger Larsen","vaep_value":0.0361643895,"offensive_value":0.0335413176,"defensive_value":0.0026230719,"count":11}}