{"0":{"player_id":123,"player_name":"Viktor Claesson","vaep_value":0.081600178,"offensive_value":0.0671388025,"defensive_value":0.0144613755,"count":16},"1":{"player_id":151,"player_name":"Emil Krafth","vaep_value":-0.0833127421,"offensive_value":0.0155161759,"defensive_value":-0.098828918,"count":6},"2":{"player_id":7934,"player_name":"Kyle Walker","vaep_value":0.1236628275,"offensive_value":0.1104487933,"defensive_value":0.0132140343,"count":63},"3":{"player_id":7939,"player_name":"Andreas Granqvist","vaep_value":0.0566161514,"offensive_value":0.1022678057,"defensive_value":-0.0456516543,"count":67},"4":{"player_id":7964,"player_name":"Kieran Trippier","vaep_value":0.3491761104,"offensive_value":0.3225157392,"defensive_value":0.0266603711,"count":72},"5":{"player_id":8192,"player_name":"Kyle Walker","vaep_value":0.0128331744,"offensive_value":0.0020595535,"defensive_value":0.0107736209,"count":14},"6":{"player_id":8277,"player_name":"Harry  Maguire","vaep_value":0.1467738218,"offensive_value":0.0817680277,"defensive_value":0.0650057941,"count":85},"7":{"player_id":8464,"player_name":"John Stones","vaep_value":0.0290765648,"offensive_value":0.0294702025,"defensive_value":-0.0003936377,"count":8},"8":{"player_id":8529,"player_name":"Kyle Walker","vaep_value":0.1699552778,"offensive_value":0.0748760632,"defensive_value":0.0950792145,"count":53},"9":{"player_id":8653,"player_name":"Kyle Walker","vaep_value":0.8500370106,"offensive_value":0.9537234382,"defensive_value":-0.1036864276,"count":65},"10":{"player_id":8717,"player_name":"Harry Kane","vaep_value":0.1118527016,"offensive_value":0.1281631174,"defensive_value":-0.0163104158,"count":28},"11":{"player_id":8945,"player_name":"Kyle Walker","vaep_value":0.2033910009,"offensive_value":0.2266335818,"defensive_value":-0.0232425809,"count":81},"12":{"player_id":9380,"player_name":"Andreas Granqvist","vaep_value":0.0746168185,"offensive_value":0.0394246231,"defensive_value":0.0351921953,"count":57},"13":{"player_id":10131,"player_name":"Hans Carl Ludwig Augustinsson","vaep_value":0.239381848,"offensive_value":0.3562174004,"defensive_value":-0.1168355524,"count":44},"14":{"player_id":11066,"player_name":"Kieran Trippier","vaep_value":0.1166013895,"offensive_value":0.1283754152,"defensive_value":-0.0117740257,"count":47},"15":{"player_id":13484,"player_name":"Jesse Lingard","vaep_value":0.9504026946,"offensive_value":0.8877059516,"defensive_value":0.0626967431,"count":42},"16":{"player_id":14908,"player_name":"Kieran Trippier","vaep_value":-0.0884144232,"offensive_value":-0.091467818,"defensive_value":0.0030533948,"count":25},"17":{"player_id":20876,"player_name":"Jesse Lingard","vaep_value":0.1824265532,"offensive_value":0.0526347477,"defensive_value":0.1297918055,"count":52},"18":{"player_id":21275,"player_name":"John Stones","vaep_value":0.2496140479,"offensive_value":0.0117104274,"defensive_value":0.2379036206,"count":64},"19":{"player_id":50798,"player_name":"Harry  Maguire","vaep_value":0.1208390841,"offensive_value":0.1369657586,"defensive_value":-0.0161266745,"count":35},"20":{"player_id":50806,"player_name":"Ashley  Young","vaep_value":-0.0100429046,"offensive_value":-0.0105840475,"defensive_value":0.0005411429,"count":2},"21":{"player_id":51064,"player_name":"Emil Krafth","vaep_value":0.1018740406,"offensive_value":0.3258801349,"defensive_value":-0.2240060944,"count":69},"22":{"player_id":51132,"player_name":"John Stones","vaep_value":-0.1110149844,"offensive_value":-0.0993156554,"defensive_value":-0.0116993291,"count":21},"23":{"player_id":51144,"player_name":"John Stones","vaep_value":0.1732618129,"offensive_value":0.0099177365,"defensive_value":0.1633440764,"count":57},"24":{"player_id":51217,"player_name":"Harry Kane","vaep_value":0.2799573669,"offensive_value":0.2063471763,"defensive_value":0.0736101906,"count":60},"25":{"player_id":71703,"player_name":"Bamidele Alli","vaep_value":0.1747309363,"offensive_value":0.0987105371,"defensive_value":0.0760203992,"count":53},"26":{"player_id":210044,"player_name":"Albin Ekdal","vaep_value":-0.0033767773,"offensive_value":-0.0034662669,"defensive_value":0.0000894896,"count":6},"27":{"player_id":397178,"player_name":"Albin Ekdal","vaep_value":-0.0033318715,"offensive_value":-0.0044349283,"defensive_value":0.0011030568,"count":1}}