{"0":{"player_id":0,"player_name":"Nicolas P\u00e9p\u00e9","vaep_value":-0.0030069023,"offensive_value":0.0359957512,"defensive_value":-0.0390026534,"count":14},"1":{"player_id":3308,"player_name":"Ibrahim Amadou","vaep_value":0.1375034372,"offensive_value":0.1208254885,"defensive_value":0.0166779488,"count":37},"2":{"player_id":8533,"player_name":"J\u00fanior Osmar Ignacio  Alonso Mujica","vaep_value":0.2229755929,"offensive_value":0.2499986005,"defensive_value":-0.0270230076,"count":50},"3":{"player_id":14945,"player_name":"Bakary Adama Soumaoro","vaep_value":0.6732593848,"offensive_value":0.675947825,"defensive_value":-0.0026884401,"count":50},"4":{"player_id":25457,"player_name":"Edgar Miguel I\u00e9","vaep_value":1.2675050874,"offensive_value":1.3284300475,"defensive_value":-0.0609249601,"count":44},"5":{"player_id":25710,"player_name":"K\u00e9vin Malcuit","vaep_value":-0.0977180062,"offensive_value":0.0707679078,"defensive_value":-0.168485914,"count":55},"6":{"player_id":25829,"player_name":"Bakary Adama Soumaoro","vaep_value":0.2230004787,"offensive_value":0.1628445573,"defensive_value":0.0601559214,"count":47},"7":{"player_id":25993,"player_name":"J\u00fanior Osmar Ignacio  Alonso Mujica","vaep_value":-0.1534836962,"offensive_value":-0.1226086721,"defensive_value":-0.030875024,"count":32},"8":{"player_id":26016,"player_name":"Vitorino Hilton da Silva","vaep_value":0.23544562,"offensive_value":0.205920099,"defensive_value":0.029525521,"count":41},"9":{"player_id":28122,"player_name":"Ibrahim Amadou","vaep_value":-0.023126589,"offensive_value":0.0506715833,"defensive_value":-0.0737981723,"count":43},"10":{"player_id":28232,"player_name":"Ibrahim Amadou","vaep_value":0.2076680542,"offensive_value":0.0674706541,"defensive_value":0.1401974,"count":74},"11":{"player_id":28335,"player_name":"Thiago Maia Alencar","vaep_value":0.1193558708,"offensive_value":0.1653211382,"defensive_value":-0.0459652675,"count":62},"12":{"player_id":70959,"player_name":"Yassine Benzia","vaep_value":0.1178495277,"offensive_value":0.0806226269,"defensive_value":0.0372269008,"count":68},"13":{"player_id":116345,"player_name":"K\u00e9vin Malcuit","vaep_value":-0.010473864,"offensive_value":-0.0239478997,"defensive_value":0.0134740357,"count":12},"14":{"player_id":134496,"player_name":"Edgar Miguel I\u00e9","vaep_value":0.1351585747,"offensive_value":0.0640911197,"defensive_value":0.071067455,"count":33},"15":{"player_id":143189,"player_name":"Thiago Maia Alencar","vaep_value":0.7946424576,"offensive_value":0.7984910314,"defensive_value":-0.0038485738,"count":21},"16":{"player_id":144867,"player_name":"J\u00fanior Osmar Ignacio  Alonso Mujica","vaep_value":-0.0800741481,"offensive_value":0.0515381502,"defensive_value":-0.1316122983,"count":99},"17":{"player_id":213308,"player_name":"Anwar El Ghazi","vaep_value":0.0270559365,"offensive_value":0.189214556,"defensive_value":-0.1621586196,"count":88},"18":{"player_id":245807,"player_name":"J\u00fanior Osmar Ignacio  Alonso Mujica","vaep_value":0.0088162978,"offensive_value":0.0277393248,"defensive_value":-0.018923027,"count":19},"19":{"player_id":246946,"player_name":"Bakary Adama Soumaoro","vaep_value":-0.0875566549,"offensive_value":-0.1025121873,"defensive_value":0.0149555324,"count":43},"20":{"player_id":247671,"player_name":"Edgar Miguel I\u00e9","vaep_value":-0.0601475483,"offensive_value":-0.0230192567,"defensive_value":-0.0371282916,"count":47},"21":{"player_id":250134,"player_name":"K\u00e9vin Malcuit","vaep_value":-0.3953767298,"offensive_value":-0.2035320575,"defensive_value":-0.1918446723,"count":48},"22":{"player_id":257750,"player_name":"Pedro Filipe Teod\u00f3sio Mendes","vaep_value":-0.041617256,"offensive_value":0.0390267611,"defensive_value":-0.0806440171,"count":83},"23":{"player_id":276983,"player_name":"K\u00e9vin Malcuit","vaep_value":0.0246284163,"offensive_value":0.0149317232,"defensive_value":0.009696693,"count":15},"24":{"player_id":284322,"player_name":"Yassine Benzia","vaep_value":-0.0351394478,"offensive_value":-0.0427881416,"defensive_value":0.0076486939,"count":13},"25":{"player_id":286553,"player_name":"K\u00e9vin Malcuit","vaep_value":-0.0051889403,"offensive_value":-0.0053525413,"defensive_value":0.000163601,"count":2},"26":{"player_id":341973,"player_name":"Yassine Benzia","vaep_value":0.0623371872,"offensive_value":0.0525926789,"defensive_value":0.0097445083,"count":58},"27":{"player_id":413582,"player_name":"Benjamin Lecomte","vaep_value":-0.0150541838,"offensive_value":0.1042768213,"defensive_value":-0.119331005,"count":82},"28":{"player_id":477744,"player_name":"Ruben Aguilar","vaep_value":0.1454113828,"offensive_value":0.0721458518,"defensive_value":0.073265531,"count":17}}