{"0":{"player_id":0,"player_name":"Patrik Schick","vaep_value":0.0347799631,"offensive_value":0.0523518487,"defensive_value":-0.0175718856,"count":6},"1":{"player_id":114,"player_name":"Daniele De Rossi","vaep_value":0.2382179159,"offensive_value":0.2066089455,"defensive_value":0.0316089704,"count":68},"2":{"player_id":8148,"player_name":"Radja Nainggolan","vaep_value":0.3204974905,"offensive_value":0.3095195223,"defensive_value":0.0109779682,"count":47},"3":{"player_id":8306,"player_name":"Juan Guilherme Nunes Jesus","vaep_value":0.275550191,"offensive_value":0.2615050086,"defensive_value":0.0140451824,"count":85},"4":{"player_id":14903,"player_name":"Aleksandar Kolarov","vaep_value":0.1344118604,"offensive_value":0.0713129906,"defensive_value":0.0630988698,"count":45},"5":{"player_id":20418,"player_name":"Juan Guilherme Nunes Jesus","vaep_value":0.3523351914,"offensive_value":0.3482707619,"defensive_value":0.0040644296,"count":49},"6":{"player_id":20438,"player_name":"Konstantinos Manolas","vaep_value":1.1039064972,"offensive_value":1.1210916893,"defensive_value":-0.0171851921,"count":65},"7":{"player_id":20518,"player_name":"Juan Guilherme Nunes Jesus","vaep_value":0.2344754743,"offensive_value":0.1792320226,"defensive_value":0.0552434517,"count":65},"8":{"player_id":20812,"player_name":"Aleksandar Kolarov","vaep_value":-0.0524852308,"offensive_value":-0.0018612819,"defensive_value":-0.0506239489,"count":23},"9":{"player_id":20879,"player_name":"Stephan El Shaarawy","vaep_value":0.3739825927,"offensive_value":0.3283378785,"defensive_value":0.0456447143,"count":52},"10":{"player_id":20927,"player_name":"Radja Nainggolan","vaep_value":0.1874584655,"offensive_value":0.152379379,"defensive_value":0.0350790864,"count":40},"11":{"player_id":21234,"player_name":"Aleksandar Kolarov","vaep_value":-0.2845807734,"offensive_value":-0.2651956801,"defensive_value":-0.0193850934,"count":28},"12":{"player_id":21279,"player_name":"Juan Guilherme Nunes Jesus","vaep_value":0.2902153251,"offensive_value":0.0536903046,"defensive_value":0.2365250204,"count":43},"13":{"player_id":21507,"player_name":"Konstantinos Manolas","vaep_value":0.1387957082,"offensive_value":0.0464598506,"defensive_value":0.0923358576,"count":52},"14":{"player_id":22566,"player_name":"Alessandro  Florenzi","vaep_value":0.3129602431,"offensive_value":0.3415080402,"defensive_value":-0.0285477971,"count":77},"15":{"player_id":25405,"player_name":"Cengiz \u00dcnder","vaep_value":-0.0105319652,"offensive_value":-0.0067748767,"defensive_value":-0.0037570884,"count":2},"16":{"player_id":25421,"player_name":"Aleksandar Kolarov","vaep_value":0.0936148039,"offensive_value":0.0692923061,"defensive_value":0.0243224978,"count":37},"17":{"player_id":25558,"player_name":"Emiliano Moretti","vaep_value":0.4520925343,"offensive_value":0.0202290446,"defensive_value":0.4318634897,"count":34},"18":{"player_id":25898,"player_name":"Aleksandar Kolarov","vaep_value":-0.0550488937,"offensive_value":-0.0515295847,"defensive_value":-0.003519309,"count":14},"19":{"player_id":92966,"player_name":"Stephan El Shaarawy","vaep_value":0.8956989414,"offensive_value":0.8735325926,"defensive_value":0.0221663489,"count":68},"20":{"player_id":101742,"player_name":"Radja Nainggolan","vaep_value":0.283148487,"offensive_value":0.1848132706,"defensive_value":0.0983352164,"count":54},"21":{"player_id":214220,"player_name":"Radja Nainggolan","vaep_value":0.0966946711,"offensive_value":0.0252867977,"defensive_value":0.0714078734,"count":35},"22":{"player_id":234359,"player_name":"Alessandro  Florenzi","vaep_value":-0.0906799007,"offensive_value":-0.0949947722,"defensive_value":0.0043148715,"count":28},"23":{"player_id":300373,"player_name":"Alejandro Berenguer Remiro","vaep_value":0.014207611,"offensive_value":0.05237847,"defensive_value":-0.038170859,"count":17},"24":{"player_id":328333,"player_name":"Aleksandar Kolarov","vaep_value":0.8594436829,"offensive_value":0.8404436586,"defensive_value":0.0190000242,"count":12},"25":{"player_id":339791,"player_name":"Afriyie Acquah","vaep_value":0.0839696335,"offensive_value":0.1399096884,"defensive_value":-0.0559400548,"count":66},"26":{"player_id":340019,"player_name":"Aleksandar Kolarov","vaep_value":0.0793697842,"offensive_value":0.0761257333,"defensive_value":0.0032440509,"count":16},"27":{"player_id":350032,"player_name":"Juan Guilherme Nunes Jesus","vaep_value":0.0041246699,"offensive_value":0.0242277147,"defensive_value":-0.0201030448,"count":30},"28":{"player_id":354552,"player_name":"Konstantinos Manolas","vaep_value":-0.0717952134,"offensive_value":-0.0487565714,"defensive_value":-0.023038642,"count":8}}