{"0":{"player_id":0,"player_name":"Vedad Ibi\u0161evi\u0107","vaep_value":0.0058284795,"offensive_value":0.0345657074,"defensive_value":-0.0287372279,"count":6},"1":{"player_id":3320,"player_name":"Pierre-Emerick Aubameyang","vaep_value":1.4456414326,"offensive_value":1.3897619539,"defensive_value":0.0558794787,"count":94},"2":{"player_id":3335,"player_name":"Karim Rekik","vaep_value":0.283135362,"offensive_value":0.3024804827,"defensive_value":-0.0193451208,"count":133},"3":{"player_id":7904,"player_name":"Marvin Plattenhardt","vaep_value":0.0507185532,"offensive_value":0.0767005457,"defensive_value":-0.0259819925,"count":19},"4":{"player_id":8309,"player_name":"\u0141ukasz Piszczek","vaep_value":0.1124649639,"offensive_value":0.0420405918,"defensive_value":0.0704243721,"count":36},"5":{"player_id":14687,"player_name":"Gonzalo Castro Randon","vaep_value":0.0886279113,"offensive_value":0.025144611,"defensive_value":0.0634833003,"count":58},"6":{"player_id":14762,"player_name":"Christian Pulisic","vaep_value":-0.0279158541,"offensive_value":-0.0058722913,"defensive_value":-0.0220435628,"count":20},"7":{"player_id":14770,"player_name":"Christian Pulisic","vaep_value":0.3002872727,"offensive_value":0.3110230314,"defensive_value":-0.0107357588,"count":61},"8":{"player_id":14778,"player_name":"Marvin Plattenhardt","vaep_value":0.1664375218,"offensive_value":0.1040679209,"defensive_value":0.0623696008,"count":50},"9":{"player_id":14798,"player_name":"Salomon Armand Magloire Kalou","vaep_value":0.0356369718,"offensive_value":0.0059726569,"defensive_value":0.0296643149,"count":71},"10":{"player_id":14806,"player_name":"Per Ciljan Skjelbred","vaep_value":-0.0061081137,"offensive_value":-0.0299960065,"defensive_value":0.0238878928,"count":74},"11":{"player_id":14816,"player_name":"Nuri \u015eahin","vaep_value":0.1440826235,"offensive_value":0.1360645962,"defensive_value":0.0080180273,"count":21},"12":{"player_id":14905,"player_name":"Nuri \u015eahin","vaep_value":0.1613988031,"offensive_value":0.0776321357,"defensive_value":0.0837666674,"count":54},"13":{"player_id":15020,"player_name":"\u0141ukasz Piszczek","vaep_value":0.0987300519,"offensive_value":0.0272695618,"defensive_value":0.0714604901,"count":42},"14":{"player_id":15125,"player_name":"Christian Pulisic","vaep_value":0.1725065043,"offensive_value":0.2279347904,"defensive_value":-0.0554282861,"count":45},"15":{"player_id":15141,"player_name":"Marvin Plattenhardt","vaep_value":0.0293034667,"offensive_value":0.0221545142,"defensive_value":0.0071489525,"count":10},"16":{"player_id":15276,"player_name":"Marc Bartra Aregall","vaep_value":0.2206459184,"offensive_value":0.2488563112,"defensive_value":-0.0282103927,"count":75},"17":{"player_id":15771,"player_name":"Sokratis Papastathopoulos","vaep_value":0.0518455801,"offensive_value":-0.0102013765,"defensive_value":0.0620469566,"count":46},"18":{"player_id":19392,"player_name":"Roman B\u00fcrki","vaep_value":-0.1204933593,"offensive_value":-0.0799838952,"defensive_value":-0.0405094641,"count":38},"19":{"player_id":25867,"player_name":"Sokratis Papastathopoulos","vaep_value":0.8671265799,"offensive_value":0.8277599989,"defensive_value":0.039366581,"count":31},"20":{"player_id":49968,"player_name":"Marc Bartra Aregall","vaep_value":0.1644839349,"offensive_value":0.1474402784,"defensive_value":0.0170436564,"count":49},"21":{"player_id":54579,"player_name":"Dan-Axel Zagadou","vaep_value":-0.0192334334,"offensive_value":0.1059826447,"defensive_value":-0.1252160781,"count":42},"22":{"player_id":82518,"player_name":"Mitchell Weiser","vaep_value":-0.0572173079,"offensive_value":-0.1335787154,"defensive_value":0.0763614075,"count":60},"23":{"player_id":94650,"player_name":"Vladim\u00edr Darida","vaep_value":-0.0351584994,"offensive_value":-0.0222922398,"defensive_value":-0.0128662596,"count":21},"24":{"player_id":173212,"player_name":"Dan-Axel Zagadou","vaep_value":-0.0143262687,"offensive_value":0.0130678337,"defensive_value":-0.0273941024,"count":36},"25":{"player_id":272363,"player_name":"Mitchell Weiser","vaep_value":-0.0220398096,"offensive_value":-0.0133535569,"defensive_value":-0.0086862528,"count":8},"26":{"player_id":391530,"player_name":"Gonzalo Castro Randon","vaep_value":-0.0333388947,"offensive_value":-0.0562806907,"defensive_value":0.0229417961,"count":55},"27":{"player_id":397028,"player_name":"Nuri \u015eahin","vaep_value":-0.030566044,"offensive_value":0.0092357765,"defensive_value":-0.0398018205,"count":93}}