{"0":{"player_id":0,"player_name":"Moussa Konat\u00e9","vaep_value":-0.0004218936,"offensive_value":0.0228299988,"defensive_value":-0.0232518923,"count":8},"1":{"player_id":15004,"player_name":"Vincent Bessat","vaep_value":-0.0560671296,"offensive_value":-0.0293795739,"defensive_value":-0.0266875557,"count":31},"2":{"player_id":25384,"player_name":"Ivan Santini","vaep_value":0.1893012502,"offensive_value":0.0978720781,"defensive_value":0.0914291721,"count":23},"3":{"player_id":25492,"player_name":"Thomas Monconduit","vaep_value":0.1146655059,"offensive_value":0.1794352378,"defensive_value":-0.0647697318,"count":53},"4":{"player_id":25532,"player_name":"Moussa Konat\u00e9","vaep_value":0.0357579601,"offensive_value":0.1238495887,"defensive_value":-0.0880916286,"count":83},"5":{"player_id":25534,"player_name":"John Stiven Mendoza Valencia","vaep_value":0.1458599328,"offensive_value":0.2787642885,"defensive_value":-0.1329043558,"count":68},"6":{"player_id":25647,"player_name":"Romain Genevois","vaep_value":0.0475886289,"offensive_value":0.0373152878,"defensive_value":0.0102733411,"count":48},"7":{"player_id":25715,"player_name":"Romain Genevois","vaep_value":-0.0157768658,"offensive_value":0.0560544822,"defensive_value":-0.071831348,"count":52},"8":{"player_id":25947,"player_name":"Abdul Khaled Akiola Ad\u00e9non","vaep_value":0.4698714048,"offensive_value":0.4300111692,"defensive_value":0.0398602356,"count":42},"9":{"player_id":25957,"player_name":"Ivan Santini","vaep_value":-0.0505176835,"offensive_value":-0.1317498997,"defensive_value":0.0812322162,"count":38},"10":{"player_id":26134,"player_name":"Alexander Djiku","vaep_value":-0.0234662553,"offensive_value":-0.014556889,"defensive_value":-0.0089093663,"count":35},"11":{"player_id":26384,"player_name":"Prince-D\u00e9sir Gouano","vaep_value":0.3239980418,"offensive_value":0.3269869169,"defensive_value":-0.002988875,"count":48},"12":{"player_id":26399,"player_name":"Serge Gakp\u00e9","vaep_value":0.0564867206,"offensive_value":0.1706095187,"defensive_value":-0.1141227981,"count":49},"13":{"player_id":26528,"player_name":"Damien Da Silva","vaep_value":0.1001644465,"offensive_value":0.1008557007,"defensive_value":-0.0006912542,"count":25},"14":{"player_id":26583,"player_name":"Bongani Zungu","vaep_value":0.4930167773,"offensive_value":0.4646749822,"defensive_value":0.0283417951,"count":44},"15":{"player_id":28908,"player_name":"John Stiven Mendoza Valencia","vaep_value":0.209013124,"offensive_value":0.1980158428,"defensive_value":0.0109972812,"count":50},"16":{"player_id":28948,"player_name":"Bakaye Dibassy","vaep_value":-0.0148891672,"offensive_value":-0.0323151657,"defensive_value":0.0174259986,"count":12},"17":{"player_id":38015,"player_name":"John Stiven Mendoza Valencia","vaep_value":0.1760593827,"offensive_value":0.2569142347,"defensive_value":-0.080854852,"count":21},"18":{"player_id":38095,"player_name":"John Stiven Mendoza Valencia","vaep_value":1.1653109787,"offensive_value":1.0975849647,"defensive_value":0.0677260139,"count":35},"19":{"player_id":90880,"player_name":"Romain Genevois","vaep_value":0.0256732957,"offensive_value":-0.0141392865,"defensive_value":0.0398125822,"count":50},"20":{"player_id":97582,"player_name":"Romain Genevois","vaep_value":0.5351852653,"offensive_value":0.5501842208,"defensive_value":-0.0149989555,"count":28},"21":{"player_id":101795,"player_name":"Ga\u00ebl Kakuta","vaep_value":0.0954434222,"offensive_value":0.063600393,"defensive_value":0.0318430292,"count":5},"22":{"player_id":131321,"player_name":"Damien Da Silva","vaep_value":-0.353075317,"offensive_value":-0.4208956832,"defensive_value":0.0678203662,"count":20},"23":{"player_id":214710,"player_name":"Fr\u00e9d\u00e9ric Guilbert","vaep_value":1.138548497,"offensive_value":1.1373880054,"defensive_value":0.0011604916,"count":71},"24":{"player_id":229198,"player_name":"Bakaye Dibassy","vaep_value":-0.0206551162,"offensive_value":-0.0435179861,"defensive_value":0.0228628699,"count":24},"25":{"player_id":229427,"player_name":"Ga\u00ebl Kakuta","vaep_value":-0.1050293099,"offensive_value":-0.0049539087,"defensive_value":-0.1000754011,"count":67},"26":{"player_id":234138,"player_name":"Ba\u00efssama Sankoh","vaep_value":0.0205591863,"offensive_value":0.0302781088,"defensive_value":-0.0097189224,"count":14},"27":{"player_id":244357,"player_name":"Ga\u00ebl Kakuta","vaep_value":0.0375531633,"offensive_value":0.0092248011,"defensive_value":0.0283283622,"count":38},"28":{"player_id":437636,"player_name":"Prince-D\u00e9sir Gouano","vaep_value":-0.0356594209,"offensive_value":-0.0822927057,"defensive_value":0.0466332848,"count":40}}