{"0":{"player_id":0,"player_name":"Alberto Paloschi","vaep_value":0.0206797463,"offensive_value":0.0588842665,"defensive_value":-0.0382045202,"count":8},"1":{"player_id":20448,"player_name":"Federico Viviani","vaep_value":0.3723385622,"offensive_value":0.3094335228,"defensive_value":0.0629050394,"count":80},"2":{"player_id":20468,"player_name":"Manuel Lazzari","vaep_value":0.2338888002,"offensive_value":0.1944162358,"defensive_value":0.0394725645,"count":54},"3":{"player_id":20633,"player_name":"Jasmin Kurti\u010d","vaep_value":0.0579847967,"offensive_value":0.1234250055,"defensive_value":-0.0654402088,"count":24},"4":{"player_id":20638,"player_name":"Pawe\u0142 Jaroszy\u0144ski","vaep_value":0.0126786558,"offensive_value":0.0023151943,"defensive_value":0.0103634614,"count":1},"5":{"player_id":20653,"player_name":"Manuel Lazzari","vaep_value":0.0752047374,"offensive_value":-0.0147429261,"defensive_value":0.0899476635,"count":55},"6":{"player_id":20661,"player_name":"Federico Viviani","vaep_value":-0.037025481,"offensive_value":-0.0266903597,"defensive_value":-0.0103351213,"count":14},"7":{"player_id":20748,"player_name":"Manuel Lazzari","vaep_value":0.1939633174,"offensive_value":0.0732442667,"defensive_value":0.1207190508,"count":49},"8":{"player_id":20911,"player_name":"Perparim Hetemaj","vaep_value":-0.0593675882,"offensive_value":-0.0138249758,"defensive_value":-0.0455426124,"count":32},"9":{"player_id":20928,"player_name":"Manuel Pucciarelli","vaep_value":0.0512817217,"offensive_value":0.0237468994,"defensive_value":0.0275348222,"count":59},"10":{"player_id":20929,"player_name":"Manuel Pucciarelli","vaep_value":0.0659566139,"offensive_value":0.0566408457,"defensive_value":0.0093157681,"count":34},"11":{"player_id":21114,"player_name":"Roberto Inglese","vaep_value":-0.0100160856,"offensive_value":-0.0089826235,"defensive_value":-0.0010334621,"count":41},"12":{"player_id":21148,"player_name":"Roberto Inglese","vaep_value":0.0745414338,"offensive_value":0.1148989977,"defensive_value":-0.0403575639,"count":51},"13":{"player_id":21438,"player_name":"Perparim Hetemaj","vaep_value":-0.0626981045,"offensive_value":-0.0282516959,"defensive_value":-0.0344464086,"count":34},"14":{"player_id":21517,"player_name":"Nicola Rigoni","vaep_value":-0.0209945608,"offensive_value":-0.0201854818,"defensive_value":-0.000809079,"count":2},"15":{"player_id":21564,"player_name":"Federico Viviani","vaep_value":0.2112391571,"offensive_value":0.2514371475,"defensive_value":-0.0401979904,"count":40},"16":{"player_id":21607,"player_name":"Federico Viviani","vaep_value":-0.0383006632,"offensive_value":0.024917388,"defensive_value":-0.0632180512,"count":15},"17":{"player_id":21620,"player_name":"Emanuele Giaccherini","vaep_value":0.0271552729,"offensive_value":-0.0379581959,"defensive_value":0.0651134688,"count":64},"18":{"player_id":24964,"player_name":"Francesco Vicari","vaep_value":-0.202326137,"offensive_value":-0.1793654566,"defensive_value":-0.0229606804,"count":36},"19":{"player_id":99511,"player_name":"Felipe Dias da Silva dal Belo","vaep_value":-0.0028518544,"offensive_value":-0.0245852766,"defensive_value":0.0217334222,"count":8},"20":{"player_id":99661,"player_name":"Francesco Vicari","vaep_value":0.1515222107,"offensive_value":0.110430705,"defensive_value":0.0410915057,"count":79},"21":{"player_id":134435,"player_name":"Federico Viviani","vaep_value":-0.1044667786,"offensive_value":-0.1352256839,"defensive_value":0.0307589053,"count":47},"22":{"player_id":146590,"player_name":"Francesco Vicari","vaep_value":0.2170458242,"offensive_value":0.2555518256,"defensive_value":-0.0385060015,"count":68},"23":{"player_id":226200,"player_name":"Thiago Rangel Cionek","vaep_value":-0.0679358156,"offensive_value":-0.0568941765,"defensive_value":-0.011041639,"count":67},"24":{"player_id":239298,"player_name":"Jasmin Kurti\u010d","vaep_value":0.0190444909,"offensive_value":0.0145388425,"defensive_value":0.0045056484,"count":9},"25":{"player_id":263432,"player_name":"Mirco Antenucci","vaep_value":0.1940315436,"offensive_value":0.1043411824,"defensive_value":0.0896903612,"count":54},"26":{"player_id":269188,"player_name":"Manuel Lazzari","vaep_value":0.045761134,"offensive_value":0.0690148213,"defensive_value":-0.0232536873,"count":33},"27":{"player_id":286215,"player_name":"Pawe\u0142 Jaroszy\u0144ski","vaep_value":0.110368424,"offensive_value":0.108727214,"defensive_value":0.0016412099,"count":34},"28":{"player_id":415809,"player_name":"Thiago Rangel Cionek","vaep_value":0.1630156792,"offensive_value":0.1629043798,"defensive_value":0.0001112995,"count":53}}