{"0":{"player_id":0,"player_name":"Mario  Barwuah Balotelli","vaep_value":0.0265854369,"offensive_value":0.0390856087,"defensive_value":-0.0125001717,"count":8},"1":{"player_id":8326,"player_name":"Jean Micha\u00ebl Seri","vaep_value":1.4285301071,"offensive_value":1.4545975228,"defensive_value":-0.0260674158,"count":71},"2":{"player_id":15004,"player_name":"Dante Bonfim da Costa Santos","vaep_value":-0.1479612961,"offensive_value":-0.1255130896,"defensive_value":-0.0224482066,"count":18},"3":{"player_id":15010,"player_name":"Maxime Le Marchand","vaep_value":-0.1135687531,"offensive_value":-0.1126321872,"defensive_value":-0.0009365659,"count":58},"4":{"player_id":25410,"player_name":"Alassane Pl\u00e9a","vaep_value":0.1995520096,"offensive_value":0.1758096227,"defensive_value":0.0237423868,"count":64},"5":{"player_id":25647,"player_name":"Fr\u00e9d\u00e9ric Guilbert","vaep_value":0.2841681538,"offensive_value":0.0899609891,"defensive_value":0.1942071647,"count":61},"6":{"player_id":25715,"player_name":"Dante Bonfim da Costa Santos","vaep_value":-0.0513771125,"offensive_value":0.0244015877,"defensive_value":-0.0757787002,"count":38},"7":{"player_id":25859,"player_name":"Fr\u00e9d\u00e9ric Guilbert","vaep_value":-0.6109502465,"offensive_value":0.0583069552,"defensive_value":-0.6692572016,"count":27},"8":{"player_id":25947,"player_name":"Ivan Santini","vaep_value":0.0525735326,"offensive_value":0.0472989306,"defensive_value":0.005274602,"count":12},"9":{"player_id":26093,"player_name":"Ronny Rodelin","vaep_value":0.1511338479,"offensive_value":0.1568545075,"defensive_value":-0.0057206596,"count":11},"10":{"player_id":26131,"player_name":"Ivan Santini","vaep_value":0.0867475457,"offensive_value":0.0559098488,"defensive_value":0.030837697,"count":36},"11":{"player_id":26135,"player_name":"Julien F\u00e9ret","vaep_value":0.3100184722,"offensive_value":0.1509521903,"defensive_value":0.1590662819,"count":84},"12":{"player_id":26399,"player_name":"Arnaud Souquet","vaep_value":0.1620385083,"offensive_value":-0.027859746,"defensive_value":0.1898982543,"count":54},"13":{"player_id":26633,"player_name":"Arnaud Souquet","vaep_value":-0.0923232901,"offensive_value":0.0345601032,"defensive_value":-0.1268833933,"count":79},"14":{"player_id":28230,"player_name":"Jean Micha\u00ebl Seri","vaep_value":-0.061383668,"offensive_value":-0.1014179874,"defensive_value":0.0400343194,"count":74},"15":{"player_id":28908,"player_name":"Mario  Barwuah Balotelli","vaep_value":0.1986164519,"offensive_value":0.2021550663,"defensive_value":-0.0035386144,"count":63},"16":{"player_id":38015,"player_name":"Maxime Le Marchand","vaep_value":-0.0068911738,"offensive_value":0.0245832289,"defensive_value":-0.0314744026,"count":23},"17":{"player_id":86745,"player_name":"Mario  Barwuah Balotelli","vaep_value":0.2536901259,"offensive_value":0.1580716118,"defensive_value":0.0956185141,"count":32},"18":{"player_id":131321,"player_name":"Maxime Le Marchand","vaep_value":0.9006250645,"offensive_value":0.8921059796,"defensive_value":0.0085190849,"count":14},"19":{"player_id":131959,"player_name":"Marlon Santos da Silva Barbosa","vaep_value":0.876053735,"offensive_value":0.8894508397,"defensive_value":-0.0133971047,"count":114},"20":{"player_id":215281,"player_name":"Adrien  Tameze","vaep_value":-0.0751425088,"offensive_value":0.1183629642,"defensive_value":-0.1935054731,"count":74},"21":{"player_id":228983,"player_name":"Dante Bonfim da Costa Santos","vaep_value":0.5023918581,"offensive_value":0.5385491364,"defensive_value":-0.0361572783,"count":99},"22":{"player_id":266286,"player_name":"Adrien  Tameze","vaep_value":0.1904093934,"offensive_value":0.1734796488,"defensive_value":0.0169297446,"count":48},"23":{"player_id":275032,"player_name":"Ivan Santini","vaep_value":-0.0408432197,"offensive_value":-0.0407056629,"defensive_value":-0.0001375568,"count":8},"24":{"player_id":276211,"player_name":"Adrien  Tameze","vaep_value":0.9474648839,"offensive_value":0.9440600581,"defensive_value":0.0034048258,"count":73},"25":{"player_id":289359,"player_name":"Dante Bonfim da Costa Santos","vaep_value":0.1823344306,"offensive_value":0.0781984502,"defensive_value":0.1041359805,"count":70},"26":{"player_id":328488,"player_name":"Maxime Le Marchand","vaep_value":-0.0288391737,"offensive_value":-0.0084491763,"defensive_value":-0.0203899974,"count":1},"27":{"player_id":408827,"player_name":"Alassane Pl\u00e9a","vaep_value":0.0351427315,"offensive_value":0.030594463,"defensive_value":0.0045482685,"count":15},"28":{"player_id":437636,"player_name":"Jean Micha\u00ebl Seri","vaep_value":0.062989979,"offensive_value":0.1356232343,"defensive_value":-0.0726332553,"count":27}}