{"0":{"player_id":0,"player_name":"David Garc\u00eda Santana","vaep_value":0.0369440635,"offensive_value":0.0609661792,"defensive_value":-0.0240221157,"count":8},"1":{"player_id":1751,"player_name":"Borja Herrera Gonz\u00e1lez","vaep_value":-0.0468435104,"offensive_value":0.0305193299,"defensive_value":-0.0773628403,"count":52},"2":{"player_id":3337,"player_name":"Jonathan Viera Ramos","vaep_value":0.2731184507,"offensive_value":0.0011923891,"defensive_value":0.2719260616,"count":10},"3":{"player_id":3338,"player_name":"Jonathan Viera Ramos","vaep_value":0.3074306049,"offensive_value":0.058250848,"defensive_value":0.249179757,"count":32},"4":{"player_id":3644,"player_name":"Jonathan Viera Ramos","vaep_value":0.2886306973,"offensive_value":0.2741786342,"defensive_value":0.0144520631,"count":72},"5":{"player_id":3821,"player_name":"Jer\u00f3nimo Figueroa Cabrera","vaep_value":0.2351819142,"offensive_value":0.2254834264,"defensive_value":0.0096984878,"count":22},"6":{"player_id":3822,"player_name":"Gustavo Daniel Cabral C\u00e1ceres","vaep_value":0.0524426568,"offensive_value":0.0524039087,"defensive_value":0.0000387481,"count":22},"7":{"player_id":3840,"player_name":"Oussama Tannane","vaep_value":2.4679427295,"offensive_value":2.4806648376,"defensive_value":-0.0127221082,"count":45},"8":{"player_id":3916,"player_name":"Pedro Bigas Rigo","vaep_value":0.312285576,"offensive_value":0.1110927586,"defensive_value":0.2011928174,"count":54},"9":{"player_id":4238,"player_name":"Jonathan Calleri","vaep_value":0.0784191632,"offensive_value":0.0480189282,"defensive_value":0.0304002351,"count":36},"10":{"player_id":4355,"player_name":"Sergi G\u00f3mez Sol\u00e0","vaep_value":0.2971797758,"offensive_value":0.3616159395,"defensive_value":-0.0644361638,"count":69},"11":{"player_id":4362,"player_name":"Hern\u00e1n Daniel Santana Trujillo","vaep_value":0.2504920083,"offensive_value":0.2715574306,"defensive_value":-0.0210654223,"count":38},"12":{"player_id":4366,"player_name":"M\u00edchel Macedo Rocha Machado","vaep_value":-0.15929266,"offensive_value":-0.2018889158,"defensive_value":0.0425962559,"count":52},"13":{"player_id":4375,"player_name":"Hern\u00e1n Daniel Santana Trujillo","vaep_value":1.1931168893,"offensive_value":1.1991035673,"defensive_value":-0.0059866779,"count":24},"14":{"player_id":4379,"player_name":"Leandro Chichizola","vaep_value":0.8307184654,"offensive_value":0.8552154801,"defensive_value":-0.0244970147,"count":83},"15":{"player_id":4424,"player_name":"Borja Herrera Gonz\u00e1lez","vaep_value":0.1981074504,"offensive_value":0.1730033858,"defensive_value":0.0251040646,"count":49},"16":{"player_id":4911,"player_name":"Borja Herrera Gonz\u00e1lez","vaep_value":0.2160439332,"offensive_value":0.1804061313,"defensive_value":0.0356378019,"count":36},"17":{"player_id":20401,"player_name":"Alberto Aquilani","vaep_value":0.3291759061,"offensive_value":0.3029118088,"defensive_value":0.0262640973,"count":78},"18":{"player_id":25577,"player_name":"Borja Herrera Gonz\u00e1lez","vaep_value":1.0065686783,"offensive_value":0.9872003426,"defensive_value":0.0193683357,"count":24},"19":{"player_id":26652,"player_name":"Pedro Bigas Rigo","vaep_value":0.3669985177,"offensive_value":-0.0037005024,"defensive_value":0.3706990201,"count":40},"20":{"player_id":86319,"player_name":"Alberto Aquilani","vaep_value":0.0472154401,"offensive_value":0.0764030002,"defensive_value":-0.0291875601,"count":32},"21":{"player_id":140125,"player_name":"Pedro Bigas Rigo","vaep_value":-0.0446798664,"offensive_value":-0.0334102442,"defensive_value":-0.0112696222,"count":7},"22":{"player_id":167641,"player_name":"David Garc\u00eda Santana","vaep_value":0.0819645213,"offensive_value":0.0544102429,"defensive_value":0.0275542784,"count":63},"23":{"player_id":228902,"player_name":"Jonathan Castro Otto","vaep_value":0.0811200831,"offensive_value":0.110905658,"defensive_value":-0.0297855749,"count":27},"24":{"player_id":241945,"player_name":"Stanislav Lobotka","vaep_value":0.3504703606,"offensive_value":0.331856167,"defensive_value":0.0186141937,"count":55},"25":{"player_id":269060,"player_name":"Rub\u00e9n Blanco Veiga","vaep_value":1.5415488504,"offensive_value":0.9874374364,"defensive_value":0.554111414,"count":56},"26":{"player_id":281255,"player_name":"David Garc\u00eda Santana","vaep_value":0.956105298,"offensive_value":0.9588681131,"defensive_value":-0.0027628151,"count":38},"27":{"player_id":292991,"player_name":"David Garc\u00eda Santana","vaep_value":-0.0445679605,"offensive_value":-0.0131205511,"defensive_value":-0.0314474094,"count":13},"28":{"player_id":298385,"player_name":"Jonathan Viera Ramos","vaep_value":0.0259738197,"offensive_value":0.0288343788,"defensive_value":-0.0028605592,"count":42}}