{"0":{"player_id":0,"player_name":"Rodrigue Casimir Ninga","vaep_value":0.0786504919,"offensive_value":0.0806327227,"defensive_value":-0.0019822308,"count":15},"1":{"player_id":102,"player_name":"Facundo Juli\u00e1n P\u00edriz Gonz\u00e1lez","vaep_value":0.2709461061,"offensive_value":0.0604343194,"defensive_value":0.2105117866,"count":77},"2":{"player_id":118,"player_name":"Pedro Filipe Teod\u00f3sio Mendes","vaep_value":0.0449253514,"offensive_value":0.1198626819,"defensive_value":-0.0749373306,"count":75},"3":{"player_id":1712,"player_name":"Paul Lasne","vaep_value":0.0989665415,"offensive_value":0.0964839992,"defensive_value":0.0024825423,"count":100},"4":{"player_id":3308,"player_name":"Pedro Filipe Teod\u00f3sio Mendes","vaep_value":-0.0696228864,"offensive_value":-0.0950717181,"defensive_value":0.0254488317,"count":56},"5":{"player_id":5167,"player_name":"Nordi Mukiele Mulere","vaep_value":-0.0051444232,"offensive_value":0.003664857,"defensive_value":-0.0088092802,"count":24},"6":{"player_id":8533,"player_name":"Nordi Mukiele Mulere","vaep_value":0.0319757913,"offensive_value":0.0296451133,"defensive_value":0.002330678,"count":5},"7":{"player_id":14945,"player_name":"Ruben Aguilar","vaep_value":0.1053982034,"offensive_value":0.0458220763,"defensive_value":0.0595761271,"count":31},"8":{"player_id":25382,"player_name":"Ruben Aguilar","vaep_value":0.1533023764,"offensive_value":0.0961534197,"defensive_value":0.0571489567,"count":31},"9":{"player_id":25457,"player_name":"Lucas Tousart","vaep_value":0.1760774747,"offensive_value":0.2235029885,"defensive_value":-0.0474255137,"count":52},"10":{"player_id":25829,"player_name":"Ruben Aguilar","vaep_value":0.0562023049,"offensive_value":0.0892959617,"defensive_value":-0.0330936568,"count":50},"11":{"player_id":25993,"player_name":"Mouctar Diakhaby","vaep_value":0.1452576404,"offensive_value":-0.000314797,"defensive_value":0.1455724374,"count":35},"12":{"player_id":26016,"player_name":"Ruben Aguilar","vaep_value":0.1782458338,"offensive_value":0.1418036714,"defensive_value":0.0364421625,"count":33},"13":{"player_id":28335,"player_name":"Lucas Tousart","vaep_value":0.2519288015,"offensive_value":0.2785055625,"defensive_value":-0.0265767609,"count":68},"14":{"player_id":70981,"player_name":"Lucas Tousart","vaep_value":0.0506557011,"offensive_value":0.0488039241,"defensive_value":0.001851777,"count":22},"15":{"player_id":116345,"player_name":"Nordi Mukiele Mulere","vaep_value":0.0670588799,"offensive_value":0.0398912894,"defensive_value":0.0271675905,"count":40},"16":{"player_id":142755,"player_name":"Salomon Junior Sambia","vaep_value":0.0474338422,"offensive_value":0.0550327388,"defensive_value":-0.0075988966,"count":38},"17":{"player_id":143189,"player_name":"Ruben Aguilar","vaep_value":0.0004622228,"offensive_value":0.0132771605,"defensive_value":-0.0128149376,"count":25},"18":{"player_id":228946,"player_name":"Facundo Juli\u00e1n P\u00edriz Gonz\u00e1lez","vaep_value":0.0392334687,"offensive_value":0.0315679938,"defensive_value":0.0076654749,"count":56},"19":{"player_id":276979,"player_name":"Ferland Mendy","vaep_value":-0.0907102749,"offensive_value":-0.019274969,"defensive_value":-0.0714353059,"count":61},"20":{"player_id":276983,"player_name":"Houssem Aouar","vaep_value":-0.0473120017,"offensive_value":-0.0410531629,"defensive_value":-0.0062588388,"count":7},"21":{"player_id":292654,"player_name":"Ferland Mendy","vaep_value":0.1131996296,"offensive_value":0.0731128895,"defensive_value":0.04008674,"count":77},"22":{"player_id":294695,"player_name":"Marcelo Ant\u00f4nio Guedes Filho","vaep_value":0.151806743,"offensive_value":0.0975812995,"defensive_value":0.0542254435,"count":54},"23":{"player_id":335763,"player_name":"Kenny Tete","vaep_value":0.0360463437,"offensive_value":0.0961686406,"defensive_value":-0.0601222969,"count":58},"24":{"player_id":341973,"player_name":"Tanguy Ndomb\u00e8l\u00e9 Alvaro","vaep_value":0.0350948725,"offensive_value":0.049824483,"defensive_value":-0.0147296105,"count":41},"25":{"player_id":342743,"player_name":"Memphis Depay","vaep_value":0.0824677472,"offensive_value":0.0421458074,"defensive_value":0.0403219397,"count":60},"26":{"player_id":397046,"player_name":"Houssem Aouar","vaep_value":-0.1289017753,"offensive_value":-0.1297979835,"defensive_value":0.0008962082,"count":76},"27":{"player_id":449985,"player_name":"Ferland Mendy","vaep_value":0.0218671917,"offensive_value":-0.0273562523,"defensive_value":0.049223444,"count":11},"28":{"player_id":477744,"player_name":"Nordi Mukiele Mulere","vaep_value":-0.1021356941,"offensive_value":-0.0623540753,"defensive_value":-0.0397816189,"count":12}}