{"0":{"player_id":0,"player_name":"Bobby Shou Wood","vaep_value":0.0163248404,"offensive_value":0.0219351597,"defensive_value":-0.0056103193,"count":4},"1":{"player_id":14706,"player_name":"M\u00ebrgim Mavraj","vaep_value":0.4185306937,"offensive_value":0.320207631,"defensive_value":0.0983230627,"count":41},"2":{"player_id":14734,"player_name":"Robin Koch","vaep_value":-0.2853292892,"offensive_value":-0.259285797,"defensive_value":-0.0260434921,"count":39},"3":{"player_id":14749,"player_name":"Alexander Schwolow","vaep_value":0.1280985065,"offensive_value":0.0851532056,"defensive_value":0.0429453009,"count":50},"4":{"player_id":14857,"player_name":"Kyriakos Papadopoulos","vaep_value":0.2591579953,"offensive_value":0.1432048237,"defensive_value":0.1159531716,"count":69},"5":{"player_id":14888,"player_name":"Pascal Stenzel","vaep_value":0.2979552692,"offensive_value":0.2320757428,"defensive_value":0.0658795264,"count":45},"6":{"player_id":14998,"player_name":"Yoric Ravet","vaep_value":0.4863253254,"offensive_value":0.4731724899,"defensive_value":0.0131528354,"count":59},"7":{"player_id":15232,"player_name":"Pascal Stenzel","vaep_value":0.11288703,"offensive_value":-0.0298013289,"defensive_value":0.1426883589,"count":39},"8":{"player_id":15430,"player_name":"Nicolas H\u00f6fler","vaep_value":0.1545416305,"offensive_value":0.0896921292,"defensive_value":0.0648495014,"count":55},"9":{"player_id":15449,"player_name":"Robin Koch","vaep_value":0.0850701449,"offensive_value":0.0497349675,"defensive_value":0.0353351774,"count":47},"10":{"player_id":15487,"player_name":"Alexander Schwolow","vaep_value":0.1215169019,"offensive_value":-0.055652249,"defensive_value":0.1771691509,"count":83},"11":{"player_id":15533,"player_name":"Dennis Diekmeier","vaep_value":-0.2156740241,"offensive_value":-0.2113961598,"defensive_value":-0.0042778642,"count":30},"12":{"player_id":15877,"player_name":"Nicolas H\u00f6fler","vaep_value":0.0276589619,"offensive_value":0.0039016262,"defensive_value":0.0237573357,"count":2},"13":{"player_id":18704,"player_name":"Janik Haberer","vaep_value":0.0681285975,"offensive_value":0.1800194371,"defensive_value":-0.1118908396,"count":40},"14":{"player_id":19525,"player_name":"Pascal Stenzel","vaep_value":0.2059284687,"offensive_value":0.2772107557,"defensive_value":-0.071282287,"count":39},"15":{"player_id":25871,"player_name":"Pascal Stenzel","vaep_value":0.187897997,"offensive_value":0.1928250918,"defensive_value":-0.0049270948,"count":51},"16":{"player_id":127796,"player_name":"Caglar S\u00f6y\u00fcnc\u00fc","vaep_value":0.1072390499,"offensive_value":0.1129782037,"defensive_value":-0.0057391538,"count":42},"17":{"player_id":143566,"player_name":"Julian Schuster","vaep_value":0.2805881504,"offensive_value":0.1479772617,"defensive_value":0.1326108887,"count":57},"18":{"player_id":216074,"player_name":"Robin Koch","vaep_value":0.4689708712,"offensive_value":0.3882619205,"defensive_value":0.0807089506,"count":73},"19":{"player_id":228765,"player_name":"M\u00ebrgim Mavraj","vaep_value":0.0086030927,"offensive_value":0.0081201899,"defensive_value":0.0004829029,"count":2},"20":{"player_id":241966,"player_name":"Gotoku Sakai","vaep_value":-0.0949642346,"offensive_value":-0.1155171588,"defensive_value":0.0205529241,"count":38},"21":{"player_id":269490,"player_name":"Bobby Shou Wood","vaep_value":-0.0255641222,"offensive_value":-0.0200039782,"defensive_value":-0.0055601441,"count":9},"22":{"player_id":272378,"player_name":"Bobby Shou Wood","vaep_value":0.1131356056,"offensive_value":0.1314822986,"defensive_value":-0.018346693,"count":65},"23":{"player_id":327009,"player_name":null,"vaep_value":-0.0226414594,"offensive_value":-0.0053482065,"defensive_value":-0.0172932529,"count":9},"24":{"player_id":336829,"player_name":"Caglar S\u00f6y\u00fcnc\u00fc","vaep_value":0.2330114531,"offensive_value":0.1724050259,"defensive_value":0.0606064271,"count":53},"25":{"player_id":344864,"player_name":"Julian Schuster","vaep_value":0.1426667687,"offensive_value":0.1221726207,"defensive_value":0.020494148,"count":66},"26":{"player_id":491365,"player_name":"Pascal Stenzel","vaep_value":-0.1660477475,"offensive_value":-0.1383809603,"defensive_value":-0.0276667872,"count":21}}