{"0":{"player_id":0,"player_name":"Jannik Vestergaard","vaep_value":0.0331960935,"offensive_value":0.0268740174,"defensive_value":0.0063220761,"count":5},"1":{"player_id":14687,"player_name":"Denis Lemi Zakaria Lako Lado","vaep_value":0.3165522333,"offensive_value":0.1386593893,"defensive_value":0.177892844,"count":49},"2":{"player_id":14770,"player_name":"Denis Lemi Zakaria Lako Lado","vaep_value":-0.0249904794,"offensive_value":0.0092735901,"defensive_value":-0.0342640695,"count":52},"3":{"player_id":14778,"player_name":"Lars Stindl","vaep_value":-0.0194944965,"offensive_value":-0.0019968939,"defensive_value":-0.0174976026,"count":2},"4":{"player_id":14789,"player_name":"Christoph Kramer","vaep_value":0.2322220178,"offensive_value":0.162596382,"defensive_value":0.0696256359,"count":51},"5":{"player_id":14798,"player_name":"Jannik Vestergaard","vaep_value":0.1704985527,"offensive_value":0.1058666396,"defensive_value":0.0646319131,"count":73},"6":{"player_id":14806,"player_name":"Matthias Ginter","vaep_value":0.0105656198,"offensive_value":-0.0087481039,"defensive_value":0.0193137238,"count":51},"7":{"player_id":14838,"player_name":"Ra\u00fal Marcelo Bobadilla","vaep_value":0.1637095325,"offensive_value":0.1141247343,"defensive_value":0.0495847982,"count":73},"8":{"player_id":14991,"player_name":"Lars Stindl","vaep_value":0.2399319699,"offensive_value":0.1794664465,"defensive_value":0.0604655234,"count":74},"9":{"player_id":15018,"player_name":"Christoph Kramer","vaep_value":0.0928362205,"offensive_value":0.109091796,"defensive_value":-0.0162555755,"count":12},"10":{"player_id":15024,"player_name":"Reece Oxford","vaep_value":0.9498157738,"offensive_value":0.9543039447,"defensive_value":-0.0044881708,"count":54},"11":{"player_id":15051,"player_name":"Thorgan Hazard","vaep_value":-0.0543648741,"offensive_value":-0.0475218401,"defensive_value":-0.0068430341,"count":82},"12":{"player_id":15806,"player_name":"Lars Stindl","vaep_value":0.1886381238,"offensive_value":0.1631670509,"defensive_value":0.0254710729,"count":48},"13":{"player_id":18591,"player_name":"Andr\u00e9 Sch\u00fcrrle","vaep_value":0.1036617905,"offensive_value":0.0804150262,"defensive_value":0.0232467643,"count":41},"14":{"player_id":25622,"player_name":"Reece Oxford","vaep_value":0.3201807049,"offensive_value":0.3921934872,"defensive_value":-0.0720127823,"count":86},"15":{"player_id":38093,"player_name":"Mario G\u00f6tze","vaep_value":-0.1187477678,"offensive_value":-0.0256518645,"defensive_value":-0.0930959033,"count":36},"16":{"player_id":49855,"player_name":"Thorgan Hazard","vaep_value":0.1022106087,"offensive_value":0.0490647783,"defensive_value":0.0531458304,"count":38},"17":{"player_id":49907,"player_name":"Lars Stindl","vaep_value":-0.0280184499,"offensive_value":-0.0238781041,"defensive_value":-0.0041403458,"count":41},"18":{"player_id":49968,"player_name":"Thorgan Hazard","vaep_value":0.1680833105,"offensive_value":0.2140925762,"defensive_value":-0.0460092657,"count":58},"19":{"player_id":50023,"player_name":"Thorgan Hazard","vaep_value":-0.0941790401,"offensive_value":-0.0876806946,"defensive_value":-0.0064983454,"count":6},"20":{"player_id":149389,"player_name":"Julian Weigl","vaep_value":0.089217184,"offensive_value":0.1289272311,"defensive_value":-0.0397100471,"count":47},"21":{"player_id":224677,"player_name":"Mario G\u00f6tze","vaep_value":0.10426077,"offensive_value":0.0319411008,"defensive_value":0.0723196692,"count":50},"22":{"player_id":236528,"player_name":"Gonzalo Castro Randon","vaep_value":0.1506799455,"offensive_value":0.0875393087,"defensive_value":0.0631406368,"count":64},"23":{"player_id":272363,"player_name":"Thorgan Hazard","vaep_value":0.0072212247,"offensive_value":0.0014737351,"defensive_value":0.0057474896,"count":8},"24":{"player_id":297957,"player_name":"Michy Batshuayi Tunga","vaep_value":0.0616441326,"offensive_value":-0.010908454,"defensive_value":0.0725525866,"count":56},"25":{"player_id":340476,"player_name":"Thorgan Hazard","vaep_value":0.0733815327,"offensive_value":0.1615831329,"defensive_value":-0.0882016002,"count":83},"26":{"player_id":360992,"player_name":"Manuel Akanji","vaep_value":0.184545762,"offensive_value":0.0860498422,"defensive_value":0.0984959198,"count":48},"27":{"player_id":391530,"player_name":"Nico Elvedi","vaep_value":-0.0149789504,"offensive_value":-0.0071228782,"defensive_value":-0.0078560722,"count":11},"28":{"player_id":404219,"player_name":"Matthias Ginter","vaep_value":-0.033819368,"offensive_value":-0.0368233662,"defensive_value":0.0030039982,"count":13}}