{"0":{"player_id":0,"player_name":"Diego Alejandro Rol\u00e1n Silva","vaep_value":0.0071471218,"offensive_value":0.0705613187,"defensive_value":-0.0634141968,"count":15},"1":{"player_id":254,"player_name":"Jos\u00e9 Luis Garc\u00eda del Pozo","vaep_value":0.1252849848,"offensive_value":0.1038186012,"defensive_value":0.0214663836,"count":62},"2":{"player_id":3309,"player_name":"Roberto Jos\u00e9 Rosales Altuve","vaep_value":0.2935727057,"offensive_value":0.2544908146,"defensive_value":0.0390818911,"count":68},"3":{"player_id":3310,"player_name":"Sergio Gont\u00e1n Gallardo","vaep_value":0.185604045,"offensive_value":0.1669335694,"defensive_value":0.0186704756,"count":101},"4":{"player_id":3321,"player_name":"Adalberto Pe\u00f1aranda Maestre","vaep_value":0.7670314201,"offensive_value":0.7974259102,"defensive_value":-0.0303944902,"count":32},"5":{"player_id":3322,"player_name":"Marcelo Vieira da Silva J\u00fanior","vaep_value":0.1363857929,"offensive_value":0.1268251651,"defensive_value":0.0095606278,"count":48},"6":{"player_id":3563,"player_name":"Francisco Rom\u00e1n Alarc\u00f3n Su\u00e1rez","vaep_value":0.0097399678,"offensive_value":-0.0050090929,"defensive_value":0.0147490607,"count":58},"7":{"player_id":3568,"player_name":"Sergio Gont\u00e1n Gallardo","vaep_value":0.2405059712,"offensive_value":0.2477552855,"defensive_value":-0.0072493142,"count":61},"8":{"player_id":3645,"player_name":"Adalberto Pe\u00f1aranda Maestre","vaep_value":0.9583214975,"offensive_value":0.890863701,"defensive_value":0.0674577965,"count":52},"9":{"player_id":3705,"player_name":"Jes\u00fas Vallejo L\u00e1zaro","vaep_value":0.0111579228,"offensive_value":0.0229466185,"defensive_value":-0.0117886957,"count":54},"10":{"player_id":3719,"player_name":"Jes\u00fas Vallejo L\u00e1zaro","vaep_value":0.2297447221,"offensive_value":0.14949415,"defensive_value":0.0802505722,"count":41},"11":{"player_id":3735,"player_name":"Sergio Gont\u00e1n Gallardo","vaep_value":0.1480776812,"offensive_value":0.0406050051,"defensive_value":0.1074726761,"count":20},"12":{"player_id":3785,"player_name":"Francisco Casilla Cort\u00e9s","vaep_value":0.1463999862,"offensive_value":0.1406575236,"defensive_value":0.0057424626,"count":25},"13":{"player_id":3875,"player_name":"Marcelo Vieira da Silva J\u00fanior","vaep_value":0.0099002579,"offensive_value":-0.0034953183,"defensive_value":0.0133955763,"count":9},"14":{"player_id":4498,"player_name":"Luis Hern\u00e1ndez Rodr\u00edguez","vaep_value":0.1123781507,"offensive_value":0.1039154812,"defensive_value":0.0084626695,"count":58},"15":{"player_id":4501,"player_name":"Luis Hern\u00e1ndez Rodr\u00edguez","vaep_value":0.1935696533,"offensive_value":0.2037997781,"defensive_value":-0.0102301248,"count":94},"16":{"player_id":5472,"player_name":"Carlos Henrique Casimiro","vaep_value":-0.0400941491,"offensive_value":0.0741917996,"defensive_value":-0.1142859487,"count":45},"17":{"player_id":5791,"player_name":null,"vaep_value":0.04594012,"offensive_value":0.0509016141,"defensive_value":-0.0049614941,"count":12},"18":{"player_id":8287,"player_name":"Jes\u00fas Vallejo L\u00e1zaro","vaep_value":0.1129902106,"offensive_value":0.1029189294,"defensive_value":0.0100712812,"count":26},"19":{"player_id":14723,"player_name":"Francisco Rom\u00e1n Alarc\u00f3n Su\u00e1rez","vaep_value":0.505917631,"offensive_value":0.4603314543,"defensive_value":0.0455861767,"count":79},"20":{"player_id":21894,"player_name":"Lucas V\u00e1zquez Iglesias","vaep_value":0.363201895,"offensive_value":0.3850594874,"defensive_value":-0.0218575924,"count":36},"21":{"player_id":26332,"player_name":"Daniel Carvajal Ramos","vaep_value":0.0513436834,"offensive_value":0.0260365414,"defensive_value":0.0253071419,"count":27},"22":{"player_id":40756,"player_name":"Karim Benzema","vaep_value":0.9428197365,"offensive_value":0.8887943525,"defensive_value":0.054025384,"count":58},"23":{"player_id":116283,"player_name":"Daniel Carvajal Ramos","vaep_value":0.7031221527,"offensive_value":0.7009708218,"defensive_value":0.0021513309,"count":38},"24":{"player_id":247169,"player_name":"Carlos Henrique Casimiro","vaep_value":-0.0166365865,"offensive_value":0.0066605266,"defensive_value":-0.0232971131,"count":35},"25":{"player_id":259946,"player_name":"Toni Kroos","vaep_value":-0.0579810037,"offensive_value":-0.0865825788,"defensive_value":0.0286015752,"count":29},"26":{"player_id":282441,"player_name":"Cristiano Ronaldo dos Santos Aveiro","vaep_value":0.2069270697,"offensive_value":0.1675361935,"defensive_value":0.0393908762,"count":63},"27":{"player_id":344120,"player_name":"Toni Kroos","vaep_value":0.0059914875,"offensive_value":0.0045024808,"defensive_value":0.0014890067,"count":2},"28":{"player_id":344132,"player_name":"Marcelo Vieira da Silva J\u00fanior","vaep_value":-0.0620194492,"offensive_value":-0.0415773494,"defensive_value":-0.0204420998,"count":7}}