{"0":{"player_id":0,"player_name":"Carlos Joaqu\u00edn Correa","vaep_value":-0.0513558227,"offensive_value":-0.0109218138,"defensive_value":-0.0404340089,"count":4},"1":{"player_id":254,"player_name":"Michael Krohn-Dehli","vaep_value":-0.1861227966,"offensive_value":0.1761801773,"defensive_value":-0.3623029739,"count":58},"2":{"player_id":3280,"player_name":"Sergio Escudero Palomo","vaep_value":0.6242357687,"offensive_value":0.337865799,"defensive_value":0.2863699697,"count":40},"3":{"player_id":3474,"player_name":"Guido Hern\u00e1n Pizarro","vaep_value":0.036889692,"offensive_value":0.0489843851,"defensive_value":-0.0120946931,"count":59},"4":{"player_id":3568,"player_name":"Cl\u00e9ment Lenglet","vaep_value":0.3386686937,"offensive_value":0.2511795281,"defensive_value":0.0874891656,"count":61},"5":{"player_id":3705,"player_name":"Sergio Escudero Palomo","vaep_value":-0.0222115615,"offensive_value":-0.0225019556,"defensive_value":0.0002903942,"count":30},"6":{"player_id":3719,"player_name":"Luis Fernando Muriel Fruto","vaep_value":0.1218121231,"offensive_value":0.1638461228,"defensive_value":-0.0420339997,"count":45},"7":{"player_id":3735,"player_name":"Luis Fernando Muriel Fruto","vaep_value":0.1398267368,"offensive_value":0.1265066222,"defensive_value":0.0133201146,"count":49},"8":{"player_id":4003,"player_name":"Federico Ricca Rostagnol","vaep_value":0.0186042684,"offensive_value":0.0414446244,"defensive_value":-0.022840356,"count":37},"9":{"player_id":5791,"player_name":"Guido Hern\u00e1n Pizarro","vaep_value":0.0654449675,"offensive_value":0.0448728039,"defensive_value":0.0205721636,"count":38},"10":{"player_id":8200,"player_name":"Federico Ricca Rostagnol","vaep_value":0.0578493775,"offensive_value":0.0150621531,"defensive_value":0.0427872244,"count":9},"11":{"player_id":14852,"player_name":null,"vaep_value":0.2467570569,"offensive_value":0.2001555278,"defensive_value":0.0466015291,"count":87},"12":{"player_id":20433,"player_name":"Jes\u00fas Navas Gonz\u00e1lez","vaep_value":-0.3541936383,"offensive_value":0.0799153903,"defensive_value":-0.4341090287,"count":67},"13":{"player_id":20764,"player_name":"Roberto Jim\u00e9nez Gago","vaep_value":0.8659903409,"offensive_value":0.870083452,"defensive_value":-0.004093111,"count":38},"14":{"player_id":20823,"player_name":"Jes\u00fas Navas Gonz\u00e1lez","vaep_value":-0.2013125487,"offensive_value":-0.1876247432,"defensive_value":-0.0136878055,"count":30},"15":{"player_id":21894,"player_name":"Luis Fernando Muriel Fruto","vaep_value":0.0273674494,"offensive_value":0.0163087666,"defensive_value":0.0110586828,"count":13},"16":{"player_id":26332,"player_name":"Luis Fernando Muriel Fruto","vaep_value":0.2805605166,"offensive_value":0.0553302637,"defensive_value":0.225230253,"count":45},"17":{"player_id":56025,"player_name":"Adri\u00e1n  Gonz\u00e1lez Morales","vaep_value":0.3629956847,"offensive_value":0.3185199053,"defensive_value":0.0444757794,"count":75},"18":{"player_id":70125,"player_name":"Jos\u00e9 Luis Garc\u00eda del Pozo","vaep_value":0.018065881,"offensive_value":0.013768028,"defensive_value":0.004297853,"count":8},"19":{"player_id":86220,"player_name":"Federico Ricca Rostagnol","vaep_value":0.1735628403,"offensive_value":0.0515267324,"defensive_value":0.1220361079,"count":79},"20":{"player_id":86828,"player_name":"Diego Alejandro Rol\u00e1n Silva","vaep_value":0.1136876041,"offensive_value":0.0130833329,"defensive_value":0.1006042712,"count":96},"21":{"player_id":116283,"player_name":"Gabriel Iv\u00e1n Mercado","vaep_value":0.0070203327,"offensive_value":0.0291466397,"defensive_value":-0.022126307,"count":27},"22":{"player_id":134503,"player_name":"Guido Hern\u00e1n Pizarro","vaep_value":0.2521336246,"offensive_value":0.1456818801,"defensive_value":0.1064517446,"count":72},"23":{"player_id":207001,"player_name":"Gabriel Iv\u00e1n Mercado","vaep_value":0.2425929697,"offensive_value":0.2446720353,"defensive_value":-0.0020790657,"count":40},"24":{"player_id":259946,"player_name":"Cl\u00e9ment Lenglet","vaep_value":0.0666233817,"offensive_value":0.0529902949,"defensive_value":0.0136330868,"count":11},"25":{"player_id":278007,"player_name":"Sergio Escudero Palomo","vaep_value":-0.0342383565,"offensive_value":0.0054825735,"defensive_value":-0.03972093,"count":12},"26":{"player_id":278320,"player_name":"Cl\u00e9ment Lenglet","vaep_value":0.0331877175,"offensive_value":0.0417852498,"defensive_value":-0.0085975323,"count":25},"27":{"player_id":399673,"player_name":"Simon Thorup Kj\u00e6r","vaep_value":0.0858759444,"offensive_value":0.0597920475,"defensive_value":0.0260838969,"count":25},"28":{"player_id":485383,"player_name":"Gabriel Iv\u00e1n Mercado","vaep_value":0.1028094398,"offensive_value":0.0148834279,"defensive_value":0.0879260119,"count":21}}