{"0":{"player_id":0,"player_name":"Firmin Ndombe Mubele","vaep_value":0.0199060945,"offensive_value":0.0375286511,"defensive_value":-0.0176225565,"count":8},"1":{"player_id":25392,"player_name":"J\u00e9r\u00e9my Gelin","vaep_value":0.191191334,"offensive_value":0.0974194704,"defensive_value":0.0937718636,"count":57},"2":{"player_id":25399,"player_name":"Ernest Seka","vaep_value":-0.043106199,"offensive_value":-0.0695800378,"defensive_value":0.0264738388,"count":12},"3":{"player_id":25406,"player_name":"Dimitri Li\u00e9nard","vaep_value":0.0041233047,"offensive_value":0.0028993422,"defensive_value":0.0012239625,"count":2},"4":{"player_id":25562,"player_name":"J\u00e9r\u00e9my Gelin","vaep_value":-0.0574016233,"offensive_value":-0.0979749222,"defensive_value":0.0405732988,"count":38},"5":{"player_id":25673,"player_name":"J\u00e9r\u00e9my Gelin","vaep_value":0.6287850937,"offensive_value":0.6672018135,"defensive_value":-0.0384167199,"count":35},"6":{"player_id":25826,"player_name":"Hamari Traor\u00e9","vaep_value":0.2817302844,"offensive_value":0.1263586953,"defensive_value":0.1553715891,"count":74},"7":{"player_id":26065,"player_name":"Adrien Hunou","vaep_value":-0.041087312,"offensive_value":-0.0117155748,"defensive_value":-0.0293717373,"count":51},"8":{"player_id":26285,"player_name":"Benjamin Andr\u00e9","vaep_value":0.2009314207,"offensive_value":0.1446520316,"defensive_value":0.0562793891,"count":35},"9":{"player_id":26327,"player_name":"Benjamin Andr\u00e9","vaep_value":0.0612598328,"offensive_value":-0.0075229041,"defensive_value":0.0687827369,"count":9},"10":{"player_id":26498,"player_name":"Adrien Hunou","vaep_value":0.1459746005,"offensive_value":0.2156890451,"defensive_value":-0.0697144447,"count":71},"11":{"player_id":26543,"player_name":"Bingourou Kamara","vaep_value":0.8912551514,"offensive_value":0.8979240819,"defensive_value":-0.0066689305,"count":31},"12":{"player_id":28990,"player_name":"Bakary Kon\u00e9","vaep_value":0.311384801,"offensive_value":0.3417121724,"defensive_value":-0.0303273713,"count":81},"13":{"player_id":29137,"player_name":"Yoann Salmier","vaep_value":-0.0418862551,"offensive_value":-0.0276799649,"defensive_value":-0.0142062902,"count":15},"14":{"player_id":29588,"player_name":"Kenny Lala","vaep_value":0.1814797339,"offensive_value":0.1284802062,"defensive_value":0.0529995277,"count":70},"15":{"player_id":70711,"player_name":"Afonso Mendes Ribeiro Figueiredo","vaep_value":0.0125061821,"offensive_value":0.0256882888,"defensive_value":-0.0131821068,"count":39},"16":{"player_id":82690,"player_name":"Kenny Lala","vaep_value":0.1935593251,"offensive_value":0.1028342298,"defensive_value":0.0907250952,"count":24},"17":{"player_id":141172,"player_name":"Edson Andr\u00e9 Sitoe","vaep_value":0.1089981572,"offensive_value":0.1185680637,"defensive_value":-0.0095699065,"count":51},"18":{"player_id":222761,"player_name":"Kenny Lala","vaep_value":0.3867205475,"offensive_value":0.3733656619,"defensive_value":0.0133548855,"count":72},"19":{"player_id":228963,"player_name":"Jeremy Blayac","vaep_value":0.229809606,"offensive_value":0.250482725,"defensive_value":-0.020673119,"count":90},"20":{"player_id":229124,"player_name":"St\u00e9phane Bahoken","vaep_value":0.9456807213,"offensive_value":0.9743775182,"defensive_value":-0.028696797,"count":45},"21":{"player_id":247162,"player_name":"Tom\u00e1\u0161 Koubek","vaep_value":0.2415306699,"offensive_value":0.136205996,"defensive_value":0.1053246738,"count":26},"22":{"player_id":264989,"player_name":"Dimitri Li\u00e9nard","vaep_value":-0.0543504406,"offensive_value":-0.0495392045,"defensive_value":-0.0048112362,"count":27},"23":{"player_id":278513,"player_name":"Jonas Martin","vaep_value":-0.0188777568,"offensive_value":-0.0137765312,"defensive_value":-0.0051012256,"count":6},"24":{"player_id":301013,"player_name":"Edson Andr\u00e9 Sitoe","vaep_value":0.191830657,"offensive_value":0.0760054883,"defensive_value":0.1158251687,"count":49},"25":{"player_id":301635,"player_name":"Dimitri Li\u00e9nard","vaep_value":0.1249451393,"offensive_value":0.1372643169,"defensive_value":-0.0123191776,"count":34},"26":{"player_id":325781,"player_name":"Anthony Gon\u00e7alves","vaep_value":0.1038889215,"offensive_value":0.0688286994,"defensive_value":0.0350602221,"count":56},"27":{"player_id":339964,"player_name":"Edson Andr\u00e9 Sitoe","vaep_value":0.206310158,"offensive_value":0.1618544646,"defensive_value":0.0444556935,"count":50},"28":{"player_id":412701,"player_name":"Morgan Amalfitano","vaep_value":0.0370733853,"offensive_value":0.0486735017,"defensive_value":-0.0116001164,"count":10}}