{"0":{"player_id":0,"player_name":"Mark Noble","vaep_value":0.0187116644,"offensive_value":0.0501972763,"defensive_value":-0.0314856119,"count":15},"1":{"player_id":3582,"player_name":"Declan Rice","vaep_value":0.0911455429,"offensive_value":0.2334342381,"defensive_value":-0.1422886952,"count":37},"2":{"player_id":7915,"player_name":"Leroy San\u00e9","vaep_value":-0.0381299354,"offensive_value":0.0275107591,"defensive_value":-0.0656406945,"count":29},"3":{"player_id":7941,"player_name":"Fabian Delph","vaep_value":-0.0530471874,"offensive_value":-0.0400589397,"defensive_value":-0.0129882477,"count":7},"4":{"player_id":8277,"player_name":"Angelo Obinze Ogbonna","vaep_value":0.0168570396,"offensive_value":0.0745384754,"defensive_value":-0.0576814357,"count":77},"5":{"player_id":8313,"player_name":"Adri\u00e1n San Miguel del Castillo","vaep_value":0.56759359,"offensive_value":0.1332196309,"defensive_value":0.4343739591,"count":42},"6":{"player_id":8324,"player_name":"Aaron Cresswell","vaep_value":0.1741872589,"offensive_value":0.1552947257,"defensive_value":0.0188925332,"count":59},"7":{"player_id":8464,"player_name":"Kyle Walker","vaep_value":0.1706585675,"offensive_value":0.1507880702,"defensive_value":0.0198704973,"count":114},"8":{"player_id":8561,"player_name":"Nicol\u00e1s Hern\u00e1n Otamendi","vaep_value":0.1769799876,"offensive_value":0.1674976946,"defensive_value":0.009482293,"count":49},"9":{"player_id":8582,"player_name":"Kyle Walker","vaep_value":0.8579519407,"offensive_value":0.9590920785,"defensive_value":-0.1011401378,"count":49},"10":{"player_id":11066,"player_name":"Nicol\u00e1s Hern\u00e1n Otamendi","vaep_value":-0.5729160813,"offensive_value":-0.5640492266,"defensive_value":-0.0088668547,"count":71},"11":{"player_id":14703,"player_name":"Fernando Luiz Rosa","vaep_value":0.1239479874,"offensive_value":0.1378601458,"defensive_value":-0.0139121583,"count":27},"12":{"player_id":14808,"player_name":"Ederson Santana de Moraes","vaep_value":-0.2844113982,"offensive_value":-0.1713367363,"defensive_value":-0.1130746619,"count":73},"13":{"player_id":21100,"player_name":"\u0130lkay G\u00fcndo\u011fan","vaep_value":0.1412028838,"offensive_value":0.0835830672,"defensive_value":0.0576198166,"count":41},"14":{"player_id":26499,"player_name":"Fabian Delph","vaep_value":0.0120369885,"offensive_value":0.0150971431,"defensive_value":-0.0030601546,"count":12},"15":{"player_id":37725,"player_name":"Fabian Delph","vaep_value":0.0028454772,"offensive_value":-0.0270788228,"defensive_value":0.0299243,"count":29},"16":{"player_id":38021,"player_name":"Kevin De Bruyne","vaep_value":0.0838807597,"offensive_value":0.1043175768,"defensive_value":-0.0204368171,"count":150},"17":{"player_id":41174,"player_name":"Leroy San\u00e9","vaep_value":0.1369149444,"offensive_value":0.1467270177,"defensive_value":-0.0098120733,"count":35},"18":{"player_id":70083,"player_name":"Kevin De Bruyne","vaep_value":0.119267005,"offensive_value":0.0933642942,"defensive_value":0.0259027109,"count":30},"19":{"player_id":70086,"player_name":"Kyle Walker","vaep_value":0.3382087104,"offensive_value":0.193940548,"defensive_value":0.1442681624,"count":100},"20":{"player_id":70965,"player_name":"Adri\u00e1n San Miguel del Castillo","vaep_value":0.0118288709,"offensive_value":0.0201887913,"defensive_value":-0.0083599205,"count":11},"21":{"player_id":71654,"player_name":"Fabian Delph","vaep_value":0.1411394584,"offensive_value":0.0589819516,"defensive_value":0.0821575068,"count":24},"22":{"player_id":105339,"player_name":null,"vaep_value":1.8051104608,"offensive_value":1.7304624685,"defensive_value":0.0746479923,"count":116},"23":{"player_id":134502,"player_name":"Ederson Santana de Moraes","vaep_value":0.5363617526,"offensive_value":0.3882604585,"defensive_value":0.1481012941,"count":112},"24":{"player_id":245364,"player_name":"Kyle Walker","vaep_value":0.928627305,"offensive_value":0.8919522356,"defensive_value":0.0366750694,"count":76},"25":{"player_id":265318,"player_name":"Fernando Luiz Rosa","vaep_value":0.0584034427,"offensive_value":0.0507256275,"defensive_value":0.0076778153,"count":15},"26":{"player_id":340386,"player_name":"Kyle Walker","vaep_value":0.6557092116,"offensive_value":0.6540382444,"defensive_value":0.0016709672,"count":39},"27":{"player_id":353241,"player_name":"\u0130lkay G\u00fcndo\u011fan","vaep_value":-0.0095740191,"offensive_value":-0.0087290322,"defensive_value":-0.0008449869,"count":2},"28":{"player_id":379209,"player_name":"Kyle Walker","vaep_value":0.1109514022,"offensive_value":0.0105956246,"defensive_value":0.1003557777,"count":38}}