{"0":{"player_id":3305,"player_name":"Andr\u00e9 Miguel Valente Silva","vaep_value":0.0281339348,"offensive_value":0.0704549722,"defensive_value":-0.0423210374,"count":60},"1":{"player_id":3322,"player_name":"William Silva de Carvalho","vaep_value":-0.5751776679,"offensive_value":-0.4149114375,"defensive_value":-0.1602662304,"count":48},"2":{"player_id":8126,"player_name":"C\u00e9dric Ricardo Alves Soares","vaep_value":0.1705109986,"offensive_value":0.1488518121,"defensive_value":0.0216591865,"count":79},"3":{"player_id":28907,"player_name":"Kl\u00e9per Laveran Lima Ferreira","vaep_value":0.0403317189,"offensive_value":0.0272590038,"defensive_value":0.013072715,"count":87},"4":{"player_id":32597,"player_name":"Jos\u00e9 Miguel da Rocha Fonte","vaep_value":0.7144231766,"offensive_value":0.7548634779,"defensive_value":-0.0404403014,"count":54},"5":{"player_id":37762,"player_name":"William Silva de Carvalho","vaep_value":0.40224443,"offensive_value":0.2760865901,"defensive_value":0.1261578399,"count":95},"6":{"player_id":53562,"player_name":"Kl\u00e9per Laveran Lima Ferreira","vaep_value":0.0198010841,"offensive_value":0.0218756527,"defensive_value":-0.0020745686,"count":7},"7":{"player_id":70093,"player_name":"Kl\u00e9per Laveran Lima Ferreira","vaep_value":0.0182143003,"offensive_value":0.0084947525,"defensive_value":0.0097195478,"count":2},"8":{"player_id":70134,"player_name":"Ramin Rezaeian","vaep_value":0.0503916863,"offensive_value":0.0452262973,"defensive_value":0.0051653889,"count":24},"9":{"player_id":70389,"player_name":"Omid Ebrahimi","vaep_value":-0.5233907878,"offensive_value":0.2016216604,"defensive_value":-0.7250124482,"count":86},"10":{"player_id":70403,"player_name":"Omid Ebrahimi","vaep_value":0.3423770106,"offensive_value":0.3394154679,"defensive_value":0.0029615427,"count":111},"11":{"player_id":70965,"player_name":"William Silva de Carvalho","vaep_value":0.0127323313,"offensive_value":-0.0219820826,"defensive_value":0.034714414,"count":67},"12":{"player_id":78991,"player_name":"Jo\u00e3o M\u00e1rio Naval da Costa Eduardo ","vaep_value":0.1772224882,"offensive_value":0.1557444142,"defensive_value":0.021478074,"count":33},"13":{"player_id":79006,"player_name":"Rapha\u00ebl Adelino Jos\u00e9 Guerreiro","vaep_value":0.0384039085,"offensive_value":0.0759911503,"defensive_value":-0.0375872419,"count":26},"14":{"player_id":79098,"player_name":"William Silva de Carvalho","vaep_value":0.3908215143,"offensive_value":0.416978301,"defensive_value":-0.0261567867,"count":43},"15":{"player_id":79149,"player_name":"Rapha\u00ebl Adelino Jos\u00e9 Guerreiro","vaep_value":0.0943884848,"offensive_value":0.1922570493,"defensive_value":-0.0978685645,"count":5},"16":{"player_id":79248,"player_name":"Morteza Pouraliganji","vaep_value":0.1220757986,"offensive_value":0.0712635949,"defensive_value":0.0508122037,"count":20},"17":{"player_id":79320,"player_name":"C\u00e9dric Ricardo Alves Soares","vaep_value":-0.1502892894,"offensive_value":-0.1255718652,"defensive_value":-0.0247174242,"count":29},"18":{"player_id":79381,"player_name":"Rui Pedro dos Santos Patr\u00edcio","vaep_value":0.2358063693,"offensive_value":0.2328631017,"defensive_value":0.0029432676,"count":27},"19":{"player_id":79449,"player_name":"William Silva de Carvalho","vaep_value":0.0588827613,"offensive_value":0.0480019246,"defensive_value":0.0108808366,"count":24},"20":{"player_id":135927,"player_name":"Rapha\u00ebl Adelino Jos\u00e9 Guerreiro","vaep_value":-0.0353432052,"offensive_value":-0.0182589174,"defensive_value":-0.0170842878,"count":35},"21":{"player_id":237836,"player_name":"Jo\u00e3o M\u00e1rio Naval da Costa Eduardo ","vaep_value":-0.0000527897,"offensive_value":0.1265194239,"defensive_value":-0.1265722136,"count":28},"22":{"player_id":238031,"player_name":"Jos\u00e9 Miguel da Rocha Fonte","vaep_value":0.1903554595,"offensive_value":-0.0054349804,"defensive_value":0.1957904398,"count":28},"23":{"player_id":241647,"player_name":"Kl\u00e9per Laveran Lima Ferreira","vaep_value":-0.2503003161,"offensive_value":-0.1112172331,"defensive_value":-0.139083083,"count":32},"24":{"player_id":265673,"player_name":"Adrien Sebastian Perruchet Silva","vaep_value":0.0533699176,"offensive_value":0.0099349665,"defensive_value":0.0434349511,"count":7},"25":{"player_id":285538,"player_name":"Kl\u00e9per Laveran Lima Ferreira","vaep_value":0.0540839186,"offensive_value":0.0314111345,"defensive_value":0.0226727842,"count":27},"26":{"player_id":333803,"player_name":"Kl\u00e9per Laveran Lima Ferreira","vaep_value":0.0447838733,"offensive_value":0.0108121258,"defensive_value":0.0339717475,"count":11}}