{"0":{"player_id":0,"player_name":"Nicol\u00f2 Barella","vaep_value":0.0528825712,"offensive_value":0.1046102033,"defensive_value":-0.0517276321,"count":14},"1":{"player_id":625,"player_name":"Luca Ceppitelli","vaep_value":0.0973366976,"offensive_value":0.0263387896,"defensive_value":0.070997908,"count":80},"2":{"player_id":20404,"player_name":"Josip Ili\u010di\u0107","vaep_value":0.0096840857,"offensive_value":0.0197194954,"defensive_value":-0.0100354097,"count":33},"3":{"player_id":20472,"player_name":"Paolo Pancrazio Farag\u00f2","vaep_value":-0.0295287196,"offensive_value":-0.0036889765,"defensive_value":-0.0258397431,"count":22},"4":{"player_id":20820,"player_name":"Remo Freuler","vaep_value":-0.03571733,"offensive_value":0.0308958397,"defensive_value":-0.0666131697,"count":82},"5":{"player_id":20850,"player_name":"Remo Freuler","vaep_value":-0.3639555025,"offensive_value":0.0901017109,"defensive_value":-0.4540572134,"count":15},"6":{"player_id":20874,"player_name":"Robin Gosens","vaep_value":-0.0417703479,"offensive_value":-0.0413540117,"defensive_value":-0.0004163361,"count":1},"7":{"player_id":21077,"player_name":"Alejandro Dar\u00edo G\u00f3mez","vaep_value":0.3001828397,"offensive_value":0.3371385177,"defensive_value":-0.036955678,"count":85},"8":{"player_id":21639,"player_name":"Jos\u00e9 Luis Palomino","vaep_value":0.5150873779,"offensive_value":0.9200776715,"defensive_value":-0.4049902937,"count":34},"9":{"player_id":21865,"player_name":"Pierluigi Gollini","vaep_value":-0.0309025218,"offensive_value":-0.0304202549,"defensive_value":-0.0004822669,"count":8},"10":{"player_id":22053,"player_name":"Timothy Castagne","vaep_value":0.0429642403,"offensive_value":0.0060682278,"defensive_value":0.0368960125,"count":5},"11":{"player_id":22732,"player_name":"Josip Ili\u010di\u0107","vaep_value":0.06686417,"offensive_value":0.0259426368,"defensive_value":0.0409215332,"count":38},"12":{"player_id":22933,"player_name":"Luca Ceppitelli","vaep_value":-0.0615913373,"offensive_value":-0.142703798,"defensive_value":0.0811124607,"count":37},"13":{"player_id":23314,"player_name":"Nicol\u00f2 Barella","vaep_value":0.0637051295,"offensive_value":0.0426113801,"defensive_value":0.0210937494,"count":32},"14":{"player_id":49991,"player_name":"Nicol\u00f2 Barella","vaep_value":0.1354832794,"offensive_value":0.0879755996,"defensive_value":0.0475076798,"count":99},"15":{"player_id":50073,"player_name":"Charalampos Lykogiannis","vaep_value":0.0893431064,"offensive_value":0.0581579207,"defensive_value":0.0311851857,"count":27},"16":{"player_id":86366,"player_name":"Leonardo Pavoletti","vaep_value":0.209554621,"offensive_value":0.1462565495,"defensive_value":0.0632980715,"count":81},"17":{"player_id":92900,"player_name":null,"vaep_value":0.2438724685,"offensive_value":0.2407463669,"defensive_value":0.0031261016,"count":43},"18":{"player_id":134413,"player_name":"Jos\u00e9 Luis Palomino","vaep_value":0.0993875845,"offensive_value":0.1759533124,"defensive_value":-0.0765657279,"count":32},"19":{"player_id":220359,"player_name":"Robin Gosens","vaep_value":0.2175829879,"offensive_value":0.1811392793,"defensive_value":0.0364437086,"count":46},"20":{"player_id":263591,"player_name":"Jos\u00e9 Luis Palomino","vaep_value":0.0298371896,"offensive_value":0.0086864636,"defensive_value":0.021150726,"count":26},"21":{"player_id":263803,"player_name":"Pierluigi Gollini","vaep_value":0.1129042668,"offensive_value":0.1414687756,"defensive_value":-0.0285645088,"count":85},"22":{"player_id":264084,"player_name":"Remo Freuler","vaep_value":0.215166038,"offensive_value":0.0568599261,"defensive_value":0.1583061119,"count":32},"23":{"player_id":280419,"player_name":"Remo Freuler","vaep_value":-0.134468862,"offensive_value":-0.1258855005,"defensive_value":-0.0085833615,"count":50},"24":{"player_id":286223,"player_name":"Hans Hateboer","vaep_value":0.2499156152,"offensive_value":0.2740574244,"defensive_value":-0.0241418092,"count":61},"25":{"player_id":288663,"player_name":"Marten de Roon","vaep_value":-0.7039700825,"offensive_value":-0.8195979583,"defensive_value":0.1156278758,"count":82},"26":{"player_id":295176,"player_name":"Josip Ili\u010di\u0107","vaep_value":0.023987736,"offensive_value":0.0099410394,"defensive_value":0.0140466966,"count":33},"27":{"player_id":405597,"player_name":"Mattia Caldara","vaep_value":-0.0026196875,"offensive_value":0.0210768386,"defensive_value":-0.0236965261,"count":69},"28":{"player_id":491409,"player_name":"Robin Gosens","vaep_value":-0.0304180365,"offensive_value":-0.0268800929,"defensive_value":-0.0035379436,"count":2}}