{"0":{"player_id":0,"player_name":"Sergio Duvan C\u00f3rdova Lezama","vaep_value":0.0160001441,"offensive_value":0.0204882242,"defensive_value":-0.0044880802,"count":2},"1":{"player_id":159,"player_name":"Daniel Baier","vaep_value":0.2116279869,"offensive_value":0.1620699228,"defensive_value":0.0495580641,"count":48},"2":{"player_id":3281,"player_name":"Joshua Kimmich","vaep_value":0.1167941551,"offensive_value":0.0940341537,"defensive_value":0.0227600014,"count":48},"3":{"player_id":3416,"player_name":"J\u00e9r\u00f4me Boateng","vaep_value":0.0349202325,"offensive_value":0.0343347113,"defensive_value":0.0005855212,"count":23},"4":{"player_id":14716,"player_name":"Sven Ulreich","vaep_value":0.179340322,"offensive_value":0.221471162,"defensive_value":-0.04213084,"count":63},"5":{"player_id":14718,"player_name":"Michael Gregoritsch","vaep_value":0.0960443152,"offensive_value":0.153862684,"defensive_value":-0.0578183688,"count":98},"6":{"player_id":14726,"player_name":"M\u00e1rcio Rafael Ferreira de Souza","vaep_value":0.000968835,"offensive_value":-0.0053841276,"defensive_value":0.0063529626,"count":8},"7":{"player_id":14727,"player_name":"Niklas S\u00fcle","vaep_value":1.2004303531,"offensive_value":1.211266818,"defensive_value":-0.0108364649,"count":66},"8":{"player_id":14732,"player_name":"Sven Ulreich","vaep_value":0.013547648,"offensive_value":0.0095076342,"defensive_value":0.0040400138,"count":7},"9":{"player_id":14736,"player_name":"Niklas S\u00fcle","vaep_value":0.195451195,"offensive_value":0.1555244197,"defensive_value":0.0399267753,"count":52},"10":{"player_id":14914,"player_name":"Ja-Cheol Koo","vaep_value":0.0046747891,"offensive_value":0.0671271117,"defensive_value":-0.0624523226,"count":33},"11":{"player_id":14997,"player_name":"M\u00e1rcio Rafael Ferreira de Souza","vaep_value":0.1946588798,"offensive_value":0.1715703265,"defensive_value":0.0230885533,"count":41},"12":{"player_id":15085,"player_name":"Niklas S\u00fcle","vaep_value":0.6573415858,"offensive_value":0.6779469959,"defensive_value":-0.0206054101,"count":29},"13":{"player_id":15777,"player_name":"J\u00e9r\u00f4me Boateng","vaep_value":-0.0279412995,"offensive_value":0.1257155954,"defensive_value":-0.1536568949,"count":41},"14":{"player_id":15781,"player_name":"James David Rodr\u00edguez Rubio","vaep_value":-0.0650674347,"offensive_value":-0.080011889,"defensive_value":0.0149444543,"count":32},"15":{"player_id":15782,"player_name":"Philipp Max","vaep_value":0.0473698578,"offensive_value":-0.0037769955,"defensive_value":0.0511468532,"count":6},"16":{"player_id":15811,"player_name":"Joshua Kimmich","vaep_value":0.0847813315,"offensive_value":0.0553758989,"defensive_value":0.0294054326,"count":76},"17":{"player_id":16432,"player_name":"Daniel Baier","vaep_value":-0.1618477773,"offensive_value":-0.1252962786,"defensive_value":-0.0365514987,"count":26},"18":{"player_id":16826,"player_name":"Daniel Baier","vaep_value":-0.3693705917,"offensive_value":0.0477207145,"defensive_value":-0.4170913062,"count":39},"19":{"player_id":65075,"player_name":"Niklas S\u00fcle","vaep_value":0.1934536315,"offensive_value":0.1264564351,"defensive_value":0.0669971964,"count":45},"20":{"player_id":65180,"player_name":"Martin Hinteregger","vaep_value":-0.007934537,"offensive_value":-0.0083883111,"defensive_value":0.0004537741,"count":37},"21":{"player_id":70096,"player_name":"Arjen Robben","vaep_value":0.7270662516,"offensive_value":0.7347913346,"defensive_value":-0.007725083,"count":68},"22":{"player_id":134383,"player_name":"Joshua Kimmich","vaep_value":0.3182712012,"offensive_value":0.2102284823,"defensive_value":0.108042719,"count":85},"23":{"player_id":209091,"player_name":"Sven Ulreich","vaep_value":1.1407477214,"offensive_value":1.1364337099,"defensive_value":0.0043140115,"count":83},"24":{"player_id":221411,"player_name":"M\u00e1rcio Rafael Ferreira de Souza","vaep_value":0.1291491721,"offensive_value":0.143752106,"defensive_value":-0.0146029339,"count":32},"25":{"player_id":224593,"player_name":"M\u00e1rcio Rafael Ferreira de Souza","vaep_value":0.3125786911,"offensive_value":0.3193429451,"defensive_value":-0.006764254,"count":87},"26":{"player_id":337960,"player_name":"Jeffrey Gouweleeuw","vaep_value":-0.0147489624,"offensive_value":-0.01495317,"defensive_value":0.0002042076,"count":8},"27":{"player_id":354997,"player_name":"M\u00e1rcio Rafael Ferreira de Souza","vaep_value":0.0404444484,"offensive_value":0.0037523394,"defensive_value":0.036692109,"count":22}}