{"0":{"player_id":0,"player_name":"Stephen  Ireland","vaep_value":0.1475888841,"offensive_value":0.1670538861,"defensive_value":-0.019465002,"count":14},"1":{"player_id":134,"player_name":"Darren  Fletcher","vaep_value":0.1133824906,"offensive_value":0.0206625893,"defensive_value":0.0927199012,"count":25},"2":{"player_id":7905,"player_name":"Xherdan Shaqiri","vaep_value":0.8698430167,"offensive_value":0.8819733304,"defensive_value":-0.0121303137,"count":36},"3":{"player_id":7906,"player_name":"Joe Allen","vaep_value":0.0060202852,"offensive_value":-0.0041966293,"defensive_value":0.0102169145,"count":73},"4":{"player_id":7910,"player_name":"Moritz Bauer","vaep_value":0.0982555115,"offensive_value":0.1054436439,"defensive_value":-0.0071881323,"count":31},"5":{"player_id":7918,"player_name":"Peter Crouch","vaep_value":0.1764830723,"offensive_value":0.1890553986,"defensive_value":-0.0125723263,"count":71},"6":{"player_id":7922,"player_name":"Joe Allen","vaep_value":0.1901486598,"offensive_value":0.1031996463,"defensive_value":0.0869490135,"count":60},"7":{"player_id":7932,"player_name":"Darren  Fletcher","vaep_value":0.1847482066,"offensive_value":0.1280012964,"defensive_value":0.0567469102,"count":68},"8":{"player_id":7934,"player_name":"Darren  Fletcher","vaep_value":0.2477941372,"offensive_value":0.2464936991,"defensive_value":0.0013004381,"count":58},"9":{"player_id":7936,"player_name":"Kurt Happy Zouma","vaep_value":0.8567187676,"offensive_value":0.8221012215,"defensive_value":0.034617546,"count":104},"10":{"player_id":7938,"player_name":"Darren  Fletcher","vaep_value":1.4105163695,"offensive_value":1.4191825076,"defensive_value":-0.008666138,"count":89},"11":{"player_id":8017,"player_name":"Kurt Happy Zouma","vaep_value":-0.2085789917,"offensive_value":-0.1646041515,"defensive_value":-0.0439748402,"count":54},"12":{"player_id":8094,"player_name":"Josh Tymon","vaep_value":0.2297425765,"offensive_value":0.068224247,"defensive_value":0.1615183295,"count":34},"13":{"player_id":8135,"player_name":"Darren  Fletcher","vaep_value":0.1099933981,"offensive_value":0.1443524371,"defensive_value":-0.034359039,"count":80},"14":{"player_id":8249,"player_name":"Joe Allen","vaep_value":0.0170743824,"offensive_value":0.0123905472,"defensive_value":0.0046838352,"count":14},"15":{"player_id":8747,"player_name":"Bruno Martins Indi","vaep_value":-0.0843551307,"offensive_value":-0.0875860006,"defensive_value":0.0032308699,"count":21},"16":{"player_id":15054,"player_name":"Luis Antonio Valencia Mosquera","vaep_value":-0.0843932955,"offensive_value":-0.0796753825,"defensive_value":-0.004717913,"count":5},"17":{"player_id":15198,"player_name":"Luis Antonio Valencia Mosquera","vaep_value":0.0723658577,"offensive_value":0.0648533802,"defensive_value":0.0075124775,"count":33},"18":{"player_id":25854,"player_name":"Luis Antonio Valencia Mosquera","vaep_value":-0.0672331814,"offensive_value":0.071112902,"defensive_value":-0.1383460835,"count":45},"19":{"player_id":49872,"player_name":"Luis Antonio Valencia Mosquera","vaep_value":0.1796685846,"offensive_value":0.2272377938,"defensive_value":-0.0475692092,"count":55},"20":{"player_id":49971,"player_name":"Kurt Happy Zouma","vaep_value":0.1898010033,"offensive_value":0.1573039462,"defensive_value":0.0324970571,"count":45},"21":{"player_id":65254,"player_name":"Bruno Martins Indi","vaep_value":0.0470592662,"offensive_value":0.0249632684,"defensive_value":0.0220959978,"count":27},"22":{"player_id":70122,"player_name":"Kurt Happy Zouma","vaep_value":0.0819459878,"offensive_value":0.0442170204,"defensive_value":0.0377289674,"count":89},"23":{"player_id":77548,"player_name":"Peter Crouch","vaep_value":0.1632532218,"offensive_value":0.1297888964,"defensive_value":0.0334643254,"count":63},"24":{"player_id":134513,"player_name":"Nemanja Mati\u0107","vaep_value":0.6124020253,"offensive_value":0.6130778005,"defensive_value":-0.0006757752,"count":66},"25":{"player_id":332605,"player_name":"Phil Jones","vaep_value":-0.0175532139,"offensive_value":0.0070032274,"defensive_value":-0.0245564412,"count":18},"26":{"player_id":397174,"player_name":"Nemanja Mati\u0107","vaep_value":0.0014714639,"offensive_value":0.0008853823,"defensive_value":0.0005860816,"count":7},"27":{"player_id":397178,"player_name":"David de Gea Quintana","vaep_value":-0.495125262,"offensive_value":-0.4806826409,"defensive_value":-0.0144426211,"count":15},"28":{"player_id":415748,"player_name":"Darren  Fletcher","vaep_value":0.0030155003,"offensive_value":0.0054106341,"defensive_value":-0.0023951338,"count":20}}