{"0":{"player_id":0,"player_name":"Sofiane Boufal","vaep_value":0.0617022086,"offensive_value":0.0936411484,"defensive_value":-0.0319389398,"count":14},"1":{"player_id":74,"player_name":"Virgil van Dijk","vaep_value":0.3669796634,"offensive_value":0.3831907401,"defensive_value":-0.0162110768,"count":73},"2":{"player_id":116,"player_name":"Trent Alexander-Arnold","vaep_value":-0.1396804578,"offensive_value":-0.1807720902,"defensive_value":0.0410916324,"count":59},"3":{"player_id":370,"player_name":"Jordan Brian Henderson","vaep_value":0.1855869504,"offensive_value":0.0744794265,"defensive_value":0.1111075239,"count":61},"4":{"player_id":383,"player_name":"Trent Alexander-Arnold","vaep_value":0.1214504927,"offensive_value":0.0463229515,"defensive_value":0.0751275412,"count":28},"5":{"player_id":3802,"player_name":"Wesley Hoedt","vaep_value":1.0302450224,"offensive_value":0.9992944227,"defensive_value":0.0309505998,"count":66},"6":{"player_id":4908,"player_name":"Steven Davis","vaep_value":0.181533145,"offensive_value":0.0699220954,"defensive_value":0.1116110496,"count":78},"7":{"player_id":7868,"player_name":"Oriol Romeu Vidal","vaep_value":0.0559411831,"offensive_value":0.0519209285,"defensive_value":0.0040202545,"count":13},"8":{"player_id":7885,"player_name":"Virgil van Dijk","vaep_value":0.1526511057,"offensive_value":0.1442566321,"defensive_value":0.0083944736,"count":56},"9":{"player_id":7899,"player_name":"C\u00e9dric Ricardo Alves Soares","vaep_value":0.1252867793,"offensive_value":0.0344271729,"defensive_value":0.0908596064,"count":47},"10":{"player_id":7964,"player_name":"Simon Mignolet","vaep_value":0.2002952255,"offensive_value":0.1528257092,"defensive_value":0.0474695163,"count":100},"11":{"player_id":8116,"player_name":"Simon Mignolet","vaep_value":0.0783237964,"offensive_value":-0.0108552087,"defensive_value":0.0891790051,"count":43},"12":{"player_id":8144,"player_name":"Alberto Moreno P\u00e9rez","vaep_value":0.0289199805,"offensive_value":0.0285815365,"defensive_value":0.000338444,"count":12},"13":{"player_id":8319,"player_name":"C\u00e9dric Ricardo Alves Soares","vaep_value":0.0589660206,"offensive_value":0.0513198015,"defensive_value":0.0076462191,"count":14},"14":{"player_id":8384,"player_name":"Sofiane Boufal","vaep_value":0.0127645697,"offensive_value":0.0204513737,"defensive_value":-0.0076868039,"count":21},"15":{"player_id":8514,"player_name":"Sofiane Boufal","vaep_value":0.1778739508,"offensive_value":0.1713846303,"defensive_value":0.0064893205,"count":37},"16":{"player_id":8953,"player_name":"Simon Mignolet","vaep_value":-0.0400766109,"offensive_value":-0.0517106939,"defensive_value":0.011634083,"count":9},"17":{"player_id":15808,"player_name":"Ragnar Klavan","vaep_value":-0.2057491528,"offensive_value":-0.2329942163,"defensive_value":0.0272450635,"count":51},"18":{"player_id":18550,"player_name":"Dejan Lovren","vaep_value":0.0014405929,"offensive_value":0.0057953689,"defensive_value":-0.004354776,"count":22},"19":{"player_id":20857,"player_name":"Ragnar Klavan","vaep_value":0.0193021414,"offensive_value":0.0074810274,"defensive_value":0.011821114,"count":4},"20":{"player_id":25393,"player_name":"Dejan Lovren","vaep_value":0.2770820516,"offensive_value":0.2265905191,"defensive_value":0.0504915325,"count":77},"21":{"player_id":25747,"player_name":"Trent Alexander-Arnold","vaep_value":0.1958244652,"offensive_value":0.2147906836,"defensive_value":-0.0189662183,"count":50},"22":{"player_id":61941,"player_name":"Trent Alexander-Arnold","vaep_value":0.1236674478,"offensive_value":0.0845452446,"defensive_value":0.0391222032,"count":34},"23":{"player_id":61988,"player_name":"Mohamed  Salah Ghaly","vaep_value":0.0780537553,"offensive_value":0.016084159,"defensive_value":0.0619695963,"count":56},"24":{"player_id":70389,"player_name":"Oriol Romeu Vidal","vaep_value":0.131580807,"offensive_value":0.1847171586,"defensive_value":-0.0531363515,"count":61},"25":{"player_id":120353,"player_name":"Fraser Forster","vaep_value":1.9219158159,"offensive_value":1.9554829628,"defensive_value":-0.0335671469,"count":47},"26":{"player_id":215983,"player_name":"Ragnar Klavan","vaep_value":-0.0186555937,"offensive_value":0.017081392,"defensive_value":-0.0357369857,"count":36},"27":{"player_id":268776,"player_name":"Oriol Romeu Vidal","vaep_value":0.2638915331,"offensive_value":0.1479552219,"defensive_value":0.1159363112,"count":57},"28":{"player_id":346101,"player_name":null,"vaep_value":0.1484578212,"offensive_value":0.234238416,"defensive_value":-0.0857805948,"count":63}}