{"0":{"player_id":0,"player_name":"Giuseppe Rossi","vaep_value":0.0238076991,"offensive_value":0.0591061532,"defensive_value":-0.0352984541,"count":9},"1":{"player_id":3548,"player_name":"Miguel Lu\u00eds Pinto Veloso","vaep_value":0.5934739577,"offensive_value":0.600715331,"defensive_value":-0.0072413733,"count":22},"2":{"player_id":20434,"player_name":"Jawad El Yamiq","vaep_value":0.0045013983,"offensive_value":0.0096673105,"defensive_value":-0.0051659122,"count":20},"3":{"player_id":20749,"player_name":"Nicol\u00e1s Federico Spolli","vaep_value":0.1061040721,"offensive_value":0.1071123822,"defensive_value":-0.0010083101,"count":58},"4":{"player_id":21025,"player_name":"Davide Biraschi","vaep_value":0.3262421263,"offensive_value":0.3292658205,"defensive_value":-0.0030236942,"count":43},"5":{"player_id":21072,"player_name":"Aleandro Rosi","vaep_value":0.2065588451,"offensive_value":0.0661577752,"defensive_value":0.1404010699,"count":42},"6":{"player_id":21177,"player_name":"Oscar Hiljemark","vaep_value":0.0367794376,"offensive_value":0.0260596134,"defensive_value":0.0107198241,"count":11},"7":{"player_id":21288,"player_name":"Germ\u00e1n Alejandro Pezzella","vaep_value":0.1430152724,"offensive_value":0.0202532565,"defensive_value":0.1227620159,"count":48},"8":{"player_id":21468,"player_name":"Marco Sportiello","vaep_value":0.1552887171,"offensive_value":0.080161141,"defensive_value":0.0751275761,"count":50},"9":{"player_id":21842,"player_name":"Nicol\u00e1s Federico Spolli","vaep_value":0.1595574471,"offensive_value":0.2318200705,"defensive_value":-0.0722626235,"count":61},"10":{"player_id":21861,"player_name":"Oscar Hiljemark","vaep_value":0.0635020513,"offensive_value":0.0685924185,"defensive_value":-0.0050903672,"count":20},"11":{"player_id":22380,"player_name":"Jawad El Yamiq","vaep_value":1.0221626215,"offensive_value":1.0360504449,"defensive_value":-0.0138878234,"count":54},"12":{"player_id":22381,"player_name":"Darko Lazovi\u0107","vaep_value":0.1696811158,"offensive_value":0.1248393577,"defensive_value":0.0448417581,"count":7},"13":{"player_id":23705,"player_name":"Nicol\u00e1s Federico Spolli","vaep_value":0.0613719019,"offensive_value":0.115058271,"defensive_value":-0.0536863691,"count":32},"14":{"player_id":25541,"player_name":"Davide Biraschi","vaep_value":0.2332961144,"offensive_value":0.1383838196,"defensive_value":0.0949122948,"count":73},"15":{"player_id":26000,"player_name":"Marco Sportiello","vaep_value":0.9382928782,"offensive_value":0.9405126118,"defensive_value":-0.0022197336,"count":10},"16":{"player_id":38532,"player_name":"Jordan Veretout","vaep_value":-0.0021046852,"offensive_value":0.0021563792,"defensive_value":-0.0042610643,"count":1},"17":{"player_id":51145,"player_name":"Milan Badelj","vaep_value":0.7446059765,"offensive_value":0.7505157355,"defensive_value":-0.005909759,"count":56},"18":{"player_id":69400,"player_name":"Germ\u00e1n Alejandro Pezzella","vaep_value":0.2307946029,"offensive_value":0.1302057761,"defensive_value":0.1005888268,"count":55},"19":{"player_id":70974,"player_name":"Nikola Milenkovi\u0107","vaep_value":0.1531291157,"offensive_value":0.1884980593,"defensive_value":-0.0353689436,"count":42},"20":{"player_id":86328,"player_name":"Jordan Veretout","vaep_value":0.1601592202,"offensive_value":0.1583657101,"defensive_value":0.0017935102,"count":77},"21":{"player_id":115933,"player_name":"Oscar Hiljemark","vaep_value":0.4616169665,"offensive_value":0.4679220577,"defensive_value":-0.0063050912,"count":10},"22":{"player_id":127534,"player_name":"Oscar Hiljemark","vaep_value":0.1718922321,"offensive_value":0.224834664,"defensive_value":-0.0529424319,"count":66},"23":{"player_id":149076,"player_name":"Germ\u00e1n Alejandro Pezzella","vaep_value":1.0058525553,"offensive_value":0.9623066432,"defensive_value":0.043545912,"count":27},"24":{"player_id":206318,"player_name":"Giuseppe Rossi","vaep_value":0.2739328339,"offensive_value":0.1536227659,"defensive_value":0.120310068,"count":62},"25":{"player_id":222766,"player_name":"Jordan Veretout","vaep_value":0.0726605288,"offensive_value":0.0534797281,"defensive_value":0.0191808008,"count":42},"26":{"player_id":269152,"player_name":"Marco Benassi","vaep_value":0.1350166643,"offensive_value":0.1429069764,"defensive_value":-0.0078903121,"count":25},"27":{"player_id":413041,"player_name":"Giovanni Pablo Simeone","vaep_value":0.2262216423,"offensive_value":0.0679063327,"defensive_value":0.1583153097,"count":53},"28":{"player_id":424241,"player_name":"Giovanni Pablo Simeone","vaep_value":0.0437462818,"offensive_value":0.0474984142,"defensive_value":-0.0037521324,"count":68},"29":{"player_id":447804,"player_name":"Nicol\u00e1s Federico Spolli","vaep_value":0.2304532171,"offensive_value":0.2239166294,"defensive_value":0.0065365876,"count":48}}