{"0":{"player_id":0,"player_name":"Adem Ljaji\u0107","vaep_value":0.0097481241,"offensive_value":0.023262731,"defensive_value":-0.013514607,"count":3},"1":{"player_id":8148,"player_name":"Arlind Ajeti","vaep_value":0.8414117137,"offensive_value":0.9102617905,"defensive_value":-0.0688500768,"count":74},"2":{"player_id":11156,"player_name":"Adrian Marius Stoian","vaep_value":0.1426560396,"offensive_value":0.125960913,"defensive_value":0.0166951265,"count":25},"3":{"player_id":14745,"player_name":"Nicolas N'Koulou","vaep_value":0.3987692193,"offensive_value":0.3081581751,"defensive_value":0.0906110442,"count":101},"4":{"player_id":14903,"player_name":"Bruno Martella","vaep_value":0.1400744331,"offensive_value":0.11845489,"defensive_value":0.0216195431,"count":65},"5":{"player_id":20516,"player_name":"Adrian Marius Stoian","vaep_value":0.0877955144,"offensive_value":0.0023166046,"defensive_value":0.0854789098,"count":7},"6":{"player_id":20815,"player_name":"Lorenzo De Silvestri","vaep_value":0.2115327957,"offensive_value":0.1996589527,"defensive_value":0.011873843,"count":40},"7":{"player_id":20927,"player_name":"Lorenzo De Silvestri","vaep_value":0.715280793,"offensive_value":0.7155736584,"defensive_value":-0.0002928653,"count":52},"8":{"player_id":20941,"player_name":"Bruno Martella","vaep_value":0.6295291156,"offensive_value":0.6512531984,"defensive_value":-0.0217240828,"count":74},"9":{"player_id":21279,"player_name":"Lorenzo De Silvestri","vaep_value":0.3965969274,"offensive_value":0.0858453012,"defensive_value":0.3107516263,"count":83},"10":{"player_id":21280,"player_name":"Lorenzo De Silvestri","vaep_value":0.2147207932,"offensive_value":0.1319967472,"defensive_value":0.082724046,"count":47},"11":{"player_id":21494,"player_name":"Simeon Tochukwu Nwankwo","vaep_value":0.062332786,"offensive_value":0.1803264819,"defensive_value":-0.1179936959,"count":41},"12":{"player_id":21507,"player_name":"Marcello Trotta","vaep_value":0.3734101632,"offensive_value":0.3123460218,"defensive_value":0.0610641415,"count":90},"13":{"player_id":21528,"player_name":"Adrian Marius Stoian","vaep_value":0.1250745989,"offensive_value":0.0424886728,"defensive_value":0.0825859262,"count":39},"14":{"player_id":21655,"player_name":"Bruno Martella","vaep_value":0.0861375994,"offensive_value":0.0371370886,"defensive_value":0.0490005108,"count":45},"15":{"player_id":22185,"player_name":"Lorenzo De Silvestri","vaep_value":1.3578724422,"offensive_value":1.34231559,"defensive_value":0.0155568522,"count":49},"16":{"player_id":25421,"player_name":"Lorenzo De Silvestri","vaep_value":0.0062477995,"offensive_value":0.0596496215,"defensive_value":-0.053401822,"count":27},"17":{"player_id":25558,"player_name":"Tom\u00e1s Eduardo Rinc\u00f3n Hern\u00e1ndez","vaep_value":0.363312066,"offensive_value":0.0877586204,"defensive_value":0.2755534456,"count":81},"18":{"player_id":25898,"player_name":"Daniele Baselli","vaep_value":-0.0846676775,"offensive_value":-0.0762931345,"defensive_value":-0.008374543,"count":53},"19":{"player_id":49857,"player_name":"M'Baye Babacar Niang","vaep_value":0.1791104899,"offensive_value":0.090853193,"defensive_value":0.0882572969,"count":38},"20":{"player_id":51151,"player_name":"M'Baye Babacar Niang","vaep_value":0.9823721594,"offensive_value":0.9572405766,"defensive_value":0.0251315827,"count":41},"21":{"player_id":72397,"player_name":"M'Baye Babacar Niang","vaep_value":0.0133135348,"offensive_value":0.0037573568,"defensive_value":0.009556178,"count":25},"22":{"player_id":272878,"player_name":"Iago Falqu\u00e9 Silva","vaep_value":0.1124296273,"offensive_value":0.1007674476,"defensive_value":0.0116621797,"count":16},"23":{"player_id":302799,"player_name":"Bruno Martella","vaep_value":-0.1305291633,"offensive_value":-0.1464991131,"defensive_value":0.0159699498,"count":37},"24":{"player_id":334817,"player_name":"Andrea Barberis","vaep_value":-0.0210830166,"offensive_value":-0.0064278503,"defensive_value":-0.0146551663,"count":13},"25":{"player_id":350992,"player_name":"Nicolas N'Koulou","vaep_value":0.0347906654,"offensive_value":0.0467660364,"defensive_value":-0.011975371,"count":39}}