{"0":{"player_id":0,"player_name":"Luca Ceppitelli","vaep_value":-0.004770652,"offensive_value":0.0490062213,"defensive_value":-0.0537768733,"count":16},"1":{"player_id":20448,"player_name":"Luca Cigarini","vaep_value":0.1704991795,"offensive_value":0.0927481336,"defensive_value":0.0777510459,"count":52},"2":{"player_id":20472,"player_name":"Marco Andreolli","vaep_value":0.0488548432,"offensive_value":0.0622795527,"defensive_value":-0.0134247094,"count":56},"3":{"player_id":20503,"player_name":"Thiago Rangel Cionek","vaep_value":-0.2191215656,"offensive_value":-0.1724386895,"defensive_value":-0.0466828761,"count":23},"4":{"player_id":20636,"player_name":"Luca Cigarini","vaep_value":-0.0234522502,"offensive_value":0.057581162,"defensive_value":-0.0810334121,"count":55},"5":{"player_id":20661,"player_name":"Luca Cigarini","vaep_value":-0.0423440782,"offensive_value":-0.0381869338,"defensive_value":-0.0041571443,"count":2},"6":{"player_id":20850,"player_name":"Jo\u00e3o Pedro Geraldino dos Santos Galv\u00e3o","vaep_value":1.3878193836,"offensive_value":1.4072373075,"defensive_value":-0.0194179239,"count":97},"7":{"player_id":20875,"player_name":"Simone Padoin","vaep_value":0.1002461369,"offensive_value":0.1005534492,"defensive_value":-0.0003073124,"count":4},"8":{"player_id":20911,"player_name":"Simone Padoin","vaep_value":0.1967293473,"offensive_value":0.1987292024,"defensive_value":-0.001999855,"count":13},"9":{"player_id":20928,"player_name":"Simone Padoin","vaep_value":0.0915301605,"offensive_value":0.0493174816,"defensive_value":0.0422126789,"count":72},"10":{"player_id":21114,"player_name":"Jasmin Kurti\u010d","vaep_value":0.0047226762,"offensive_value":-0.002650328,"defensive_value":0.0073730042,"count":27},"11":{"player_id":21620,"player_name":"Simone Padoin","vaep_value":0.0336013086,"offensive_value":0.0538877314,"defensive_value":-0.0202864228,"count":63},"12":{"player_id":21639,"player_name":"Diego da Silva Farias","vaep_value":0.0632314732,"offensive_value":0.0469371505,"defensive_value":0.0162943227,"count":41},"13":{"player_id":21865,"player_name":"Diego da Silva Farias","vaep_value":0.9267860557,"offensive_value":0.8782276688,"defensive_value":0.0485583869,"count":14},"14":{"player_id":22933,"player_name":"Diego da Silva Farias","vaep_value":0.0018029502,"offensive_value":0.0112037818,"defensive_value":-0.0094008317,"count":31},"15":{"player_id":23314,"player_name":"Jo\u00e3o Pedro Geraldino dos Santos Galv\u00e3o","vaep_value":0.1610207174,"offensive_value":0.1756871936,"defensive_value":-0.0146664763,"count":47},"16":{"player_id":40538,"player_name":"Alex Meret","vaep_value":0.1342710273,"offensive_value":0.1318167854,"defensive_value":0.0024542419,"count":61},"17":{"player_id":50073,"player_name":"Thiago Rangel Cionek","vaep_value":-0.2938792538,"offensive_value":-0.2930592007,"defensive_value":-0.000820053,"count":5},"18":{"player_id":99661,"player_name":"Thiago Rangel Cionek","vaep_value":0.5409586112,"offensive_value":0.2681843282,"defensive_value":0.272774283,"count":93},"19":{"player_id":116171,"player_name":"Luca Cigarini","vaep_value":0.0064035588,"offensive_value":-0.0145782405,"defensive_value":0.0209817993,"count":48},"20":{"player_id":134413,"player_name":"Diego da Silva Farias","vaep_value":0.0685120972,"offensive_value":0.1720655649,"defensive_value":-0.1035534677,"count":30},"21":{"player_id":134420,"player_name":"Federico Viviani","vaep_value":0.0773981532,"offensive_value":0.0798746208,"defensive_value":-0.0024764676,"count":25},"22":{"player_id":134435,"player_name":"Federico Viviani","vaep_value":0.1398249251,"offensive_value":0.0864083573,"defensive_value":0.0534165679,"count":49},"23":{"player_id":146590,"player_name":"Leandro Cast\u00e1n da Silva","vaep_value":0.0250557329,"offensive_value":0.0040133391,"defensive_value":0.0210423939,"count":32},"24":{"player_id":220359,"player_name":"Jo\u00e3o Pedro Geraldino dos Santos Galv\u00e3o","vaep_value":0.3236727883,"offensive_value":0.3735477569,"defensive_value":-0.0498749686,"count":49},"25":{"player_id":226200,"player_name":"Manuel Lazzari","vaep_value":-0.1514011769,"offensive_value":-0.105477576,"defensive_value":-0.0459236009,"count":71},"26":{"player_id":263432,"player_name":"Diego da Silva Farias","vaep_value":-0.1305262989,"offensive_value":-0.0238425281,"defensive_value":-0.1066837708,"count":47},"27":{"player_id":286215,"player_name":"Jasmin Kurti\u010d","vaep_value":0.0348372853,"offensive_value":0.041834492,"defensive_value":-0.0069972067,"count":22},"28":{"player_id":286223,"player_name":"Thiago Rangel Cionek","vaep_value":0.0731861908,"offensive_value":0.0180985436,"defensive_value":0.0550876472,"count":62}}