{"0":{"player_id":0,"player_name":"Berkay \u00d6zcan","vaep_value":0.0039451353,"offensive_value":0.0120878452,"defensive_value":-0.00814271,"count":5},"1":{"player_id":14705,"player_name":"Santiago Lionel Ascac\u00edbar","vaep_value":0.0288191418,"offensive_value":0.0832048956,"defensive_value":-0.0543857538,"count":32},"2":{"player_id":14715,"player_name":"Timo Baumgartl","vaep_value":0.0922531143,"offensive_value":0.06004422,"defensive_value":0.0322088944,"count":47},"3":{"player_id":14754,"player_name":"Emiliano Adri\u00e1n Ins\u00faa Zapata","vaep_value":0.2471290638,"offensive_value":0.1317058771,"defensive_value":0.1154231867,"count":78},"4":{"player_id":14760,"player_name":"Julian Korb","vaep_value":-0.0489156344,"offensive_value":-0.1097939536,"defensive_value":0.0608783192,"count":15},"5":{"player_id":14802,"player_name":"Christian Gentner","vaep_value":-0.0503701809,"offensive_value":-0.0493992034,"defensive_value":-0.0009709775,"count":33},"6":{"player_id":14885,"player_name":"Christian Gentner","vaep_value":0.0698067796,"offensive_value":0.0702084368,"defensive_value":-0.0004016572,"count":24},"7":{"player_id":14988,"player_name":"Berkay \u00d6zcan","vaep_value":0.1946341952,"offensive_value":0.1289360597,"defensive_value":0.0656981355,"count":43},"8":{"player_id":15032,"player_name":"Oliver Sorg","vaep_value":0.2467743465,"offensive_value":0.2446165541,"defensive_value":0.0021577923,"count":43},"9":{"player_id":15256,"player_name":"Emiliano Adri\u00e1n Ins\u00faa Zapata","vaep_value":0.2404927296,"offensive_value":0.2465575093,"defensive_value":-0.0060647797,"count":48},"10":{"player_id":15456,"player_name":"Josip Brekalo","vaep_value":0.2703399269,"offensive_value":0.293754993,"defensive_value":-0.0234150661,"count":55},"11":{"player_id":15772,"player_name":"Christian Gentner","vaep_value":0.3394654752,"offensive_value":0.270189153,"defensive_value":0.0692763221,"count":70},"12":{"player_id":15798,"player_name":"Berkay \u00d6zcan","vaep_value":0.0293994882,"offensive_value":0.0639421807,"defensive_value":-0.0345426925,"count":77},"13":{"player_id":16010,"player_name":"Salif San\u00e9","vaep_value":0.0672850045,"offensive_value":0.1272029412,"defensive_value":-0.0599179367,"count":43},"14":{"player_id":16094,"player_name":"Emiliano Adri\u00e1n Ins\u00faa Zapata","vaep_value":-0.0928091314,"offensive_value":-0.0752109799,"defensive_value":-0.0175981515,"count":11},"15":{"player_id":16884,"player_name":"Oliver Sorg","vaep_value":0.132079253,"offensive_value":0.1925563735,"defensive_value":-0.0604771206,"count":67},"16":{"player_id":26115,"player_name":"Pirmin Schwegler","vaep_value":0.0770552976,"offensive_value":0.0465442536,"defensive_value":0.030511044,"count":76},"17":{"player_id":70139,"player_name":"Ihlas Bebou","vaep_value":0.0885712736,"offensive_value":0.1385201118,"defensive_value":-0.0499488382,"count":50},"18":{"player_id":165431,"player_name":"Ihlas Bebou","vaep_value":-0.0176962008,"offensive_value":-0.0259928018,"defensive_value":0.008296601,"count":7},"19":{"player_id":224801,"player_name":"Martin Harnik","vaep_value":0.1106666316,"offensive_value":0.051513901,"defensive_value":0.0591527306,"count":54},"20":{"player_id":235597,"player_name":"Holger Badstuber","vaep_value":0.1979610433,"offensive_value":0.1097942691,"defensive_value":0.0881667743,"count":48},"21":{"player_id":254649,"player_name":"Christian Gentner","vaep_value":0.9393018924,"offensive_value":0.9371059288,"defensive_value":0.0021959636,"count":29},"22":{"player_id":272434,"player_name":"Timo Baumgartl","vaep_value":0.0480487292,"offensive_value":0.0077795312,"defensive_value":0.040269198,"count":59},"23":{"player_id":284469,"player_name":"Philipp Tschauner","vaep_value":0.0515575304,"offensive_value":0.0414163076,"defensive_value":0.0101412227,"count":37},"24":{"player_id":284580,"player_name":"Philipp Tschauner","vaep_value":-0.024165113,"offensive_value":-0.0231981804,"defensive_value":-0.0009669326,"count":5},"25":{"player_id":340646,"player_name":"Marvin Bakalorz","vaep_value":-0.2407743512,"offensive_value":0.1225351481,"defensive_value":-0.3633094993,"count":64},"26":{"player_id":345707,"player_name":"Waldemar Anton","vaep_value":0.1628750041,"offensive_value":0.2047258683,"defensive_value":-0.0418508642,"count":59},"27":{"player_id":413737,"player_name":"Josip Brekalo","vaep_value":0.2566755508,"offensive_value":0.117439089,"defensive_value":0.1392364618,"count":55}}