{"0":{"player_id":0,"player_name":"Andy Delort","vaep_value":0.0526349486,"offensive_value":0.0605536341,"defensive_value":-0.0079186854,"count":10},"1":{"player_id":123,"player_name":"Alexis Blin","vaep_value":0.053951352,"offensive_value":0.0823601077,"defensive_value":-0.0284087557,"count":25},"2":{"player_id":25517,"player_name":"Gilbert Gianelli Imbula Wanga","vaep_value":-0.1017708252,"offensive_value":-0.0962293898,"defensive_value":-0.0055414354,"count":6},"3":{"player_id":25745,"player_name":"Kelvin Amian Adou","vaep_value":0.972839901,"offensive_value":1.0032220044,"defensive_value":-0.0303821034,"count":37},"4":{"player_id":25764,"player_name":"Wergiton do Ros\u00e1rio Calmon","vaep_value":0.1793413793,"offensive_value":0.1891803748,"defensive_value":-0.0098389955,"count":23},"5":{"player_id":25942,"player_name":"Kelvin Amian Adou","vaep_value":0.0870523619,"offensive_value":0.058546776,"defensive_value":0.028505586,"count":108},"6":{"player_id":25957,"player_name":"Issa Diop","vaep_value":0.098518764,"offensive_value":0.0669685875,"defensive_value":0.0315501766,"count":67},"7":{"player_id":26134,"player_name":"Wergiton do Ros\u00e1rio Calmon","vaep_value":0.105383322,"offensive_value":0.1044921047,"defensive_value":0.0008912173,"count":58},"8":{"player_id":26384,"player_name":"Bakaye Dibassy","vaep_value":0.0490659913,"offensive_value":0.0542351333,"defensive_value":-0.005169142,"count":44},"9":{"player_id":26414,"player_name":"Ga\u00ebl Kakuta","vaep_value":0.1426392904,"offensive_value":0.1253927011,"defensive_value":0.0172465893,"count":64},"10":{"player_id":26583,"player_name":"Kelvin Amian Adou","vaep_value":0.2298561616,"offensive_value":0.2063481102,"defensive_value":0.0235080514,"count":49},"11":{"player_id":29590,"player_name":"Ola Toivonen","vaep_value":-0.010003923,"offensive_value":-0.0534502318,"defensive_value":0.0434463088,"count":43},"12":{"player_id":30320,"player_name":"Alexis Blin","vaep_value":-0.0845698253,"offensive_value":0.0506078794,"defensive_value":-0.1351777047,"count":47},"13":{"player_id":38095,"player_name":"Bakaye Dibassy","vaep_value":0.0396217549,"offensive_value":0.0494032508,"defensive_value":-0.0097814959,"count":32},"14":{"player_id":43196,"player_name":"Gilbert Gianelli Imbula Wanga","vaep_value":-0.2043509536,"offensive_value":-0.1030190366,"defensive_value":-0.101331917,"count":44},"15":{"player_id":49919,"player_name":"Jacques Fran\u00e7ois Moubandje","vaep_value":0.0475750177,"offensive_value":0.0684863597,"defensive_value":-0.020911342,"count":79},"16":{"player_id":97582,"player_name":"Corentin Jean","vaep_value":-0.0208858439,"offensive_value":-0.0240805105,"defensive_value":0.0031946666,"count":20},"17":{"player_id":101795,"player_name":"Gilbert Gianelli Imbula Wanga","vaep_value":0.004672036,"offensive_value":0.0074068434,"defensive_value":-0.0027348073,"count":5},"18":{"player_id":134512,"player_name":"Christopher Jullien","vaep_value":0.1225412063,"offensive_value":0.1334488557,"defensive_value":-0.0109076494,"count":41},"19":{"player_id":144884,"player_name":"Issa Diop","vaep_value":0.031232814,"offensive_value":0.0159646347,"defensive_value":0.0152681792,"count":64},"20":{"player_id":203113,"player_name":"Ola Toivonen","vaep_value":0.1818376404,"offensive_value":0.1657354525,"defensive_value":0.0161021879,"count":31},"21":{"player_id":214710,"player_name":"Wergiton do Ros\u00e1rio Calmon","vaep_value":0.0471209045,"offensive_value":-0.0109413965,"defensive_value":0.058062301,"count":64},"22":{"player_id":229198,"player_name":"Ola Toivonen","vaep_value":0.0951331586,"offensive_value":-0.0027660616,"defensive_value":0.0978992202,"count":9},"23":{"player_id":244357,"player_name":"Andy Delort","vaep_value":0.0816862261,"offensive_value":-0.0434373013,"defensive_value":0.1251235274,"count":62},"24":{"player_id":253333,"player_name":"Bakaye Dibassy","vaep_value":0.1857253689,"offensive_value":0.1282439766,"defensive_value":0.0574813923,"count":79},"25":{"player_id":274345,"player_name":"Kelvin Amian Adou","vaep_value":0.0032151283,"offensive_value":-0.0039253179,"defensive_value":0.0071404462,"count":2},"26":{"player_id":286380,"player_name":"Ga\u00ebl Kakuta","vaep_value":0.2498407221,"offensive_value":0.1476301081,"defensive_value":0.102210614,"count":62},"27":{"player_id":352986,"player_name":"Bakaye Dibassy","vaep_value":0.090694003,"offensive_value":0.1471984951,"defensive_value":-0.0565044921,"count":73},"28":{"player_id":404213,"player_name":"Kelvin Amian Adou","vaep_value":0.2210487896,"offensive_value":0.1834239599,"defensive_value":0.0376248297,"count":46}}