{"0":{"player_id":0,"player_name":"Manuel Lanzini","vaep_value":0.1110207408,"offensive_value":0.1417481934,"defensive_value":-0.0307274526,"count":15},"1":{"player_id":454,"player_name":"Mark Noble","vaep_value":0.0285304384,"offensive_value":0.0225478786,"defensive_value":0.0059825599,"count":7},"2":{"player_id":7941,"player_name":"Jos\u00e9 Miguel da Rocha Fonte","vaep_value":0.6670031231,"offensive_value":0.679702287,"defensive_value":-0.0126991639,"count":29},"3":{"player_id":7988,"player_name":"Cheikhou Kouyat\u00e9","vaep_value":0.5129022363,"offensive_value":0.5221407864,"defensive_value":-0.0092385501,"count":70},"4":{"player_id":8126,"player_name":"Angelo Obinze Ogbonna","vaep_value":-0.0945270962,"offensive_value":0.0110750436,"defensive_value":-0.1056021398,"count":38},"5":{"player_id":8186,"player_name":"Javier Hern\u00e1ndez Balc\u00e1zar","vaep_value":0.1761618278,"offensive_value":0.081923751,"defensive_value":0.0942380767,"count":53},"6":{"player_id":8221,"player_name":"Juli\u00e1n Speroni","vaep_value":0.0323116868,"offensive_value":0.059134861,"defensive_value":-0.0268231742,"count":57},"7":{"player_id":8301,"player_name":"Mark Noble","vaep_value":0.0816350147,"offensive_value":0.1633015969,"defensive_value":-0.0816665821,"count":35},"8":{"player_id":8313,"player_name":"Andr\u00e9 Ayew Pel\u00e9","vaep_value":-0.0180301681,"offensive_value":-0.0082387571,"defensive_value":-0.0097914109,"count":41},"9":{"player_id":8391,"player_name":"Pablo Javier Zabaleta Girod","vaep_value":0.0603752367,"offensive_value":0.073595861,"defensive_value":-0.0132206243,"count":26},"10":{"player_id":8422,"player_name":"Andr\u00e9 Ayew Pel\u00e9","vaep_value":0.8890415657,"offensive_value":0.9842131797,"defensive_value":-0.095171614,"count":44},"11":{"player_id":8471,"player_name":"Cheikhou Kouyat\u00e9","vaep_value":0.2927843059,"offensive_value":0.3342529667,"defensive_value":-0.0414686608,"count":51},"12":{"player_id":8501,"player_name":"Manuel Lanzini","vaep_value":-0.0519275622,"offensive_value":0.0352510964,"defensive_value":-0.0871786586,"count":41},"13":{"player_id":8554,"player_name":"Edimilson Fernandes","vaep_value":-0.1777339602,"offensive_value":-0.1391926513,"defensive_value":-0.038541309,"count":54},"14":{"player_id":8561,"player_name":"Jos\u00e9 Miguel da Rocha Fonte","vaep_value":0.0847507279,"offensive_value":0.2183033596,"defensive_value":-0.1335526317,"count":67},"15":{"player_id":8582,"player_name":"Cheikhou Kouyat\u00e9","vaep_value":0.0801230008,"offensive_value":0.1031051972,"defensive_value":-0.0229821964,"count":33},"16":{"player_id":8677,"player_name":"Mark Noble","vaep_value":-0.0339833522,"offensive_value":-0.0132487554,"defensive_value":-0.0207345969,"count":16},"17":{"player_id":21100,"player_name":"Mark Noble","vaep_value":-0.3564655277,"offensive_value":-0.0397715836,"defensive_value":-0.316693944,"count":40},"18":{"player_id":25572,"player_name":"Yohan Cabaye","vaep_value":1.0121879306,"offensive_value":1.0132958009,"defensive_value":-0.0011078703,"count":26},"19":{"player_id":25865,"player_name":"Jeffrey  Schlupp","vaep_value":-0.1512710159,"offensive_value":-0.1288998544,"defensive_value":-0.0223711615,"count":11},"20":{"player_id":26499,"player_name":"Pablo Javier Zabaleta Girod","vaep_value":0.0624168824,"offensive_value":0.0303257613,"defensive_value":0.0320911211,"count":32},"21":{"player_id":37725,"player_name":"Patrick  van Aanholt","vaep_value":0.1184234369,"offensive_value":0.0355308389,"defensive_value":0.082892598,"count":34},"22":{"player_id":41174,"player_name":"Jeffrey  Schlupp","vaep_value":0.4974103225,"offensive_value":0.3446640033,"defensive_value":0.1527463192,"count":69},"23":{"player_id":127537,"player_name":"Jeffrey  Schlupp","vaep_value":-0.0186606732,"offensive_value":0.028502187,"defensive_value":-0.0471628602,"count":76},"24":{"player_id":235555,"player_name":"Aaron Cresswell","vaep_value":-0.0749993016,"offensive_value":-0.0105999797,"defensive_value":-0.0643993219,"count":48},"25":{"player_id":265318,"player_name":"Scott Dann","vaep_value":-0.0500156493,"offensive_value":-0.0464215116,"defensive_value":-0.0035941377,"count":29},"26":{"player_id":379209,"player_name":"Joel Ward","vaep_value":-0.0388052564,"offensive_value":-0.0067567083,"defensive_value":-0.0320485481,"count":2},"27":{"player_id":397168,"player_name":"Aaron Cresswell","vaep_value":0.1628089387,"offensive_value":0.1203002295,"defensive_value":0.0425087091,"count":68}}