{"0":{"player_id":0,"player_name":"Marcus Thuram","vaep_value":0.0250434076,"offensive_value":0.0440508998,"defensive_value":-0.0190074922,"count":11},"1":{"player_id":14945,"player_name":"Cl\u00e9ment Grenier","vaep_value":0.7973880384,"offensive_value":0.7862575103,"defensive_value":0.0111305281,"count":30},"2":{"player_id":25407,"player_name":"Jordan Ikoko","vaep_value":0.0464312227,"offensive_value":0.0579171942,"defensive_value":-0.0114859715,"count":58},"3":{"player_id":25411,"player_name":"Benjamin Lecomte","vaep_value":-0.167263502,"offensive_value":-0.1643354392,"defensive_value":-0.0029280628,"count":52},"4":{"player_id":25741,"player_name":"Nordi Mukiele Mulere","vaep_value":0.2605733294,"offensive_value":0.2506673595,"defensive_value":0.0099059698,"count":30},"5":{"player_id":25786,"player_name":"Ruben Aguilar","vaep_value":0.0781924514,"offensive_value":0.0611934594,"defensive_value":0.016998992,"count":55},"6":{"player_id":25800,"player_name":"Lucas Deaux","vaep_value":0.1253033592,"offensive_value":0.0749609489,"defensive_value":0.0503424103,"count":69},"7":{"player_id":25805,"player_name":"Jimmy Briand","vaep_value":0.0905921336,"offensive_value":0.1575616449,"defensive_value":-0.0669695113,"count":69},"8":{"player_id":25829,"player_name":"Ruben Aguilar","vaep_value":0.0404598444,"offensive_value":0.0520254233,"defensive_value":-0.0115655789,"count":82},"9":{"player_id":25943,"player_name":"Franck Tabanou","vaep_value":0.118075247,"offensive_value":0.0462146499,"defensive_value":0.0718605971,"count":54},"10":{"player_id":25993,"player_name":"Franck Tabanou","vaep_value":-0.3953431527,"offensive_value":0.1098261997,"defensive_value":-0.5051693524,"count":74},"11":{"player_id":26008,"player_name":"\u00c9tienne Didot","vaep_value":0.0063551189,"offensive_value":-0.0605628695,"defensive_value":0.0669179884,"count":29},"12":{"player_id":26016,"player_name":"Jimmy Briand","vaep_value":0.145302166,"offensive_value":0.085163123,"defensive_value":0.060139043,"count":33},"13":{"player_id":26314,"player_name":"Giovanni-Guy Yann Sio","vaep_value":-0.0176300752,"offensive_value":0.017554059,"defensive_value":-0.0351841343,"count":48},"14":{"player_id":26604,"player_name":"Ellyes Skhiri","vaep_value":-0.0629871459,"offensive_value":-0.0684194503,"defensive_value":0.0054323045,"count":10},"15":{"player_id":28335,"player_name":"Nordi Mukiele Mulere","vaep_value":0.1979525884,"offensive_value":0.2105483396,"defensive_value":-0.0125957512,"count":121},"16":{"player_id":28528,"player_name":"Nordi Mukiele Mulere","vaep_value":0.0845363544,"offensive_value":0.0987281534,"defensive_value":-0.014191799,"count":57},"17":{"player_id":50771,"player_name":"Nordi Mukiele Mulere","vaep_value":0.1882066783,"offensive_value":0.2079723107,"defensive_value":-0.0197656325,"count":62},"18":{"player_id":143189,"player_name":"Paul Lasne","vaep_value":-0.0427037654,"offensive_value":-0.0435059406,"defensive_value":0.0008021751,"count":2},"19":{"player_id":244335,"player_name":"Paul Lasne","vaep_value":0.0434574565,"offensive_value":0.025246358,"defensive_value":0.0182110985,"count":16},"20":{"player_id":246946,"player_name":"Christophe Kerbrat","vaep_value":0.2568048796,"offensive_value":0.2226577252,"defensive_value":0.0341471544,"count":75},"21":{"player_id":256706,"player_name":"Christophe Kerbrat","vaep_value":0.0101508795,"offensive_value":0.0145826752,"defensive_value":-0.0044317957,"count":16},"22":{"player_id":276983,"player_name":"Cl\u00e9ment Grenier","vaep_value":-0.0645863956,"offensive_value":-0.0201740888,"defensive_value":-0.0444123067,"count":67},"23":{"player_id":286915,"player_name":"Paul Lasne","vaep_value":0.064076853,"offensive_value":0.0369765386,"defensive_value":0.0271003144,"count":55},"24":{"player_id":301017,"player_name":"Karl-Johan Johnsson","vaep_value":0.1293141389,"offensive_value":0.1421152917,"defensive_value":-0.0128011528,"count":27},"25":{"player_id":335763,"player_name":"Jimmy Briand","vaep_value":0.0897393137,"offensive_value":0.0521382242,"defensive_value":0.0376010895,"count":51},"26":{"player_id":340920,"player_name":"Jimmy Briand","vaep_value":0.0457672961,"offensive_value":0.0537474048,"defensive_value":-0.0079801087,"count":3},"27":{"player_id":341973,"player_name":"Jordan Ikoko","vaep_value":0.3255679937,"offensive_value":0.3122888282,"defensive_value":0.0132791655,"count":106},"28":{"player_id":344744,"player_name":"Christophe Kerbrat","vaep_value":-0.1085252482,"offensive_value":-0.1000263545,"defensive_value":-0.0084988937,"count":27}}