{"0":{"player_id":0,"player_name":"Enes \u00dcnal","vaep_value":0.0489029884,"offensive_value":0.0925655335,"defensive_value":-0.043662545,"count":10},"1":{"player_id":3277,"player_name":"Rodrigo Hern\u00e1ndez Cascante","vaep_value":0.1568182252,"offensive_value":0.0952703021,"defensive_value":0.061547923,"count":54},"2":{"player_id":3293,"player_name":"\u00c1lvaro Gonz\u00e1lez Sober\u00f3n","vaep_value":0.0203482959,"offensive_value":0.034269304,"defensive_value":-0.0139210081,"count":17},"3":{"player_id":3317,"player_name":"Esteban F\u00e9lix Granero Molina","vaep_value":1.1150170666,"offensive_value":1.1499797137,"defensive_value":-0.034962647,"count":69},"4":{"player_id":3428,"player_name":"V\u00edctor Ru\u00edz Torre","vaep_value":0.1697153305,"offensive_value":0.1656242691,"defensive_value":0.0040910614,"count":36},"5":{"player_id":3519,"player_name":"Daniel Raba Antol\u00ed","vaep_value":0.3914707192,"offensive_value":0.0417953784,"defensive_value":0.3496753408,"count":32},"6":{"player_id":3529,"player_name":"Daniel Raba Antol\u00ed","vaep_value":0.1845706318,"offensive_value":0.1990107956,"defensive_value":-0.0144401638,"count":83},"7":{"player_id":3542,"player_name":"Javier Fuego Mart\u00ednez","vaep_value":-0.038463974,"offensive_value":-0.0379950162,"defensive_value":-0.0004689578,"count":6},"8":{"player_id":3695,"player_name":"Edinaldo Gomes Pereira","vaep_value":0.1507803905,"offensive_value":0.0810208106,"defensive_value":0.0697595798,"count":49},"9":{"player_id":3797,"player_name":"Aar\u00f3n Mart\u00edn Caricol","vaep_value":0.0376118968,"offensive_value":0.0167968044,"defensive_value":0.0208150924,"count":75},"10":{"player_id":3803,"player_name":"Mario Gaspar P\u00e9rez Mart\u00ednez","vaep_value":0.0779736466,"offensive_value":0.0688660557,"defensive_value":0.0091075909,"count":30},"11":{"player_id":3816,"player_name":"Mario Gaspar P\u00e9rez Mart\u00ednez","vaep_value":0.0999423332,"offensive_value":0.128422467,"defensive_value":-0.0284801339,"count":45},"12":{"player_id":4303,"player_name":"Carlos Alberto S\u00e1nchez Moreno","vaep_value":0.1426587484,"offensive_value":0.105921217,"defensive_value":0.0367375314,"count":78},"13":{"player_id":4332,"player_name":"Carlos Alberto S\u00e1nchez Moreno","vaep_value":0.1486531273,"offensive_value":0.094315324,"defensive_value":0.0543378033,"count":66},"14":{"player_id":4513,"player_name":"Esteban F\u00e9lix Granero Molina","vaep_value":-0.0733886068,"offensive_value":-0.078286648,"defensive_value":0.0048980413,"count":39},"15":{"player_id":5400,"player_name":"Gerard Moreno Balaguero","vaep_value":-0.0224081334,"offensive_value":0.0059718257,"defensive_value":-0.0283799591,"count":40},"16":{"player_id":7623,"player_name":"Gerard Moreno Balaguero","vaep_value":0.0573986452,"offensive_value":0.021406149,"defensive_value":0.0359924962,"count":32},"17":{"player_id":15214,"player_name":"Esteban F\u00e9lix Granero Molina","vaep_value":0.1861284008,"offensive_value":0.1467535102,"defensive_value":0.0393748906,"count":54},"18":{"player_id":20623,"player_name":"Aar\u00f3n Mart\u00edn Caricol","vaep_value":0.0037468662,"offensive_value":0.0049346029,"defensive_value":-0.0011877366,"count":2},"19":{"player_id":26518,"player_name":"Edinaldo Gomes Pereira","vaep_value":0.1300456639,"offensive_value":0.0854005454,"defensive_value":0.0446451185,"count":66},"20":{"player_id":37831,"player_name":"David L\u00f3pez Silva","vaep_value":-0.1350116838,"offensive_value":-0.1108950297,"defensive_value":-0.0241166541,"count":10},"21":{"player_id":41124,"player_name":"Edinaldo Gomes Pereira","vaep_value":0.0522101054,"offensive_value":-0.0026915917,"defensive_value":0.0549016971,"count":48},"22":{"player_id":274435,"player_name":"Aar\u00f3n Mart\u00edn Caricol","vaep_value":-0.1536043946,"offensive_value":-0.1287094683,"defensive_value":-0.0248949263,"count":40},"23":{"player_id":282438,"player_name":"Mario Gaspar P\u00e9rez Mart\u00ednez","vaep_value":0.092580695,"offensive_value":0.1326553671,"defensive_value":-0.0400746721,"count":81},"24":{"player_id":341751,"player_name":"\u00c1lvaro Gonz\u00e1lez Sober\u00f3n","vaep_value":0.0747081977,"offensive_value":0.0776533219,"defensive_value":-0.0029451242,"count":30},"25":{"player_id":364860,"player_name":"V\u00edctor Ru\u00edz Torre","vaep_value":1.2738566126,"offensive_value":1.184990339,"defensive_value":0.0888662736,"count":85},"26":{"player_id":399676,"player_name":"\u00c1lvaro Gonz\u00e1lez Sober\u00f3n","vaep_value":0.0404192933,"offensive_value":0.0552774136,"defensive_value":-0.0148581204,"count":41},"27":{"player_id":412897,"player_name":"Edinaldo Gomes Pereira","vaep_value":0.1431370059,"offensive_value":0.1101346398,"defensive_value":0.0330023661,"count":64}}