{"0":{"player_id":0,"player_name":"Simon Terodde","vaep_value":0.0167808251,"offensive_value":0.0108252882,"defensive_value":0.0059555368,"count":4},"1":{"player_id":14707,"player_name":"Marco H\u00f6ger","vaep_value":0.6100233999,"offensive_value":0.5874482526,"defensive_value":0.0225751473,"count":44},"2":{"player_id":14715,"player_name":"Frederik Hillesborg S\u00f8rensen","vaep_value":0.0685785869,"offensive_value":0.036884492,"defensive_value":0.0316940949,"count":47},"3":{"player_id":14731,"player_name":"Claudio Miguel Pizarro Bossio","vaep_value":1.3169403877,"offensive_value":1.7425412498,"defensive_value":-0.4256008621,"count":28},"4":{"player_id":14754,"player_name":"Claudio Miguel Pizarro Bossio","vaep_value":0.3559361723,"offensive_value":0.3193302375,"defensive_value":0.0366059348,"count":69},"5":{"player_id":14845,"player_name":"Simon Terodde","vaep_value":0.23042387,"offensive_value":0.2048001022,"defensive_value":0.0256237679,"count":30},"6":{"player_id":14863,"player_name":"Jonas Hector","vaep_value":0.1541468831,"offensive_value":0.1675277242,"defensive_value":-0.0133808411,"count":91},"7":{"player_id":14885,"player_name":"Andreas Beck","vaep_value":-0.0519674986,"offensive_value":-0.0480607697,"defensive_value":-0.0039067289,"count":16},"8":{"player_id":15032,"player_name":"Marco H\u00f6ger","vaep_value":0.168464661,"offensive_value":0.2717024962,"defensive_value":-0.1032378352,"count":45},"9":{"player_id":15194,"player_name":"Marcel Risse","vaep_value":0.420508187,"offensive_value":0.4011636803,"defensive_value":0.0193445067,"count":76},"10":{"player_id":15265,"player_name":"Ron-Robert Zieler","vaep_value":0.1651035373,"offensive_value":0.0898561277,"defensive_value":0.0752474095,"count":29},"11":{"player_id":15317,"player_name":"Jonas Hector","vaep_value":0.0702353595,"offensive_value":0.0687492769,"defensive_value":0.0014860826,"count":32},"12":{"player_id":15798,"player_name":"Dominique Heintz","vaep_value":1.0976644049,"offensive_value":1.1304694951,"defensive_value":-0.0328050902,"count":55},"13":{"player_id":16094,"player_name":"Timo Baumgartl","vaep_value":-0.2283760735,"offensive_value":-0.2147480496,"defensive_value":-0.0136280239,"count":31},"14":{"player_id":16843,"player_name":"Andreas Beck","vaep_value":0.1286154101,"offensive_value":0.1233992225,"defensive_value":0.0052161876,"count":67},"15":{"player_id":18669,"player_name":"Santiago Lionel Ascac\u00edbar","vaep_value":0.2270473033,"offensive_value":0.2963109666,"defensive_value":-0.0692636633,"count":94},"16":{"player_id":20680,"player_name":"Santiago Lionel Ascac\u00edbar","vaep_value":0.2679939693,"offensive_value":0.2429415912,"defensive_value":0.0250523781,"count":60},"17":{"player_id":70139,"player_name":"Daniel Ginczek","vaep_value":0.1391988813,"offensive_value":0.1143907679,"defensive_value":0.0248081135,"count":51},"18":{"player_id":91519,"player_name":"Christian Gentner","vaep_value":-0.0010740599,"offensive_value":-0.0029622556,"defensive_value":0.0018881958,"count":6},"19":{"player_id":94831,"player_name":"Christian Gentner","vaep_value":0.1990124276,"offensive_value":0.07784785,"defensive_value":0.1211645775,"count":60},"20":{"player_id":99410,"player_name":"Marco H\u00f6ger","vaep_value":-0.0023069016,"offensive_value":-0.0024014954,"defensive_value":0.0000945937,"count":1},"21":{"player_id":127685,"player_name":"Jonas Hector","vaep_value":0.8868483531,"offensive_value":0.8887103321,"defensive_value":-0.001861979,"count":19},"22":{"player_id":224971,"player_name":null,"vaep_value":0.1368973438,"offensive_value":0.1849634108,"defensive_value":-0.0480660669,"count":46},"23":{"player_id":235597,"player_name":"Marco H\u00f6ger","vaep_value":0.0310978481,"offensive_value":0.1355353998,"defensive_value":-0.1044375517,"count":54},"24":{"player_id":275384,"player_name":"Jonas Hector","vaep_value":0.2405981912,"offensive_value":0.085736932,"defensive_value":0.1548612592,"count":61},"25":{"player_id":279734,"player_name":"Timo Baumgartl","vaep_value":0.1899305402,"offensive_value":0.1317150386,"defensive_value":0.0582155016,"count":76},"26":{"player_id":328131,"player_name":"Vincent Koziello","vaep_value":0.0025699208,"offensive_value":0.0005978802,"defensive_value":0.0019720406,"count":4},"27":{"player_id":340646,"player_name":"Erik Thommy","vaep_value":0.3983302262,"offensive_value":0.0902727891,"defensive_value":0.3080574371,"count":53},"28":{"player_id":413737,"player_name":"Daniel Ginczek","vaep_value":0.0066114229,"offensive_value":0.0139305599,"defensive_value":-0.007319137,"count":40}}