{"0":{"player_id":0,"player_name":"Luis Alberto Su\u00e1rez D\u00edaz","vaep_value":0.0771168347,"offensive_value":0.1421900472,"defensive_value":-0.0650732125,"count":21},"1":{"player_id":3269,"player_name":"Ivan Rakiti\u0107","vaep_value":0.6996133424,"offensive_value":0.6833305866,"defensive_value":0.0162827557,"count":94},"2":{"player_id":3330,"player_name":"Jordi Alba Ramos","vaep_value":0.1173721752,"offensive_value":0.1022193301,"defensive_value":0.0151528451,"count":35},"3":{"player_id":3347,"player_name":"Ivan Rakiti\u0107","vaep_value":0.3119679936,"offensive_value":0.2476906229,"defensive_value":0.0642773706,"count":73},"4":{"player_id":3353,"player_name":"Jos\u00e9 Paulo Bezzera Maciel J\u00fanior","vaep_value":0.244040693,"offensive_value":0.2631746607,"defensive_value":-0.0191339677,"count":63},"5":{"player_id":3355,"player_name":"Sergi Roberto Carnicer","vaep_value":0.7867499079,"offensive_value":0.7087892864,"defensive_value":0.0779606215,"count":99},"6":{"player_id":3359,"player_name":"Javier Alejandro Mascherano","vaep_value":1.0811621558,"offensive_value":1.1112998188,"defensive_value":-0.030137663,"count":77},"7":{"player_id":3464,"player_name":"Ivan Rakiti\u0107","vaep_value":0.2132199781,"offensive_value":0.1738409919,"defensive_value":0.0393789862,"count":42},"8":{"player_id":3476,"player_name":"Thomas Vermaelen","vaep_value":0.3853748342,"offensive_value":0.3581664666,"defensive_value":0.0272083675,"count":117},"9":{"player_id":3496,"player_name":"Ivan Rakiti\u0107","vaep_value":0.1531038366,"offensive_value":0.0654330539,"defensive_value":0.0876707827,"count":42},"10":{"player_id":7860,"player_name":"Javier Alejandro Mascherano","vaep_value":0.1025148587,"offensive_value":0.1231502923,"defensive_value":-0.0206354336,"count":72},"11":{"player_id":7972,"player_name":"Ousmane Demb\u00e9l\u00e9","vaep_value":0.575862556,"offensive_value":0.5803290233,"defensive_value":-0.0044664673,"count":34},"12":{"player_id":15008,"player_name":"Sergi Roberto Carnicer","vaep_value":0.1447129813,"offensive_value":0.0844742842,"defensive_value":0.0602386971,"count":27},"13":{"player_id":26032,"player_name":"Sergi Roberto Carnicer","vaep_value":-0.0328007091,"offensive_value":-0.1998813582,"defensive_value":0.1670806491,"count":37},"14":{"player_id":40550,"player_name":"Javier Alejandro Mascherano","vaep_value":0.6745035701,"offensive_value":0.6667243096,"defensive_value":0.0077792606,"count":72},"15":{"player_id":211885,"player_name":"Ivan Rakiti\u0107","vaep_value":-0.1003870015,"offensive_value":-0.0942782664,"defensive_value":-0.0061087351,"count":11},"16":{"player_id":222770,"player_name":"Andr\u00e9s Iniesta Luj\u00e1n","vaep_value":-0.0135331313,"offensive_value":-0.0299263727,"defensive_value":0.0163932414,"count":33},"17":{"player_id":237269,"player_name":"Thomas Vermaelen","vaep_value":0.1147461671,"offensive_value":0.0664634757,"defensive_value":0.0482826914,"count":40},"18":{"player_id":247220,"player_name":"Ivan Rakiti\u0107","vaep_value":0.105993672,"offensive_value":0.1285013637,"defensive_value":-0.0225076918,"count":26},"19":{"player_id":254189,"player_name":"Shaquell Moore","vaep_value":-0.0750786882,"offensive_value":-0.0489501004,"defensive_value":-0.0261285878,"count":42},"20":{"player_id":255738,"player_name":"Shaquell Moore","vaep_value":-0.1005218257,"offensive_value":-0.0726776929,"defensive_value":-0.0278441329,"count":32},"21":{"player_id":259524,"player_name":"David Remeseiro Salgueiro","vaep_value":0.376918008,"offensive_value":0.1020069537,"defensive_value":0.2749110543,"count":51},"22":{"player_id":275293,"player_name":"Javier Alejandro Mascherano","vaep_value":0.1126577633,"offensive_value":0.0789663834,"defensive_value":0.0336913799,"count":3},"23":{"player_id":278049,"player_name":"David Remeseiro Salgueiro","vaep_value":0.1307733485,"offensive_value":0.0638434238,"defensive_value":0.0669299247,"count":26},"24":{"player_id":286390,"player_name":"Ivan Rakiti\u0107","vaep_value":-0.1250680593,"offensive_value":-0.1059504832,"defensive_value":-0.0191175761,"count":50},"25":{"player_id":293857,"player_name":"Iv\u00e1n L\u00f3pez \u00c1lvarez","vaep_value":0.094002666,"offensive_value":0.0293173469,"defensive_value":0.0646853191,"count":9},"26":{"player_id":338201,"player_name":"Jefferson Andr\u00e9s Lerma Sol\u00eds","vaep_value":-0.0278803285,"offensive_value":-0.0352603428,"defensive_value":0.0073800143,"count":12},"27":{"player_id":339857,"player_name":"Marc-Andr\u00e9 ter Stegen","vaep_value":-0.0074072774,"offensive_value":-0.0181870302,"defensive_value":0.0107797529,"count":6},"28":{"player_id":410055,"player_name":"Ivan Rakiti\u0107","vaep_value":0.037349591,"offensive_value":0.005057168,"defensive_value":0.0322924231,"count":16}}