{"0":{"player_id":0,"player_name":"Nicolas de Roussel de Pr\u00e9ville","vaep_value":0.0066974997,"offensive_value":0.0319172207,"defensive_value":-0.025219721,"count":12},"1":{"player_id":123,"player_name":"Ot\u00e1vio Henrique Passos Santos","vaep_value":-0.1155925033,"offensive_value":-0.0876618567,"defensive_value":-0.0279306467,"count":34},"2":{"player_id":3573,"player_name":"J\u00e9r\u00e9my Toulalan","vaep_value":0.2246721765,"offensive_value":0.1370663811,"defensive_value":0.0876057955,"count":56},"3":{"player_id":25632,"player_name":"Nicolas de Roussel de Pr\u00e9ville","vaep_value":0.0063976529,"offensive_value":0.1587119636,"defensive_value":-0.1523143107,"count":35},"4":{"player_id":25745,"player_name":"Nicolas de Roussel de Pr\u00e9ville","vaep_value":0.10347765,"offensive_value":0.0357552879,"defensive_value":0.0677223621,"count":33},"5":{"player_id":25923,"player_name":"Jacques Fran\u00e7ois Moubandje","vaep_value":-0.20481482,"offensive_value":-0.1708164881,"defensive_value":-0.0339983319,"count":48},"6":{"player_id":25942,"player_name":"Alban Lafont","vaep_value":0.254368022,"offensive_value":0.2284440696,"defensive_value":0.0259239523,"count":71},"7":{"player_id":26389,"player_name":"Andy Delort","vaep_value":0.2269361118,"offensive_value":0.2057499602,"defensive_value":0.0211861517,"count":45},"8":{"player_id":27958,"player_name":"Andy Delort","vaep_value":0.5812904375,"offensive_value":0.3800320858,"defensive_value":0.2012583517,"count":67},"9":{"player_id":28529,"player_name":"Wergiton do Ros\u00e1rio Calmon","vaep_value":0.0829402389,"offensive_value":0.1554351702,"defensive_value":-0.0724949313,"count":77},"10":{"player_id":43196,"player_name":"Corentin Jean","vaep_value":0.0598381343,"offensive_value":0.0042328843,"defensive_value":0.0556052501,"count":49},"11":{"player_id":48318,"player_name":"Beno\u00eet Costil","vaep_value":-0.0549948497,"offensive_value":-0.0541699897,"defensive_value":-0.0008248601,"count":12},"12":{"player_id":49919,"player_name":"Gilbert Gianelli Imbula Wanga","vaep_value":0.2844435896,"offensive_value":0.1170624624,"defensive_value":0.1673811272,"count":50},"13":{"player_id":50812,"player_name":"Jimmy Durmaz","vaep_value":0.3339697556,"offensive_value":0.3335179033,"defensive_value":0.0004518522,"count":68},"14":{"player_id":56441,"player_name":"Christopher Jullien","vaep_value":-0.0127447451,"offensive_value":0.032996384,"defensive_value":-0.0457411291,"count":68},"15":{"player_id":134512,"player_name":"Issa Diop","vaep_value":-0.0393207032,"offensive_value":-0.0234229438,"defensive_value":-0.0158977594,"count":34},"16":{"player_id":144884,"player_name":"Alban Lafont","vaep_value":0.1502624125,"offensive_value":0.0377137297,"defensive_value":0.1125486828,"count":53},"17":{"player_id":203113,"player_name":"Andy Delort","vaep_value":-0.0039905403,"offensive_value":-0.0003799769,"defensive_value":-0.0036105633,"count":12},"18":{"player_id":229140,"player_name":"Andy Delort","vaep_value":0.059670863,"offensive_value":0.0505016453,"defensive_value":0.0091692177,"count":9},"19":{"player_id":258263,"player_name":"Corentin Jean","vaep_value":0.0545030894,"offensive_value":0.0605586204,"defensive_value":-0.006055531,"count":46},"20":{"player_id":274970,"player_name":"Corentin Jean","vaep_value":0.0577636699,"offensive_value":0.0667386688,"defensive_value":-0.008974999,"count":8},"21":{"player_id":276920,"player_name":"Jimmy Durmaz","vaep_value":-0.0205687702,"offensive_value":-0.0119738568,"defensive_value":-0.0085949134,"count":9},"22":{"player_id":286380,"player_name":"Th\u00e9o Pellenard","vaep_value":0.032891391,"offensive_value":-0.15929809,"defensive_value":0.192189481,"count":67},"23":{"player_id":288423,"player_name":"Wergiton do Ros\u00e1rio Calmon","vaep_value":-0.0545424084,"offensive_value":-0.11719991,"defensive_value":0.0626575015,"count":18},"24":{"player_id":295569,"player_name":"Christopher Jullien","vaep_value":0.3054779982,"offensive_value":0.1783609041,"defensive_value":0.1271170941,"count":79},"25":{"player_id":300485,"player_name":"Beno\u00eet Costil","vaep_value":0.9102505707,"offensive_value":1.0117354161,"defensive_value":-0.1014848454,"count":80},"26":{"player_id":334552,"player_name":"Jacques Fran\u00e7ois Moubandje","vaep_value":0.0381608149,"offensive_value":0.0036848134,"defensive_value":0.0344760015,"count":37},"27":{"player_id":352986,"player_name":"Gilbert Gianelli Imbula Wanga","vaep_value":0.0117223525,"offensive_value":0.0138601101,"defensive_value":-0.0021377576,"count":41},"28":{"player_id":404213,"player_name":"Gilbert Gianelli Imbula Wanga","vaep_value":0.1864440314,"offensive_value":0.2233070068,"defensive_value":-0.0368629753,"count":44}}