{"0":{"player_id":0,"player_name":"Guido Burgstaller","vaep_value":0.0782481168,"offensive_value":-0.1071416689,"defensive_value":0.1853897857,"count":27},"1":{"player_id":8628,"player_name":"Matija Nastasi\u0107","vaep_value":0.128925883,"offensive_value":0.1264250863,"defensive_value":0.0025007967,"count":16},"2":{"player_id":14689,"player_name":"Douglas dos Santos Justino de Melo","vaep_value":1.2385819973,"offensive_value":0.8314216763,"defensive_value":0.407160321,"count":54},"3":{"player_id":14706,"player_name":"Benjamin Stambouli","vaep_value":0.7950015292,"offensive_value":0.851673441,"defensive_value":-0.0566719117,"count":74},"4":{"player_id":14749,"player_name":"Benjamin Stambouli","vaep_value":0.0944755836,"offensive_value":0.1128965216,"defensive_value":-0.0184209379,"count":71},"5":{"player_id":14847,"player_name":"Benjamin Stambouli","vaep_value":0.3646605781,"offensive_value":0.1666800035,"defensive_value":0.1979805746,"count":35},"6":{"player_id":14857,"player_name":"Ville Matti Steinmann","vaep_value":0.1920911981,"offensive_value":0.2022247866,"defensive_value":-0.0101335886,"count":55},"7":{"player_id":14864,"player_name":"Ville Matti Steinmann","vaep_value":0.9713111987,"offensive_value":0.9468011095,"defensive_value":0.0245100892,"count":59},"8":{"player_id":14989,"player_name":"Douglas dos Santos Justino de Melo","vaep_value":0.7683387461,"offensive_value":0.6950591106,"defensive_value":0.0732796355,"count":69},"9":{"player_id":20876,"player_name":"Douglas dos Santos Justino de Melo","vaep_value":0.0859088157,"offensive_value":0.058106876,"defensive_value":0.0278019398,"count":9},"10":{"player_id":20932,"player_name":"Ralf F\u00e4hrmann","vaep_value":0.0171567101,"offensive_value":0.0012078062,"defensive_value":0.015948904,"count":30},"11":{"player_id":25995,"player_name":"Douglas dos Santos Justino de Melo","vaep_value":0.1706812467,"offensive_value":0.1397743697,"defensive_value":0.030906877,"count":64},"12":{"player_id":64995,"player_name":"Julian Pollersbeck","vaep_value":0.7637341029,"offensive_value":0.7917746981,"defensive_value":-0.0280405951,"count":29},"13":{"player_id":127796,"player_name":"Ville Matti Steinmann","vaep_value":0.9549574465,"offensive_value":0.8660090682,"defensive_value":0.0889483783,"count":37},"14":{"player_id":134369,"player_name":"Ville Matti Steinmann","vaep_value":0.0299483526,"offensive_value":0.0246866799,"defensive_value":0.0052616727,"count":20},"15":{"player_id":134387,"player_name":"Gotoku Sakai","vaep_value":-0.0597049049,"offensive_value":-0.0676477142,"defensive_value":0.0079428093,"count":45},"16":{"player_id":143566,"player_name":"Gian-Luca Waldschmidt","vaep_value":0.4598508447,"offensive_value":0.397357192,"defensive_value":0.0624936527,"count":77},"17":{"player_id":144766,"player_name":"Leon  Goretzka","vaep_value":-0.0295636696,"offensive_value":-0.0221290363,"defensive_value":-0.0074346333,"count":7},"18":{"player_id":221376,"player_name":"Ronaldo  Aparecido Rodrigues","vaep_value":0.0478839702,"offensive_value":0.0284825314,"defensive_value":0.0194014388,"count":57},"19":{"player_id":235606,"player_name":"Daniel Caligiuri","vaep_value":0.1346577206,"offensive_value":0.1448798714,"defensive_value":-0.0102221508,"count":50},"20":{"player_id":241957,"player_name":"Rick van Drongelen","vaep_value":0.2224031119,"offensive_value":0.191485767,"defensive_value":0.0309173448,"count":55},"21":{"player_id":258254,"player_name":"Daniel Caligiuri","vaep_value":-0.0762514485,"offensive_value":-0.0978952898,"defensive_value":0.0216438413,"count":35},"22":{"player_id":282772,"player_name":"Kyriakos Papadopoulos","vaep_value":-0.0473119963,"offensive_value":-0.0236186592,"defensive_value":-0.0236933371,"count":16},"23":{"player_id":365441,"player_name":"Kyriakos Papadopoulos","vaep_value":0.1963689537,"offensive_value":0.0825070353,"defensive_value":0.1138619183,"count":67},"24":{"player_id":372915,"player_name":"Thilo Kehrer","vaep_value":0.112214904,"offensive_value":-0.0017287435,"defensive_value":0.1139436476,"count":40},"25":{"player_id":391606,"player_name":"Tatsuya Ito","vaep_value":0.9637155873,"offensive_value":1.0543895364,"defensive_value":-0.0906739491,"count":69},"26":{"player_id":449921,"player_name":"Douglas dos Santos Justino de Melo","vaep_value":0.0099495491,"offensive_value":0.0123301938,"defensive_value":-0.0023806447,"count":12},"27":{"player_id":471348,"player_name":"Tatsuya Ito","vaep_value":0.2410899925,"offensive_value":0.2471934988,"defensive_value":-0.0061035063,"count":24},"28":{"player_id":491365,"player_name":"Douglas dos Santos Justino de Melo","vaep_value":-0.0088633904,"offensive_value":-0.005495009,"defensive_value":-0.0033683814,"count":5}}