{"0":{"player_id":0,"player_name":"Pascal Gro\u00df","vaep_value":0.0625607282,"offensive_value":0.0051192561,"defensive_value":0.0574414721,"count":1},"1":{"player_id":120,"player_name":"Dale Stephens","vaep_value":0.3645124238,"offensive_value":0.3679957888,"defensive_value":-0.003483365,"count":4},"2":{"player_id":179,"player_name":"Kyle Naughton","vaep_value":0.1185310755,"offensive_value":0.115181135,"defensive_value":0.0033499405,"count":22},"3":{"player_id":284,"player_name":"Kyle Naughton","vaep_value":-0.5765872573,"offensive_value":0.0000495685,"defensive_value":-0.5766368258,"count":46},"4":{"player_id":466,"player_name":"Jos\u00e9 Heriberto Izquierdo Mena","vaep_value":0.1028677968,"offensive_value":0.1509114008,"defensive_value":-0.048043604,"count":69},"5":{"player_id":7847,"player_name":"Jos\u00e9 Heriberto Izquierdo Mena","vaep_value":0.1015960504,"offensive_value":0.0560974826,"defensive_value":0.0454985679,"count":35},"6":{"player_id":8086,"player_name":"Glenn Murray","vaep_value":0.5159413835,"offensive_value":0.4885134094,"defensive_value":0.0274279742,"count":52},"7":{"player_id":8192,"player_name":"Kyle Naughton","vaep_value":-0.0179598755,"offensive_value":-0.0871456956,"defensive_value":0.0691858201,"count":62},"8":{"player_id":8242,"player_name":"Jordan Ayew","vaep_value":0.2756713192,"offensive_value":0.1253678284,"defensive_value":0.1503034908,"count":54},"9":{"player_id":8336,"player_name":"Pascal Gro\u00df","vaep_value":0.0447583441,"offensive_value":0.1707576986,"defensive_value":-0.1259993545,"count":74},"10":{"player_id":8416,"player_name":"Pascal Gro\u00df","vaep_value":1.0201492122,"offensive_value":0.9974189526,"defensive_value":0.0227302596,"count":49},"11":{"player_id":8976,"player_name":"Jos\u00e9 Heriberto Izquierdo Mena","vaep_value":0.0996196057,"offensive_value":0.0866533862,"defensive_value":0.0129662196,"count":44},"12":{"player_id":9097,"player_name":"Glenn Murray","vaep_value":0.1185085969,"offensive_value":0.102172588,"defensive_value":0.0163360089,"count":63},"13":{"player_id":10252,"player_name":"Pascal Gro\u00df","vaep_value":-0.0218435092,"offensive_value":-0.0152140984,"defensive_value":-0.0066294108,"count":24},"14":{"player_id":15526,"player_name":"Glenn Murray","vaep_value":0.1569192852,"offensive_value":0.1475662377,"defensive_value":0.0093530475,"count":68},"15":{"player_id":20855,"player_name":"Glenn Murray","vaep_value":0.0053851431,"offensive_value":0.0212590204,"defensive_value":-0.0158738773,"count":42},"16":{"player_id":21164,"player_name":"Kyle Naughton","vaep_value":0.336266805,"offensive_value":0.1192132885,"defensive_value":0.2170535165,"count":68},"17":{"player_id":25571,"player_name":"Lewis Dunk","vaep_value":0.1027324205,"offensive_value":0.1423676338,"defensive_value":-0.0396352132,"count":35},"18":{"player_id":25572,"player_name":"Kyle Naughton","vaep_value":-0.0319987759,"offensive_value":-0.0411824563,"defensive_value":0.0091836804,"count":27},"19":{"player_id":25950,"player_name":"Mike van der Hoorn","vaep_value":1.3454096348,"offensive_value":1.2275303229,"defensive_value":0.1178793118,"count":45},"20":{"player_id":26495,"player_name":"Mike van der Hoorn","vaep_value":0.0473221363,"offensive_value":0.0939193389,"defensive_value":-0.0465972025,"count":47},"21":{"player_id":61390,"player_name":"Shane Duffy","vaep_value":0.2000065982,"offensive_value":0.1910711143,"defensive_value":0.0089354839,"count":29},"22":{"player_id":61961,"player_name":"Shane Duffy","vaep_value":-0.0029210271,"offensive_value":-0.0036069928,"defensive_value":0.0006859656,"count":1},"23":{"player_id":61962,"player_name":"Davy Pr\u00f6pper","vaep_value":0.0362928351,"offensive_value":-0.0244554235,"defensive_value":0.0607482586,"count":67},"24":{"player_id":77552,"player_name":"Davy Pr\u00f6pper","vaep_value":-0.0306703027,"offensive_value":-0.0164397603,"defensive_value":-0.0142305424,"count":12},"25":{"player_id":91381,"player_name":"Shane Duffy","vaep_value":0.3301660536,"offensive_value":0.3087163712,"defensive_value":0.0214496824,"count":66},"26":{"player_id":246866,"player_name":"Sung-Yeung Ki","vaep_value":0.1224256419,"offensive_value":0.0733658645,"defensive_value":0.0490597774,"count":69},"27":{"player_id":247248,"player_name":"Nathan Dyer","vaep_value":0.1589185561,"offensive_value":0.1591498926,"defensive_value":-0.0002313366,"count":6},"28":{"player_id":343951,"player_name":"Glenn Murray","vaep_value":0.0980875281,"offensive_value":0.0984358046,"defensive_value":-0.0003482765,"count":8}}