{"0":{"player_id":0,"player_name":"Aaron Hunt","vaep_value":0.0221633428,"offensive_value":0.0390108872,"defensive_value":-0.0168475444,"count":9},"1":{"player_id":14706,"player_name":"Ville Matti Steinmann","vaep_value":0.3117007507,"offensive_value":0.3069427084,"defensive_value":0.0047580423,"count":60},"2":{"player_id":14734,"player_name":"Kyriakos Papadopoulos","vaep_value":0.0090370341,"offensive_value":0.0074125109,"defensive_value":0.0016245232,"count":30},"3":{"player_id":14749,"player_name":"Dennis Diekmeier","vaep_value":0.4413460455,"offensive_value":0.4304002178,"defensive_value":0.0109458277,"count":66},"4":{"player_id":14857,"player_name":"Manuel Gulde","vaep_value":0.4184551885,"offensive_value":0.3018515164,"defensive_value":0.1166036722,"count":60},"5":{"player_id":14864,"player_name":"Alexander Schwolow","vaep_value":1.1117340764,"offensive_value":1.0543407404,"defensive_value":0.057393336,"count":72},"6":{"player_id":14888,"player_name":"Dennis Diekmeier","vaep_value":0.2415572593,"offensive_value":0.166574087,"defensive_value":0.0749831723,"count":54},"7":{"player_id":14998,"player_name":"Caglar S\u00f6y\u00fcnc\u00fc","vaep_value":0.4559300648,"offensive_value":0.4252431944,"defensive_value":0.0306868703,"count":40},"8":{"player_id":15131,"player_name":"Alexander Schwolow","vaep_value":-0.0037442581,"offensive_value":-0.0050161902,"defensive_value":0.0012719322,"count":16},"9":{"player_id":15232,"player_name":"Tim Kleindienst","vaep_value":0.0490953872,"offensive_value":0.0661702834,"defensive_value":-0.0170748961,"count":8},"10":{"player_id":15430,"player_name":"Ville Matti Steinmann","vaep_value":0.3352497297,"offensive_value":0.0570591864,"defensive_value":0.2781905433,"count":48},"11":{"player_id":15487,"player_name":"Gideon Jung","vaep_value":0.0630122815,"offensive_value":-0.0084707085,"defensive_value":0.07148299,"count":30},"12":{"player_id":18670,"player_name":"Julian Pollersbeck","vaep_value":0.1181791548,"offensive_value":0.1663513399,"defensive_value":-0.0481721851,"count":56},"13":{"player_id":19525,"player_name":"Lukas K\u00fcbler","vaep_value":0.2490962519,"offensive_value":0.2260130323,"defensive_value":0.0230832197,"count":42},"14":{"player_id":19720,"player_name":"Lukas K\u00fcbler","vaep_value":0.1575042075,"offensive_value":0.0620954301,"defensive_value":0.0954087774,"count":44},"15":{"player_id":20876,"player_name":"Tim Kleindienst","vaep_value":0.0168421569,"offensive_value":0.0028922525,"defensive_value":0.0139499044,"count":14},"16":{"player_id":127796,"player_name":"Tim Kleindienst","vaep_value":-0.4789839553,"offensive_value":-0.4345299078,"defensive_value":-0.0444540476,"count":53},"17":{"player_id":216074,"player_name":"Lewis Harry Holtby","vaep_value":0.2753312769,"offensive_value":0.3954020329,"defensive_value":-0.1200707561,"count":58},"18":{"player_id":221376,"player_name":"Gian-Luca Waldschmidt","vaep_value":0.0697189451,"offensive_value":0.08505587,"defensive_value":-0.0153369249,"count":55},"19":{"player_id":228765,"player_name":"Filip Kosti\u0107","vaep_value":-0.1640317725,"offensive_value":-0.0686464101,"defensive_value":-0.0953853624,"count":31},"20":{"player_id":241957,"player_name":"Caglar S\u00f6y\u00fcnc\u00fc","vaep_value":0.0744932863,"offensive_value":0.1082720972,"defensive_value":-0.0337788109,"count":69},"21":{"player_id":241966,"player_name":"Julian Schuster","vaep_value":0.1330663614,"offensive_value":0.0737987214,"defensive_value":0.05926764,"count":54},"22":{"player_id":258254,"player_name":"Christian G\u00fcnter","vaep_value":-0.1962507395,"offensive_value":-0.1771644013,"defensive_value":-0.0190863382,"count":26},"23":{"player_id":269490,"player_name":"Kyriakos Papadopoulos","vaep_value":-0.0171680456,"offensive_value":-0.0092522124,"defensive_value":-0.0079158333,"count":5},"24":{"player_id":271990,"player_name":"Christian G\u00fcnter","vaep_value":-0.0067986451,"offensive_value":-0.0024809472,"defensive_value":-0.004317698,"count":22},"25":{"player_id":336829,"player_name":"Nils Petersen","vaep_value":-0.0355212609,"offensive_value":0.0084695586,"defensive_value":-0.0439908195,"count":8},"26":{"player_id":344864,"player_name":"Julian Pollersbeck","vaep_value":-0.2809619649,"offensive_value":-0.1870941042,"defensive_value":-0.0938678606,"count":55},"27":{"player_id":391606,"player_name":"Gideon Jung","vaep_value":0.0497154278,"offensive_value":0.0369559037,"defensive_value":0.012759524,"count":45},"28":{"player_id":449921,"player_name":"Julian Pollersbeck","vaep_value":0.0369911894,"offensive_value":0.0385925907,"defensive_value":-0.0016014014,"count":6}}