{"0":{"player_id":0,"player_name":"C\u00e9dric Bakambu","vaep_value":-0.0379281655,"offensive_value":-0.0302916088,"defensive_value":-0.0076365568,"count":12},"1":{"player_id":3267,"player_name":"Rodrigo Hern\u00e1ndez Cascante","vaep_value":0.1455580865,"offensive_value":0.2226340992,"defensive_value":-0.0770760127,"count":28},"2":{"player_id":3468,"player_name":"Antonio Rukavina","vaep_value":-0.0615414951,"offensive_value":-0.0864584361,"defensive_value":0.024916941,"count":36},"3":{"player_id":3529,"player_name":"\u00c1lvaro Gonz\u00e1lez Sober\u00f3n","vaep_value":-0.0052660648,"offensive_value":0.0823796031,"defensive_value":-0.0876456678,"count":75},"4":{"player_id":3542,"player_name":"Enes \u00dcnal","vaep_value":0.1898023407,"offensive_value":0.1881564917,"defensive_value":0.001645849,"count":47},"5":{"player_id":3605,"player_name":"Vitorino Gabriel  Pacheco Antunes","vaep_value":0.8024856647,"offensive_value":0.8332030136,"defensive_value":-0.0307173489,"count":35},"6":{"player_id":3674,"player_name":"Amath Diedhiou Ndiaye","vaep_value":0.7652077125,"offensive_value":0.7214651908,"defensive_value":0.0437425218,"count":32},"7":{"player_id":3695,"player_name":"Amath Diedhiou Ndiaye","vaep_value":0.1273155074,"offensive_value":0.0160376995,"defensive_value":0.1112778079,"count":49},"8":{"player_id":3856,"player_name":"Samuel  Castillejo Azuaga","vaep_value":0.0561102288,"offensive_value":0.0459534251,"defensive_value":0.0101568036,"count":8},"9":{"player_id":3974,"player_name":"\u00c1ngel Luis Rodr\u00edguez D\u00edaz","vaep_value":0.7205995108,"offensive_value":0.7165861724,"defensive_value":0.0040133384,"count":60},"10":{"player_id":4131,"player_name":"R\u00faben Afonso Borges Semedo","vaep_value":1.5353000078,"offensive_value":1.533004029,"defensive_value":0.0022959788,"count":35},"11":{"player_id":4348,"player_name":"Mario Gaspar P\u00e9rez Mart\u00ednez","vaep_value":0.0371297186,"offensive_value":0.0936602631,"defensive_value":-0.0565305445,"count":34},"12":{"player_id":4593,"player_name":"Vitorino Gabriel  Pacheco Antunes","vaep_value":0.212002065,"offensive_value":0.2016492514,"defensive_value":0.0103528136,"count":20},"13":{"player_id":15214,"player_name":"Djen\u00e9 Dakonam Ortega","vaep_value":0.0700203315,"offensive_value":0.1007670664,"defensive_value":-0.0307467348,"count":54},"14":{"player_id":20623,"player_name":"Dami\u00e1n Nicol\u00e1s Su\u00e1rez Su\u00e1rez","vaep_value":-0.1345462836,"offensive_value":-0.023860656,"defensive_value":-0.1106856277,"count":16},"15":{"player_id":22578,"player_name":"Vitorino Gabriel  Pacheco Antunes","vaep_value":-0.0554709639,"offensive_value":-0.0260176458,"defensive_value":-0.0294533181,"count":11},"16":{"player_id":25472,"player_name":"Vitorino Gabriel  Pacheco Antunes","vaep_value":-0.1085618265,"offensive_value":-0.1451121256,"defensive_value":0.036550299,"count":22},"17":{"player_id":25888,"player_name":null,"vaep_value":0.3265576317,"offensive_value":0.328192183,"defensive_value":-0.0016345513,"count":16},"18":{"player_id":37831,"player_name":"Antonio Rukavina","vaep_value":0.0262763416,"offensive_value":0.0472975615,"defensive_value":-0.0210212199,"count":13},"19":{"player_id":70956,"player_name":"\u00c1lvaro Gonz\u00e1lez Sober\u00f3n","vaep_value":0.248928164,"offensive_value":0.1235612538,"defensive_value":0.1253669102,"count":57},"20":{"player_id":93000,"player_name":"Djen\u00e9 Dakonam Ortega","vaep_value":0.2218305786,"offensive_value":0.137776717,"defensive_value":0.0840538616,"count":49},"21":{"player_id":134174,"player_name":"Djen\u00e9 Dakonam Ortega","vaep_value":0.0805045199,"offensive_value":0.1074264439,"defensive_value":-0.026921924,"count":39},"22":{"player_id":250805,"player_name":"\u00c1lvaro Jos\u00e9 Jim\u00e9nez Guerrero","vaep_value":-0.0785254514,"offensive_value":-0.1161029059,"defensive_value":0.0375774546,"count":45},"23":{"player_id":274435,"player_name":"Dami\u00e1n Nicol\u00e1s Su\u00e1rez Su\u00e1rez","vaep_value":-0.1177825235,"offensive_value":-0.0630729666,"defensive_value":-0.0547095569,"count":29},"24":{"player_id":278383,"player_name":"R\u00faben Afonso Borges Semedo","vaep_value":0.0401603637,"offensive_value":-0.001423124,"defensive_value":0.0415834876,"count":24},"25":{"player_id":286448,"player_name":"Mario Gaspar P\u00e9rez Mart\u00ednez","vaep_value":0.0463842091,"offensive_value":0.0412280889,"defensive_value":0.0051561202,"count":43},"26":{"player_id":344140,"player_name":"R\u00faben Afonso Borges Semedo","vaep_value":0.0219607815,"offensive_value":0.0278984907,"defensive_value":-0.0059377092,"count":32},"27":{"player_id":364860,"player_name":"Rodrigo Hern\u00e1ndez Cascante","vaep_value":0.136554225,"offensive_value":0.1512815327,"defensive_value":-0.0147273077,"count":83},"28":{"player_id":399676,"player_name":"Mario Gaspar P\u00e9rez Mart\u00ednez","vaep_value":0.2147970559,"offensive_value":0.2493638016,"defensive_value":-0.0345667457,"count":74}}