{"0":{"player_id":0,"player_name":"Radamel Falcao Garc\u00eda Z\u00e1rate","vaep_value":-0.033798128,"offensive_value":-0.0293431927,"defensive_value":-0.0044549353,"count":8},"1":{"player_id":3450,"player_name":"Jo\u00e3o Filipe Iria Santos Moutinho","vaep_value":0.9001480625,"offensive_value":0.8613722245,"defensive_value":0.038775838,"count":47},"2":{"player_id":20677,"player_name":"F\u00e1bio Henrique Tavares","vaep_value":0.0084807297,"offensive_value":0.0145789548,"defensive_value":-0.0060982251,"count":5},"3":{"player_id":20685,"player_name":"Jorge Marco de Oliveira Moraes","vaep_value":0.1034292813,"offensive_value":0.0398804394,"defensive_value":0.0635488419,"count":33},"4":{"player_id":21097,"player_name":"Jemerson de Jesus Nascimento","vaep_value":0.2528731299,"offensive_value":0.2278274188,"defensive_value":0.0250457111,"count":80},"5":{"player_id":25523,"player_name":"Kamil Glik","vaep_value":0.1830372574,"offensive_value":0.0406564553,"defensive_value":0.1423808021,"count":55},"6":{"player_id":25605,"player_name":"Jemerson de Jesus Nascimento","vaep_value":0.0106012598,"offensive_value":0.0372083999,"defensive_value":-0.0266071401,"count":30},"7":{"player_id":26196,"player_name":"Jorge Marco de Oliveira Moraes","vaep_value":0.2110777558,"offensive_value":0.16776905,"defensive_value":0.0433087058,"count":115},"8":{"player_id":26276,"player_name":"Keita Bald\u00e9 Diao","vaep_value":0.0448391391,"offensive_value":0.0388127,"defensive_value":0.0060264391,"count":38},"9":{"player_id":28922,"player_name":"Djibril Sidib\u00e9","vaep_value":-0.1101451396,"offensive_value":-0.1150546289,"defensive_value":0.0049094893,"count":19},"10":{"player_id":37714,"player_name":"F\u00e1bio Henrique Tavares","vaep_value":0.1975053764,"offensive_value":0.0989240694,"defensive_value":0.098581307,"count":13},"11":{"player_id":40301,"player_name":"L\u00e9vy Koffi Djidji","vaep_value":0.017242111,"offensive_value":0.0633343846,"defensive_value":-0.0460922737,"count":51},"12":{"player_id":70093,"player_name":"Djibril Sidib\u00e9","vaep_value":0.0841842445,"offensive_value":0.0852746218,"defensive_value":-0.0010903773,"count":62},"13":{"player_id":83574,"player_name":"Youri Tielemans","vaep_value":0.1140972686,"offensive_value":0.1028291252,"defensive_value":0.0112681433,"count":33},"14":{"player_id":99453,"player_name":"F\u00e1bio Henrique Tavares","vaep_value":-0.0864296644,"offensive_value":-0.0774055223,"defensive_value":-0.0090241421,"count":15},"15":{"player_id":135747,"player_name":"Jorge Marco de Oliveira Moraes","vaep_value":-0.5851597604,"offensive_value":0.0740857981,"defensive_value":-0.6592455585,"count":35},"16":{"player_id":135913,"player_name":"Jo\u00e3o Filipe Iria Santos Moutinho","vaep_value":1.0651500095,"offensive_value":1.0737626575,"defensive_value":-0.008612648,"count":65},"17":{"player_id":207143,"player_name":"Marcos Paulo Mesquita Lopes","vaep_value":0.2672208889,"offensive_value":0.2112180425,"defensive_value":0.0560028464,"count":92},"18":{"player_id":209028,"player_name":"Jorge Marco de Oliveira Moraes","vaep_value":1.1116057327,"offensive_value":1.0969520221,"defensive_value":0.0146537106,"count":40},"19":{"player_id":217874,"player_name":"Abdoulaye Tour\u00e9","vaep_value":0.0626726372,"offensive_value":-0.0345480312,"defensive_value":0.0972206683,"count":30},"20":{"player_id":229697,"player_name":"Jo\u00e3o Filipe Iria Santos Moutinho","vaep_value":-0.0020085454,"offensive_value":0.0071405289,"defensive_value":-0.0091490743,"count":4},"21":{"player_id":242446,"player_name":"L\u00e9o Dubois","vaep_value":0.1189833323,"offensive_value":0.0814364736,"defensive_value":0.0375468587,"count":79},"22":{"player_id":256480,"player_name":"Jorge Marco de Oliveira Moraes","vaep_value":0.0481842828,"offensive_value":0.0542564553,"defensive_value":-0.0060721724,"count":37},"23":{"player_id":260002,"player_name":"Jorge Marco de Oliveira Moraes","vaep_value":0.072520678,"offensive_value":0.0928347732,"defensive_value":-0.0203140952,"count":65},"24":{"player_id":263766,"player_name":"Marcos Paulo Mesquita Lopes","vaep_value":0.0259802183,"offensive_value":0.0877672987,"defensive_value":-0.0617870804,"count":66},"25":{"player_id":263802,"player_name":"Marcos Paulo Mesquita Lopes","vaep_value":0.0420586077,"offensive_value":0.0308272386,"defensive_value":0.0112313691,"count":60},"26":{"player_id":270866,"player_name":"Jo\u00e3o Filipe Iria Santos Moutinho","vaep_value":0.1749012038,"offensive_value":0.0859499669,"defensive_value":0.0889512369,"count":39},"27":{"player_id":276978,"player_name":"Radamel Falcao Garc\u00eda Z\u00e1rate","vaep_value":-0.0025658975,"offensive_value":-0.0017702649,"defensive_value":-0.0007956326,"count":1},"28":{"player_id":300784,"player_name":"F\u00e1bio Henrique Tavares","vaep_value":-0.051852549,"offensive_value":-0.0095235407,"defensive_value":-0.0423290083,"count":65}}