{"0":{"player_id":0,"player_name":"Arnaldo Antonio Sanabria Ayala","vaep_value":-0.0670164995,"offensive_value":-0.0103645673,"defensive_value":-0.0566519322,"count":24},"1":{"player_id":3270,"player_name":"V\u00edctor Camarasa Ferrando","vaep_value":0.1321857063,"offensive_value":0.1150243145,"defensive_value":0.0171613918,"count":62},"2":{"player_id":3296,"player_name":"A\u00efssa Mandi","vaep_value":0.6542179288,"offensive_value":0.2327791181,"defensive_value":0.4214388106,"count":63},"3":{"player_id":3306,"player_name":"Zouhair Feddal","vaep_value":0.3885465083,"offensive_value":0.3344545357,"defensive_value":0.0540919726,"count":75},"4":{"player_id":3309,"player_name":"Zouhair Feddal","vaep_value":0.0377252386,"offensive_value":0.0265244027,"defensive_value":0.0112008359,"count":46},"5":{"player_id":3310,"player_name":"Antonio Ad\u00e1n Garrido","vaep_value":0.1737236443,"offensive_value":0.1675647385,"defensive_value":0.0061589057,"count":56},"6":{"player_id":3322,"player_name":"Rapha\u00ebl Varane","vaep_value":-0.5156848721,"offensive_value":-0.4834295027,"defensive_value":-0.0322553694,"count":50},"7":{"player_id":3358,"player_name":"Francisco Rom\u00e1n Alarc\u00f3n Su\u00e1rez","vaep_value":0.2076945718,"offensive_value":0.0319274572,"defensive_value":0.1757671146,"count":58},"8":{"player_id":3384,"player_name":"Luka Modri\u0107","vaep_value":-0.0367850701,"offensive_value":-0.0410094461,"defensive_value":0.0042243761,"count":26},"9":{"player_id":3563,"player_name":"Luka Modri\u0107","vaep_value":0.2792046741,"offensive_value":0.2781485868,"defensive_value":0.0010560873,"count":66},"10":{"player_id":3571,"player_name":"Cristiano Ronaldo dos Santos Aveiro","vaep_value":0.210569902,"offensive_value":-0.0189090375,"defensive_value":0.2294789396,"count":16},"11":{"player_id":3791,"player_name":"Cristiano Ronaldo dos Santos Aveiro","vaep_value":0.1122243446,"offensive_value":0.0314107003,"defensive_value":0.0808136443,"count":48},"12":{"player_id":3915,"player_name":"A\u00efssa Mandi","vaep_value":0.0724292353,"offensive_value":0.0454283417,"defensive_value":0.0270008936,"count":25},"13":{"player_id":4498,"player_name":"V\u00edctor Camarasa Ferrando","vaep_value":0.5661432236,"offensive_value":0.5585211751,"defensive_value":0.0076220485,"count":24},"14":{"player_id":4501,"player_name":"Carlos Henrique Casimiro","vaep_value":0.2234484004,"offensive_value":0.1882526306,"defensive_value":0.0351957698,"count":85},"15":{"player_id":8278,"player_name":null,"vaep_value":0.2227292066,"offensive_value":0.2553167752,"defensive_value":-0.0325875686,"count":56},"16":{"player_id":8287,"player_name":"Zouhair Feddal","vaep_value":0.3799485047,"offensive_value":0.3615372789,"defensive_value":0.0184112259,"count":69},"17":{"player_id":14723,"player_name":"A\u00efssa Mandi","vaep_value":0.2525972522,"offensive_value":0.27842359,"defensive_value":-0.0258263379,"count":105},"18":{"player_id":25461,"player_name":"Fabi\u00e1n Ruiz Pe\u00f1a","vaep_value":0.0452113977,"offensive_value":0.0174575419,"defensive_value":0.0277538558,"count":27},"19":{"player_id":26307,"player_name":"Francisco Javier Guerrero Mart\u00edn","vaep_value":0.1150790836,"offensive_value":0.0366947952,"defensive_value":0.0783842884,"count":42},"20":{"player_id":40756,"player_name":"Fabi\u00e1n Ruiz Pe\u00f1a","vaep_value":-0.056054813,"offensive_value":-0.0808441069,"defensive_value":0.0247892938,"count":68},"21":{"player_id":56009,"player_name":"Francisco Javier Guerrero Mart\u00edn","vaep_value":-0.0488256053,"offensive_value":-0.0083824849,"defensive_value":-0.0404431204,"count":39},"22":{"player_id":70120,"player_name":"Carlos Henrique Casimiro","vaep_value":0.2171423683,"offensive_value":0.0809384843,"defensive_value":0.136203884,"count":43},"23":{"player_id":225946,"player_name":"Riza Durmisi","vaep_value":0.9177983104,"offensive_value":0.8966013431,"defensive_value":0.0211969673,"count":27},"24":{"player_id":247219,"player_name":"Cristian Tello Herrera","vaep_value":-0.1344311334,"offensive_value":-0.1437089629,"defensive_value":0.0092778296,"count":19},"25":{"player_id":288091,"player_name":"V\u00edctor Camarasa Ferrando","vaep_value":0.2396739153,"offensive_value":0.2441186858,"defensive_value":-0.0044447705,"count":18},"26":{"player_id":344120,"player_name":"Cristian Tello Herrera","vaep_value":-0.0025783298,"offensive_value":0.0016140414,"defensive_value":-0.0041923712,"count":9},"27":{"player_id":346195,"player_name":"Francisco Javier  Garc\u00eda Fern\u00e1ndez","vaep_value":0.2141344768,"offensive_value":0.1807071137,"defensive_value":0.0334273631,"count":40},"28":{"player_id":372753,"player_name":"Zouhair Feddal","vaep_value":0.1036291027,"offensive_value":0.0985885619,"defensive_value":0.0050405408,"count":35}}