{"0":{"player_id":0,"player_name":"Florian Thauvin","vaep_value":0.0597900802,"offensive_value":0.0776299638,"defensive_value":-0.0178398836,"count":12},"1":{"player_id":382,"player_name":"Charles Traor\u00e9","vaep_value":-0.1518647746,"offensive_value":-0.1465188139,"defensive_value":-0.0053459607,"count":38},"2":{"player_id":3276,"player_name":"Karim Azamoum","vaep_value":0.1335083811,"offensive_value":0.1167708596,"defensive_value":0.0167375215,"count":87},"3":{"player_id":14722,"player_name":"Adil Rami","vaep_value":1.1377312723,"offensive_value":1.0630250562,"defensive_value":0.0747062161,"count":71},"4":{"player_id":25552,"player_name":"Jordan Amavi","vaep_value":0.1658778368,"offensive_value":0.0715309428,"defensive_value":0.094346894,"count":32},"5":{"player_id":25714,"player_name":"Jordan Amavi","vaep_value":1.0806510591,"offensive_value":1.0531995739,"defensive_value":0.0274514853,"count":86},"6":{"player_id":25743,"player_name":"Dimitri  Payet","vaep_value":0.1530229908,"offensive_value":0.1391926516,"defensive_value":0.0138303392,"count":67},"7":{"player_id":25770,"player_name":"Jordan Amavi","vaep_value":-0.024101137,"offensive_value":0.0217294673,"defensive_value":-0.0458306043,"count":83},"8":{"player_id":25891,"player_name":"Luiz Gustavo Dias","vaep_value":0.0698252441,"offensive_value":0.0652551828,"defensive_value":0.0045700613,"count":10},"9":{"player_id":25930,"player_name":"Rolando Jorge Pires da Fonseca","vaep_value":0.0358675974,"offensive_value":0.1115086246,"defensive_value":-0.0756410272,"count":35},"10":{"player_id":25937,"player_name":"Bouna Sarr","vaep_value":-0.0030262367,"offensive_value":-0.0240720576,"defensive_value":0.0210458209,"count":18},"11":{"player_id":25990,"player_name":"Adil Rami","vaep_value":0.1381669133,"offensive_value":0.1512195521,"defensive_value":-0.0130526389,"count":50},"12":{"player_id":28314,"player_name":"Rolando Jorge Pires da Fonseca","vaep_value":0.1497806631,"offensive_value":0.0305334773,"defensive_value":0.1192471858,"count":40},"13":{"player_id":28866,"player_name":"Adil Rami","vaep_value":-0.0449999059,"offensive_value":-0.0238445288,"defensive_value":-0.021155377,"count":43},"14":{"player_id":29291,"player_name":"Mamadou Samassa","vaep_value":0.2162265952,"offensive_value":0.0380994226,"defensive_value":0.1781271726,"count":59},"15":{"player_id":29641,"player_name":"Jimmy Giraudon","vaep_value":1.0174478815,"offensive_value":1.0084802508,"defensive_value":0.0089676307,"count":27},"16":{"player_id":70088,"player_name":"Sa\u00eef-Eddine Khaoui","vaep_value":0.1344090074,"offensive_value":0.08878996,"defensive_value":0.0456190474,"count":67},"17":{"player_id":86338,"player_name":"Karim Azamoum","vaep_value":-0.0233754843,"offensive_value":-0.02185721,"defensive_value":-0.0015182743,"count":10},"18":{"player_id":93044,"player_name":"Sa\u00eef-Eddine Khaoui","vaep_value":0.1249549491,"offensive_value":0.147010639,"defensive_value":-0.0220556898,"count":50},"19":{"player_id":94695,"player_name":"Karim Azamoum","vaep_value":-0.0204518103,"offensive_value":-0.0341486013,"defensive_value":0.013696791,"count":27},"20":{"player_id":134494,"player_name":"Bryan Pel\u00e9","vaep_value":0.6938974113,"offensive_value":0.701379173,"defensive_value":-0.0074817616,"count":12},"21":{"player_id":209086,"player_name":"Bryan Pel\u00e9","vaep_value":0.0297861462,"offensive_value":0.0239540362,"defensive_value":0.00583211,"count":65},"22":{"player_id":214628,"player_name":"Rolando Jorge Pires da Fonseca","vaep_value":0.2477311778,"offensive_value":0.0835301426,"defensive_value":0.1642010352,"count":73},"23":{"player_id":249926,"player_name":"Dimitri  Payet","vaep_value":0.0949718304,"offensive_value":0.0975307007,"defensive_value":-0.0025588704,"count":26},"24":{"player_id":275243,"player_name":"Florian Thauvin","vaep_value":0.1715407342,"offensive_value":0.1696171376,"defensive_value":0.0019235966,"count":30},"25":{"player_id":280115,"player_name":"Florian Thauvin","vaep_value":0.498637456,"offensive_value":0.409563395,"defensive_value":0.089074061,"count":103},"26":{"player_id":295761,"player_name":"Bouna Sarr","vaep_value":-0.0286123967,"offensive_value":-0.0254237022,"defensive_value":-0.0031886945,"count":12},"27":{"player_id":366401,"player_name":"Florian Thauvin","vaep_value":0.1715135736,"offensive_value":0.098535063,"defensive_value":0.0729785106,"count":20},"28":{"player_id":393284,"player_name":"Mamadou Samassa","vaep_value":0.361654711,"offensive_value":0.2498047644,"defensive_value":0.1118499466,"count":76}}