{"0":{"player_id":0,"player_name":"Pierre-Emerick Aubameyang","vaep_value":0.0050173744,"offensive_value":0.0091744184,"defensive_value":-0.004157044,"count":3},"1":{"player_id":1729,"player_name":"Nuri \u015eahin","vaep_value":0.0132901535,"offensive_value":-0.0039602388,"defensive_value":0.0172503922,"count":26},"2":{"player_id":3320,"player_name":"Sokratis Papastathopoulos","vaep_value":0.2615115413,"offensive_value":0.1646945475,"defensive_value":0.0968169938,"count":69},"3":{"player_id":3335,"player_name":"Marc Bartra Aregall","vaep_value":1.3421640689,"offensive_value":1.3446344873,"defensive_value":-0.0024704184,"count":104},"4":{"player_id":3566,"player_name":"Dan-Axel Zagadou","vaep_value":0.2819375368,"offensive_value":0.1195408297,"defensive_value":0.1623967071,"count":44},"5":{"player_id":14687,"player_name":"Mario G\u00f6tze","vaep_value":0.4437853586,"offensive_value":0.4192049329,"defensive_value":0.0245804257,"count":119},"6":{"player_id":14731,"player_name":"Dan-Axel Zagadou","vaep_value":-0.1164082744,"offensive_value":-0.1230897555,"defensive_value":0.0066814811,"count":12},"7":{"player_id":14770,"player_name":"Nuri \u015eahin","vaep_value":0.0816343792,"offensive_value":0.0678529519,"defensive_value":0.0137814273,"count":69},"8":{"player_id":14798,"player_name":"\u0141ukasz Piszczek","vaep_value":0.0001222213,"offensive_value":0.065473838,"defensive_value":-0.0653516167,"count":95},"9":{"player_id":14804,"player_name":"Sokratis Papastathopoulos","vaep_value":0.0357236072,"offensive_value":0.0199206696,"defensive_value":0.0158029376,"count":13},"10":{"player_id":14806,"player_name":"Marc Bartra Aregall","vaep_value":-0.1099222354,"offensive_value":-0.1302267853,"defensive_value":0.02030455,"count":53},"11":{"player_id":14816,"player_name":"Dan-Axel Zagadou","vaep_value":-0.0155453484,"offensive_value":-0.0140145756,"defensive_value":-0.0015307728,"count":3},"12":{"player_id":14917,"player_name":"Marc Bartra Aregall","vaep_value":0.0310575182,"offensive_value":-0.0206486343,"defensive_value":0.0517061525,"count":42},"13":{"player_id":14938,"player_name":"Sokratis Papastathopoulos","vaep_value":0.0993820323,"offensive_value":0.0593775631,"defensive_value":0.0400044692,"count":21},"14":{"player_id":15129,"player_name":"\u0141ukasz Piszczek","vaep_value":0.2113870842,"offensive_value":0.2075181893,"defensive_value":0.0038688949,"count":28},"15":{"player_id":15775,"player_name":"Christian Pulisic","vaep_value":0.1737085046,"offensive_value":0.1348551606,"defensive_value":0.038853344,"count":42},"16":{"player_id":15795,"player_name":"\u0141ukasz Piszczek","vaep_value":0.4228132672,"offensive_value":0.1955435174,"defensive_value":0.2272697499,"count":37},"17":{"player_id":19392,"player_name":"Sokratis Papastathopoulos","vaep_value":0.2628508449,"offensive_value":0.1441077917,"defensive_value":0.1187430532,"count":28},"18":{"player_id":25861,"player_name":"Paul Verhaegh","vaep_value":-0.0615054172,"offensive_value":-0.0439767335,"defensive_value":-0.0175286838,"count":6},"19":{"player_id":25867,"player_name":"Dan-Axel Zagadou","vaep_value":0.7517088554,"offensive_value":0.7604260552,"defensive_value":-0.0087171997,"count":51},"20":{"player_id":49968,"player_name":"Marc Bartra Aregall","vaep_value":0.0597093442,"offensive_value":0.1280567816,"defensive_value":-0.0683474374,"count":47},"21":{"player_id":228639,"player_name":"Jakub B\u0142aszczykowski","vaep_value":0.2355911033,"offensive_value":0.1200732178,"defensive_value":0.1155178855,"count":62},"22":{"player_id":272363,"player_name":"Paul Verhaegh","vaep_value":0.1094938309,"offensive_value":0.0931962691,"defensive_value":0.0162975618,"count":18},"23":{"player_id":279721,"player_name":"Maximilian Philipp","vaep_value":0.0000578525,"offensive_value":-0.0209242998,"defensive_value":0.0209821523,"count":16},"24":{"player_id":285727,"player_name":"Maximilian Philipp","vaep_value":0.0200815258,"offensive_value":0.0174452666,"defensive_value":0.0026362592,"count":22},"25":{"player_id":337682,"player_name":"Gonzalo Castro Randon","vaep_value":0.1000131433,"offensive_value":0.0662373358,"defensive_value":0.0337758075,"count":44},"26":{"player_id":356906,"player_name":"Gonzalo Castro Randon","vaep_value":0.0301624431,"offensive_value":0.0347376205,"defensive_value":-0.0045751774,"count":10},"27":{"player_id":391530,"player_name":"\u0141ukasz Piszczek","vaep_value":1.3372864886,"offensive_value":1.3378347256,"defensive_value":-0.0005482371,"count":46},"28":{"player_id":397028,"player_name":"Sokratis Papastathopoulos","vaep_value":0.0869612193,"offensive_value":0.1235262328,"defensive_value":-0.0365650135,"count":76}}