{"0":{"player_id":0,"player_name":"Etienne Capoue","vaep_value":0.0065682564,"offensive_value":0.0239828917,"defensive_value":-0.0174146353,"count":9},"1":{"player_id":160,"player_name":"Craig Cathcart","vaep_value":0.2805702086,"offensive_value":0.1967968673,"defensive_value":0.0837733413,"count":64},"2":{"player_id":3348,"player_name":"Jonjo Shelvey","vaep_value":-0.0966362938,"offensive_value":-0.0055320607,"defensive_value":-0.0911042331,"count":14},"3":{"player_id":3436,"player_name":"Ayoze P\u00e9rez Guti\u00e9rrez","vaep_value":0.2021467664,"offensive_value":0.266940032,"defensive_value":-0.0647932657,"count":64},"4":{"player_id":3523,"player_name":"Javier Manquillo Gait\u00e1n","vaep_value":0.1508194228,"offensive_value":0.0722420545,"defensive_value":0.0785773683,"count":85},"5":{"player_id":7967,"player_name":"Jonjo Shelvey","vaep_value":0.4626109607,"offensive_value":0.4285755459,"defensive_value":0.0340354148,"count":109},"6":{"player_id":7978,"player_name":"Javier Manquillo Gait\u00e1n","vaep_value":-0.362521863,"offensive_value":0.121943321,"defensive_value":-0.4844651839,"count":69},"7":{"player_id":8620,"player_name":"Jos\u00e9 Holebas","vaep_value":0.0492183872,"offensive_value":0.0701565346,"defensive_value":-0.0209381473,"count":60},"8":{"player_id":8833,"player_name":"Andre Gray","vaep_value":0.2197298392,"offensive_value":0.1285637271,"defensive_value":0.0911661121,"count":91},"9":{"player_id":8889,"player_name":"Andre Gray","vaep_value":0.0627932546,"offensive_value":0.0450784625,"defensive_value":0.0177147922,"count":14},"10":{"player_id":8903,"player_name":"Jamal Lascelles","vaep_value":-0.4409031614,"offensive_value":-0.4598247254,"defensive_value":0.018921564,"count":32},"11":{"player_id":8981,"player_name":"Etienne Capoue","vaep_value":-0.0670953103,"offensive_value":-0.07341145,"defensive_value":0.0063161397,"count":40},"12":{"player_id":9227,"player_name":"Christian Kabasele","vaep_value":0.4065274055,"offensive_value":0.3760956439,"defensive_value":0.0304317616,"count":42},"13":{"player_id":9403,"player_name":"Abdoulaye Doucour\u00e9","vaep_value":0.13521858,"offensive_value":0.0914957784,"defensive_value":0.0437228016,"count":60},"14":{"player_id":10663,"player_name":"Christian Kabasele","vaep_value":0.8900766127,"offensive_value":0.905273647,"defensive_value":-0.0151970343,"count":28},"15":{"player_id":12536,"player_name":"Etienne Capoue","vaep_value":-0.2988469175,"offensive_value":-0.2659212793,"defensive_value":-0.0329256381,"count":18},"16":{"player_id":20593,"player_name":"Roberto Maximiliano Pereyra","vaep_value":0.7282194606,"offensive_value":0.7252528301,"defensive_value":0.0029666305,"count":41},"17":{"player_id":25798,"player_name":"Daryl Janmaat","vaep_value":0.3228458013,"offensive_value":0.2195332018,"defensive_value":0.1033125995,"count":77},"18":{"player_id":28292,"player_name":"Craig Cathcart","vaep_value":0.2451847175,"offensive_value":0.17464975,"defensive_value":0.0705349675,"count":67},"19":{"player_id":68085,"player_name":"Christian Kabasele","vaep_value":0.066437038,"offensive_value":0.019157425,"defensive_value":0.047279613,"count":51},"20":{"player_id":92864,"player_name":"Christian Kabasele","vaep_value":0.1041842266,"offensive_value":0.1736523171,"defensive_value":-0.0694680905,"count":27},"21":{"player_id":92899,"player_name":"Etienne Capoue","vaep_value":0.4704575667,"offensive_value":0.4829887112,"defensive_value":-0.0125311445,"count":70},"22":{"player_id":104851,"player_name":"Craig Cathcart","vaep_value":0.4305607087,"offensive_value":0.0180197945,"defensive_value":0.4125409143,"count":42},"23":{"player_id":230883,"player_name":"Daryl Janmaat","vaep_value":0.8016595817,"offensive_value":0.7673082352,"defensive_value":0.0343513465,"count":49},"24":{"player_id":252365,"player_name":"Florian Lejeune","vaep_value":-0.1235803089,"offensive_value":-0.1104306816,"defensive_value":-0.0131496273,"count":32},"25":{"player_id":254898,"player_name":"Will Hughes","vaep_value":-0.103472485,"offensive_value":-0.0523873561,"defensive_value":-0.0510851289,"count":66},"26":{"player_id":293686,"player_name":"Will Hughes","vaep_value":0.049720375,"offensive_value":-0.0146699497,"defensive_value":0.0643903246,"count":33},"27":{"player_id":339789,"player_name":"Jonjo Shelvey","vaep_value":-0.1031548067,"offensive_value":-0.0962901856,"defensive_value":-0.0068646211,"count":18},"28":{"player_id":377071,"player_name":"Etienne Capoue","vaep_value":0.0018288407,"offensive_value":0.0006124526,"defensive_value":0.0012163881,"count":2}}