{"0":{"player_id":0,"player_name":"Emiliano Sala","vaep_value":0.0384673596,"offensive_value":0.0503158011,"defensive_value":-0.0118484414,"count":6},"1":{"player_id":4786,"player_name":"Valentin Rongier","vaep_value":0.2551666889,"offensive_value":0.0958509922,"defensive_value":0.1593156967,"count":72},"2":{"player_id":8268,"player_name":"Diego Carlos Santos Silva","vaep_value":0.135396424,"offensive_value":0.1622517564,"defensive_value":-0.0268553324,"count":59},"3":{"player_id":14990,"player_name":"Chris Philipps","vaep_value":0.0470307111,"offensive_value":0.018775844,"defensive_value":0.0282548671,"count":41},"4":{"player_id":25423,"player_name":"Moussa Niakhat\u00e9","vaep_value":0.0236750492,"offensive_value":0.0272092554,"defensive_value":-0.0035342062,"count":31},"5":{"player_id":25523,"player_name":"Beno\u00eet Assou-Ekotto","vaep_value":0.1054524104,"offensive_value":0.0672135877,"defensive_value":0.0382388227,"count":60},"6":{"player_id":25605,"player_name":"Milan Bi\u0161evac","vaep_value":1.0084871157,"offensive_value":0.9125610508,"defensive_value":0.0959260649,"count":28},"7":{"player_id":25716,"player_name":"Iv\u00e1n Balliu Campeny","vaep_value":-0.7417716523,"offensive_value":-0.7299337988,"defensive_value":-0.0118378535,"count":28},"8":{"player_id":26508,"player_name":"Adrien Thomasson","vaep_value":0.0781346648,"offensive_value":0.0587340104,"defensive_value":0.0194006544,"count":53},"9":{"player_id":26512,"player_name":"Nolan Roux","vaep_value":0.2316253506,"offensive_value":0.2816741445,"defensive_value":-0.0500487939,"count":51},"10":{"player_id":28965,"player_name":"Lucas Pedro Alves De Lima","vaep_value":0.120414931,"offensive_value":0.120998899,"defensive_value":-0.000583968,"count":46},"11":{"player_id":37714,"player_name":"Pr\u00e9juce Niguimb\u00e9 Nakoulma","vaep_value":0.4210680832,"offensive_value":0.1916191493,"defensive_value":0.2294489339,"count":36},"12":{"player_id":37896,"player_name":"Pr\u00e9juce Niguimb\u00e9 Nakoulma","vaep_value":0.0288281504,"offensive_value":0.0879963555,"defensive_value":-0.0591682051,"count":39},"13":{"player_id":40301,"player_name":"Adrien Thomasson","vaep_value":0.3185935779,"offensive_value":0.3413694878,"defensive_value":-0.0227759099,"count":64},"14":{"player_id":43515,"player_name":"Renaud Cohade","vaep_value":-0.4025438291,"offensive_value":-0.0092038515,"defensive_value":-0.3933399776,"count":9},"15":{"player_id":83574,"player_name":"Chris Philipps","vaep_value":0.1031745358,"offensive_value":0.0949843142,"defensive_value":0.0081902216,"count":33},"16":{"player_id":86486,"player_name":"Moussa Niakhat\u00e9","vaep_value":0.0079491747,"offensive_value":0.0171797237,"defensive_value":-0.009230549,"count":34},"17":{"player_id":99453,"player_name":"Beno\u00eet Assou-Ekotto","vaep_value":-0.0332164491,"offensive_value":-0.0038629847,"defensive_value":-0.0293534644,"count":50},"18":{"player_id":135937,"player_name":"Beno\u00eet Assou-Ekotto","vaep_value":0.110360091,"offensive_value":0.0000267879,"defensive_value":0.1103333031,"count":27},"19":{"player_id":138577,"player_name":"Chris Philipps","vaep_value":0.1164436179,"offensive_value":0.0351248167,"defensive_value":0.0813188012,"count":34},"20":{"player_id":209028,"player_name":"Iv\u00e1n Balliu Campeny","vaep_value":0.0432927574,"offensive_value":-0.0381786674,"defensive_value":0.0814714248,"count":64},"21":{"player_id":217874,"player_name":"Iv\u00e1n Balliu Campeny","vaep_value":0.171306636,"offensive_value":0.1192527333,"defensive_value":0.0520539027,"count":78},"22":{"player_id":229119,"player_name":"Milan Bi\u0161evac","vaep_value":-0.0706628946,"offensive_value":-0.0675585222,"defensive_value":-0.0031043724,"count":5},"23":{"player_id":242446,"player_name":"Moussa Niakhat\u00e9","vaep_value":0.0797701201,"offensive_value":0.1726670535,"defensive_value":-0.0928969334,"count":71},"24":{"player_id":260002,"player_name":"Milan Bi\u0161evac","vaep_value":0.1371943041,"offensive_value":0.0922967116,"defensive_value":0.0448975925,"count":83},"25":{"player_id":270866,"player_name":"Nolan Roux","vaep_value":-0.0506510994,"offensive_value":-0.011468214,"defensive_value":-0.0391828854,"count":56},"26":{"player_id":286506,"player_name":"Chris Philipps","vaep_value":0.1329611501,"offensive_value":0.0982515774,"defensive_value":0.0347095728,"count":33},"27":{"player_id":290119,"player_name":"Ger\u00f3nimo Gast\u00f3n Poblete","vaep_value":0.1032918519,"offensive_value":0.0986676239,"defensive_value":0.004624228,"count":66},"28":{"player_id":364772,"player_name":"Moussa Niakhat\u00e9","vaep_value":0.0704000622,"offensive_value":0.0759472437,"defensive_value":-0.0055471815,"count":25}}