{"0":{"player_id":0,"player_name":"Giovanni-Guy Yann Sio","vaep_value":0.1416965707,"offensive_value":0.1033400998,"defensive_value":0.0383564709,"count":23},"1":{"player_id":102,"player_name":"Nanitamo Jonathan Ikon\u00e9","vaep_value":0.1947418096,"offensive_value":0.2166509936,"defensive_value":-0.0219091839,"count":93},"2":{"player_id":118,"player_name":"Nordi Mukiele Mulere","vaep_value":0.0696007944,"offensive_value":0.1657550307,"defensive_value":-0.0961542364,"count":104},"3":{"player_id":1712,"player_name":"Anthony Lopes","vaep_value":-0.1120152306,"offensive_value":-0.0135146375,"defensive_value":-0.0985005931,"count":87},"4":{"player_id":3308,"player_name":"Marcelo Ant\u00f4nio Guedes Filho","vaep_value":0.0591997732,"offensive_value":0.035981306,"defensive_value":0.0232184672,"count":28},"5":{"player_id":5167,"player_name":"J\u00e9r\u00e9my Morel","vaep_value":0.6262329915,"offensive_value":0.7177236767,"defensive_value":-0.0914906852,"count":21},"6":{"player_id":14945,"player_name":"Ferland Mendy","vaep_value":0.0123274989,"offensive_value":-0.0090588124,"defensive_value":0.0213863113,"count":16},"7":{"player_id":25382,"player_name":"J\u00e9r\u00e9my Morel","vaep_value":0.1678887287,"offensive_value":0.0670692651,"defensive_value":0.1008194636,"count":32},"8":{"player_id":25403,"player_name":"Marcelo Ant\u00f4nio Guedes Filho","vaep_value":0.0174968628,"offensive_value":0.0083589954,"defensive_value":0.0091378674,"count":6},"9":{"player_id":25457,"player_name":"Kenny Tete","vaep_value":0.045285804,"offensive_value":0.0395821407,"defensive_value":0.0057036632,"count":19},"10":{"player_id":25557,"player_name":"J\u00e9r\u00e9my Morel","vaep_value":0.3459867713,"offensive_value":0.22307051,"defensive_value":0.1229162613,"count":85},"11":{"player_id":25786,"player_name":"J\u00e9r\u00e9my Morel","vaep_value":0.0389918068,"offensive_value":0.0478296735,"defensive_value":-0.0088378667,"count":34},"12":{"player_id":25829,"player_name":"Memphis Depay","vaep_value":0.24477997,"offensive_value":0.1340858553,"defensive_value":0.1106941147,"count":52},"13":{"player_id":25993,"player_name":"Houssem Aouar","vaep_value":0.1028937994,"offensive_value":0.0189663458,"defensive_value":0.0839274536,"count":54},"14":{"player_id":26016,"player_name":"Ferland Mendy","vaep_value":0.1529952965,"offensive_value":0.1188828899,"defensive_value":0.0341124067,"count":41},"15":{"player_id":28335,"player_name":"Ruben Aguilar","vaep_value":0.1892846144,"offensive_value":0.1270455896,"defensive_value":0.0622390248,"count":57},"16":{"player_id":142755,"player_name":"Giovanni-Guy Yann Sio","vaep_value":-0.0524995496,"offensive_value":-0.0405122904,"defensive_value":-0.0119872592,"count":46},"17":{"player_id":143189,"player_name":"Isaac Mbenza","vaep_value":-0.2362978237,"offensive_value":-0.2280157292,"defensive_value":-0.0082820945,"count":13},"18":{"player_id":228946,"player_name":"Nanitamo Jonathan Ikon\u00e9","vaep_value":-0.0709053195,"offensive_value":-0.0493078705,"defensive_value":-0.021597449,"count":9},"19":{"player_id":246946,"player_name":"Isaac Mbenza","vaep_value":0.0209286604,"offensive_value":0.0168177056,"defensive_value":0.0041109548,"count":52},"20":{"player_id":276979,"player_name":"Marcelo Ant\u00f4nio Guedes Filho","vaep_value":0.5960430208,"offensive_value":0.2923097159,"defensive_value":0.3037333049,"count":97},"21":{"player_id":276983,"player_name":"Benjamin Lecomte","vaep_value":0.7488395321,"offensive_value":0.7714039217,"defensive_value":-0.0225643896,"count":28},"22":{"player_id":294695,"player_name":"Paul Lasne","vaep_value":0.2927368016,"offensive_value":0.2929298931,"defensive_value":-0.0001930916,"count":62},"23":{"player_id":335763,"player_name":"Paul Lasne","vaep_value":-0.1726243573,"offensive_value":-0.1675602833,"defensive_value":-0.0050640741,"count":21},"24":{"player_id":341973,"player_name":"J\u00e9r\u00f4me Roussillon","vaep_value":0.1052230743,"offensive_value":0.1064383977,"defensive_value":-0.0012153233,"count":53},"25":{"player_id":342743,"player_name":"Anthony Lopes","vaep_value":0.1299701158,"offensive_value":0.0826679955,"defensive_value":0.0473021204,"count":77},"26":{"player_id":344744,"player_name":"Houssem Aouar","vaep_value":0.6609286242,"offensive_value":0.6803771905,"defensive_value":-0.0194485663,"count":42},"27":{"player_id":397046,"player_name":"Ferland Mendy","vaep_value":-0.0557971151,"offensive_value":-0.0341289161,"defensive_value":-0.021668199,"count":62},"28":{"player_id":404226,"player_name":"Marcelo Ant\u00f4nio Guedes Filho","vaep_value":0.0471946127,"offensive_value":0.0475394065,"defensive_value":-0.0003447938,"count":12}}