{"0":{"player_id":0,"player_name":"Francesco Magnanelli","vaep_value":-0.0681993747,"offensive_value":-0.0401414353,"defensive_value":-0.0280579394,"count":9},"1":{"player_id":3710,"player_name":"Edoardo Goldaniga","vaep_value":-0.1962646693,"offensive_value":-0.1387849448,"defensive_value":-0.0574797245,"count":21},"2":{"player_id":20472,"player_name":"Nicol\u00f2 Barella","vaep_value":0.2432639461,"offensive_value":0.190261378,"defensive_value":0.0530025682,"count":77},"3":{"player_id":20478,"player_name":"Nicol\u00f2 Barella","vaep_value":-0.0043692075,"offensive_value":-0.0019970522,"defensive_value":-0.0023721553,"count":8},"4":{"player_id":20635,"player_name":"Francesco Acerbi","vaep_value":0.1760364096,"offensive_value":0.1180036307,"defensive_value":0.0580327789,"count":66},"5":{"player_id":20636,"player_name":"Federico Peluso","vaep_value":0.1035573162,"offensive_value":0.082421614,"defensive_value":0.0211357023,"count":65},"6":{"player_id":20832,"player_name":"Marco Andreolli","vaep_value":0.0758726659,"offensive_value":0.0448630924,"defensive_value":0.0310095735,"count":29},"7":{"player_id":20842,"player_name":"Artur Ioni\u0163\u0103","vaep_value":0.2031114775,"offensive_value":0.2196284321,"defensive_value":-0.0165169545,"count":66},"8":{"player_id":20850,"player_name":"Francesco Magnanelli","vaep_value":0.1178818479,"offensive_value":0.1276366711,"defensive_value":-0.0097548232,"count":25},"9":{"player_id":20875,"player_name":"Francesco Magnanelli","vaep_value":0.0238594848,"offensive_value":0.0198332381,"defensive_value":0.0040262467,"count":25},"10":{"player_id":21639,"player_name":"Pol Mikel Lirola Kosok","vaep_value":0.0029338651,"offensive_value":-0.0779306447,"defensive_value":0.0808645098,"count":75},"11":{"player_id":21865,"player_name":"Pol Mikel Lirola Kosok","vaep_value":0.0304111083,"offensive_value":0.0234401419,"defensive_value":0.0069709664,"count":24},"12":{"player_id":22162,"player_name":"Francesco Magnanelli","vaep_value":0.4952849478,"offensive_value":0.3522879609,"defensive_value":0.1429969869,"count":71},"13":{"player_id":22163,"player_name":"Edoardo Goldaniga","vaep_value":0.1323436153,"offensive_value":0.1025515334,"defensive_value":0.0297920819,"count":61},"14":{"player_id":22383,"player_name":"Andrea Consigli","vaep_value":0.2585058982,"offensive_value":0.2695272807,"defensive_value":-0.0110213825,"count":66},"15":{"player_id":22699,"player_name":"Federico Peluso","vaep_value":-0.0023294226,"offensive_value":0.0005006155,"defensive_value":-0.0028300381,"count":2},"16":{"player_id":22933,"player_name":"Francesco Acerbi","vaep_value":-0.0217540505,"offensive_value":-0.024036766,"defensive_value":0.0022827155,"count":10},"17":{"player_id":23314,"player_name":"Andrea Consigli","vaep_value":0.0996307601,"offensive_value":-0.0674581164,"defensive_value":0.1670888766,"count":45},"18":{"player_id":40538,"player_name":"Francesco Magnanelli","vaep_value":0.1606585372,"offensive_value":0.046712079,"defensive_value":0.1139464582,"count":68},"19":{"player_id":50073,"player_name":"Francesco Magnanelli","vaep_value":-0.0107839037,"offensive_value":-0.0200803399,"defensive_value":0.0092964362,"count":48},"20":{"player_id":92900,"player_name":"Domenico Berardi","vaep_value":0.0320350858,"offensive_value":0.0582868428,"defensive_value":-0.0262517569,"count":32},"21":{"player_id":116171,"player_name":"Luca Ceppitelli","vaep_value":-0.0998432663,"offensive_value":-0.1211181735,"defensive_value":0.0212749072,"count":37},"22":{"player_id":134413,"player_name":"Domenico Berardi","vaep_value":0.0935022933,"offensive_value":0.1388619719,"defensive_value":-0.0453596786,"count":40},"23":{"player_id":208696,"player_name":"Charalampos Lykogiannis","vaep_value":-0.1324453669,"offensive_value":-0.1180419832,"defensive_value":-0.0144033837,"count":74},"24":{"player_id":209400,"player_name":"Diego da Silva Farias","vaep_value":0.1822087421,"offensive_value":0.2230749548,"defensive_value":-0.0408662127,"count":58},"25":{"player_id":246059,"player_name":"Charalampos Lykogiannis","vaep_value":-0.1403828177,"offensive_value":-0.1674922502,"defensive_value":0.0271094325,"count":41},"26":{"player_id":286223,"player_name":"Federico Peluso","vaep_value":0.3272956101,"offensive_value":0.2921719213,"defensive_value":0.0351236888,"count":97},"27":{"player_id":354123,"player_name":"Andrea Consigli","vaep_value":0.225121399,"offensive_value":0.1911055468,"defensive_value":0.0340158523,"count":82},"28":{"player_id":403449,"player_name":"Edoardo Goldaniga","vaep_value":0.0438180695,"offensive_value":0.0325174234,"defensive_value":0.0113006461,"count":21}}