{"0":{"player_id":0,"player_name":"Sergio Leonel Ag\u00fcero del Castillo","vaep_value":-0.0040128721,"offensive_value":0.0188929949,"defensive_value":-0.022905867,"count":5},"1":{"player_id":160,"player_name":"Fernando Luiz Rosa","vaep_value":0.004274516,"offensive_value":0.0212467812,"defensive_value":-0.0169722652,"count":39},"2":{"player_id":7888,"player_name":"Nicol\u00e1s Hern\u00e1n Otamendi","vaep_value":0.0477747412,"offensive_value":0.0590048768,"defensive_value":-0.0112301356,"count":31},"3":{"player_id":7929,"player_name":"John Stones","vaep_value":0.0239855943,"offensive_value":0.0557979876,"defensive_value":-0.0318123933,"count":32},"4":{"player_id":8266,"player_name":"Kevin De Bruyne","vaep_value":0.1009374966,"offensive_value":0.0988649159,"defensive_value":0.0020725807,"count":32},"5":{"player_id":8277,"player_name":"Kyle Walker","vaep_value":0.1284189041,"offensive_value":0.1691145138,"defensive_value":-0.0406956097,"count":102},"6":{"player_id":8317,"player_name":"Raheem Shaquille Sterling","vaep_value":0.2785904396,"offensive_value":0.2887061586,"defensive_value":-0.0101157189,"count":82},"7":{"player_id":8325,"player_name":"Raheem Shaquille Sterling","vaep_value":2.7691339835,"offensive_value":2.7828711206,"defensive_value":-0.0137371371,"count":52},"8":{"player_id":8889,"player_name":"Adrian Mariappa","vaep_value":0.1673916979,"offensive_value":0.036350515,"defensive_value":0.1310411829,"count":37},"9":{"player_id":8903,"player_name":null,"vaep_value":0.061060058,"offensive_value":-0.0144536358,"defensive_value":0.0755136937,"count":6},"10":{"player_id":9380,"player_name":"Fernando Luiz Rosa","vaep_value":0.1481570913,"offensive_value":0.1226618638,"defensive_value":0.0254952275,"count":88},"11":{"player_id":10663,"player_name":"Fernando Luiz Rosa","vaep_value":-0.0597306514,"offensive_value":-0.0536205994,"defensive_value":-0.006110052,"count":15},"12":{"player_id":11066,"player_name":"Benjamin Mendy","vaep_value":0.4431679309,"offensive_value":0.4475324532,"defensive_value":-0.0043645223,"count":79},"13":{"player_id":14808,"player_name":"Richarlison de Andrade","vaep_value":-0.0197566852,"offensive_value":-0.0205510256,"defensive_value":0.0007943404,"count":30},"14":{"player_id":20593,"player_name":"Jos\u00e9 Holebas","vaep_value":0.0667797203,"offensive_value":0.0408202241,"defensive_value":0.0259594962,"count":16},"15":{"player_id":25798,"player_name":"Abdoulaye Doucour\u00e9","vaep_value":0.0713730704,"offensive_value":0.0240566032,"defensive_value":0.0473164672,"count":15},"16":{"player_id":26136,"player_name":"Abdoulaye Doucour\u00e9","vaep_value":0.0639573187,"offensive_value":0.0897230676,"defensive_value":-0.0257657489,"count":64},"17":{"player_id":28292,"player_name":"Raheem Shaquille Sterling","vaep_value":0.1717490124,"offensive_value":-0.0093097658,"defensive_value":0.1810587782,"count":48},"18":{"player_id":38021,"player_name":"Gabriel Fernando de Jesus","vaep_value":0.2261580482,"offensive_value":0.2497152292,"defensive_value":-0.023557181,"count":79},"19":{"player_id":68085,"player_name":"Jos\u00e9 Holebas","vaep_value":-0.1016123765,"offensive_value":-0.0389728264,"defensive_value":-0.0626395501,"count":46},"20":{"player_id":70086,"player_name":"Richarlison de Andrade","vaep_value":1.0871250762,"offensive_value":1.1244464582,"defensive_value":-0.037321382,"count":59},"21":{"player_id":70156,"player_name":"Jos\u00e9 Holebas","vaep_value":-0.0606604568,"offensive_value":-0.0065615406,"defensive_value":-0.0540989161,"count":56},"22":{"player_id":71654,"player_name":"Andre Gray","vaep_value":0.0991040488,"offensive_value":0.0755321137,"defensive_value":0.0235719351,"count":35},"23":{"player_id":92899,"player_name":"Jos\u00e9 Holebas","vaep_value":0.1796252232,"offensive_value":0.3504311717,"defensive_value":-0.1708059486,"count":56},"24":{"player_id":105339,"player_name":"John Stones","vaep_value":0.0984800754,"offensive_value":0.0698904966,"defensive_value":0.0285895788,"count":79},"25":{"player_id":245364,"player_name":"John Stones","vaep_value":0.0682942835,"offensive_value":0.0483130912,"defensive_value":0.0199811923,"count":14},"26":{"player_id":265673,"player_name":"David Josu\u00e9 Jim\u00e9nez Silva","vaep_value":-0.0548847747,"offensive_value":-0.0483284817,"defensive_value":-0.0065562929,"count":33},"27":{"player_id":340386,"player_name":"Kyle Walker","vaep_value":0.9156997035,"offensive_value":0.907777987,"defensive_value":0.0079217165,"count":29},"28":{"player_id":377071,"player_name":"Abdoulaye Doucour\u00e9","vaep_value":-0.1257547034,"offensive_value":-0.104319447,"defensive_value":-0.0214352565,"count":42}}