{"0":{"player_id":0,"player_name":"Emiliano Sala","vaep_value":0.0470042069,"offensive_value":0.0681055598,"defensive_value":-0.0211013529,"count":8},"1":{"player_id":102,"player_name":"Abdoulaye Tour\u00e9","vaep_value":0.1956580864,"offensive_value":0.1589724951,"defensive_value":0.0366855913,"count":80},"2":{"player_id":118,"player_name":"Diego Carlos Santos Silva","vaep_value":-0.0375356448,"offensive_value":-0.0314505799,"defensive_value":-0.006085065,"count":9},"3":{"player_id":1712,"player_name":"L\u00e9vy Koffi Djidji","vaep_value":0.0397634392,"offensive_value":0.0507460599,"defensive_value":-0.0109826206,"count":84},"4":{"player_id":5167,"player_name":"Emiliano Sala","vaep_value":-0.0373518524,"offensive_value":-0.0149153606,"defensive_value":-0.0224364918,"count":25},"5":{"player_id":25382,"player_name":"Marcelo Ant\u00f4nio Guedes Filho","vaep_value":0.0402956668,"offensive_value":0.0956560725,"defensive_value":-0.0553604057,"count":37},"6":{"player_id":25403,"player_name":"Kalifa Coulibaly","vaep_value":0.2640068375,"offensive_value":0.157588644,"defensive_value":0.1064181936,"count":98},"7":{"player_id":25444,"player_name":"Anthony Lopes","vaep_value":-0.0171984843,"offensive_value":-0.0088282725,"defensive_value":-0.0083702118,"count":13},"8":{"player_id":25523,"player_name":"Lucas Tousart","vaep_value":0.0856972206,"offensive_value":0.1087426885,"defensive_value":-0.0230454679,"count":51},"9":{"player_id":25557,"player_name":"J\u00e9r\u00e9my Morel","vaep_value":0.2412079081,"offensive_value":0.2175834808,"defensive_value":0.0236244274,"count":88},"10":{"player_id":25605,"player_name":"Ferland Mendy","vaep_value":-0.0760899113,"offensive_value":-0.0208202791,"defensive_value":-0.0552696321,"count":31},"11":{"player_id":26276,"player_name":"Lucas Tousart","vaep_value":0.1886479005,"offensive_value":0.0400173124,"defensive_value":0.1486305881,"count":47},"12":{"player_id":28115,"player_name":"Marcelo Ant\u00f4nio Guedes Filho","vaep_value":0.2837271911,"offensive_value":0.3189418711,"defensive_value":-0.03521468,"count":69},"13":{"player_id":37714,"player_name":"Jordan Ferri","vaep_value":0.1258528668,"offensive_value":0.0909591278,"defensive_value":0.034893739,"count":7},"14":{"player_id":43515,"player_name":"Lucas Tousart","vaep_value":0.0909747283,"offensive_value":0.0367319682,"defensive_value":0.0542427602,"count":26},"15":{"player_id":83574,"player_name":"Lucas Tousart","vaep_value":0.1427519326,"offensive_value":0.1108100812,"defensive_value":0.0319418514,"count":38},"16":{"player_id":142755,"player_name":"Bertrand Isidore Traor\u00e9","vaep_value":-0.2155070001,"offensive_value":-0.2956721042,"defensive_value":0.0801651041,"count":77},"17":{"player_id":209028,"player_name":"Adrien Thomasson","vaep_value":-0.0332562691,"offensive_value":-0.0274552384,"defensive_value":-0.0058010307,"count":52},"18":{"player_id":217872,"player_name":"Adrien Thomasson","vaep_value":0.1562385387,"offensive_value":0.1024549798,"defensive_value":0.0537835589,"count":42},"19":{"player_id":217874,"player_name":"Adrien Thomasson","vaep_value":0.1652338444,"offensive_value":0.0421828419,"defensive_value":0.1230510025,"count":61},"20":{"player_id":228946,"player_name":"Abdoulaye Tour\u00e9","vaep_value":0.2016473607,"offensive_value":0.1855147341,"defensive_value":0.0161326266,"count":52},"21":{"player_id":229119,"player_name":"Lucas Tousart","vaep_value":0.0976742705,"offensive_value":0.06369838,"defensive_value":0.0339758905,"count":26},"22":{"player_id":242446,"player_name":"Lucas Tousart","vaep_value":0.4812000194,"offensive_value":0.3045788846,"defensive_value":0.1766211349,"count":78},"23":{"player_id":270866,"player_name":"Mariano D\u00edaz Mej\u00eda","vaep_value":0.1511171836,"offensive_value":0.188255937,"defensive_value":-0.0371387533,"count":52},"24":{"player_id":276979,"player_name":"Jordan Ferri","vaep_value":-0.0594260024,"offensive_value":-0.0177843071,"defensive_value":-0.0416416953,"count":82},"25":{"player_id":299154,"player_name":"Lucas Tousart","vaep_value":-0.0290880847,"offensive_value":-0.0443323522,"defensive_value":0.0152442675,"count":36},"26":{"player_id":342743,"player_name":"Gnaly Maxwell Cornet","vaep_value":0.1641121387,"offensive_value":0.2877996599,"defensive_value":-0.1236875212,"count":55},"27":{"player_id":397046,"player_name":"L\u00e9o Dubois","vaep_value":-0.0105890606,"offensive_value":0.0233893669,"defensive_value":-0.0339784275,"count":3},"28":{"player_id":404226,"player_name":"L\u00e9o Dubois","vaep_value":0.0448874815,"offensive_value":0.0329686829,"defensive_value":0.0119187986,"count":7}}