{"0":{"player_id":93,"player_name":"Johann  Berg Gu\u00f0munds\u00adson","vaep_value":-0.0457131084,"offensive_value":-0.1140804165,"defensive_value":0.0683673081,"count":22},"1":{"player_id":3280,"player_name":"Birkir Bjarnason","vaep_value":0.8077772033,"offensive_value":0.7842111375,"defensive_value":0.0235660658,"count":72},"2":{"player_id":3314,"player_name":"Gylfi \u00de\u00f3r Sigur\u00f0sson","vaep_value":-0.0519907166,"offensive_value":-0.0538750705,"defensive_value":0.0018843539,"count":51},"3":{"player_id":3323,"player_name":"Gylfi \u00de\u00f3r Sigur\u00f0sson","vaep_value":0.0368079486,"offensive_value":0.034789999,"defensive_value":0.0020179496,"count":8},"4":{"player_id":3355,"player_name":"Gylfi \u00de\u00f3r Sigur\u00f0sson","vaep_value":0.5654019372,"offensive_value":0.5018488639,"defensive_value":0.0635530733,"count":164},"5":{"player_id":3359,"player_name":"Gylfi \u00de\u00f3r Sigur\u00f0sson","vaep_value":-0.0243613457,"offensive_value":0.3015134626,"defensive_value":-0.3258748082,"count":114},"6":{"player_id":3445,"player_name":"Wilfredo Daniel Caballero","vaep_value":-0.0822429751,"offensive_value":-0.0626156677,"defensive_value":-0.0196273074,"count":101},"7":{"player_id":3551,"player_name":"Faustino Marcos Alberto Rojo","vaep_value":0.1608147217,"offensive_value":0.0765854411,"defensive_value":0.0842292806,"count":24},"8":{"player_id":8325,"player_name":"Wilfredo Daniel Caballero","vaep_value":0.9164861811,"offensive_value":0.8656237638,"defensive_value":0.0508624173,"count":53},"9":{"player_id":21314,"player_name":"Faustino Marcos Alberto Rojo","vaep_value":0.2254444364,"offensive_value":0.0624138487,"defensive_value":0.1630305877,"count":37},"10":{"player_id":37732,"player_name":"Nicol\u00e1s Tagliafico","vaep_value":-0.138750221,"offensive_value":-0.152635711,"defensive_value":0.01388549,"count":59},"11":{"player_id":37948,"player_name":"Faustino Marcos Alberto Rojo","vaep_value":1.1765262835,"offensive_value":1.0654627503,"defensive_value":0.1110635332,"count":35},"12":{"player_id":38084,"player_name":"Faustino Marcos Alberto Rojo","vaep_value":-0.1128830617,"offensive_value":-0.0707559942,"defensive_value":-0.0421270675,"count":27},"13":{"player_id":51127,"player_name":"Nicol\u00e1s Hern\u00e1n Otamendi","vaep_value":0.0420198271,"offensive_value":0.0063160365,"defensive_value":0.0357037906,"count":4},"14":{"player_id":54451,"player_name":"Eduardo Antonio Salvio","vaep_value":0.1705588887,"offensive_value":0.0652745155,"defensive_value":0.1052843732,"count":27},"15":{"player_id":54495,"player_name":"Javier Alejandro Mascherano","vaep_value":-0.0044321285,"offensive_value":-0.0025967634,"defensive_value":-0.0018353651,"count":1},"16":{"player_id":55983,"player_name":"Nicol\u00e1s Hern\u00e1n Otamendi","vaep_value":0.0309507634,"offensive_value":-0.0413478173,"defensive_value":0.0722985807,"count":21},"17":{"player_id":56146,"player_name":"Lucas Rodrigo Biglia","vaep_value":-0.0093296826,"offensive_value":0.0082498298,"defensive_value":-0.0175795123,"count":8},"18":{"player_id":57226,"player_name":"Nicol\u00e1s Tagliafico","vaep_value":0.0612599372,"offensive_value":-0.05857031,"defensive_value":0.1198302472,"count":46},"19":{"player_id":62221,"player_name":"Lucas Rodrigo Biglia","vaep_value":0.063942178,"offensive_value":0.0678098584,"defensive_value":-0.0038676803,"count":26},"20":{"player_id":70086,"player_name":"Nicol\u00e1s Hern\u00e1n Otamendi","vaep_value":0.2098782843,"offensive_value":0.1257886056,"defensive_value":0.0840896787,"count":89},"21":{"player_id":77521,"player_name":"Lionel Andr\u00e9s Messi Cuccittini","vaep_value":0.434901397,"offensive_value":0.3467572667,"defensive_value":0.0881441303,"count":29},"22":{"player_id":77558,"player_name":"Eduardo Antonio Salvio","vaep_value":0.3950372002,"offensive_value":0.430624009,"defensive_value":-0.0355868088,"count":43},"23":{"player_id":86722,"player_name":"Javier Alejandro Mascherano","vaep_value":-0.0597270412,"offensive_value":-0.0969716182,"defensive_value":0.037244577,"count":64},"24":{"player_id":101652,"player_name":"Faustino Marcos Alberto Rojo","vaep_value":0.3057189687,"offensive_value":0.1269887134,"defensive_value":0.1787302553,"count":98},"25":{"player_id":135207,"player_name":"Nicol\u00e1s Tagliafico","vaep_value":-0.5583283712,"offensive_value":-0.1412229576,"defensive_value":-0.4171054136,"count":38},"26":{"player_id":146459,"player_name":"Faustino Marcos Alberto Rojo","vaep_value":0.2117473369,"offensive_value":0.2016188846,"defensive_value":0.0101284523,"count":62},"27":{"player_id":285396,"player_name":"Javier Alejandro Mascherano","vaep_value":-0.0570426946,"offensive_value":-0.0182223637,"defensive_value":-0.0388203309,"count":13}}