{"0":{"player_id":0,"player_name":"Rub\u00e9n Sobrino Pozuelo","vaep_value":-0.0010641719,"offensive_value":0.0315514974,"defensive_value":-0.0326156693,"count":9},"1":{"player_id":3299,"player_name":"Alexis Ruano Delgado","vaep_value":0.0582100817,"offensive_value":0.133179001,"defensive_value":-0.0749689194,"count":33},"2":{"player_id":3423,"player_name":"Ibai G\u00f3mez P\u00e9rez","vaep_value":0.0935643698,"offensive_value":0.0648166182,"defensive_value":0.0287477516,"count":46},"3":{"player_id":3466,"player_name":"Ibai G\u00f3mez P\u00e9rez","vaep_value":0.1048125052,"offensive_value":0.118981056,"defensive_value":-0.0141685508,"count":45},"4":{"player_id":3538,"player_name":"Alfonso Pedraza Sag","vaep_value":0.0956336765,"offensive_value":0.1029565216,"defensive_value":-0.007322845,"count":53},"5":{"player_id":3650,"player_name":"Rodrigo Ely","vaep_value":0.1028193387,"offensive_value":0.0497300285,"defensive_value":0.0530893102,"count":19},"6":{"player_id":3934,"player_name":"Alexis Ruano Delgado","vaep_value":0.0247380099,"offensive_value":0.0218731798,"defensive_value":0.0028648301,"count":18},"7":{"player_id":3963,"player_name":"Rodrigo Ely","vaep_value":0.1979156246,"offensive_value":0.214462827,"defensive_value":-0.0165472024,"count":39},"8":{"player_id":4013,"player_name":"Alexis Ruano Delgado","vaep_value":0.23287078,"offensive_value":0.1803162913,"defensive_value":0.0525544887,"count":60},"9":{"player_id":4683,"player_name":"Carlos Mart\u00edn Vigaray","vaep_value":0.0703405326,"offensive_value":0.0501384895,"defensive_value":0.0202020431,"count":38},"10":{"player_id":5195,"player_name":"Diego Rico Salguero","vaep_value":0.1942662306,"offensive_value":0.127890554,"defensive_value":0.0663756766,"count":31},"11":{"player_id":5481,"player_name":"Mart\u00edn Maximiliano Mantovani","vaep_value":-0.1904388305,"offensive_value":-0.1951717932,"defensive_value":0.0047329627,"count":44},"12":{"player_id":5653,"player_name":"Ezequiel Mu\u00f1oz","vaep_value":0.0128298837,"offensive_value":0.0535395808,"defensive_value":-0.0407096971,"count":46},"13":{"player_id":6281,"player_name":"Joseba Zald\u00faa Bengoetxea","vaep_value":0.1397055491,"offensive_value":0.1561112304,"defensive_value":-0.0164056813,"count":41},"14":{"player_id":6365,"player_name":"Alfonso Pedraza Sag","vaep_value":0.0922838354,"offensive_value":0.0851887546,"defensive_value":0.0070950808,"count":10},"15":{"player_id":6370,"player_name":"Joseba Zald\u00faa Bengoetxea","vaep_value":-0.0556251863,"offensive_value":-0.0806895998,"defensive_value":0.0250644135,"count":28},"16":{"player_id":6925,"player_name":"Ezequiel Mu\u00f1oz","vaep_value":0.0321817832,"offensive_value":0.0137550633,"defensive_value":0.0184267199,"count":4},"17":{"player_id":7585,"player_name":"Mart\u00edn Maximiliano Mantovani","vaep_value":-0.6283942117,"offensive_value":-0.6493896829,"defensive_value":0.0209954713,"count":42},"18":{"player_id":20808,"player_name":"Ezequiel Mu\u00f1oz","vaep_value":0.1315813158,"offensive_value":0.0501043306,"defensive_value":0.0814769851,"count":37},"19":{"player_id":38436,"player_name":"Alfonso Pedraza Sag","vaep_value":0.0035257956,"offensive_value":-0.0056384953,"defensive_value":0.009164291,"count":21},"20":{"player_id":43051,"player_name":"Christian Robert Santos Kwasniewski","vaep_value":0.8956276575,"offensive_value":0.8967127088,"defensive_value":-0.0010850512,"count":56},"21":{"player_id":114055,"player_name":"Joseba Zald\u00faa Bengoetxea","vaep_value":0.0496457852,"offensive_value":0.0550563417,"defensive_value":-0.0054105564,"count":14},"22":{"player_id":134249,"player_name":"Gabriel Appelt Pires","vaep_value":-0.0240037946,"offensive_value":-0.0057788605,"defensive_value":-0.0182249341,"count":28},"23":{"player_id":167118,"player_name":"Rodrigo Ely","vaep_value":0.0101373155,"offensive_value":-0.0022709484,"defensive_value":0.0124082639,"count":16},"24":{"player_id":169002,"player_name":"Juli\u00e1n Omar Ramos Su\u00e1rez","vaep_value":-0.0440147531,"offensive_value":0.203059768,"defensive_value":-0.2470745211,"count":72},"25":{"player_id":208694,"player_name":"Mubarak Wakaso","vaep_value":0.1293953314,"offensive_value":0.0676911556,"defensive_value":0.0617041758,"count":62},"26":{"player_id":226005,"player_name":"Rub\u00e9n Sobrino Pozuelo","vaep_value":0.0358056962,"offensive_value":0.0478035309,"defensive_value":-0.0119978348,"count":28},"27":{"player_id":250899,"player_name":"Diego Rico Salguero","vaep_value":0.0187499265,"offensive_value":0.1171636794,"defensive_value":-0.098413753,"count":50},"28":{"player_id":359847,"player_name":"Alexis Ruano Delgado","vaep_value":-0.0193355641,"offensive_value":0.0135800157,"defensive_value":-0.0329155799,"count":49}}