{"0":{"player_id":0,"player_name":"Idriss Saadi","vaep_value":0.015428406,"offensive_value":0.0339062915,"defensive_value":-0.0184778855,"count":7},"1":{"player_id":25492,"player_name":"Jonas Martin","vaep_value":0.2147548822,"offensive_value":0.1982269562,"defensive_value":0.016527926,"count":45},"2":{"player_id":25641,"player_name":"Jean Eud\u00e8s Aholou","vaep_value":0.0069626328,"offensive_value":0.0285050994,"defensive_value":-0.0215424666,"count":76},"3":{"player_id":25957,"player_name":"Kenny Lala","vaep_value":-0.0643156501,"offensive_value":0.0980846295,"defensive_value":-0.1624002797,"count":43},"4":{"player_id":26055,"player_name":"Yoann Salmier","vaep_value":0.2815379128,"offensive_value":0.1441406352,"defensive_value":0.1373972776,"count":47},"5":{"player_id":26065,"player_name":"Pablo Martinez","vaep_value":0.3677651416,"offensive_value":0.3451370043,"defensive_value":0.0226281374,"count":77},"6":{"player_id":26134,"player_name":"Pablo Martinez","vaep_value":-0.0496026739,"offensive_value":-0.0075388061,"defensive_value":-0.0420638678,"count":30},"7":{"player_id":26285,"player_name":"Julien Ielsch","vaep_value":-0.0101636287,"offensive_value":-0.0361816741,"defensive_value":0.0260180453,"count":17},"8":{"player_id":26327,"player_name":"Thomas Monconduit","vaep_value":0.0630501513,"offensive_value":0.0722229356,"defensive_value":-0.0091727843,"count":16},"9":{"player_id":26381,"player_name":"Serge Gakp\u00e9","vaep_value":0.0610836862,"offensive_value":0.0936633024,"defensive_value":-0.0325796162,"count":55},"10":{"player_id":26384,"player_name":"Ga\u00ebl Kakuta","vaep_value":1.1788925622,"offensive_value":1.1771515487,"defensive_value":0.0017410135,"count":43},"11":{"player_id":26414,"player_name":"Serge Gakp\u00e9","vaep_value":-0.0688724256,"offensive_value":-0.0476401353,"defensive_value":-0.0212322903,"count":41},"12":{"player_id":26498,"player_name":"Oualid El Hajjam","vaep_value":0.373700739,"offensive_value":0.2747413904,"defensive_value":0.0989593486,"count":98},"13":{"player_id":26543,"player_name":"Abdou Kader Mangane","vaep_value":-0.0443607392,"offensive_value":-0.0441307505,"defensive_value":-0.0002299887,"count":13},"14":{"player_id":26583,"player_name":"Benjamin Corgnet","vaep_value":0.0941025863,"offensive_value":0.1956273877,"defensive_value":-0.1015248015,"count":38},"15":{"player_id":29616,"player_name":"Jonas Martin","vaep_value":0.0666411523,"offensive_value":0.060281366,"defensive_value":0.0063597863,"count":77},"16":{"player_id":30320,"player_name":"Jonas Martin","vaep_value":0.1478271522,"offensive_value":0.0360064897,"defensive_value":0.1118206625,"count":65},"17":{"player_id":38095,"player_name":"Kenny Lala","vaep_value":0.076068659,"offensive_value":0.0154161865,"defensive_value":0.0606524724,"count":21},"18":{"player_id":97582,"player_name":"Kenny Lala","vaep_value":0.0473525268,"offensive_value":0.0269558955,"defensive_value":0.0203966313,"count":23},"19":{"player_id":101795,"player_name":"Prince-D\u00e9sir Gouano","vaep_value":-0.0593975505,"offensive_value":-0.051302697,"defensive_value":-0.0080948535,"count":4},"20":{"player_id":141172,"player_name":"Kenny Lala","vaep_value":0.0928200894,"offensive_value":0.0055761727,"defensive_value":0.0872439167,"count":82},"21":{"player_id":214710,"player_name":"Ga\u00ebl Kakuta","vaep_value":0.305107169,"offensive_value":0.2381046021,"defensive_value":0.0670025669,"count":64},"22":{"player_id":215130,"player_name":"Julien Ielsch","vaep_value":-0.106850958,"offensive_value":-0.1070171685,"defensive_value":0.0001662106,"count":28},"23":{"player_id":229198,"player_name":"Julien Ielsch","vaep_value":0.0211678359,"offensive_value":0.0346080463,"defensive_value":-0.0134402104,"count":32},"24":{"player_id":244357,"player_name":"Pablo Martinez","vaep_value":0.0708315482,"offensive_value":0.040831625,"defensive_value":0.0299999232,"count":24},"25":{"player_id":301635,"player_name":"Yoann Salmier","vaep_value":0.1269421326,"offensive_value":0.0611121629,"defensive_value":0.0658299697,"count":33},"26":{"player_id":339964,"player_name":"Bingourou Kamara","vaep_value":0.2576396368,"offensive_value":0.1483319327,"defensive_value":0.109307704,"count":83},"27":{"player_id":394006,"player_name":"Jonas Martin","vaep_value":0.0314854824,"offensive_value":0.0372349825,"defensive_value":-0.0057495001,"count":16},"28":{"player_id":412701,"player_name":"Pablo Martinez","vaep_value":-0.0808779852,"offensive_value":-0.1046693126,"defensive_value":0.0237913274,"count":39}}