{"0":{"player_id":0,"player_name":"Simone Verdi","vaep_value":0.06398409,"offensive_value":0.0848143585,"defensive_value":-0.0208302685,"count":13},"1":{"player_id":625,"player_name":"Simone Romagnoli","vaep_value":1.1190842803,"offensive_value":1.0456857205,"defensive_value":0.0733985598,"count":69},"2":{"player_id":20404,"player_name":"Erick Antonio Pulgar Farf\u00e1n","vaep_value":0.0144096144,"offensive_value":-0.0132814723,"defensive_value":0.0276910866,"count":63},"3":{"player_id":20483,"player_name":"Erick Antonio Pulgar Farf\u00e1n","vaep_value":0.2084902951,"offensive_value":0.1656077247,"defensive_value":0.0428825704,"count":49},"4":{"player_id":20707,"player_name":"Godfred Donsah","vaep_value":0.2225922417,"offensive_value":0.1284262716,"defensive_value":0.0941659701,"count":53},"5":{"player_id":20796,"player_name":"Felipe Nicol\u00e1s Avenatti Dovillabichus","vaep_value":-0.0348880914,"offensive_value":-0.0331911732,"defensive_value":-0.0016969182,"count":14},"6":{"player_id":20820,"player_name":"Felipe Nicol\u00e1s Avenatti Dovillabichus","vaep_value":0.2244920578,"offensive_value":0.2312919726,"defensive_value":-0.0067999148,"count":38},"7":{"player_id":20841,"player_name":"Rafael Tol\u00f3i","vaep_value":0.1933795495,"offensive_value":0.1382730203,"defensive_value":0.0551065293,"count":78},"8":{"player_id":21077,"player_name":"Leonardo Spinazzola","vaep_value":0.1001059454,"offensive_value":0.131896698,"defensive_value":-0.0317907527,"count":36},"9":{"player_id":21123,"player_name":"Andrea Masiello","vaep_value":0.0012694478,"offensive_value":0.0440299758,"defensive_value":-0.042760528,"count":60},"10":{"player_id":21169,"player_name":"Leonardo Spinazzola","vaep_value":-0.0006505779,"offensive_value":0.0005133976,"defensive_value":-0.0011639756,"count":4},"11":{"player_id":21373,"player_name":"Leonardo Spinazzola","vaep_value":0.1922549263,"offensive_value":0.1008219069,"defensive_value":0.0914330194,"count":59},"12":{"player_id":41034,"player_name":"Andrea Masiello","vaep_value":0.1294007178,"offensive_value":0.0721815892,"defensive_value":0.0572191286,"count":77},"13":{"player_id":49991,"player_name":"Sebastien De Maio","vaep_value":0.1753874259,"offensive_value":0.1924904035,"defensive_value":-0.0171029776,"count":89},"14":{"player_id":50805,"player_name":"Simone Verdi","vaep_value":0.3822942812,"offensive_value":0.1143328017,"defensive_value":0.2679614795,"count":72},"15":{"player_id":50849,"player_name":"Rafael Tol\u00f3i","vaep_value":0.0437969661,"offensive_value":0.0333021965,"defensive_value":0.0104947696,"count":25},"16":{"player_id":51064,"player_name":"Adam Masina","vaep_value":0.0214419313,"offensive_value":-0.0155128301,"defensive_value":0.0369547614,"count":20},"17":{"player_id":86366,"player_name":"Filip Helander","vaep_value":0.0640116597,"offensive_value":0.0266344951,"defensive_value":0.0373771646,"count":67},"18":{"player_id":90268,"player_name":"Andrea Petagna","vaep_value":0.1127153512,"offensive_value":0.0607933373,"defensive_value":0.0519220139,"count":49},"19":{"player_id":135150,"player_name":"Godfred Donsah","vaep_value":-0.0060988277,"offensive_value":-0.002501636,"defensive_value":-0.0035971917,"count":9},"20":{"player_id":149848,"player_name":"Erick Antonio Pulgar Farf\u00e1n","vaep_value":-0.1216699384,"offensive_value":-0.1003317173,"defensive_value":-0.0213382212,"count":31},"21":{"player_id":190167,"player_name":"Simone Romagnoli","vaep_value":0.3181549776,"offensive_value":0.3257663809,"defensive_value":-0.0076114032,"count":97},"22":{"player_id":232822,"player_name":"Sebastien De Maio","vaep_value":0.2273103409,"offensive_value":0.1532076761,"defensive_value":0.0741026647,"count":52},"23":{"player_id":246175,"player_name":"Federico Di Francesco","vaep_value":-0.0097393539,"offensive_value":-0.0235530258,"defensive_value":0.0138136719,"count":37},"24":{"player_id":259292,"player_name":"Federico Di Francesco","vaep_value":-0.0529210286,"offensive_value":-0.0474902493,"defensive_value":-0.0054307793,"count":21},"25":{"player_id":263803,"player_name":"Jos\u00e9 Luis Palomino","vaep_value":0.1149895287,"offensive_value":0.2837342775,"defensive_value":-0.1687447488,"count":81},"26":{"player_id":295273,"player_name":"Adam Masina","vaep_value":0.194666081,"offensive_value":0.0462026533,"defensive_value":0.1484634277,"count":50},"27":{"player_id":299557,"player_name":"Timothy Castagne","vaep_value":0.1198850344,"offensive_value":0.0427887586,"defensive_value":0.0770962758,"count":31},"28":{"player_id":491409,"player_name":"Simone Verdi","vaep_value":0.0625633033,"offensive_value":0.0619710879,"defensive_value":0.0005922153,"count":5}}