{"0":{"player_id":0,"player_name":"Pietro Iemmello","vaep_value":0.0291457886,"offensive_value":0.0325158575,"defensive_value":-0.0033700689,"count":12},"1":{"player_id":3431,"player_name":"Benito Nicolas Viola","vaep_value":0.2498164799,"offensive_value":0.2173851359,"defensive_value":0.0324313439,"count":71},"2":{"player_id":3543,"player_name":"Antonio Candreva","vaep_value":0.2205688159,"offensive_value":0.1775665404,"defensive_value":0.0430022755,"count":95},"3":{"player_id":14812,"player_name":"Andrea Costa","vaep_value":-0.2758252939,"offensive_value":-0.2969874207,"defensive_value":0.0211621268,"count":73},"4":{"player_id":20517,"player_name":null,"vaep_value":0.3578362112,"offensive_value":0.3107198386,"defensive_value":0.0471163726,"count":61},"5":{"player_id":20556,"player_name":"Antonio Candreva","vaep_value":0.2703234936,"offensive_value":0.2803971348,"defensive_value":-0.0100736412,"count":55},"6":{"player_id":20571,"player_name":"Benito Nicolas Viola","vaep_value":0.1261948493,"offensive_value":0.104244784,"defensive_value":0.0219500653,"count":30},"7":{"player_id":20609,"player_name":"Antonio Candreva","vaep_value":-0.1059492658,"offensive_value":0.0485520413,"defensive_value":-0.1545013071,"count":52},"8":{"player_id":21094,"player_name":"Ivan Peri\u0161i\u0107","vaep_value":0.1442260568,"offensive_value":0.2122778387,"defensive_value":-0.068051782,"count":59},"9":{"player_id":21322,"player_name":"Yuto Nagatomo","vaep_value":0.9371705282,"offensive_value":0.9306554564,"defensive_value":0.0065150718,"count":42},"10":{"player_id":22135,"player_name":"Borja Valero Iglesias","vaep_value":0.1022420776,"offensive_value":0.0986128456,"defensive_value":0.0036292319,"count":18},"11":{"player_id":22323,"player_name":"Jo\u00e3o Miranda de Souza Filho","vaep_value":0.0718532945,"offensive_value":-0.0297873749,"defensive_value":0.1016406694,"count":50},"12":{"player_id":22552,"player_name":"Milan \u0160kriniar","vaep_value":0.035423556,"offensive_value":0.0359580204,"defensive_value":-0.0005344644,"count":35},"13":{"player_id":22695,"player_name":"Benito Nicolas Viola","vaep_value":0.1963167362,"offensive_value":0.1847253587,"defensive_value":0.0115913776,"count":66},"14":{"player_id":24838,"player_name":"Benito Nicolas Viola","vaep_value":0.3234907117,"offensive_value":0.1603369605,"defensive_value":0.1631537513,"count":54},"15":{"player_id":50007,"player_name":"Samir Handanovi\u010d","vaep_value":0.0976915557,"offensive_value":0.0605912382,"defensive_value":0.0371003175,"count":54},"16":{"player_id":69968,"player_name":"Milan \u0160kriniar","vaep_value":1.8397524843,"offensive_value":1.881897551,"defensive_value":-0.0421450667,"count":85},"17":{"player_id":70965,"player_name":"Mat\u00edas Vecino Falero","vaep_value":-0.0598562879,"offensive_value":-0.1076014728,"defensive_value":0.0477451849,"count":46},"18":{"player_id":116349,"player_name":"Antonio Candreva","vaep_value":0.2912958899,"offensive_value":0.2612571779,"defensive_value":0.030038712,"count":148},"19":{"player_id":138408,"player_name":"Mat\u00edas Vecino Falero","vaep_value":0.1416190154,"offensive_value":0.1267326981,"defensive_value":0.0148863173,"count":55},"20":{"player_id":206314,"player_name":"Milan \u0160kriniar","vaep_value":-0.3704783438,"offensive_value":-0.3845423625,"defensive_value":0.0140640187,"count":34},"21":{"player_id":218971,"player_name":"Borja Valero Iglesias","vaep_value":0.0216212482,"offensive_value":0.0167954508,"defensive_value":0.0048257974,"count":7},"22":{"player_id":220341,"player_name":"Milan \u0160kriniar","vaep_value":0.0118508647,"offensive_value":0.0093211603,"defensive_value":0.0025297045,"count":12},"23":{"player_id":239295,"player_name":"Jo\u00e3o Miranda de Souza Filho","vaep_value":-0.0106292877,"offensive_value":-0.0233784742,"defensive_value":0.0127491865,"count":12},"24":{"player_id":241676,"player_name":"Yuto Nagatomo","vaep_value":0.116732758,"offensive_value":0.0768971671,"defensive_value":0.0398355909,"count":34},"25":{"player_id":255670,"player_name":"Yuto Nagatomo","vaep_value":0.057749063,"offensive_value":0.0751591271,"defensive_value":-0.0174100641,"count":26},"26":{"player_id":256478,"player_name":"Jo\u00e3o Miranda de Souza Filho","vaep_value":0.0661492778,"offensive_value":0.0238416754,"defensive_value":0.0423076025,"count":56},"27":{"player_id":284960,"player_name":"Cristiano Lombardi","vaep_value":0.1107554334,"offensive_value":0.1037726572,"defensive_value":0.0069827762,"count":56},"28":{"player_id":298212,"player_name":"Cristiano Lombardi","vaep_value":0.0420037084,"offensive_value":0.0658959928,"defensive_value":-0.0238922844,"count":12}}