{"0":{"player_id":454,"player_name":"Gabriel Fernando de Jesus","vaep_value":0.0037724401,"offensive_value":0.059759655,"defensive_value":-0.0559872149,"count":45},"1":{"player_id":7958,"player_name":"Fernando Luiz Rosa","vaep_value":0.0119556615,"offensive_value":0.0320330703,"defensive_value":-0.0200774089,"count":15},"2":{"player_id":7988,"player_name":"Kevin De Bruyne","vaep_value":-0.0087454115,"offensive_value":0.0136756624,"defensive_value":-0.022421074,"count":32},"3":{"player_id":8049,"player_name":"Fernando Luiz Rosa","vaep_value":0.0021002475,"offensive_value":0.0018972997,"defensive_value":0.0002029479,"count":1},"4":{"player_id":8142,"player_name":"Nicol\u00e1s Hern\u00e1n Otamendi","vaep_value":-0.077676654,"offensive_value":-0.0274797637,"defensive_value":-0.0501968903,"count":2},"5":{"player_id":8186,"player_name":"Wilfried Zaha","vaep_value":-0.0381387185,"offensive_value":-0.0005048655,"defensive_value":-0.0376338529,"count":6},"6":{"player_id":8277,"player_name":"Ja\u00efro Riedewald","vaep_value":0.3188704855,"offensive_value":0.2711867859,"defensive_value":0.0476836996,"count":108},"7":{"player_id":8324,"player_name":"Wilfried Zaha","vaep_value":0.0466918367,"offensive_value":0.0521820022,"defensive_value":-0.0054901656,"count":11},"8":{"player_id":8325,"player_name":"Nicol\u00e1s Hern\u00e1n Otamendi","vaep_value":-0.2217974279,"offensive_value":-0.1583125989,"defensive_value":-0.0634848289,"count":26},"9":{"player_id":8422,"player_name":"Eliaquim Mangala","vaep_value":0.0775847746,"offensive_value":0.1426525696,"defensive_value":-0.065067795,"count":44},"10":{"player_id":8425,"player_name":"Nicol\u00e1s Hern\u00e1n Otamendi","vaep_value":0.1509519138,"offensive_value":0.2331441715,"defensive_value":-0.0821922577,"count":39},"11":{"player_id":8471,"player_name":"Eliaquim Mangala","vaep_value":-0.1509014717,"offensive_value":-0.0977639765,"defensive_value":-0.0531374952,"count":29},"12":{"player_id":8554,"player_name":"Danilo Luiz da Silva","vaep_value":0.0795628908,"offensive_value":-0.0170325564,"defensive_value":0.0965954472,"count":36},"13":{"player_id":11066,"player_name":"Yohan Cabaye","vaep_value":-0.2786071452,"offensive_value":0.001945996,"defensive_value":-0.2805531411,"count":26},"14":{"player_id":14808,"player_name":"Andros Townsend","vaep_value":0.0038287091,"offensive_value":0.0074218852,"defensive_value":-0.003593176,"count":46},"15":{"player_id":38021,"player_name":"Danilo Luiz da Silva","vaep_value":0.1650080247,"offensive_value":0.236402319,"defensive_value":-0.0713942943,"count":85},"16":{"player_id":38031,"player_name":"Leroy San\u00e9","vaep_value":-0.1710242947,"offensive_value":-0.1306202395,"defensive_value":-0.0404040552,"count":31},"17":{"player_id":70083,"player_name":"Leroy San\u00e9","vaep_value":0.1153841708,"offensive_value":0.1419594279,"defensive_value":-0.0265752571,"count":83},"18":{"player_id":70085,"player_name":"Fernando Luiz Rosa","vaep_value":0.1076158009,"offensive_value":0.1092394649,"defensive_value":-0.0016236639,"count":86},"19":{"player_id":70086,"player_name":"Danilo Luiz da Silva","vaep_value":0.1918238292,"offensive_value":0.2028191995,"defensive_value":-0.0109953703,"count":115},"20":{"player_id":71654,"player_name":"Eliaquim Mangala","vaep_value":0.1595651479,"offensive_value":0.0530168313,"defensive_value":0.1065483167,"count":32},"21":{"player_id":105339,"player_name":"Nicol\u00e1s Hern\u00e1n Otamendi","vaep_value":-0.4975754637,"offensive_value":-0.0301149592,"defensive_value":-0.4674605045,"count":87},"22":{"player_id":127537,"player_name":"Kyle Walker","vaep_value":-0.6721340327,"offensive_value":-0.6219844616,"defensive_value":-0.0501495712,"count":37},"23":{"player_id":240559,"player_name":"Bernardo Mota Veiga de Carvalho e Silva","vaep_value":0.2346631818,"offensive_value":0.0302777409,"defensive_value":0.2043854409,"count":28},"24":{"player_id":245364,"player_name":"Kevin De Bruyne","vaep_value":-0.0717000158,"offensive_value":-0.0226876741,"defensive_value":-0.0490123417,"count":71},"25":{"player_id":265673,"player_name":"Kyle Walker","vaep_value":0.1224058034,"offensive_value":0.1089114407,"defensive_value":0.0134943627,"count":51},"26":{"player_id":340386,"player_name":"Eliaquim Mangala","vaep_value":0.0030621591,"offensive_value":0.0063539864,"defensive_value":-0.0032918274,"count":8},"27":{"player_id":397168,"player_name":"\u0130lkay G\u00fcndo\u011fan","vaep_value":0.0317479265,"offensive_value":0.0811123301,"defensive_value":-0.0493644036,"count":38}}