{"0":{"player_id":0,"player_name":"Kai Havertz","vaep_value":0.0056184032,"offensive_value":0.0142026111,"defensive_value":-0.0085842079,"count":2},"1":{"player_id":14758,"player_name":"Julian Baumgartlinger","vaep_value":-0.1112613819,"offensive_value":-0.1127252822,"defensive_value":0.0014639003,"count":25},"2":{"player_id":14768,"player_name":"Panagiotis Retsos","vaep_value":0.1213829234,"offensive_value":0.0230104767,"defensive_value":0.0983724467,"count":33},"3":{"player_id":14781,"player_name":"Lars Bender","vaep_value":0.0648075321,"offensive_value":0.0473274733,"defensive_value":0.0174800588,"count":50},"4":{"player_id":14786,"player_name":"Panagiotis Retsos","vaep_value":-0.0128197292,"offensive_value":-0.0342354677,"defensive_value":0.0214157384,"count":4},"5":{"player_id":14803,"player_name":"Jannik Vestergaard","vaep_value":0.9114839394,"offensive_value":0.8947367262,"defensive_value":0.0167472132,"count":52},"6":{"player_id":14991,"player_name":"Micka\u00ebl Cuisance","vaep_value":0.3028301263,"offensive_value":0.2537467333,"defensive_value":0.049083393,"count":96},"7":{"player_id":15014,"player_name":"Raffael Caetano de Ara\u00fajo","vaep_value":0.0018460827,"offensive_value":0.0382066065,"defensive_value":-0.0363605238,"count":57},"8":{"player_id":15018,"player_name":"Lars Stindl","vaep_value":0.0155650931,"offensive_value":-0.0012810868,"defensive_value":0.01684618,"count":1},"9":{"player_id":15051,"player_name":"Bernd Leno","vaep_value":0.0671241204,"offensive_value":0.0782828468,"defensive_value":-0.0111587264,"count":64},"10":{"player_id":15107,"player_name":"Lars Bender","vaep_value":0.2386553867,"offensive_value":0.240131914,"defensive_value":-0.0014765273,"count":49},"11":{"player_id":15188,"player_name":"Jonathan Tah","vaep_value":0.1165301084,"offensive_value":0.0507370298,"defensive_value":0.0657930786,"count":64},"12":{"player_id":15231,"player_name":"Bernd Leno","vaep_value":0.9187813376,"offensive_value":0.9244535165,"defensive_value":-0.0056721789,"count":21},"13":{"player_id":15804,"player_name":"Sven Bender","vaep_value":0.8320247997,"offensive_value":0.8789431916,"defensive_value":-0.0469183919,"count":19},"14":{"player_id":15806,"player_name":"Jonathan Tah","vaep_value":-0.0219714879,"offensive_value":0.0032096059,"defensive_value":-0.0251810938,"count":80},"15":{"player_id":18591,"player_name":"Sven Bender","vaep_value":-0.0407834996,"offensive_value":-0.0077171549,"defensive_value":-0.0330663447,"count":10},"16":{"player_id":25622,"player_name":"Julian Baumgartlinger","vaep_value":0.195017597,"offensive_value":0.2043976386,"defensive_value":-0.0093800416,"count":54},"17":{"player_id":35477,"player_name":"Wendell Nascimento Borges","vaep_value":0.9160577524,"offensive_value":0.8432469559,"defensive_value":0.0728107966,"count":4},"18":{"player_id":40657,"player_name":"Wendell Nascimento Borges","vaep_value":0.1291801669,"offensive_value":0.1769016642,"defensive_value":-0.0477214973,"count":89},"19":{"player_id":49855,"player_name":"Nico Elvedi","vaep_value":0.0522958104,"offensive_value":0.0688632166,"defensive_value":-0.0165674061,"count":39},"20":{"player_id":86489,"player_name":"Thorgan Hazard","vaep_value":-0.0807389038,"offensive_value":-0.0252010881,"defensive_value":-0.0555378158,"count":19},"21":{"player_id":146583,"player_name":"Leon Bailey Butler","vaep_value":1.1615151367,"offensive_value":1.1425211718,"defensive_value":0.0189939649,"count":32},"22":{"player_id":228768,"player_name":"Micka\u00ebl Cuisance","vaep_value":0.1286178742,"offensive_value":0.0958222315,"defensive_value":0.0327956427,"count":44},"23":{"player_id":236528,"player_name":"Micka\u00ebl Cuisance","vaep_value":0.3090670633,"offensive_value":0.2391786571,"defensive_value":0.0698884062,"count":85},"24":{"player_id":344178,"player_name":"Thorgan Hazard","vaep_value":0.2081417901,"offensive_value":0.188006338,"defensive_value":0.0201354522,"count":62},"25":{"player_id":360992,"player_name":"Nico Elvedi","vaep_value":0.1461134845,"offensive_value":0.0634372571,"defensive_value":0.0826762274,"count":79},"26":{"player_id":388267,"player_name":"Jannik Vestergaard","vaep_value":1.2269026013,"offensive_value":1.2777965779,"defensive_value":-0.0508939766,"count":43},"27":{"player_id":404219,"player_name":"Jannik Vestergaard","vaep_value":0.0816114237,"offensive_value":0.0973410748,"defensive_value":-0.0157296511,"count":53},"28":{"player_id":425925,"player_name":"Denis Lemi Zakaria Lako Lado","vaep_value":0.130774949,"offensive_value":0.0728291329,"defensive_value":0.0579458161,"count":38}}