{"0":{"player_id":0,"player_name":"Maximiliano G\u00f3mez Gonz\u00e1lez","vaep_value":0.0205526708,"offensive_value":0.0464420449,"defensive_value":-0.0258893741,"count":10},"1":{"player_id":254,"player_name":"Sergi G\u00f3mez Sol\u00e0","vaep_value":0.3618036684,"offensive_value":0.2859690306,"defensive_value":0.0758346377,"count":77},"2":{"player_id":3338,"player_name":"Hugo Mallo Novegil","vaep_value":0.0571204957,"offensive_value":0.0620344637,"defensive_value":-0.004913968,"count":54},"3":{"player_id":3568,"player_name":"Facundo Sebasti\u00e1n Roncaglia","vaep_value":0.0767291418,"offensive_value":0.0532388805,"defensive_value":0.0234902613,"count":22},"4":{"player_id":3645,"player_name":"Sergio \u00c1lvarez Conde","vaep_value":-0.0931047457,"offensive_value":-0.0359423141,"defensive_value":-0.0571624315,"count":56},"5":{"player_id":3719,"player_name":"Ignasi Miquel i Pons","vaep_value":0.0368915285,"offensive_value":0.1071933181,"defensive_value":-0.0703017896,"count":28},"6":{"player_id":3821,"player_name":"Brais M\u00e9ndez Portela","vaep_value":0.1025378287,"offensive_value":0.136881015,"defensive_value":-0.0343431863,"count":38},"7":{"player_id":3827,"player_name":"Hugo Mallo Novegil","vaep_value":0.0454879781,"offensive_value":0.0795673336,"defensive_value":-0.0340793554,"count":77},"8":{"player_id":3840,"player_name":"Miguel Torres G\u00f3mez","vaep_value":0.0273051311,"offensive_value":0.0233687638,"defensive_value":0.0039363673,"count":40},"9":{"player_id":3866,"player_name":"Miguel Torres G\u00f3mez","vaep_value":0.1354007283,"offensive_value":0.0700855489,"defensive_value":0.0653151794,"count":64},"10":{"player_id":4003,"player_name":"Brais M\u00e9ndez Portela","vaep_value":0.2810536663,"offensive_value":0.1199112617,"defensive_value":0.1611424045,"count":60},"11":{"player_id":4009,"player_name":"Hugo Mallo Novegil","vaep_value":0.0146295083,"offensive_value":-0.0401509202,"defensive_value":0.0547804284,"count":44},"12":{"player_id":4424,"player_name":"Facundo Sebasti\u00e1n Roncaglia","vaep_value":-0.2006128876,"offensive_value":-0.2109142573,"defensive_value":0.0103013697,"count":56},"13":{"player_id":5472,"player_name":"Sergi G\u00f3mez Sol\u00e0","vaep_value":0.0755334708,"offensive_value":0.0700514661,"defensive_value":0.0054820047,"count":36},"14":{"player_id":7857,"player_name":"Sergio \u00c1lvarez Conde","vaep_value":-0.0491548789,"offensive_value":0.057923996,"defensive_value":-0.1070788749,"count":59},"15":{"player_id":21894,"player_name":"Isaac  Ajayi Success","vaep_value":0.0990237425,"offensive_value":0.0996652364,"defensive_value":-0.0006414939,"count":15},"16":{"player_id":37836,"player_name":"Roberto Jos\u00e9 Rosales Altuve","vaep_value":-0.0856379119,"offensive_value":-0.0575663715,"defensive_value":-0.0280715404,"count":13},"17":{"player_id":86183,"player_name":"Stanislav Lobotka","vaep_value":0.1577352557,"offensive_value":0.1271814528,"defensive_value":0.0305538028,"count":79},"18":{"player_id":116283,"player_name":"Isaac  Ajayi Success","vaep_value":0.0621528096,"offensive_value":0.0363367234,"defensive_value":0.0258160862,"count":45},"19":{"player_id":140125,"player_name":"Pedro Pablo Hern\u00e1ndez","vaep_value":0.1805295007,"offensive_value":0.0656268077,"defensive_value":0.114902693,"count":17},"20":{"player_id":167641,"player_name":"Mehdi Lacen","vaep_value":0.3050941147,"offensive_value":0.3050101929,"defensive_value":0.0000839218,"count":66},"21":{"player_id":241945,"player_name":"Brais M\u00e9ndez Portela","vaep_value":0.0586559133,"offensive_value":0.0714996099,"defensive_value":-0.0128436965,"count":40},"22":{"player_id":269060,"player_name":"Ignasi Miquel i Pons","vaep_value":0.1588791381,"offensive_value":0.1205378451,"defensive_value":0.038341293,"count":82},"23":{"player_id":285509,"player_name":"Roberto Jim\u00e9nez Gago","vaep_value":0.0014213813,"offensive_value":-0.0110936427,"defensive_value":0.0125150239,"count":44},"24":{"player_id":302550,"player_name":"Roberto Jos\u00e9 Rosales Altuve","vaep_value":0.0503750028,"offensive_value":0.0376164469,"defensive_value":0.0127585559,"count":36},"25":{"player_id":334817,"player_name":"Roberto Jos\u00e9 Rosales Altuve","vaep_value":0.0405172685,"offensive_value":-0.0316415001,"defensive_value":0.0721587685,"count":18},"26":{"player_id":395636,"player_name":"Roberto Jos\u00e9 Rosales Altuve","vaep_value":-0.1390811311,"offensive_value":-0.1411711646,"defensive_value":0.0020900335,"count":23},"27":{"player_id":447821,"player_name":"Jonathan Castro Otto","vaep_value":-0.0776863438,"offensive_value":-0.0965477047,"defensive_value":0.0188613608,"count":22}}