{"0":{"player_id":0,"player_name":"Pablo Sarabia Garc\u00eda","vaep_value":-0.0072289018,"offensive_value":0.0034721848,"defensive_value":-0.0107010866,"count":3},"1":{"player_id":3458,"player_name":"Steven N'Kemboanza Mike Christopher N'Zonzi","vaep_value":0.1622020679,"offensive_value":0.1075900798,"defensive_value":0.0546119881,"count":41},"2":{"player_id":3474,"player_name":"Cl\u00e9ment Lenglet","vaep_value":-0.4698436031,"offensive_value":-0.4461640563,"defensive_value":-0.0236795468,"count":64},"3":{"player_id":3642,"player_name":"Sergio Rico Gonz\u00e1lez","vaep_value":0.1359892399,"offensive_value":0.1186884058,"defensive_value":0.0173008341,"count":44},"4":{"player_id":3874,"player_name":"Paulo Henrique Chagas de Lima","vaep_value":0.0522699922,"offensive_value":0.0472966777,"defensive_value":0.0049733145,"count":36},"5":{"player_id":4015,"player_name":"Paulo Henrique Chagas de Lima","vaep_value":0.7474756051,"offensive_value":0.7954521674,"defensive_value":-0.0479765623,"count":70},"6":{"player_id":4048,"player_name":"Jos\u00e9 \u00c1ngel Vald\u00e9s D\u00edaz","vaep_value":-0.1477551975,"offensive_value":-0.113802869,"defensive_value":-0.0339523285,"count":37},"7":{"player_id":4094,"player_name":"Gonzalo Escalante","vaep_value":0.1361772878,"offensive_value":0.1338120541,"defensive_value":0.0023652337,"count":53},"8":{"player_id":5542,"player_name":"Paulo Henrique Chagas de Lima","vaep_value":0.0884294383,"offensive_value":0.1195810885,"defensive_value":-0.0311516502,"count":71},"9":{"player_id":8200,"player_name":"Jes\u00fas Navas Gonz\u00e1lez","vaep_value":0.2057765884,"offensive_value":0.1087180006,"defensive_value":0.0970585878,"count":87},"10":{"player_id":14836,"player_name":"Jos\u00e9 \u00c1ngel Vald\u00e9s D\u00edaz","vaep_value":-0.0297147951,"offensive_value":0.011999191,"defensive_value":-0.0417139861,"count":18},"11":{"player_id":14852,"player_name":"Jos\u00e9 \u00c1ngel Vald\u00e9s D\u00edaz","vaep_value":0.0904416637,"offensive_value":0.1391041176,"defensive_value":-0.0486624539,"count":73},"12":{"player_id":15455,"player_name":"Daniel Garc\u00eda Carrillo","vaep_value":0.0571008752,"offensive_value":0.0169873196,"defensive_value":0.0401135556,"count":7},"13":{"player_id":20436,"player_name":"Takashi Inui","vaep_value":0.0772978667,"offensive_value":0.1161362412,"defensive_value":-0.0388383744,"count":64},"14":{"player_id":25452,"player_name":"Enrique Garc\u00eda Mart\u00ednez","vaep_value":0.2340821631,"offensive_value":0.2220677135,"defensive_value":0.0120144496,"count":16},"15":{"player_id":25795,"player_name":"Daniel Filipe Martins Carri\u00e7o","vaep_value":0.423940469,"offensive_value":0.4637984165,"defensive_value":-0.0398579475,"count":48},"16":{"player_id":32601,"player_name":"Jos\u00e9 \u00c1ngel Vald\u00e9s D\u00edaz","vaep_value":0.0204218322,"offensive_value":0.0285281474,"defensive_value":-0.0081063152,"count":9},"17":{"player_id":40800,"player_name":"Jos\u00e9 \u00c1ngel Vald\u00e9s D\u00edaz","vaep_value":0.8886629458,"offensive_value":0.9034508287,"defensive_value":-0.0147878829,"count":60},"18":{"player_id":70125,"player_name":"Daniel Garc\u00eda Carrillo","vaep_value":1.2233456118,"offensive_value":1.2130253387,"defensive_value":0.0103202731,"count":62},"19":{"player_id":70140,"player_name":"Iv\u00e1n Ramis Barrios","vaep_value":0.2230925738,"offensive_value":0.1852021159,"defensive_value":0.0378904579,"count":62},"20":{"player_id":70507,"player_name":"Jos\u00e9 \u00c1ngel Vald\u00e9s D\u00edaz","vaep_value":0.053056991,"offensive_value":0.0544595039,"defensive_value":-0.0014025129,"count":42},"21":{"player_id":86220,"player_name":"Daniel Filipe Martins Carri\u00e7o","vaep_value":-0.1746624137,"offensive_value":-0.1510321719,"defensive_value":-0.0236302418,"count":65},"22":{"player_id":134503,"player_name":"Steven N'Kemboanza Mike Christopher N'Zonzi","vaep_value":0.060260198,"offensive_value":0.0065117752,"defensive_value":0.0537484228,"count":75},"23":{"player_id":140046,"player_name":"Wissam Ben Yedder","vaep_value":0.2477801979,"offensive_value":0.221714757,"defensive_value":0.0260654408,"count":34},"24":{"player_id":207001,"player_name":"Wissam Ben Yedder","vaep_value":-0.0122874584,"offensive_value":0.0001227877,"defensive_value":-0.0124102461,"count":9},"25":{"player_id":212644,"player_name":"Jes\u00fas Navas Gonz\u00e1lez","vaep_value":0.6792183854,"offensive_value":0.6564544667,"defensive_value":0.0227639186,"count":44},"26":{"player_id":225948,"player_name":"Jes\u00fas Navas Gonz\u00e1lez","vaep_value":0.0480385942,"offensive_value":0.0065650871,"defensive_value":0.0414735071,"count":40},"27":{"player_id":279555,"player_name":"Wissam Ben Yedder","vaep_value":-0.0746488362,"offensive_value":-0.0520261251,"defensive_value":-0.022622711,"count":17},"28":{"player_id":373713,"player_name":"Paulo Henrique Chagas de Lima","vaep_value":0.0313926918,"offensive_value":0.0078745767,"defensive_value":0.023518115,"count":17}}