{"0":{"player_id":0,"player_name":"Jonathan Calleri","vaep_value":0.0087082851,"offensive_value":0.0239017021,"defensive_value":-0.0151934171,"count":5},"1":{"player_id":3270,"player_name":"Alberto Aquilani","vaep_value":0.1965528865,"offensive_value":0.2207420557,"defensive_value":-0.0241891692,"count":47},"2":{"player_id":3335,"player_name":"Joaqu\u00edn Navarro Jim\u00e9nez","vaep_value":0.3560639012,"offensive_value":0.3363445832,"defensive_value":0.019719318,"count":84},"3":{"player_id":3358,"player_name":"Alejandro G\u00e1lvez Jimena","vaep_value":-0.0773527325,"offensive_value":-0.0750885042,"defensive_value":-0.0022642283,"count":13},"4":{"player_id":3384,"player_name":"Alberto Aquilani","vaep_value":0.2385626606,"offensive_value":0.2031069387,"defensive_value":0.0354557218,"count":93},"5":{"player_id":3571,"player_name":"Alejandro G\u00e1lvez Jimena","vaep_value":0.2237629601,"offensive_value":0.2003818928,"defensive_value":0.0233810673,"count":52},"6":{"player_id":3788,"player_name":"Jordi Amat Maas","vaep_value":0.053679433,"offensive_value":0.1013771492,"defensive_value":-0.0476977163,"count":56},"7":{"player_id":3970,"player_name":"Ryad Boudebouz","vaep_value":0.0854585149,"offensive_value":0.0627937141,"defensive_value":0.0226648008,"count":43},"8":{"player_id":4238,"player_name":"Ryad Boudebouz","vaep_value":-0.0691401765,"offensive_value":0.0318444715,"defensive_value":-0.100984648,"count":43},"9":{"player_id":4272,"player_name":"Alberto Aquilani","vaep_value":0.0529705936,"offensive_value":0.0490030949,"defensive_value":0.0039674987,"count":41},"10":{"player_id":4319,"player_name":"Alejandro G\u00e1lvez Jimena","vaep_value":0.0825970324,"offensive_value":0.0946486653,"defensive_value":-0.0120516329,"count":37},"11":{"player_id":4350,"player_name":"Joaqu\u00edn Navarro Jim\u00e9nez","vaep_value":0.1297892632,"offensive_value":0.1186569424,"defensive_value":0.0111323209,"count":55},"12":{"player_id":4355,"player_name":"Ignacio Gil de Pareja Vicent","vaep_value":0.0136816057,"offensive_value":0.0536145978,"defensive_value":-0.0399329921,"count":58},"13":{"player_id":4361,"player_name":"Joaqu\u00edn Navarro Jim\u00e9nez","vaep_value":0.0461911029,"offensive_value":0.0315427656,"defensive_value":0.0146483374,"count":16},"14":{"player_id":4363,"player_name":"Oghenekaro Etebo","vaep_value":0.0275141895,"offensive_value":0.0056133345,"defensive_value":0.021900855,"count":15},"15":{"player_id":4371,"player_name":"David Garc\u00eda Santana","vaep_value":0.1035725758,"offensive_value":-0.0070365851,"defensive_value":0.1106091609,"count":24},"16":{"player_id":5268,"player_name":"Alen Halilovi\u0107","vaep_value":-0.3961537868,"offensive_value":-0.3569845152,"defensive_value":-0.0391692716,"count":32},"17":{"player_id":20401,"player_name":"Alberto Aquilani","vaep_value":0.1998032314,"offensive_value":0.2110474666,"defensive_value":-0.0112442352,"count":45},"18":{"player_id":25461,"player_name":"Oghenekaro Etebo","vaep_value":0.1795112052,"offensive_value":0.1911673485,"defensive_value":-0.0116561432,"count":67},"19":{"player_id":26038,"player_name":null,"vaep_value":0.0795196801,"offensive_value":0.0757524529,"defensive_value":0.0037672272,"count":10},"20":{"player_id":26307,"player_name":"Daniel Gim\u00e9nez Hern\u00e1ndez","vaep_value":0.0571369206,"offensive_value":0.0003892586,"defensive_value":0.056747662,"count":56},"21":{"player_id":38094,"player_name":"Daniel Gim\u00e9nez Hern\u00e1ndez","vaep_value":0.0400063337,"offensive_value":0.0229881236,"defensive_value":0.0170182101,"count":2},"22":{"player_id":225946,"player_name":"Marc Bartra Aregall","vaep_value":-0.0644019041,"offensive_value":-0.0623762752,"defensive_value":-0.0020256289,"count":4},"23":{"player_id":228902,"player_name":"Jordi Amat Maas","vaep_value":-0.2129255778,"offensive_value":-0.1798821364,"defensive_value":-0.0330434414,"count":21},"24":{"player_id":234527,"player_name":"Marc Bartra Aregall","vaep_value":0.0356430649,"offensive_value":0.0360100081,"defensive_value":-0.0003669432,"count":38},"25":{"player_id":293862,"player_name":"Joaqu\u00edn S\u00e1nchez Rodr\u00edguez","vaep_value":-0.0103360066,"offensive_value":0.0025833696,"defensive_value":-0.0129193761,"count":41},"26":{"player_id":346195,"player_name":"Joaqu\u00edn S\u00e1nchez Rodr\u00edguez","vaep_value":0.2107422588,"offensive_value":0.1983527385,"defensive_value":0.0123895203,"count":78},"27":{"player_id":364850,"player_name":"Alejandro G\u00e1lvez Jimena","vaep_value":0.8122987296,"offensive_value":0.7864774971,"defensive_value":0.0258212325,"count":53},"28":{"player_id":424624,"player_name":null,"vaep_value":0.2160951782,"offensive_value":0.051026137,"defensive_value":0.1650690411,"count":67}}