{"0":{"player_id":703,"player_name":"Shinji Kagawa","vaep_value":0.0676397501,"offensive_value":0.098457685,"defensive_value":-0.0308179349,"count":105},"1":{"player_id":3450,"player_name":"Makoto Hasebe","vaep_value":-0.0346180586,"offensive_value":-0.0498132023,"defensive_value":0.0151951437,"count":33},"2":{"player_id":14763,"player_name":"Maya Yoshida","vaep_value":-0.0233867671,"offensive_value":-0.0113294639,"defensive_value":-0.0120573032,"count":3},"3":{"player_id":14816,"player_name":"Oscar Fabi\u00e1n Murillo Murillo","vaep_value":0.3285286391,"offensive_value":0.3541905591,"defensive_value":-0.02566192,"count":48},"4":{"player_id":14836,"player_name":"Oscar Fabi\u00e1n Murillo Murillo","vaep_value":-0.0561894861,"offensive_value":-0.0589242913,"defensive_value":0.0027348053,"count":47},"5":{"player_id":14929,"player_name":"Makoto Hasebe","vaep_value":-0.1232551168,"offensive_value":-0.0110458696,"defensive_value":-0.1122092472,"count":96},"6":{"player_id":20517,"player_name":"Johan Andr\u00e9s Mojica Palacio","vaep_value":0.2002717027,"offensive_value":0.1717897465,"defensive_value":0.0284819562,"count":64},"7":{"player_id":20751,"player_name":"Jos\u00e9 Heriberto Izquierdo Mena","vaep_value":-0.0508356217,"offensive_value":-0.0458378028,"defensive_value":-0.0049978188,"count":20},"8":{"player_id":25662,"player_name":"Hiroki Sakai","vaep_value":0.1062596877,"offensive_value":0.1202594186,"defensive_value":-0.0139997309,"count":28},"9":{"player_id":26518,"player_name":"Radamel Falcao Garc\u00eda Z\u00e1rate","vaep_value":-0.7105121976,"offensive_value":0.0031383694,"defensive_value":-0.713650567,"count":7},"10":{"player_id":37831,"player_name":"Jefferson Andr\u00e9s Lerma Sol\u00eds","vaep_value":-0.2260014566,"offensive_value":-0.2259374228,"defensive_value":-0.0000640338,"count":12},"11":{"player_id":37896,"player_name":"Gaku Shibasaki","vaep_value":-0.0768826432,"offensive_value":0.0917888121,"defensive_value":-0.1686714552,"count":26},"12":{"player_id":70096,"player_name":"Carlos Alberto S\u00e1nchez Moreno","vaep_value":0.1085864131,"offensive_value":0.0948956682,"defensive_value":0.0136907449,"count":29},"13":{"player_id":70136,"player_name":"Jefferson Andr\u00e9s Lerma Sol\u00eds","vaep_value":0.178720377,"offensive_value":0.1707452906,"defensive_value":0.0079750864,"count":66},"14":{"player_id":91002,"player_name":"Carlos Alberto S\u00e1nchez Moreno","vaep_value":0.1400289293,"offensive_value":0.0225594956,"defensive_value":0.1174694337,"count":54},"15":{"player_id":91019,"player_name":"Santiago Arias Naranjo","vaep_value":1.1509799758,"offensive_value":1.1483799167,"defensive_value":0.002600059,"count":37},"16":{"player_id":91381,"player_name":"Juan Guillermo Cuadrado Bello","vaep_value":0.0559732743,"offensive_value":0.0578437666,"defensive_value":-0.0018704924,"count":34},"17":{"player_id":91702,"player_name":"Juan Fernando Quintero Paniagua","vaep_value":0.3404004918,"offensive_value":0.1756883154,"defensive_value":0.1647121764,"count":92},"18":{"player_id":94650,"player_name":"Takashi Inui","vaep_value":-0.0919645838,"offensive_value":-0.0485873539,"defensive_value":-0.0433772299,"count":50},"19":{"player_id":94695,"player_name":"Santiago Arias Naranjo","vaep_value":-0.0136955298,"offensive_value":0.0347092372,"defensive_value":-0.0484047669,"count":64},"20":{"player_id":94814,"player_name":"Davinson S\u00e1nchez Mina","vaep_value":0.2381180506,"offensive_value":0.225956221,"defensive_value":0.0121618296,"count":84},"21":{"player_id":94828,"player_name":"Oscar Fabi\u00e1n Murillo Murillo","vaep_value":0.240238007,"offensive_value":0.2511867616,"defensive_value":-0.0109487546,"count":86},"22":{"player_id":94831,"player_name":"David Ospina Ram\u00edrez","vaep_value":0.8735624703,"offensive_value":0.8945251452,"defensive_value":-0.0209626749,"count":32},"23":{"player_id":95010,"player_name":"Oscar Fabi\u00e1n Murillo Murillo","vaep_value":0.0658354396,"offensive_value":0.0404714709,"defensive_value":0.0253639687,"count":15},"24":{"player_id":101592,"player_name":"Genki Haraguchi","vaep_value":0.0990581534,"offensive_value":0.2070627787,"defensive_value":-0.1080046253,"count":28},"25":{"player_id":246928,"player_name":"Y\u016bya \u014csako","vaep_value":0.1456307119,"offensive_value":0.0647659251,"defensive_value":0.0808647868,"count":39},"26":{"player_id":255738,"player_name":"David Ospina Ram\u00edrez","vaep_value":0.2493697922,"offensive_value":0.1801338049,"defensive_value":0.0692359873,"count":56},"27":{"player_id":257762,"player_name":"Jefferson Andr\u00e9s Lerma Sol\u00eds","vaep_value":0.1962128965,"offensive_value":0.0882243159,"defensive_value":0.1079885806,"count":48}}