{"0":{"player_id":0,"player_name":"St\u00e9phane Bahoken","vaep_value":0.0219840903,"offensive_value":0.0263307441,"defensive_value":-0.0043466538,"count":6},"1":{"player_id":3314,"player_name":"Jonas Martin","vaep_value":-0.3450653435,"offensive_value":-0.3221272488,"defensive_value":-0.0229380947,"count":47},"2":{"player_id":3334,"player_name":"Jean Eud\u00e8s Aholou","vaep_value":0.3240704194,"offensive_value":0.3066973726,"defensive_value":0.0173730468,"count":100},"3":{"player_id":4452,"player_name":"Bakary Kon\u00e9","vaep_value":0.0877800302,"offensive_value":0.0613693455,"defensive_value":0.0264106847,"count":52},"4":{"player_id":14862,"player_name":"Martin Terrier","vaep_value":-0.1313209666,"offensive_value":-0.1155442363,"defensive_value":-0.0157767304,"count":57},"5":{"player_id":21174,"player_name":"Marcos  Ao\u00e1s Corr\u00eaa ","vaep_value":-0.0564323552,"offensive_value":-0.0506173261,"defensive_value":-0.0058150291,"count":4},"6":{"player_id":21383,"player_name":"Adrien Rabiot","vaep_value":0.0541384832,"offensive_value":0.0585370474,"defensive_value":-0.0043985641,"count":22},"7":{"player_id":25392,"player_name":"Daniel Alves da Silva","vaep_value":0.1474500856,"offensive_value":0.0293999191,"defensive_value":0.1180501665,"count":26},"8":{"player_id":25418,"player_name":"Marcos  Ao\u00e1s Corr\u00eaa ","vaep_value":0.0425618021,"offensive_value":0.0317662207,"defensive_value":0.0107955814,"count":11},"9":{"player_id":25440,"player_name":"Julian Draxler","vaep_value":0.3325062409,"offensive_value":0.3157982875,"defensive_value":0.0167079534,"count":61},"10":{"player_id":25641,"player_name":"Adrien Rabiot","vaep_value":-0.0093197969,"offensive_value":0.0017861463,"defensive_value":-0.0111059432,"count":31},"11":{"player_id":25673,"player_name":"Javier Mat\u00edas Pastore","vaep_value":1.0052921865,"offensive_value":0.9709092365,"defensive_value":0.03438295,"count":17},"12":{"player_id":26065,"player_name":"Adrien Rabiot","vaep_value":0.0114609635,"offensive_value":0.0199550499,"defensive_value":-0.0084940863,"count":35},"13":{"player_id":26327,"player_name":"Daniel Alves da Silva","vaep_value":0.0290837296,"offensive_value":0.0084612622,"defensive_value":0.0206224674,"count":5},"14":{"player_id":26498,"player_name":"Adrien Rabiot","vaep_value":0.0327978904,"offensive_value":0.0705313096,"defensive_value":-0.0377334192,"count":40},"15":{"player_id":26676,"player_name":"Daniel Alves da Silva","vaep_value":-0.006192053,"offensive_value":0.059497392,"defensive_value":-0.065689445,"count":13},"16":{"player_id":28990,"player_name":"Marcos  Ao\u00e1s Corr\u00eaa ","vaep_value":0.1254998279,"offensive_value":0.1305567259,"defensive_value":-0.005056898,"count":51},"17":{"player_id":29137,"player_name":"Presnel Kimpembe","vaep_value":-0.0076477497,"offensive_value":-0.0048806772,"defensive_value":-0.0027670725,"count":4},"18":{"player_id":29588,"player_name":"Presnel Kimpembe","vaep_value":0.2775570744,"offensive_value":0.1667833035,"defensive_value":0.110773771,"count":47},"19":{"player_id":40539,"player_name":"Ernest Seka","vaep_value":0.2594506002,"offensive_value":0.2115568528,"defensive_value":0.0478937475,"count":78},"20":{"player_id":40810,"player_name":"Daniel Alves da Silva","vaep_value":0.6534494265,"offensive_value":0.7326057357,"defensive_value":-0.0791563092,"count":111},"21":{"player_id":141172,"player_name":"Daniel Alves da Silva","vaep_value":0.1240515162,"offensive_value":0.0732210007,"defensive_value":0.0508305155,"count":35},"22":{"player_id":209117,"player_name":"Jean Eud\u00e8s Aholou","vaep_value":0.516064238,"offensive_value":0.4773196114,"defensive_value":0.0387446266,"count":119},"23":{"player_id":215130,"player_name":"Martin Terrier","vaep_value":0.7646344443,"offensive_value":0.766241057,"defensive_value":-0.0016066127,"count":31},"24":{"player_id":231138,"player_name":"Ernest Seka","vaep_value":-0.1826358573,"offensive_value":-0.1786054909,"defensive_value":-0.0040303663,"count":77},"25":{"player_id":301635,"player_name":"Presnel Kimpembe","vaep_value":0.0257157437,"offensive_value":0.0857936544,"defensive_value":-0.0600779108,"count":31},"26":{"player_id":353833,"player_name":"Marcos  Ao\u00e1s Corr\u00eaa ","vaep_value":0.6353541698,"offensive_value":0.6684434193,"defensive_value":-0.0330892495,"count":44},"27":{"player_id":356237,"player_name":"Javier Mat\u00edas Pastore","vaep_value":-0.1551145259,"offensive_value":-0.1565295552,"defensive_value":0.0014150293,"count":16},"28":{"player_id":394006,"player_name":"Julian Draxler","vaep_value":0.1141247029,"offensive_value":0.0253033488,"defensive_value":0.0888213541,"count":31}}