{"0":{"player_id":0,"player_name":"Mikel Rico Moreno","vaep_value":0.030813434,"offensive_value":0.0563784494,"defensive_value":-0.0255650154,"count":9},"1":{"player_id":3282,"player_name":"Aymeric  Laporte","vaep_value":-0.1893101127,"offensive_value":-0.1787307901,"defensive_value":-0.0105793227,"count":27},"2":{"player_id":3290,"player_name":"Unai N\u00fa\u00f1ez Gestoso","vaep_value":-0.0857350843,"offensive_value":-0.0506982381,"defensive_value":-0.0350368462,"count":29},"3":{"player_id":3408,"player_name":"\u00cd\u00f1igo Mart\u00ednez Berridi","vaep_value":-0.0451940025,"offensive_value":0.0143899966,"defensive_value":-0.0595839991,"count":16},"4":{"player_id":3409,"player_name":"Unai N\u00fa\u00f1ez Gestoso","vaep_value":0.0838937833,"offensive_value":-0.0213220819,"defensive_value":0.1052158652,"count":42},"5":{"player_id":3420,"player_name":"Unai N\u00fa\u00f1ez Gestoso","vaep_value":-0.0196700305,"offensive_value":-0.0019961713,"defensive_value":-0.0176738591,"count":51},"6":{"player_id":3421,"player_name":"Mikel San Jos\u00e9 Dom\u00ednguez","vaep_value":-0.1176326424,"offensive_value":-0.1063957748,"defensive_value":-0.0112368677,"count":26},"7":{"player_id":3503,"player_name":"Aymeric  Laporte","vaep_value":-0.0855738176,"offensive_value":-0.0765445621,"defensive_value":-0.0090292555,"count":37},"8":{"player_id":3667,"player_name":"Asier Illarramendi Andonegi","vaep_value":-0.0412712492,"offensive_value":-0.0249517965,"defensive_value":-0.0163194527,"count":73},"9":{"player_id":3671,"player_name":"Asier Illarramendi Andonegi","vaep_value":0.1697811766,"offensive_value":0.1461669274,"defensive_value":0.0236142492,"count":90},"10":{"player_id":3676,"player_name":"Adnan Januzaj","vaep_value":0.276185294,"offensive_value":0.2929777179,"defensive_value":-0.016792424,"count":114},"11":{"player_id":3678,"player_name":"Mikel Rico Moreno","vaep_value":0.071172965,"offensive_value":0.0367200123,"defensive_value":0.0344529528,"count":63},"12":{"player_id":3680,"player_name":"\u00c1lvaro Odriozola Arzallus","vaep_value":0.0029675278,"offensive_value":0.0093800923,"defensive_value":-0.0064125644,"count":60},"13":{"player_id":3685,"player_name":"Aymeric  Laporte","vaep_value":-0.0272713838,"offensive_value":-0.0229941303,"defensive_value":-0.0042772535,"count":9},"14":{"player_id":3750,"player_name":"Aymeric  Laporte","vaep_value":-0.0492691158,"offensive_value":-0.0143670323,"defensive_value":-0.0349020835,"count":31},"15":{"player_id":4476,"player_name":"\u00cd\u00f1igo Mart\u00ednez Berridi","vaep_value":0.1320758421,"offensive_value":0.1873096024,"defensive_value":-0.0552337603,"count":46},"16":{"player_id":5290,"player_name":"Alberto De La Bella Madure\u00f1o","vaep_value":-0.0086932661,"offensive_value":0.0009595068,"defensive_value":-0.0096527729,"count":49},"17":{"player_id":40770,"player_name":"David Zurutuza Veillet","vaep_value":-0.0212124786,"offensive_value":-0.034687835,"defensive_value":0.0134753564,"count":26},"18":{"player_id":86212,"player_name":"\u00cd\u00f1igo Mart\u00ednez Berridi","vaep_value":0.1046676545,"offensive_value":0.1205721032,"defensive_value":-0.0159044487,"count":50},"19":{"player_id":134502,"player_name":"Asier Illarramendi Andonegi","vaep_value":0.1743727592,"offensive_value":0.1152575254,"defensive_value":0.0591152338,"count":57},"20":{"player_id":225996,"player_name":"Diego Javier Llorente R\u00edos","vaep_value":0.040622408,"offensive_value":0.0537542615,"defensive_value":-0.0131318534,"count":74},"21":{"player_id":230862,"player_name":"Asier Illarramendi Andonegi","vaep_value":0.1636208848,"offensive_value":0.2421864575,"defensive_value":-0.0785655727,"count":70},"22":{"player_id":247141,"player_name":"\u00cd\u00f1igo Mart\u00ednez Berridi","vaep_value":-0.0047650733,"offensive_value":-0.0136484702,"defensive_value":0.0088833969,"count":6},"23":{"player_id":261127,"player_name":"Alberto De La Bella Madure\u00f1o","vaep_value":0.0703424227,"offensive_value":0.0879412254,"defensive_value":-0.0175988027,"count":54},"24":{"player_id":278289,"player_name":"David Zurutuza Veillet","vaep_value":0.239747205,"offensive_value":0.2538575272,"defensive_value":-0.0141103222,"count":75},"25":{"player_id":344068,"player_name":"Mikel Oyarzabal Ugarte","vaep_value":0.1830081582,"offensive_value":0.0638082508,"defensive_value":0.1191999074,"count":52},"26":{"player_id":344075,"player_name":"Unai N\u00fa\u00f1ez Gestoso","vaep_value":-0.0195663029,"offensive_value":-0.0014067902,"defensive_value":-0.0181595127,"count":4},"27":{"player_id":355599,"player_name":"Iago Herrer\u00edn Buis\u00e1n","vaep_value":-0.0917388061,"offensive_value":-0.0938023262,"defensive_value":0.0020635201,"count":35}}