{"0":{"player_id":0,"player_name":"Maximiliano Gast\u00f3n L\u00f3pez","vaep_value":0.0505623062,"offensive_value":0.061188648,"defensive_value":-0.0106263418,"count":8},"1":{"player_id":394,"player_name":"Anton\u00edn Bar\u00e1k","vaep_value":0.1960155281,"offensive_value":0.1427736297,"defensive_value":0.0532418983,"count":82},"2":{"player_id":20422,"player_name":"Jakub Jankto","vaep_value":-0.3256083025,"offensive_value":-0.3026160444,"defensive_value":-0.0229922581,"count":36},"3":{"player_id":20536,"player_name":"Bram Nuytinck","vaep_value":-0.0976354056,"offensive_value":-0.0744220943,"defensive_value":-0.0232133113,"count":15},"4":{"player_id":20540,"player_name":"Albano Benjam\u00edn Bizzarri","vaep_value":0.035787379,"offensive_value":0.0691440033,"defensive_value":-0.0333566243,"count":30},"5":{"player_id":20583,"player_name":"Silvan Widmer","vaep_value":0.1406108438,"offensive_value":0.0704290691,"defensive_value":0.0701817747,"count":67},"6":{"player_id":20935,"player_name":"Samuel Souprayen","vaep_value":0.0794643113,"offensive_value":0.1056137303,"defensive_value":-0.026149419,"count":64},"7":{"player_id":20938,"player_name":"Danilo Larangeira","vaep_value":0.1276252429,"offensive_value":0.134540204,"defensive_value":-0.006914961,"count":48},"8":{"player_id":21298,"player_name":"Valon Behrami","vaep_value":0.0744965932,"offensive_value":0.0977346398,"defensive_value":-0.0232380467,"count":56},"9":{"player_id":21314,"player_name":"Kevin Lasagna","vaep_value":0.026137882,"offensive_value":0.0112874622,"defensive_value":0.0148504198,"count":24},"10":{"player_id":22093,"player_name":"Maximiliano Gast\u00f3n L\u00f3pez","vaep_value":0.0213922797,"offensive_value":0.0663774482,"defensive_value":-0.0449851685,"count":35},"11":{"player_id":22381,"player_name":"Maximiliano Gast\u00f3n L\u00f3pez","vaep_value":-0.1301400755,"offensive_value":0.0150404945,"defensive_value":-0.14518057,"count":39},"12":{"player_id":23427,"player_name":"Anton\u00edn Bar\u00e1k","vaep_value":0.3150932337,"offensive_value":0.1305973728,"defensive_value":0.1844958609,"count":66},"13":{"player_id":25878,"player_name":"Silvan Widmer","vaep_value":0.110368973,"offensive_value":0.039159301,"defensive_value":0.071209672,"count":43},"14":{"player_id":26373,"player_name":"Anton\u00edn Bar\u00e1k","vaep_value":0.0721887259,"offensive_value":0.0512261799,"defensive_value":0.020962546,"count":61},"15":{"player_id":50069,"player_name":"Antonio Aldo Caracciolo","vaep_value":1.0904139587,"offensive_value":1.1157677022,"defensive_value":-0.0253537435,"count":63},"16":{"player_id":56026,"player_name":"Silvan Widmer","vaep_value":0.1983314598,"offensive_value":0.1976784072,"defensive_value":0.0006530526,"count":78},"17":{"player_id":86309,"player_name":"Maximiliano Gast\u00f3n L\u00f3pez","vaep_value":0.1631479054,"offensive_value":0.0836769355,"defensive_value":0.0794709699,"count":58},"18":{"player_id":131184,"player_name":"Silvan Widmer","vaep_value":0.4360093814,"offensive_value":0.4234295089,"defensive_value":0.0125798724,"count":85},"19":{"player_id":213948,"player_name":"Samuel Souprayen","vaep_value":0.0448668327,"offensive_value":0.0507106958,"defensive_value":-0.0058438631,"count":19},"20":{"player_id":263433,"player_name":"Anton\u00edn Bar\u00e1k","vaep_value":-0.0699183061,"offensive_value":-0.0085083842,"defensive_value":-0.0614099219,"count":35},"21":{"player_id":265172,"player_name":"Bruno Zuculini","vaep_value":1.9479892926,"offensive_value":1.9643671453,"defensive_value":-0.0163778528,"count":55},"22":{"player_id":300669,"player_name":"Jakub Jankto","vaep_value":0.0331250953,"offensive_value":0.033031262,"defensive_value":0.0000938333,"count":15},"23":{"player_id":333913,"player_name":"Ali Adnan Kadhim Al Tameemi","vaep_value":0.6550795664,"offensive_value":0.6545394226,"defensive_value":0.0005401438,"count":43},"24":{"player_id":343925,"player_name":"Nicolas David Andrade ","vaep_value":0.1311613122,"offensive_value":0.1311448846,"defensive_value":0.0000164276,"count":36},"25":{"player_id":352722,"player_name":"Nicolas David Andrade ","vaep_value":-0.0138156735,"offensive_value":-0.008339918,"defensive_value":-0.0054757555,"count":17},"26":{"player_id":354547,"player_name":"Samuel Souprayen","vaep_value":0.4652953062,"offensive_value":0.4603719693,"defensive_value":0.0049233369,"count":78},"27":{"player_id":403546,"player_name":"Valon Behrami","vaep_value":-0.0944849006,"offensive_value":-0.069442492,"defensive_value":-0.0250424086,"count":14},"28":{"player_id":410031,"player_name":"Valon Behrami","vaep_value":-0.0651741422,"offensive_value":-0.0696894175,"defensive_value":0.0045152752,"count":11}}