{"0":{"player_id":0,"player_name":"Jermain  Defoe","vaep_value":-0.0192277409,"offensive_value":0.0781818427,"defensive_value":-0.0974095836,"count":27},"1":{"player_id":56,"player_name":"Andrew Surman","vaep_value":0.1279910703,"offensive_value":0.0902507836,"defensive_value":0.0377402867,"count":27},"2":{"player_id":340,"player_name":"Junior Stanislas","vaep_value":0.3943202421,"offensive_value":0.3258370262,"defensive_value":0.0684832159,"count":63},"3":{"player_id":7944,"player_name":"Idrissa Gana Gueye","vaep_value":-0.1529911349,"offensive_value":-0.1609645837,"defensive_value":0.0079734488,"count":32},"4":{"player_id":7989,"player_name":"Charlie Daniels","vaep_value":0.1574201145,"offensive_value":0.1401371169,"defensive_value":0.0172829976,"count":67},"5":{"player_id":8143,"player_name":"Jermain  Defoe","vaep_value":0.1603062096,"offensive_value":0.1058175927,"defensive_value":0.0544886169,"count":77},"6":{"player_id":8239,"player_name":"Junior Stanislas","vaep_value":0.1256640499,"offensive_value":0.132211132,"defensive_value":-0.0065470821,"count":47},"7":{"player_id":8296,"player_name":"Rhu-endly Martina","vaep_value":-0.2009865793,"offensive_value":-0.197198763,"defensive_value":-0.0037878163,"count":12},"8":{"player_id":8351,"player_name":"Wayne Rooney","vaep_value":0.0346770992,"offensive_value":0.0158877545,"defensive_value":0.0187893447,"count":71},"9":{"player_id":8460,"player_name":"Dominic Calvert-Lewin","vaep_value":0.2977959418,"offensive_value":0.2225465261,"defensive_value":0.0752494157,"count":67},"10":{"player_id":8726,"player_name":"Davy Klaassen","vaep_value":0.0899705377,"offensive_value":0.0532939667,"defensive_value":0.036676571,"count":27},"11":{"player_id":8959,"player_name":"Davy Klaassen","vaep_value":0.1731825216,"offensive_value":0.2333985698,"defensive_value":-0.0602160482,"count":63},"12":{"player_id":9277,"player_name":"Dan Gosling","vaep_value":-0.0081785459,"offensive_value":0.0306200527,"defensive_value":-0.0387985986,"count":17},"13":{"player_id":9279,"player_name":"Jordon  Ibe","vaep_value":0.1048006315,"offensive_value":0.0818103583,"defensive_value":0.0229902732,"count":53},"14":{"player_id":9285,"player_name":"Andrew Surman","vaep_value":0.0370284156,"offensive_value":0.0506069637,"defensive_value":-0.0135785481,"count":79},"15":{"player_id":9637,"player_name":"Adam Smith","vaep_value":1.2796063395,"offensive_value":1.2933205537,"defensive_value":-0.0137142142,"count":50},"16":{"player_id":9739,"player_name":"Adam Smith","vaep_value":0.0298604866,"offensive_value":0.0392115362,"defensive_value":-0.0093510495,"count":52},"17":{"player_id":10131,"player_name":"Jordon  Ibe","vaep_value":0.190062077,"offensive_value":0.0846339923,"defensive_value":0.1054280847,"count":31},"18":{"player_id":25706,"player_name":"Jordon  Ibe","vaep_value":0.2388501699,"offensive_value":0.2109859199,"defensive_value":0.02786425,"count":88},"19":{"player_id":77546,"player_name":"Jordon  Ibe","vaep_value":0.2020343657,"offensive_value":-0.0127812877,"defensive_value":0.2148156534,"count":52},"20":{"player_id":77558,"player_name":"Jordon  Ibe","vaep_value":0.1107784274,"offensive_value":0.1230572317,"defensive_value":-0.0122788043,"count":50},"21":{"player_id":134102,"player_name":"Adam Smith","vaep_value":0.1599383865,"offensive_value":0.076202536,"defensive_value":0.0837358505,"count":44},"22":{"player_id":134351,"player_name":"Simon Francis","vaep_value":0.0132508741,"offensive_value":0.008124426,"defensive_value":0.0051264481,"count":2},"23":{"player_id":145692,"player_name":"Simon Francis","vaep_value":1.7626618803,"offensive_value":1.7630619633,"defensive_value":-0.0004000829,"count":12},"24":{"player_id":245813,"player_name":"Gylfi \u00de\u00f3r Sigur\u00f0sson","vaep_value":-0.0744412106,"offensive_value":-0.0654556709,"defensive_value":-0.0089855397,"count":6},"25":{"player_id":286825,"player_name":"Idrissa Gana Gueye","vaep_value":0.4035518405,"offensive_value":0.4187943214,"defensive_value":-0.0152424809,"count":18},"26":{"player_id":293687,"player_name":"Idrissa Gana Gueye","vaep_value":-0.3393160279,"offensive_value":-0.2487427735,"defensive_value":-0.0905732544,"count":37},"27":{"player_id":353236,"player_name":"Leighton Baines","vaep_value":0.0281964683,"offensive_value":0.0387708406,"defensive_value":-0.0105743723,"count":23},"28":{"player_id":355937,"player_name":"Simon Francis","vaep_value":0.0219194825,"offensive_value":0.0249961484,"defensive_value":-0.0030766659,"count":51}}