{"0":{"player_id":0,"player_name":"Sergio Enrich Ametller","vaep_value":0.0856949352,"offensive_value":0.0836615057,"defensive_value":0.0020334295,"count":8},"1":{"player_id":3398,"player_name":"Daniel Garc\u00eda Carrillo","vaep_value":0.1185533161,"offensive_value":0.1735203926,"defensive_value":-0.0549670765,"count":30},"2":{"player_id":3464,"player_name":"Paulo Andr\u00e9 Rodrigues de Oliveira","vaep_value":0.3575479925,"offensive_value":0.3184604354,"defensive_value":0.0390875572,"count":65},"3":{"player_id":3470,"player_name":"David Rodr\u00edguez Lomb\u00e1n","vaep_value":-0.029780885,"offensive_value":0.0054783281,"defensive_value":-0.0352592131,"count":37},"4":{"player_id":3496,"player_name":"Anaitz Arbilla Zabala","vaep_value":0.1501708609,"offensive_value":0.0817077501,"defensive_value":0.0684631108,"count":31},"5":{"player_id":3874,"player_name":"David Rodr\u00edguez Lomb\u00e1n","vaep_value":-0.1780982484,"offensive_value":-0.138817952,"defensive_value":-0.0392802964,"count":35},"6":{"player_id":3920,"player_name":"Enrique Garc\u00eda Mart\u00ednez","vaep_value":0.1513324002,"offensive_value":0.1988125013,"defensive_value":-0.0474801011,"count":54},"7":{"player_id":4048,"player_name":"Gonzalo Escalante","vaep_value":-0.4133067379,"offensive_value":-0.3988526424,"defensive_value":-0.0144540955,"count":40},"8":{"player_id":4094,"player_name":"Paulo Andr\u00e9 Rodrigues de Oliveira","vaep_value":0.0494537019,"offensive_value":0.0357613515,"defensive_value":0.0136923505,"count":88},"9":{"player_id":4180,"player_name":"David Rodr\u00edguez Lomb\u00e1n","vaep_value":0.2856934412,"offensive_value":0.2034116305,"defensive_value":0.0822818107,"count":79},"10":{"player_id":4780,"player_name":"Anaitz Arbilla Zabala","vaep_value":0.1143039357,"offensive_value":0.1298162292,"defensive_value":-0.0155122934,"count":21},"11":{"player_id":4805,"player_name":"Jos\u00e9 \u00c1ngel Vald\u00e9s D\u00edaz","vaep_value":1.483549997,"offensive_value":1.4574044166,"defensive_value":0.0261455803,"count":140},"12":{"player_id":5542,"player_name":"Sergio Enrich Ametller","vaep_value":0.1088295691,"offensive_value":0.0899476283,"defensive_value":0.0188819407,"count":80},"13":{"player_id":6914,"player_name":"Sergio Enrich Ametller","vaep_value":-0.061436026,"offensive_value":-0.0221982633,"defensive_value":-0.0392377627,"count":28},"14":{"player_id":14836,"player_name":"Jos\u00e9 \u00c1ngel Vald\u00e9s D\u00edaz","vaep_value":-0.3999678687,"offensive_value":-0.3465171296,"defensive_value":-0.0534507391,"count":63},"15":{"player_id":20436,"player_name":"Sergio Postigo Redondo","vaep_value":0.2732014952,"offensive_value":0.2897388432,"defensive_value":-0.0165373479,"count":68},"16":{"player_id":26032,"player_name":"Jos\u00e9 \u00c1ngel Vald\u00e9s D\u00edaz","vaep_value":0.0252491315,"offensive_value":0.0005026171,"defensive_value":0.0247465144,"count":2},"17":{"player_id":32601,"player_name":"Paulo Andr\u00e9 Rodrigues de Oliveira","vaep_value":-0.0103399071,"offensive_value":-0.0128282448,"defensive_value":0.0024883377,"count":3},"18":{"player_id":70507,"player_name":"Paulo Andr\u00e9 Rodrigues de Oliveira","vaep_value":0.189591889,"offensive_value":0.1284332254,"defensive_value":0.0611586636,"count":90},"19":{"player_id":140046,"player_name":"Ra\u00fal Fern\u00e1ndez-Cavada Mateos","vaep_value":0.2551294724,"offensive_value":0.2083144935,"defensive_value":0.0468149788,"count":25},"20":{"player_id":212644,"player_name":"Daniel Garc\u00eda Carrillo","vaep_value":0.0485132081,"offensive_value":0.0541524059,"defensive_value":-0.0056391979,"count":43},"21":{"player_id":213124,"player_name":"Marko Dmitrovi\u0107","vaep_value":0.1269705185,"offensive_value":0.1225073605,"defensive_value":0.004463158,"count":25},"22":{"player_id":225089,"player_name":"Anaitz Arbilla Zabala","vaep_value":0.9042022515,"offensive_value":0.8887977691,"defensive_value":0.0154044824,"count":43},"23":{"player_id":254189,"player_name":"Daniel Garc\u00eda Carrillo","vaep_value":-0.0781759663,"offensive_value":0.0372640556,"defensive_value":-0.1154400219,"count":25},"24":{"player_id":255738,"player_name":"Sergio Postigo Redondo","vaep_value":0.0704428324,"offensive_value":0.0214506198,"defensive_value":0.0489922126,"count":52},"25":{"player_id":259524,"player_name":"Jos\u00e9 \u00c1ngel Vald\u00e9s D\u00edaz","vaep_value":-0.0273075977,"offensive_value":-0.0163402327,"defensive_value":-0.010967365,"count":5},"26":{"player_id":280383,"player_name":"Takashi Inui","vaep_value":0.8010138572,"offensive_value":0.8026861761,"defensive_value":-0.001672319,"count":33},"27":{"player_id":338201,"player_name":"Pedro L\u00f3pez Mu\u00f1oz","vaep_value":-0.0036931598,"offensive_value":-0.0858752539,"defensive_value":0.0821820941,"count":9},"28":{"player_id":385273,"player_name":"Jos\u00e9 \u00c1ngel Vald\u00e9s D\u00edaz","vaep_value":0.8510092641,"offensive_value":0.8442270989,"defensive_value":0.0067821653,"count":9}}