{"0":{"player_id":0,"player_name":"Ashley Barnes","vaep_value":0.0718071014,"offensive_value":0.0756833707,"defensive_value":-0.0038762693,"count":4},"1":{"player_id":93,"player_name":"Kevin Long","vaep_value":0.2026702607,"offensive_value":0.2125245326,"defensive_value":-0.0098542719,"count":31},"2":{"player_id":284,"player_name":"Nathan Dyer","vaep_value":0.1272384888,"offensive_value":0.1038373745,"defensive_value":0.0234011143,"count":59},"3":{"player_id":7847,"player_name":"Kyle Naughton","vaep_value":0.0150375299,"offensive_value":0.0641512757,"defensive_value":-0.0491137458,"count":38},"4":{"player_id":8125,"player_name":"Kevin Long","vaep_value":0.0248605239,"offensive_value":0.0501792332,"defensive_value":-0.0253187093,"count":43},"5":{"player_id":8192,"player_name":"Jack Cork","vaep_value":0.1104908818,"offensive_value":0.1176508061,"defensive_value":-0.0071599243,"count":48},"6":{"player_id":8284,"player_name":"Kyle Naughton","vaep_value":0.0698781889,"offensive_value":0.0583779291,"defensive_value":0.0115002597,"count":19},"7":{"player_id":8336,"player_name":"Mike van der Hoorn","vaep_value":0.118572025,"offensive_value":0.1792613131,"defensive_value":-0.0606892881,"count":88},"8":{"player_id":8498,"player_name":"Federico Fern\u00e1ndez","vaep_value":-0.0026013022,"offensive_value":-0.0025804341,"defensive_value":-0.0000208681,"count":1},"9":{"player_id":8643,"player_name":"Alfie Mawson","vaep_value":0.1196862531,"offensive_value":0.0906098781,"defensive_value":0.0290763751,"count":57},"10":{"player_id":8944,"player_name":"Federico Fern\u00e1ndez","vaep_value":0.0627601636,"offensive_value":0.0998117751,"defensive_value":-0.0370516116,"count":57},"11":{"player_id":8976,"player_name":"Mike van der Hoorn","vaep_value":0.4316869205,"offensive_value":0.4397382972,"defensive_value":-0.0080513768,"count":65},"12":{"player_id":8980,"player_name":"Mike van der Hoorn","vaep_value":0.0579214821,"offensive_value":-0.057956852,"defensive_value":0.1158783342,"count":47},"13":{"player_id":9123,"player_name":"Nick Pope","vaep_value":-0.057402994,"offensive_value":-0.0935404021,"defensive_value":0.0361374081,"count":44},"14":{"player_id":9127,"player_name":"Kyle Naughton","vaep_value":-0.0726236562,"offensive_value":-0.0742507535,"defensive_value":0.0016270973,"count":27},"15":{"player_id":9164,"player_name":"Mike van der Hoorn","vaep_value":0.3487422827,"offensive_value":0.2510729295,"defensive_value":0.0976693532,"count":61},"16":{"player_id":9179,"player_name":"Kevin Long","vaep_value":0.0350091464,"offensive_value":-0.0025414187,"defensive_value":0.0375505651,"count":4},"17":{"player_id":10108,"player_name":"Sam Vokes","vaep_value":0.281678473,"offensive_value":0.1253078503,"defensive_value":0.1563706227,"count":50},"18":{"player_id":10252,"player_name":"Mike van der Hoorn","vaep_value":-0.2105310851,"offensive_value":-0.2222500007,"defensive_value":0.0117189155,"count":40},"19":{"player_id":11294,"player_name":"Nathan Dyer","vaep_value":0.0044188173,"offensive_value":0.0066419798,"defensive_value":-0.0022231624,"count":11},"20":{"player_id":12242,"player_name":"Tom Carroll","vaep_value":0.1874843892,"offensive_value":0.2361165393,"defensive_value":-0.0486321502,"count":41},"21":{"player_id":21164,"player_name":"Martin Olsson","vaep_value":0.0748666523,"offensive_value":0.0681670015,"defensive_value":0.0066996508,"count":43},"22":{"player_id":25571,"player_name":"Federico Fern\u00e1ndez","vaep_value":0.0964332916,"offensive_value":0.0525623474,"defensive_value":0.0438709442,"count":55},"23":{"player_id":25572,"player_name":"Mike van der Hoorn","vaep_value":-0.0184558959,"offensive_value":-0.1135282177,"defensive_value":0.0950723217,"count":23},"24":{"player_id":61962,"player_name":"Mike van der Hoorn","vaep_value":1.2074646275,"offensive_value":1.2074415584,"defensive_value":0.0000230691,"count":63},"25":{"player_id":77552,"player_name":"Nathan Dyer","vaep_value":0.0729841754,"offensive_value":0.056591541,"defensive_value":0.0163926344,"count":48},"26":{"player_id":246866,"player_name":"Kyle Naughton","vaep_value":0.1853373862,"offensive_value":0.0802067615,"defensive_value":0.1051306247,"count":43},"27":{"player_id":270828,"player_name":"Sung-Yeung Ki","vaep_value":-0.0181824577,"offensive_value":-0.0107512183,"defensive_value":-0.0074312394,"count":6},"28":{"player_id":343951,"player_name":"Alfie Mawson","vaep_value":0.0057170542,"offensive_value":-0.0053207984,"defensive_value":0.0110378526,"count":15}}