{"0":{"player_id":0,"player_name":"George Alexandru Pu\u015fca\u015f","vaep_value":-0.0338027602,"offensive_value":0.001342546,"defensive_value":-0.0351453061,"count":16},"1":{"player_id":114,"player_name":"Danilo Cataldi","vaep_value":0.1625850359,"offensive_value":0.1469431552,"defensive_value":0.0156418807,"count":94},"2":{"player_id":658,"player_name":"Massimo Coda","vaep_value":0.0169910335,"offensive_value":0.017449066,"defensive_value":-0.0004580326,"count":1},"3":{"player_id":3463,"player_name":"Massimo Coda","vaep_value":0.2343041163,"offensive_value":0.2287862597,"defensive_value":0.0055178567,"count":80},"4":{"player_id":3475,"player_name":"Ledian Memushaj","vaep_value":-0.074625323,"offensive_value":-0.0675083232,"defensive_value":-0.0071169997,"count":64},"5":{"player_id":8306,"player_name":"Ledian Memushaj","vaep_value":0.5394293066,"offensive_value":0.5675871168,"defensive_value":-0.0281578102,"count":95},"6":{"player_id":8327,"player_name":"Bruno da Silva Peres","vaep_value":1.2442609656,"offensive_value":1.2907009386,"defensive_value":-0.0464399729,"count":43},"7":{"player_id":20418,"player_name":"Bruno da Silva Peres","vaep_value":0.0219693179,"offensive_value":0.0299658808,"defensive_value":-0.007996563,"count":41},"8":{"player_id":20518,"player_name":"Alisson Rams\u00e9s Becker","vaep_value":0.3111610729,"offensive_value":0.2333453156,"defensive_value":0.0778157574,"count":77},"9":{"player_id":21578,"player_name":"Aleksandar Kolarov","vaep_value":0.2386541422,"offensive_value":0.2076528643,"defensive_value":0.0310012779,"count":50},"10":{"player_id":22323,"player_name":"Juan Guilherme Nunes Jesus","vaep_value":0.3152009223,"offensive_value":0.1691743294,"defensive_value":0.1460265929,"count":61},"11":{"player_id":22552,"player_name":"Federico Juli\u00e1n Fazio","vaep_value":0.1241956629,"offensive_value":0.1592727519,"defensive_value":-0.035077089,"count":35},"12":{"player_id":22566,"player_name":"Federico Juli\u00e1n Fazio","vaep_value":-0.0593537,"offensive_value":-0.0546371763,"defensive_value":-0.0047165237,"count":12},"13":{"player_id":22614,"player_name":"Juan Guilherme Nunes Jesus","vaep_value":0.1570928823,"offensive_value":0.0325268438,"defensive_value":0.1245660385,"count":70},"14":{"player_id":24269,"player_name":"Lorenzo Pellegrini","vaep_value":-0.1505406343,"offensive_value":-0.1063657734,"defensive_value":-0.0441748609,"count":36},"15":{"player_id":24838,"player_name":"Bruno da Silva Peres","vaep_value":-0.041005959,"offensive_value":0.0650249013,"defensive_value":-0.1060308603,"count":54},"16":{"player_id":25405,"player_name":"Achraf Lazaar","vaep_value":0.3915404546,"offensive_value":0.3660542443,"defensive_value":0.0254862102,"count":101},"17":{"player_id":44251,"player_name":"Gianluca Di Chiara","vaep_value":0.215720598,"offensive_value":0.2407384461,"defensive_value":-0.0250178481,"count":74},"18":{"player_id":137161,"player_name":"Vid Belec","vaep_value":0.1714585648,"offensive_value":0.0640646948,"defensive_value":0.10739387,"count":27},"19":{"player_id":214220,"player_name":"Yussif Raman Chibsah","vaep_value":0.28512071,"offensive_value":0.0778127022,"defensive_value":0.2073080079,"count":42},"20":{"player_id":218971,"player_name":"Yussif Raman Chibsah","vaep_value":-0.0053560063,"offensive_value":-0.0170286383,"defensive_value":0.011672632,"count":26},"21":{"player_id":220341,"player_name":"Gianluca Di Chiara","vaep_value":0.0790233945,"offensive_value":0.031044808,"defensive_value":0.0479785865,"count":52},"22":{"player_id":239295,"player_name":"Maxime Gonalons","vaep_value":0.012958331,"offensive_value":0.0165183584,"defensive_value":-0.0035600273,"count":13},"23":{"player_id":256478,"player_name":"Fabio Lucioni","vaep_value":0.211528763,"offensive_value":0.0269155384,"defensive_value":0.1846132246,"count":60},"24":{"player_id":284960,"player_name":"Achraf Lazaar","vaep_value":0.0922686125,"offensive_value":0.0425159629,"defensive_value":0.0497526496,"count":38},"25":{"player_id":328333,"player_name":"Bruno da Silva Peres","vaep_value":0.0715230403,"offensive_value":0.079462718,"defensive_value":-0.0079396777,"count":43},"26":{"player_id":340019,"player_name":"Cengiz \u00dcnder","vaep_value":0.0285566299,"offensive_value":0.0312092602,"defensive_value":-0.0026526303,"count":19},"27":{"player_id":350032,"player_name":"Bruno da Silva Peres","vaep_value":0.0071097298,"offensive_value":0.0059989772,"defensive_value":0.0011107526,"count":16}}