{"0":{"player_id":0,"player_name":"Dwight Gayle","vaep_value":-0.018513216,"offensive_value":0.028233327,"defensive_value":-0.046746543,"count":9},"1":{"player_id":383,"player_name":"Jonjo Shelvey","vaep_value":0.0329596658,"offensive_value":0.0430939341,"defensive_value":-0.0101342683,"count":26},"2":{"player_id":3327,"player_name":"Jonjo Shelvey","vaep_value":0.0607917928,"offensive_value":0.0219770507,"defensive_value":0.0388147421,"count":15},"3":{"player_id":3523,"player_name":"Alex McCarthy","vaep_value":0.1278834508,"offensive_value":0.1097173917,"defensive_value":0.0181660592,"count":33},"4":{"player_id":7885,"player_name":"Wesley Hoedt","vaep_value":0.0200999652,"offensive_value":0.0792626467,"defensive_value":-0.0591626815,"count":83},"5":{"player_id":7967,"player_name":"Du\u0161an Tadi\u0107","vaep_value":0.4173189453,"offensive_value":0.4433552709,"defensive_value":-0.0260363256,"count":62},"6":{"player_id":7978,"player_name":"Jamal Lascelles","vaep_value":0.1303591989,"offensive_value":0.1835228917,"defensive_value":-0.0531636928,"count":43},"7":{"player_id":8116,"player_name":"Guido Marcelo Carrillo","vaep_value":-0.0071321605,"offensive_value":0.0232697872,"defensive_value":-0.0304019477,"count":58},"8":{"player_id":8136,"player_name":"Ayoze P\u00e9rez Guti\u00e9rrez","vaep_value":0.1085190231,"offensive_value":0.0501056153,"defensive_value":0.0584134078,"count":65},"9":{"player_id":8144,"player_name":"Matt Ritchie","vaep_value":0.1276145935,"offensive_value":0.1832420485,"defensive_value":-0.055627455,"count":70},"10":{"player_id":8384,"player_name":"Pierre-Emile H\u00f8jbjerg","vaep_value":-0.0276213182,"offensive_value":0.0130183202,"defensive_value":-0.0406396384,"count":10},"11":{"player_id":8580,"player_name":"Wesley Hoedt","vaep_value":0.0676894474,"offensive_value":0.0593220186,"defensive_value":0.0083674288,"count":25},"12":{"player_id":8620,"player_name":"Alex McCarthy","vaep_value":0.091794168,"offensive_value":0.0862475871,"defensive_value":0.0055465809,"count":35},"13":{"player_id":8833,"player_name":"Pierre-Emile H\u00f8jbjerg","vaep_value":0.2803347241,"offensive_value":0.149720786,"defensive_value":0.130613938,"count":36},"14":{"player_id":9227,"player_name":"Pierre-Emile H\u00f8jbjerg","vaep_value":0.851118392,"offensive_value":0.9163619078,"defensive_value":-0.0652435158,"count":45},"15":{"player_id":12536,"player_name":"Ayoze P\u00e9rez Guti\u00e9rrez","vaep_value":-0.0283371619,"offensive_value":-0.0203434848,"defensive_value":-0.0079936771,"count":24},"16":{"player_id":20857,"player_name":"Ayoze P\u00e9rez Guti\u00e9rrez","vaep_value":0.0084043718,"offensive_value":-0.0068963983,"defensive_value":0.0153007701,"count":13},"17":{"player_id":29640,"player_name":"Mohamed Diam\u00e9","vaep_value":0.011092347,"offensive_value":0.026258523,"defensive_value":-0.015166176,"count":27},"18":{"player_id":70215,"player_name":"Ayoze P\u00e9rez Guti\u00e9rrez","vaep_value":-0.0106565405,"offensive_value":-0.00788467,"defensive_value":-0.0027718704,"count":8},"19":{"player_id":70389,"player_name":"Paul Dummett","vaep_value":0.2694539172,"offensive_value":0.2710235612,"defensive_value":-0.0015696441,"count":88},"20":{"player_id":86239,"player_name":"Jonjo Shelvey","vaep_value":-0.0818562137,"offensive_value":-0.0733159753,"defensive_value":-0.0085402385,"count":32},"21":{"player_id":104851,"player_name":"Jonjo Shelvey","vaep_value":0.1757473288,"offensive_value":0.3018544537,"defensive_value":-0.126107125,"count":40},"22":{"player_id":135114,"player_name":"Robert Kenedy Nunes do Nascimento","vaep_value":0.2246745805,"offensive_value":0.107539487,"defensive_value":0.1171350935,"count":85},"23":{"player_id":230883,"player_name":"Robert Kenedy Nunes do Nascimento","vaep_value":-0.0212929039,"offensive_value":-0.1342500167,"defensive_value":0.1129571128,"count":37},"24":{"player_id":252365,"player_name":"DeAndre Yedlin","vaep_value":0.3131973444,"offensive_value":0.2127759163,"defensive_value":0.1004214281,"count":53},"25":{"player_id":254898,"player_name":"Jonjo Shelvey","vaep_value":1.7865127148,"offensive_value":1.7819276513,"defensive_value":0.0045850636,"count":24},"26":{"player_id":268776,"player_name":"Du\u0161an Tadi\u0107","vaep_value":0.1783389481,"offensive_value":0.111870244,"defensive_value":0.066468704,"count":85},"27":{"player_id":302520,"player_name":"Guido Marcelo Carrillo","vaep_value":0.0198933758,"offensive_value":0.0466877244,"defensive_value":-0.0267943486,"count":29},"28":{"player_id":339789,"player_name":"Guido Marcelo Carrillo","vaep_value":-0.0483028041,"offensive_value":-0.0493416591,"defensive_value":0.0010388549,"count":7}}