{"0":{"player_id":0,"player_name":"Vedad Ibi\u0161evi\u0107","vaep_value":-0.0001292719,"offensive_value":0.0092064836,"defensive_value":-0.0093357555,"count":3},"1":{"player_id":7904,"player_name":"Vladim\u00edr Darida","vaep_value":-0.1249417486,"offensive_value":-0.1686334955,"defensive_value":0.0436917469,"count":22},"2":{"player_id":8309,"player_name":"Mitchell Weiser","vaep_value":0.1326595724,"offensive_value":0.0907306352,"defensive_value":0.0419289372,"count":47},"3":{"player_id":11095,"player_name":"Vladim\u00edr Darida","vaep_value":0.3815162061,"offensive_value":0.2116930655,"defensive_value":0.1698231406,"count":71},"4":{"player_id":14692,"player_name":"Sebastian Langkamp","vaep_value":0.0619910057,"offensive_value":0.062049618,"defensive_value":-0.0000586123,"count":8},"5":{"player_id":14762,"player_name":"Karim Rekik","vaep_value":-0.0940907247,"offensive_value":-0.0884355125,"defensive_value":-0.0056552122,"count":35},"6":{"player_id":14905,"player_name":"Marvin Plattenhardt","vaep_value":0.1296721603,"offensive_value":0.0716192304,"defensive_value":0.0580529298,"count":77},"7":{"player_id":15020,"player_name":"Karim Rekik","vaep_value":0.8674267813,"offensive_value":0.8575861308,"defensive_value":0.0098406505,"count":59},"8":{"player_id":15125,"player_name":"Rune  Almenning Jarstein","vaep_value":0.328310486,"offensive_value":0.3586816604,"defensive_value":-0.0303711744,"count":82},"9":{"player_id":15141,"player_name":"Milos Veljkovic","vaep_value":0.0478736457,"offensive_value":0.047538256,"defensive_value":0.0003353896,"count":35},"10":{"player_id":15276,"player_name":"Mitchell Weiser","vaep_value":0.5663706029,"offensive_value":0.5895838278,"defensive_value":-0.0232132248,"count":88},"11":{"player_id":15771,"player_name":"Vedad Ibi\u0161evi\u0107","vaep_value":0.0194348913,"offensive_value":0.0674186652,"defensive_value":-0.0479837739,"count":57},"12":{"player_id":16025,"player_name":"Niklas Stark","vaep_value":-0.0409469234,"offensive_value":-0.0193576733,"defensive_value":-0.0215892501,"count":40},"13":{"player_id":16027,"player_name":"Per Ciljan Skjelbred","vaep_value":0.1111032685,"offensive_value":0.1338328831,"defensive_value":-0.0227296146,"count":38},"14":{"player_id":20692,"player_name":"Florian Kainz","vaep_value":-0.0720883948,"offensive_value":-0.0207459384,"defensive_value":-0.0513424564,"count":4},"15":{"player_id":25589,"player_name":"Marvin Plattenhardt","vaep_value":0.0632323259,"offensive_value":0.0191846121,"defensive_value":0.0440477139,"count":35},"16":{"player_id":49873,"player_name":"Vedad Ibi\u0161evi\u0107","vaep_value":-0.0114142534,"offensive_value":-0.0129440241,"defensive_value":0.0015297707,"count":16},"17":{"player_id":51217,"player_name":"Ji\u0159\u00ed Pavlenka","vaep_value":0.2521648199,"offensive_value":0.2273072194,"defensive_value":0.0248576005,"count":63},"18":{"player_id":54579,"player_name":"Florian Kainz","vaep_value":0.1607811525,"offensive_value":0.1474780627,"defensive_value":0.0133030899,"count":44},"19":{"player_id":55990,"player_name":"Florian Kainz","vaep_value":0.8666561323,"offensive_value":0.7340416978,"defensive_value":0.1326144345,"count":64},"20":{"player_id":65055,"player_name":"Maximilian Eggestein","vaep_value":-0.1717945407,"offensive_value":-0.1743940453,"defensive_value":0.0025995045,"count":61},"21":{"player_id":82340,"player_name":"Theodor Gebre Selassie","vaep_value":0.1059882559,"offensive_value":0.0614914325,"defensive_value":0.0444968235,"count":69},"22":{"player_id":82518,"player_name":"Theodor Gebre Selassie","vaep_value":0.0985803087,"offensive_value":0.1021665763,"defensive_value":-0.0035862676,"count":52},"23":{"player_id":173212,"player_name":"Florian Kainz","vaep_value":0.2524236431,"offensive_value":0.2552757186,"defensive_value":-0.0028520755,"count":41},"24":{"player_id":223516,"player_name":"Hans Carl Ludwig Augustinsson","vaep_value":0.1414353442,"offensive_value":0.1666421894,"defensive_value":-0.0252068451,"count":61},"25":{"player_id":253822,"player_name":"Ji\u0159\u00ed Pavlenka","vaep_value":0.0097208148,"offensive_value":0.0560807511,"defensive_value":-0.0463599364,"count":29},"26":{"player_id":272440,"player_name":"Mitchell Weiser","vaep_value":0.0605616658,"offensive_value":0.0640229846,"defensive_value":-0.0034613188,"count":65}}