{"0":{"player_id":3318,"player_name":"Mesut \u00d6zil","vaep_value":-0.0652686298,"offensive_value":-0.0576414854,"defensive_value":-0.0076271445,"count":87},"1":{"player_id":3319,"player_name":"Toni Kroos","vaep_value":0.0207827158,"offensive_value":-0.0075445678,"defensive_value":0.0283272836,"count":86},"2":{"player_id":7847,"player_name":"Jonas Hector","vaep_value":0.173093408,"offensive_value":0.2343777695,"defensive_value":-0.0612843615,"count":40},"3":{"player_id":14712,"player_name":"Mats  Hummels","vaep_value":0.0448962291,"offensive_value":0.0560975363,"defensive_value":-0.0112013073,"count":30},"4":{"player_id":14716,"player_name":"Sami Khedira","vaep_value":0.1727002357,"offensive_value":0.2290271054,"defensive_value":-0.0563268696,"count":80},"5":{"player_id":14723,"player_name":"Thomas M\u00fcller","vaep_value":0.0785375986,"offensive_value":0.1824601839,"defensive_value":-0.1039225853,"count":130},"6":{"player_id":14731,"player_name":"J\u00e9r\u00f4me Boateng","vaep_value":-0.0016369603,"offensive_value":0.0013827239,"defensive_value":-0.0030196842,"count":4},"7":{"player_id":14732,"player_name":"Artur J\u0119drzejczyk","vaep_value":0.0629246934,"offensive_value":0.0719591778,"defensive_value":-0.0090344845,"count":50},"8":{"player_id":14789,"player_name":"Artur J\u0119drzejczyk","vaep_value":0.1823130981,"offensive_value":0.1909715699,"defensive_value":-0.0086584718,"count":22},"9":{"player_id":14795,"player_name":"Artur J\u0119drzejczyk","vaep_value":0.2144496782,"offensive_value":0.1610761845,"defensive_value":0.0533734937,"count":80},"10":{"player_id":14798,"player_name":"Artur J\u0119drzejczyk","vaep_value":0.182728217,"offensive_value":0.0993026494,"defensive_value":0.0834255677,"count":66},"11":{"player_id":14804,"player_name":"Benedikt H\u00f6wedes","vaep_value":-0.0319531594,"offensive_value":-0.0389996629,"defensive_value":0.0070465035,"count":43},"12":{"player_id":14806,"player_name":"Micha\u0142 Pazdan","vaep_value":-0.1582803796,"offensive_value":-0.1353907558,"defensive_value":-0.0228896237,"count":30},"13":{"player_id":14817,"player_name":"Robert Lewandowski","vaep_value":0.104763525,"offensive_value":0.0547297768,"defensive_value":0.0500337482,"count":44},"14":{"player_id":14855,"player_name":"Robert Lewandowski","vaep_value":-0.0106460307,"offensive_value":0.0948185166,"defensive_value":-0.1054645473,"count":57},"15":{"player_id":14862,"player_name":"Sami Khedira","vaep_value":-0.0600777924,"offensive_value":-0.0749432992,"defensive_value":0.0148655069,"count":56},"16":{"player_id":15282,"player_name":"Grzegorz Krychowiak","vaep_value":0.1207204877,"offensive_value":0.0161867501,"defensive_value":0.1045337375,"count":7},"17":{"player_id":18669,"player_name":"Mats  Hummels","vaep_value":0.2671216912,"offensive_value":0.1897148481,"defensive_value":0.0774068431,"count":96},"18":{"player_id":21097,"player_name":"\u0141ukasz Piszczek","vaep_value":0.1472192246,"offensive_value":0.1255939077,"defensive_value":0.0216253169,"count":41},"19":{"player_id":25537,"player_name":"Grzegorz Krychowiak","vaep_value":0.0800200706,"offensive_value":0.0485410536,"defensive_value":0.031479017,"count":48},"20":{"player_id":33032,"player_name":"J\u00e9r\u00f4me Boateng","vaep_value":0.2752820741,"offensive_value":0.2674111485,"defensive_value":0.0078709256,"count":27},"21":{"player_id":99381,"player_name":"J\u00e9r\u00f4me Boateng","vaep_value":0.1287542996,"offensive_value":0.1399531773,"defensive_value":-0.0111988777,"count":39},"22":{"player_id":99438,"player_name":"Mesut \u00d6zil","vaep_value":0.0754749593,"offensive_value":0.0119927808,"defensive_value":0.0634821785,"count":37},"23":{"player_id":99446,"player_name":"Thomas M\u00fcller","vaep_value":0.0662014221,"offensive_value":0.0223693533,"defensive_value":0.0438320687,"count":28},"24":{"player_id":99452,"player_name":"Sami Khedira","vaep_value":-0.241914997,"offensive_value":-0.2223559666,"defensive_value":-0.0195590304,"count":39},"25":{"player_id":99462,"player_name":"Benedikt H\u00f6wedes","vaep_value":-0.0850642449,"offensive_value":-0.0576983122,"defensive_value":-0.0273659326,"count":5},"26":{"player_id":269189,"player_name":"Manuel Neuer","vaep_value":0.0465591736,"offensive_value":0.0138789782,"defensive_value":0.0326801954,"count":4}}