{"0":{"player_id":0,"player_name":"Fabio Quagliarella","vaep_value":0.0866758091,"offensive_value":0.0887225109,"defensive_value":-0.0020467017,"count":12},"1":{"player_id":11156,"player_name":"Gianmarco Ferrari","vaep_value":-0.0238213708,"offensive_value":-0.0164268905,"defensive_value":-0.0073944803,"count":17},"2":{"player_id":14904,"player_name":"Mat\u00edas Agust\u00edn Silvestre","vaep_value":0.1458556818,"offensive_value":0.0971052204,"defensive_value":0.0487504614,"count":92},"3":{"player_id":20479,"player_name":"Daniel Pavlovic","vaep_value":0.1154677256,"offensive_value":0.1280127802,"defensive_value":-0.0125450545,"count":20},"4":{"player_id":20632,"player_name":"Lucas Torreira Di Pascua","vaep_value":0.3277033649,"offensive_value":0.1655576709,"defensive_value":0.162145694,"count":30},"5":{"player_id":20689,"player_name":"Alex Cordaz","vaep_value":0.1368973857,"offensive_value":0.1253144381,"defensive_value":0.0115829476,"count":47},"6":{"player_id":20811,"player_name":"Mat\u00edas Agust\u00edn Silvestre","vaep_value":0.3499103199,"offensive_value":0.2753339177,"defensive_value":0.0745764022,"count":132},"7":{"player_id":20815,"player_name":"Gianmarco Ferrari","vaep_value":0.0093926151,"offensive_value":-0.0072260439,"defensive_value":0.016618659,"count":49},"8":{"player_id":20869,"player_name":"Karol Linetty","vaep_value":0.0105756643,"offensive_value":0.0104991228,"defensive_value":0.0000765415,"count":30},"9":{"player_id":21078,"player_name":"Gianmarco Ferrari","vaep_value":0.0680547305,"offensive_value":0.0225159978,"defensive_value":0.0455387328,"count":34},"10":{"player_id":21280,"player_name":"Mat\u00edas Agust\u00edn Silvestre","vaep_value":0.2273542961,"offensive_value":0.2848393068,"defensive_value":-0.0574850107,"count":55},"11":{"player_id":21376,"player_name":"Gianmarco Ferrari","vaep_value":0.4319640841,"offensive_value":0.4450082725,"defensive_value":-0.0130441884,"count":37},"12":{"player_id":21494,"player_name":"Karol Linetty","vaep_value":0.1966298185,"offensive_value":0.0405222473,"defensive_value":0.1561075712,"count":32},"13":{"player_id":21528,"player_name":"Gianmarco Ferrari","vaep_value":0.0735313381,"offensive_value":0.0469091291,"defensive_value":0.026622209,"count":40},"14":{"player_id":21655,"player_name":"Mat\u00edas Agust\u00edn Silvestre","vaep_value":0.0566343428,"offensive_value":0.1120531012,"defensive_value":-0.0554187584,"count":40},"15":{"player_id":22270,"player_name":"Rolando Mandragora","vaep_value":1.2975505402,"offensive_value":1.2440912847,"defensive_value":0.0534592555,"count":137},"16":{"player_id":37739,"player_name":"Mat\u00edas Agust\u00edn Silvestre","vaep_value":0.0057746442,"offensive_value":-0.003045504,"defensive_value":0.0088201482,"count":79},"17":{"player_id":49857,"player_name":"Gianmarco Ferrari","vaep_value":-0.4800870564,"offensive_value":-0.0109028221,"defensive_value":-0.4691842343,"count":21},"18":{"player_id":49979,"player_name":"Karol Linetty","vaep_value":0.0033743875,"offensive_value":0.0816618818,"defensive_value":-0.0782874944,"count":52},"19":{"player_id":69513,"player_name":"Ivan Strini\u0107","vaep_value":0.1392853658,"offensive_value":0.0224932269,"defensive_value":0.1167921389,"count":35},"20":{"player_id":86243,"player_name":"Karol Linetty","vaep_value":0.2317888593,"offensive_value":0.2324171052,"defensive_value":-0.0006282459,"count":39},"21":{"player_id":105361,"player_name":"Mat\u00edas Agust\u00edn Silvestre","vaep_value":0.0883052225,"offensive_value":0.1482562467,"defensive_value":-0.0599510242,"count":71},"22":{"player_id":137048,"player_name":"Gianmarco Ferrari","vaep_value":0.0378600706,"offensive_value":0.0144490712,"defensive_value":0.0234109994,"count":21},"23":{"player_id":138174,"player_name":"Gianmarco Ferrari","vaep_value":0.8282876226,"offensive_value":0.8406596382,"defensive_value":-0.0123720156,"count":97},"24":{"player_id":240042,"player_name":"Mat\u00edas Agust\u00edn Silvestre","vaep_value":0.8927792012,"offensive_value":0.8926523966,"defensive_value":0.0001268046,"count":2},"25":{"player_id":272878,"player_name":"Dennis Praet","vaep_value":0.0419029414,"offensive_value":0.0131315859,"defensive_value":0.0287713555,"count":34},"26":{"player_id":302799,"player_name":"Jacopo Sala","vaep_value":0.1183082882,"offensive_value":0.0861690239,"defensive_value":0.0321392643,"count":55},"27":{"player_id":333571,"player_name":"Duv\u00e1n Esteban Zapata Banguera","vaep_value":0.2757416255,"offensive_value":0.1926646807,"defensive_value":0.0830769448,"count":113},"28":{"player_id":368642,"player_name":"Daniel Pavlovic","vaep_value":-0.0111209642,"offensive_value":-0.0036096856,"defensive_value":-0.0075112786,"count":7}}