{"0":{"player_id":0,"player_name":"Dale Stephens","vaep_value":0.0190195469,"offensive_value":0.0158091486,"defensive_value":0.0032103984,"count":4},"1":{"player_id":370,"player_name":"Lewis Dunk","vaep_value":0.1941580153,"offensive_value":0.1699564746,"defensive_value":0.0242015407,"count":80},"2":{"player_id":383,"player_name":"Du\u0161an Tadi\u0107","vaep_value":-0.0349405034,"offensive_value":-0.0207162216,"defensive_value":-0.0142242818,"count":46},"3":{"player_id":466,"player_name":"Lewis Dunk","vaep_value":0.181201844,"offensive_value":0.1441483867,"defensive_value":0.0370534573,"count":65},"4":{"player_id":3278,"player_name":"Shane Duffy","vaep_value":0.1131001764,"offensive_value":0.1181257399,"defensive_value":-0.0050255634,"count":73},"5":{"player_id":7885,"player_name":"Davy Pr\u00f6pper","vaep_value":0.0915556684,"offensive_value":0.119261364,"defensive_value":-0.0277056956,"count":51},"6":{"player_id":7899,"player_name":"Davy Pr\u00f6pper","vaep_value":0.2314092572,"offensive_value":0.1399071866,"defensive_value":0.0915020705,"count":54},"7":{"player_id":8086,"player_name":"Davy Pr\u00f6pper","vaep_value":0.1977489279,"offensive_value":0.1650390323,"defensive_value":0.0327098955,"count":88},"8":{"player_id":8116,"player_name":"Ga\u00ebtan Bong Songo","vaep_value":-0.0284062072,"offensive_value":-0.0140470283,"defensive_value":-0.0143591788,"count":17},"9":{"player_id":8144,"player_name":"Lewis Dunk","vaep_value":-0.0426447882,"offensive_value":-0.0155774866,"defensive_value":-0.0270673017,"count":59},"10":{"player_id":8242,"player_name":"Shane Duffy","vaep_value":-0.3123793469,"offensive_value":-0.2150852162,"defensive_value":-0.0972941307,"count":78},"11":{"player_id":8384,"player_name":"Bruno Saltor Grau","vaep_value":0.0021926865,"offensive_value":0.0007548463,"defensive_value":0.0014378403,"count":1},"12":{"player_id":8416,"player_name":"Sofiane Boufal","vaep_value":0.5624971465,"offensive_value":0.6023986634,"defensive_value":-0.0399015169,"count":36},"13":{"player_id":9097,"player_name":"Shane Duffy","vaep_value":0.0785189779,"offensive_value":0.1099578361,"defensive_value":-0.0314388582,"count":72},"14":{"player_id":15526,"player_name":"Wesley Hoedt","vaep_value":0.1460674483,"offensive_value":0.1583704506,"defensive_value":-0.0123030023,"count":51},"15":{"player_id":20857,"player_name":"Virgil van Dijk","vaep_value":-0.0815832572,"offensive_value":-0.0804390409,"defensive_value":-0.0011442163,"count":12},"16":{"player_id":25950,"player_name":"Wesley Hoedt","vaep_value":0.3181970516,"offensive_value":0.3158748368,"defensive_value":0.0023222149,"count":69},"17":{"player_id":26495,"player_name":"Virgil van Dijk","vaep_value":0.1338128193,"offensive_value":0.1108957521,"defensive_value":0.0229170672,"count":67},"18":{"player_id":61390,"player_name":"C\u00e9dric Ricardo Alves Soares","vaep_value":0.2025276892,"offensive_value":0.0555185133,"defensive_value":0.1470091759,"count":23},"19":{"player_id":61941,"player_name":"Virgil van Dijk","vaep_value":0.0981164713,"offensive_value":0.1326979217,"defensive_value":-0.0345814504,"count":32},"20":{"player_id":61988,"player_name":"Wesley Hoedt","vaep_value":1.004305616,"offensive_value":0.9704795122,"defensive_value":0.0338261038,"count":78},"21":{"player_id":70389,"player_name":"Fraser Forster","vaep_value":0.069930671,"offensive_value":0.1139090662,"defensive_value":-0.0439783952,"count":88},"22":{"player_id":91381,"player_name":"James  Ward-Prowse","vaep_value":-0.0543132235,"offensive_value":0.0251068897,"defensive_value":-0.0794201131,"count":44},"23":{"player_id":135114,"player_name":"Oriol Romeu Vidal","vaep_value":0.0069001581,"offensive_value":-0.0015412875,"defensive_value":0.0084414457,"count":11},"24":{"player_id":215983,"player_name":"Virgil van Dijk","vaep_value":0.108224574,"offensive_value":0.1331246877,"defensive_value":-0.0249001137,"count":39},"25":{"player_id":247248,"player_name":"Oriol Romeu Vidal","vaep_value":0.0324404219,"offensive_value":0.006028278,"defensive_value":0.0264121438,"count":2},"26":{"player_id":255935,"player_name":"Wesley Hoedt","vaep_value":-0.0095151024,"offensive_value":-0.0088401712,"defensive_value":-0.0006749312,"count":4},"27":{"player_id":268776,"player_name":"Virgil van Dijk","vaep_value":-0.0150796584,"offensive_value":-0.0078115457,"defensive_value":-0.0072681126,"count":69}}