{"0":{"player_id":0,"player_name":"Jake Livermore","vaep_value":0.0349218289,"offensive_value":0.0493229846,"defensive_value":-0.0144011558,"count":5},"1":{"player_id":466,"player_name":"Gareth Barry","vaep_value":0.0705002222,"offensive_value":-0.0138203294,"defensive_value":0.0843205516,"count":60},"2":{"player_id":3278,"player_name":"Markus Suttner","vaep_value":0.1037221637,"offensive_value":0.1352625474,"defensive_value":-0.0315403837,"count":57},"3":{"player_id":3577,"player_name":"Solly March","vaep_value":-0.0079591445,"offensive_value":0.0012084722,"defensive_value":-0.0091676167,"count":13},"4":{"player_id":3657,"player_name":"Lewis Dunk","vaep_value":0.7873104837,"offensive_value":0.7891145733,"defensive_value":-0.0018040896,"count":20},"5":{"player_id":5281,"player_name":"Shane Duffy","vaep_value":0.1388205785,"offensive_value":0.1254862992,"defensive_value":0.0133342793,"count":77},"6":{"player_id":7853,"player_name":"Bruno Saltor Grau","vaep_value":0.1447945614,"offensive_value":0.1253142795,"defensive_value":0.019480282,"count":28},"7":{"player_id":7914,"player_name":"Shane Duffy","vaep_value":0.0949756517,"offensive_value":0.0694759735,"defensive_value":0.0254996782,"count":64},"8":{"player_id":8086,"player_name":"Solly March","vaep_value":0.0623889712,"offensive_value":0.0089219449,"defensive_value":0.0534670263,"count":56},"9":{"player_id":8242,"player_name":"Craig Dawson","vaep_value":0.0221202716,"offensive_value":0.020861719,"defensive_value":0.0012585526,"count":55},"10":{"player_id":8285,"player_name":"Davy Pr\u00f6pper","vaep_value":0.1101014612,"offensive_value":0.0941206936,"defensive_value":0.0159807676,"count":48},"11":{"player_id":8314,"player_name":"Davy Pr\u00f6pper","vaep_value":0.124181431,"offensive_value":0.150039269,"defensive_value":-0.025857838,"count":82},"12":{"player_id":8358,"player_name":"Tomer Hemed","vaep_value":0.0484395906,"offensive_value":0.1097742439,"defensive_value":-0.0613346533,"count":38},"13":{"player_id":8360,"player_name":"Gareth Barry","vaep_value":0.2989283684,"offensive_value":0.2558289493,"defensive_value":0.0430994191,"count":65},"14":{"player_id":8374,"player_name":"Gareth Barry","vaep_value":1.0540660259,"offensive_value":1.0538150761,"defensive_value":0.0002509498,"count":28},"15":{"player_id":8416,"player_name":"Allan-Romeo Nyom","vaep_value":-0.0339427048,"offensive_value":-0.0308028539,"defensive_value":-0.0031398509,"count":6},"16":{"player_id":8958,"player_name":"Lewis Dunk","vaep_value":-0.0494766198,"offensive_value":-0.1062796609,"defensive_value":0.0568030411,"count":24},"17":{"player_id":9097,"player_name":"Shane Duffy","vaep_value":0.3696511569,"offensive_value":0.2050793077,"defensive_value":0.1645718493,"count":75},"18":{"player_id":9414,"player_name":"Lewis Dunk","vaep_value":-0.154964049,"offensive_value":-0.1305879782,"defensive_value":-0.0243760708,"count":41},"19":{"player_id":9622,"player_name":"Dale Stephens","vaep_value":0.0204092772,"offensive_value":0.0499625802,"defensive_value":-0.029553303,"count":14},"20":{"player_id":15526,"player_name":"Shane Duffy","vaep_value":2.1644962878,"offensive_value":1.9961444573,"defensive_value":0.1683518305,"count":54},"21":{"player_id":25537,"player_name":"Bruno Saltor Grau","vaep_value":0.1495916704,"offensive_value":0.1393634892,"defensive_value":0.0102281811,"count":73},"22":{"player_id":25950,"player_name":"Dale Stephens","vaep_value":0.1105457793,"offensive_value":0.0905243218,"defensive_value":0.0200214575,"count":53},"23":{"player_id":61390,"player_name":"Allan-Romeo Nyom","vaep_value":0.1437969286,"offensive_value":0.1583946634,"defensive_value":-0.0145977347,"count":38},"24":{"player_id":64966,"player_name":"Bruno Saltor Grau","vaep_value":0.0318697375,"offensive_value":0.077852862,"defensive_value":-0.0459831244,"count":43},"25":{"player_id":119951,"player_name":"Jay Rodriguez","vaep_value":-0.059875984,"offensive_value":-0.0070364638,"defensive_value":-0.0528395202,"count":39},"26":{"player_id":247248,"player_name":"Tomer Hemed","vaep_value":0.1276173856,"offensive_value":0.075907259,"defensive_value":0.0517101266,"count":50},"27":{"player_id":346071,"player_name":"Bruno Saltor Grau","vaep_value":-0.0773567359,"offensive_value":-0.0306012251,"defensive_value":-0.0467555108,"count":30}}