{"0":{"player_id":0,"player_name":"Milan Badelj","vaep_value":0.0024530019,"offensive_value":0.0266812944,"defensive_value":-0.0242282925,"count":7},"1":{"player_id":20483,"player_name":"Davide Astori","vaep_value":0.2354099356,"offensive_value":0.2886830732,"defensive_value":-0.0532731377,"count":56},"2":{"player_id":20529,"player_name":"Nikola Milenkovi\u0107","vaep_value":0.0887490173,"offensive_value":0.0590462044,"defensive_value":0.0297028129,"count":40},"3":{"player_id":20707,"player_name":"Vincent Laurini","vaep_value":0.2662736907,"offensive_value":0.1124188561,"defensive_value":0.1538548346,"count":59},"4":{"player_id":20796,"player_name":"Nikola Milenkovi\u0107","vaep_value":-0.0708722601,"offensive_value":-0.0545207433,"defensive_value":-0.0163515168,"count":29},"5":{"player_id":20866,"player_name":"Vincent Laurini","vaep_value":0.0689343758,"offensive_value":0.0314931271,"defensive_value":0.0374412487,"count":65},"6":{"player_id":21169,"player_name":"Nikola Milenkovi\u0107","vaep_value":0.0410944889,"offensive_value":0.0488113549,"defensive_value":-0.007716866,"count":47},"7":{"player_id":21296,"player_name":"Adam Masina","vaep_value":0.0024455221,"offensive_value":-0.0045075793,"defensive_value":0.0069531014,"count":35},"8":{"player_id":21842,"player_name":"Marco Benassi","vaep_value":0.0552230768,"offensive_value":0.0592906737,"defensive_value":-0.0040675969,"count":72},"9":{"player_id":21861,"player_name":"Adam Masina","vaep_value":-0.0133554522,"offensive_value":-0.0115918892,"defensive_value":-0.001763563,"count":6},"10":{"player_id":22313,"player_name":"Mattia Destro","vaep_value":0.1908927369,"offensive_value":0.1725625509,"defensive_value":0.018330186,"count":45},"11":{"player_id":22377,"player_name":"Milan Badelj","vaep_value":0.1813909317,"offensive_value":0.0994018314,"defensive_value":0.0819891003,"count":62},"12":{"player_id":22380,"player_name":"Adam Masina","vaep_value":-0.0412055094,"offensive_value":0.0194315497,"defensive_value":-0.0606370592,"count":65},"13":{"player_id":23705,"player_name":"Erick Antonio Pulgar Farf\u00e1n","vaep_value":0.1545159487,"offensive_value":0.1068642181,"defensive_value":0.0476517306,"count":38},"14":{"player_id":25541,"player_name":"Filip Helander","vaep_value":0.0235835501,"offensive_value":0.0242907716,"defensive_value":-0.0007072215,"count":52},"15":{"player_id":44510,"player_name":"Antonio Mirante","vaep_value":-0.0015046006,"offensive_value":0.0061060945,"defensive_value":-0.0076106951,"count":4},"16":{"player_id":50805,"player_name":"Sebastien De Maio","vaep_value":0.15401827,"offensive_value":0.150083748,"defensive_value":0.0039345219,"count":81},"17":{"player_id":69400,"player_name":"Cristiano Biraghi","vaep_value":0.4965406584,"offensive_value":0.2962898506,"defensive_value":0.2002508078,"count":78},"18":{"player_id":90268,"player_name":"Davide Astori","vaep_value":0.3630781137,"offensive_value":0.3211763609,"defensive_value":0.0419017528,"count":58},"19":{"player_id":149848,"player_name":"Nikola Milenkovi\u0107","vaep_value":-0.0340749277,"offensive_value":-0.0325241885,"defensive_value":-0.0015507392,"count":8},"20":{"player_id":222766,"player_name":"Vincent Laurini","vaep_value":0.1148209457,"offensive_value":0.0606305272,"defensive_value":0.0541904185,"count":35},"21":{"player_id":232822,"player_name":"Nikola Milenkovi\u0107","vaep_value":0.2221543791,"offensive_value":0.1967507906,"defensive_value":0.0254035885,"count":83},"22":{"player_id":259292,"player_name":"Davide Astori","vaep_value":-0.0206250788,"offensive_value":-0.0098510357,"defensive_value":-0.0107740432,"count":12},"23":{"player_id":269152,"player_name":"Vincent Laurini","vaep_value":-0.0391185371,"offensive_value":-0.0310592302,"defensive_value":-0.0080593069,"count":16},"24":{"player_id":295273,"player_name":"Nikola Milenkovi\u0107","vaep_value":-0.2255887757,"offensive_value":-0.2456020883,"defensive_value":0.0200133126,"count":27},"25":{"player_id":338249,"player_name":"Marco Sportiello","vaep_value":0.0102246384,"offensive_value":-0.0378490654,"defensive_value":0.0480737038,"count":42},"26":{"player_id":373768,"player_name":"Cristiano Biraghi","vaep_value":0.2528484805,"offensive_value":0.2649530405,"defensive_value":-0.01210456,"count":16},"27":{"player_id":424241,"player_name":"Filip Helander","vaep_value":0.1920622361,"offensive_value":0.1763102473,"defensive_value":0.0157519889,"count":81},"28":{"player_id":447804,"player_name":"Sebastien De Maio","vaep_value":0.9997271795,"offensive_value":0.9868314213,"defensive_value":0.0128957583,"count":39}}