{"0":{"player_id":0,"player_name":"Nicol\u00f2 Barella","vaep_value":0.0456499741,"offensive_value":0.0443232652,"defensive_value":0.0013267089,"count":12},"1":{"player_id":20472,"player_name":"Fabio Pisacane","vaep_value":0.1615471776,"offensive_value":0.1290269449,"defensive_value":0.0325202327,"count":41},"2":{"player_id":20633,"player_name":"Daniele Dessena","vaep_value":0.1840308118,"offensive_value":0.1247993372,"defensive_value":0.0592314745,"count":27},"3":{"player_id":20636,"player_name":"Daniele Dessena","vaep_value":-0.025131062,"offensive_value":-0.0303297436,"defensive_value":0.0051986816,"count":47},"4":{"player_id":20638,"player_name":"Ivan Radovanovi\u0107","vaep_value":-0.0115508556,"offensive_value":0.1300209482,"defensive_value":-0.1415718038,"count":52},"5":{"player_id":20653,"player_name":"Stefano Sorrentino","vaep_value":-0.0228625955,"offensive_value":-0.0223938656,"defensive_value":-0.0004687299,"count":41},"6":{"player_id":20748,"player_name":"Lucas  Nahuel Castro","vaep_value":-0.1844383384,"offensive_value":-0.0362779035,"defensive_value":-0.1481604349,"count":50},"7":{"player_id":20850,"player_name":"Lucas  Nahuel Castro","vaep_value":0.0812358751,"offensive_value":0.1523452118,"defensive_value":-0.0711093367,"count":52},"8":{"player_id":20874,"player_name":"Dario Dainelli","vaep_value":0.1188642289,"offensive_value":0.115006234,"defensive_value":0.0038579949,"count":19},"9":{"player_id":20875,"player_name":"Dario Dainelli","vaep_value":-0.0460243006,"offensive_value":-0.042831802,"defensive_value":-0.0031924986,"count":32},"10":{"player_id":20929,"player_name":"Alessandro Gamberini","vaep_value":0.0305705442,"offensive_value":0.0374183877,"defensive_value":-0.0068478435,"count":34},"11":{"player_id":21148,"player_name":"Fabrizio Cacciatore","vaep_value":0.0113677693,"offensive_value":-0.0054816094,"defensive_value":0.0168493787,"count":10},"12":{"player_id":21291,"player_name":"Dario Dainelli","vaep_value":0.1583329057,"offensive_value":0.1286080033,"defensive_value":0.0297249024,"count":58},"13":{"player_id":21438,"player_name":"Simone Padoin","vaep_value":0.8175806495,"offensive_value":0.8365799745,"defensive_value":-0.018999325,"count":35},"14":{"player_id":21564,"player_name":"Simone Padoin","vaep_value":0.2237929939,"offensive_value":0.1589029046,"defensive_value":0.0648900893,"count":61},"15":{"player_id":21607,"player_name":"Nenad Tomovi\u0107","vaep_value":0.3435240365,"offensive_value":0.3505479153,"defensive_value":-0.0070238789,"count":72},"16":{"player_id":21865,"player_name":"Ivan Radovanovi\u0107","vaep_value":-0.0262132134,"offensive_value":-0.0134789402,"defensive_value":-0.0127342732,"count":43},"17":{"player_id":21959,"player_name":"Dario Dainelli","vaep_value":0.0826795981,"offensive_value":0.0823772694,"defensive_value":0.0003023287,"count":27},"18":{"player_id":22732,"player_name":"Fabrizio Cacciatore","vaep_value":0.1899933845,"offensive_value":0.0879714917,"defensive_value":0.1020218928,"count":73},"19":{"player_id":24964,"player_name":"Alessandro Gamberini","vaep_value":0.1248310285,"offensive_value":0.0608950094,"defensive_value":0.0639360191,"count":24},"20":{"player_id":50073,"player_name":"Stefano Sorrentino","vaep_value":0.0026397855,"offensive_value":0.0026141655,"defensive_value":0.00002562,"count":50},"21":{"player_id":86301,"player_name":"Alessandro Gamberini","vaep_value":0.2733314373,"offensive_value":0.2467270438,"defensive_value":0.0266043935,"count":71},"22":{"player_id":99511,"player_name":"Fabrizio Cacciatore","vaep_value":0.9186776578,"offensive_value":0.9205936259,"defensive_value":-0.001915968,"count":5},"23":{"player_id":116171,"player_name":"Roberto Inglese","vaep_value":0.0814419246,"offensive_value":0.0837498449,"defensive_value":-0.0023079204,"count":28},"24":{"player_id":134413,"player_name":"Marco Andreolli","vaep_value":0.1168299221,"offensive_value":0.1434562313,"defensive_value":-0.0266263093,"count":41},"25":{"player_id":220359,"player_name":"Marco Andreolli","vaep_value":-0.1577600142,"offensive_value":-0.1172429482,"defensive_value":-0.040517066,"count":22},"26":{"player_id":238832,"player_name":"Senna Miangue","vaep_value":0.0191577602,"offensive_value":0.0204059998,"defensive_value":-0.0012482395,"count":11},"27":{"player_id":286223,"player_name":"Artur Ioni\u0163\u0103","vaep_value":0.0007905915,"offensive_value":0.0748542029,"defensive_value":-0.0740636114,"count":59},"28":{"player_id":402898,"player_name":"Senna Miangue","vaep_value":0.2177778871,"offensive_value":0.2214713978,"defensive_value":-0.0036935107,"count":94}}