{"0":{"player_id":36,"player_name":"Kevin De Bruyne","vaep_value":1.0957270583,"offensive_value":1.0486859337,"defensive_value":0.0470411246,"count":43},"1":{"player_id":48,"player_name":"Axel  Witsel","vaep_value":0.155908279,"offensive_value":0.1111508621,"defensive_value":0.0447574169,"count":59},"2":{"player_id":122,"player_name":"Jan Vertonghen","vaep_value":-0.051560122,"offensive_value":-0.1210396295,"defensive_value":0.0694795076,"count":34},"3":{"player_id":3429,"player_name":"Thomas Vermaelen","vaep_value":0.3113885118,"offensive_value":0.3185923516,"defensive_value":-0.0072038398,"count":32},"4":{"player_id":3725,"player_name":"Toby Alderweireld","vaep_value":0.0446183963,"offensive_value":0.0845585404,"defensive_value":-0.0399401441,"count":45},"5":{"player_id":7860,"player_name":"Thomas Meunier","vaep_value":-0.0236499125,"offensive_value":0.0579246493,"defensive_value":-0.0815745618,"count":28},"6":{"player_id":7905,"player_name":"\u00c1d\u00e1m Nagy","vaep_value":0.0202785658,"offensive_value":-0.0052891852,"defensive_value":0.025567751,"count":31},"7":{"player_id":7980,"player_name":"Rich\u00e1rd Guzmics","vaep_value":0.356641564,"offensive_value":0.1965946398,"defensive_value":0.1600469242,"count":87},"8":{"player_id":8249,"player_name":"\u00c1d\u00e1m Szalai","vaep_value":0.0371214226,"offensive_value":0.0387734798,"defensive_value":-0.0016520571,"count":11},"9":{"player_id":8372,"player_name":"Bal\u00e1zs Dzsudzs\u00e1k","vaep_value":0.0938533562,"offensive_value":0.0753731236,"defensive_value":0.0184802326,"count":31},"10":{"player_id":15200,"player_name":"Gerg\u0151 Lovrencsics","vaep_value":-0.1597146337,"offensive_value":-0.1586245794,"defensive_value":-0.0010900543,"count":33},"11":{"player_id":15206,"player_name":"Jan Vertonghen","vaep_value":0.1133479078,"offensive_value":0.2365363199,"defensive_value":-0.1231884122,"count":49},"12":{"player_id":20879,"player_name":"Thomas Meunier","vaep_value":0.1584055272,"offensive_value":0.1409238568,"defensive_value":0.0174816704,"count":62},"13":{"player_id":25707,"player_name":"Eden Hazard","vaep_value":1.411706771,"offensive_value":1.3686191268,"defensive_value":0.0430876442,"count":86},"14":{"player_id":33082,"player_name":"Eden Hazard","vaep_value":0.0186034071,"offensive_value":-0.0132922646,"defensive_value":0.0318956717,"count":27},"15":{"player_id":37724,"player_name":"Eden Hazard","vaep_value":0.1135158135,"offensive_value":0.0302813707,"defensive_value":0.0832344428,"count":64},"16":{"player_id":37824,"player_name":"Kevin De Bruyne","vaep_value":0.3390045901,"offensive_value":0.2550726198,"defensive_value":0.0839319703,"count":54},"17":{"player_id":38021,"player_name":"\u00c1d\u00e1m Lang","vaep_value":-0.0544133194,"offensive_value":0.016842248,"defensive_value":-0.0712555674,"count":74},"18":{"player_id":38093,"player_name":"Jan Vertonghen","vaep_value":0.8893538029,"offensive_value":0.8854829613,"defensive_value":0.0038708416,"count":9},"19":{"player_id":70123,"player_name":"Jan Vertonghen","vaep_value":0.1600408404,"offensive_value":0.1219515174,"defensive_value":0.038089323,"count":54},"20":{"player_id":74958,"player_name":"Roland Juh\u00e1sz","vaep_value":-0.0520056281,"offensive_value":0.0221899375,"defensive_value":-0.0741955657,"count":2},"21":{"player_id":75137,"player_name":"Kevin De Bruyne","vaep_value":-0.0057744246,"offensive_value":-0.0050717052,"defensive_value":-0.0007027194,"count":1},"22":{"player_id":75209,"player_name":"Kevin De Bruyne","vaep_value":0.2126042348,"offensive_value":0.0287063204,"defensive_value":0.1838979144,"count":54},"23":{"player_id":75292,"player_name":"Gerg\u0151 Lovrencsics","vaep_value":0.0448275018,"offensive_value":-0.0166987207,"defensive_value":0.0615262225,"count":56},"24":{"player_id":76201,"player_name":"Thomas Vermaelen","vaep_value":0.0914323325,"offensive_value":0.1583688275,"defensive_value":-0.0669364951,"count":56},"25":{"player_id":101690,"player_name":"\u00c1d\u00e1m Lang","vaep_value":0.0209498741,"offensive_value":0.0173979257,"defensive_value":0.0035519484,"count":67},"26":{"player_id":134769,"player_name":"Roland Juh\u00e1sz","vaep_value":0.8762029609,"offensive_value":0.8777806177,"defensive_value":-0.0015776567,"count":9},"27":{"player_id":299557,"player_name":"\u00c1d\u00e1m Nagy","vaep_value":0.0741878332,"offensive_value":0.0223936639,"defensive_value":0.0517941692,"count":54}}