{"0":{"player_id":0,"player_name":"Mehdi Lacen","vaep_value":-0.0080402265,"offensive_value":0.0009970153,"defensive_value":-0.0090372418,"count":6},"1":{"player_id":3267,"player_name":"Diego Alejandro Rol\u00e1n Silva","vaep_value":0.3043491429,"offensive_value":0.1802568269,"defensive_value":0.124092316,"count":28},"2":{"player_id":3572,"player_name":"Luis Hern\u00e1ndez Rodr\u00edguez","vaep_value":0.197236435,"offensive_value":0.2021494191,"defensive_value":-0.0049129841,"count":40},"3":{"player_id":3605,"player_name":"Fay\u00e7al Fajr","vaep_value":-0.147960863,"offensive_value":-0.1270496845,"defensive_value":-0.0209111784,"count":24},"4":{"player_id":3705,"player_name":"Diego Gonz\u00e1lez Polanco","vaep_value":0.0467097433,"offensive_value":0.0374746522,"defensive_value":0.0092350912,"count":44},"5":{"player_id":3856,"player_name":"Francisco Jos\u00e9 Molinero Calder\u00f3n","vaep_value":-0.0027986136,"offensive_value":0.09937184,"defensive_value":-0.1021704536,"count":60},"6":{"player_id":3866,"player_name":"Francisco Portillo Soler","vaep_value":0.156527517,"offensive_value":0.1231841244,"defensive_value":0.0333433927,"count":50},"7":{"player_id":4009,"player_name":"Gaku Shibasaki","vaep_value":0.0580270862,"offensive_value":0.0085847043,"defensive_value":0.0494423819,"count":39},"8":{"player_id":4131,"player_name":"Diego Gonz\u00e1lez Polanco","vaep_value":-0.1430752856,"offensive_value":-0.1933822574,"defensive_value":0.0503069718,"count":39},"9":{"player_id":4343,"player_name":"Gaku Shibasaki","vaep_value":0.1307148362,"offensive_value":0.1212699133,"defensive_value":0.0094449229,"count":23},"10":{"player_id":4593,"player_name":"Isaac  Ajayi Success","vaep_value":-0.0041348576,"offensive_value":-0.0123861288,"defensive_value":0.0082512712,"count":13},"11":{"player_id":5472,"player_name":"Francisco Jos\u00e9 Molinero Calder\u00f3n","vaep_value":0.0413310432,"offensive_value":0.0812673774,"defensive_value":-0.0399363341,"count":40},"12":{"player_id":5677,"player_name":null,"vaep_value":-0.0347875456,"offensive_value":-0.0554376647,"defensive_value":0.0206501192,"count":46},"13":{"player_id":21894,"player_name":"Luis Hern\u00e1ndez Rodr\u00edguez","vaep_value":0.0405728626,"offensive_value":0.0402893359,"defensive_value":0.0002835267,"count":11},"14":{"player_id":25577,"player_name":"Alejandro Robles Garc\u00eda","vaep_value":0.1803789758,"offensive_value":0.1743717043,"defensive_value":0.0060072715,"count":11},"15":{"player_id":25888,"player_name":"Luis Hern\u00e1ndez Rodr\u00edguez","vaep_value":0.1772335402,"offensive_value":0.1318781725,"defensive_value":0.0453553677,"count":71},"16":{"player_id":37836,"player_name":"Andr\u00e9s Tom\u00e1s Prieto Albert","vaep_value":-0.0807883593,"offensive_value":-0.0355457169,"defensive_value":-0.0452426424,"count":28},"17":{"player_id":93000,"player_name":"Bruno Gonz\u00e1lez Cabrera","vaep_value":0.2510190961,"offensive_value":0.2760503321,"defensive_value":-0.025031236,"count":74},"18":{"player_id":94828,"player_name":"Francisco Portillo Soler","vaep_value":-0.0106618077,"offensive_value":0.0506177092,"defensive_value":-0.0612795168,"count":69},"19":{"player_id":105616,"player_name":"\u00c1ngel Luis Rodr\u00edguez D\u00edaz","vaep_value":-0.1152855561,"offensive_value":-0.1069338471,"defensive_value":-0.008351709,"count":8},"20":{"player_id":116283,"player_name":"Jorge Molina Vidal","vaep_value":-0.0063198498,"offensive_value":0.0184271699,"defensive_value":-0.0247470196,"count":39},"21":{"player_id":247169,"player_name":"Jorge Molina Vidal","vaep_value":-0.3480320896,"offensive_value":-0.0296299648,"defensive_value":-0.3184021248,"count":35},"22":{"player_id":247173,"player_name":"Francisco Portillo Soler","vaep_value":0.1113060653,"offensive_value":0.2073839068,"defensive_value":-0.0960778415,"count":36},"23":{"player_id":250805,"player_name":"Fay\u00e7al Fajr","vaep_value":0.2738411096,"offensive_value":0.132519884,"defensive_value":0.1413212256,"count":70},"24":{"player_id":285509,"player_name":"Gaku Shibasaki","vaep_value":0.4741011284,"offensive_value":0.4742922736,"defensive_value":-0.0001911452,"count":35},"25":{"player_id":344140,"player_name":"Vitorino Gabriel  Pacheco Antunes","vaep_value":0.09741295,"offensive_value":0.0602676395,"defensive_value":0.0371453105,"count":34},"26":{"player_id":405972,"player_name":"Fay\u00e7al Fajr","vaep_value":0.1510638908,"offensive_value":0.0722447967,"defensive_value":0.0788190941,"count":48},"27":{"player_id":447821,"player_name":"Diego Gonz\u00e1lez Polanco","vaep_value":0.1393566363,"offensive_value":0.0394609617,"defensive_value":0.0998956746,"count":22},"28":{"player_id":568583,"player_name":"Fay\u00e7al Fajr","vaep_value":0.0145072837,"offensive_value":0.0120251193,"defensive_value":0.0024821644,"count":4}}