{"0":{"player_id":0,"player_name":"Sandro Wagner","vaep_value":-0.1356591615,"offensive_value":-0.1197402528,"defensive_value":-0.0159189086,"count":7},"1":{"player_id":1722,"player_name":"Kevin Vogt","vaep_value":-0.0252534435,"offensive_value":-0.0338908546,"defensive_value":0.0086374111,"count":24},"2":{"player_id":3708,"player_name":"Benjamin H\u00fcbner","vaep_value":-0.1156342173,"offensive_value":-0.1028053281,"defensive_value":-0.0128288892,"count":10},"3":{"player_id":14766,"player_name":"Oliver Baumann","vaep_value":0.027868853,"offensive_value":0.042634838,"defensive_value":-0.0147659851,"count":28},"4":{"player_id":14842,"player_name":"Kevin Vogt","vaep_value":0.3586217217,"offensive_value":0.215677395,"defensive_value":0.1429443267,"count":82},"5":{"player_id":14979,"player_name":"Oliver Baumann","vaep_value":0.080070206,"offensive_value":0.1514905449,"defensive_value":-0.0714203389,"count":57},"6":{"player_id":15012,"player_name":"Giulio Donati","vaep_value":0.3078073646,"offensive_value":0.1511691931,"defensive_value":0.1566381715,"count":65},"7":{"player_id":15085,"player_name":"Kevin Vogt","vaep_value":1.1051578728,"offensive_value":1.080341526,"defensive_value":0.0248163468,"count":47},"8":{"player_id":15178,"player_name":"Oliver Baumann","vaep_value":0.1435374251,"offensive_value":0.1606323812,"defensive_value":-0.0170949561,"count":51},"9":{"player_id":15193,"player_name":"Lukas Rupp","vaep_value":-0.0685809695,"offensive_value":-0.0157524031,"defensive_value":-0.0528285664,"count":49},"10":{"player_id":15292,"player_name":"Kevin Vogt","vaep_value":0.8042364791,"offensive_value":0.775018035,"defensive_value":0.0292184441,"count":37},"11":{"player_id":15399,"player_name":"Oliver Baumann","vaep_value":0.0952375132,"offensive_value":0.1647163474,"defensive_value":-0.0694788342,"count":59},"12":{"player_id":15719,"player_name":"Benjamin H\u00fcbner","vaep_value":0.3052742191,"offensive_value":0.1751331737,"defensive_value":0.1301410454,"count":91},"13":{"player_id":15942,"player_name":"Sandro Wagner","vaep_value":-0.1734587022,"offensive_value":-0.1090556327,"defensive_value":-0.0644030696,"count":49},"14":{"player_id":16303,"player_name":"Nico Schulz","vaep_value":1.132617914,"offensive_value":1.1412220022,"defensive_value":-0.0086040882,"count":65},"15":{"player_id":16443,"player_name":"Lukas Rupp","vaep_value":0.076056871,"offensive_value":0.0852513327,"defensive_value":-0.0091944617,"count":52},"16":{"player_id":18982,"player_name":"Eugen Polanski","vaep_value":0.1410832843,"offensive_value":0.1828552834,"defensive_value":-0.0417719991,"count":64},"17":{"player_id":21469,"player_name":"Benjamin H\u00fcbner","vaep_value":0.3040407968,"offensive_value":0.2624701085,"defensive_value":0.0415706884,"count":64},"18":{"player_id":69411,"player_name":"Oliver Baumann","vaep_value":-0.0494548213,"offensive_value":-0.0400632166,"defensive_value":-0.0093916047,"count":19},"19":{"player_id":83836,"player_name":"Benjamin H\u00fcbner","vaep_value":0.1110215024,"offensive_value":0.1000711448,"defensive_value":0.0109503577,"count":7},"20":{"player_id":86517,"player_name":"H\u00e5vard Nordtveit","vaep_value":0.059447217,"offensive_value":0.0636950198,"defensive_value":-0.0042478028,"count":14},"21":{"player_id":94764,"player_name":"Felix Passlack","vaep_value":0.8020401337,"offensive_value":0.7980600733,"defensive_value":0.0039800605,"count":25},"22":{"player_id":221333,"player_name":"Kevin Vogt","vaep_value":0.1296111511,"offensive_value":0.0189624543,"defensive_value":0.1106486968,"count":39},"23":{"player_id":223560,"player_name":"Nico Schulz","vaep_value":0.2241296241,"offensive_value":0.2356073967,"defensive_value":-0.0114777726,"count":42},"24":{"player_id":228980,"player_name":"Benjamin H\u00fcbner","vaep_value":0.1763157481,"offensive_value":0.179007458,"defensive_value":-0.0026917099,"count":57},"25":{"player_id":263614,"player_name":"H\u00e5vard Nordtveit","vaep_value":0.9170017404,"offensive_value":0.9622069854,"defensive_value":-0.045205245,"count":52},"26":{"player_id":302600,"player_name":"Oliver Baumann","vaep_value":0.0381027041,"offensive_value":-0.0008752809,"defensive_value":0.038977985,"count":49},"27":{"player_id":356906,"player_name":"Sandro Wagner","vaep_value":0.0882318364,"offensive_value":0.1144223525,"defensive_value":-0.0261905161,"count":37},"28":{"player_id":367621,"player_name":"Sandro Wagner","vaep_value":-0.0432304442,"offensive_value":-0.0020146694,"defensive_value":-0.0412157748,"count":4}}