{"0":{"player_id":0,"player_name":"Alexander Esswein","vaep_value":0.046755722,"offensive_value":0.072882398,"defensive_value":-0.026126676,"count":9},"1":{"player_id":8309,"player_name":"Fabian Lustenberger","vaep_value":0.0241793329,"offensive_value":0.0498692676,"defensive_value":-0.0256899347,"count":66},"2":{"player_id":14762,"player_name":"Mathew Leckie","vaep_value":0.0221762403,"offensive_value":0.0132992747,"defensive_value":0.0088769656,"count":2},"3":{"player_id":14842,"player_name":"Peter Pekar\u00edk","vaep_value":0.3400686973,"offensive_value":0.2423984774,"defensive_value":0.09767022,"count":113},"4":{"player_id":14905,"player_name":"Steven Zuber","vaep_value":0.1694135624,"offensive_value":0.0578309756,"defensive_value":0.1115825868,"count":44},"5":{"player_id":14979,"player_name":"Benjamin H\u00fcbner","vaep_value":-0.0017364634,"offensive_value":0.0149872315,"defensive_value":-0.0167236949,"count":31},"6":{"player_id":15012,"player_name":"Steven Zuber","vaep_value":0.6237766531,"offensive_value":0.2578681612,"defensive_value":0.3659084919,"count":102},"7":{"player_id":15020,"player_name":"Kevin Vogt","vaep_value":-0.0357722301,"offensive_value":-0.0034808997,"defensive_value":-0.0322913304,"count":48},"8":{"player_id":15085,"player_name":"Benjamin H\u00fcbner","vaep_value":0.5557177669,"offensive_value":0.5690729909,"defensive_value":-0.013355224,"count":24},"9":{"player_id":15103,"player_name":"Dennis Geiger","vaep_value":0.2663898235,"offensive_value":0.1610445196,"defensive_value":0.1053453039,"count":59},"10":{"player_id":15125,"player_name":"Kevin Vogt","vaep_value":0.4713631141,"offensive_value":0.6620893177,"defensive_value":-0.1907262036,"count":70},"11":{"player_id":15141,"player_name":"Benjamin H\u00fcbner","vaep_value":0.8701442111,"offensive_value":0.8972260081,"defensive_value":-0.027081797,"count":39},"12":{"player_id":15276,"player_name":"Kevin Vogt","vaep_value":-0.1792373195,"offensive_value":-0.1065243167,"defensive_value":-0.0727130028,"count":53},"13":{"player_id":15292,"player_name":"H\u00e5vard Nordtveit","vaep_value":0.0572618381,"offensive_value":0.0263379766,"defensive_value":0.0309238615,"count":9},"14":{"player_id":15719,"player_name":"Kerem Demirbay","vaep_value":0.0794055569,"offensive_value":0.1428995845,"defensive_value":-0.0634940276,"count":120},"15":{"player_id":15771,"player_name":"H\u00e5vard Nordtveit","vaep_value":0.1449640588,"offensive_value":0.0403939007,"defensive_value":0.1045701581,"count":60},"16":{"player_id":18982,"player_name":"Pavel Kade\u0159\u00e1bek","vaep_value":-0.0095341839,"offensive_value":0.0007202856,"defensive_value":-0.0102544695,"count":12},"17":{"player_id":32959,"player_name":"H\u00e5vard Nordtveit","vaep_value":0.125284059,"offensive_value":0.1124048159,"defensive_value":0.0128792431,"count":71},"18":{"player_id":49873,"player_name":"Kevin Vogt","vaep_value":-0.002030611,"offensive_value":-0.0012983608,"defensive_value":-0.0007322503,"count":4},"19":{"player_id":49997,"player_name":"Benjamin H\u00fcbner","vaep_value":0.0834422825,"offensive_value":0.0573041727,"defensive_value":0.0261381099,"count":76},"20":{"player_id":54579,"player_name":"Karim Rekik","vaep_value":0.1719543324,"offensive_value":0.2442491122,"defensive_value":-0.0722947798,"count":38},"21":{"player_id":69411,"player_name":"Per Ciljan Skjelbred","vaep_value":0.1629828686,"offensive_value":0.168181885,"defensive_value":-0.0051990164,"count":42},"22":{"player_id":82487,"player_name":"Benjamin H\u00fcbner","vaep_value":0.087286456,"offensive_value":0.1094387986,"defensive_value":-0.0221523426,"count":57},"23":{"player_id":94650,"player_name":"Mitchell Weiser","vaep_value":-0.0217754673,"offensive_value":-0.0302016223,"defensive_value":0.008426155,"count":5},"24":{"player_id":218896,"player_name":"Mitchell Weiser","vaep_value":0.024503243,"offensive_value":-0.0578065867,"defensive_value":0.0823098298,"count":35},"25":{"player_id":221333,"player_name":"Alexander Esswein","vaep_value":0.0836744295,"offensive_value":0.1624441882,"defensive_value":-0.0787697587,"count":68},"26":{"player_id":263614,"player_name":"Kerem Demirbay","vaep_value":0.0319455151,"offensive_value":0.042775797,"defensive_value":-0.0108302819,"count":52},"27":{"player_id":356906,"player_name":"Sandro Wagner","vaep_value":0.1383428008,"offensive_value":0.0567607346,"defensive_value":0.0815820661,"count":14},"28":{"player_id":367621,"player_name":"Andrej Kramari\u0107","vaep_value":0.1727210013,"offensive_value":0.0425721122,"defensive_value":0.1301488891,"count":75}}