{"0":{"player_id":0,"player_name":"Miguel \u00c2ngelo da Silva Rocha","vaep_value":-0.0092760983,"offensive_value":0.0050821491,"defensive_value":-0.0143582474,"count":4},"1":{"player_id":7986,"player_name":"Papiss Mison Djilobodji","vaep_value":0.0058525272,"offensive_value":-0.0019433185,"defensive_value":0.0077958457,"count":11},"2":{"player_id":20685,"player_name":"L\u00e9o Dubois","vaep_value":-0.4170626064,"offensive_value":-0.4156515595,"defensive_value":-0.0014110469,"count":46},"3":{"player_id":25523,"player_name":"Romain Amalfitano","vaep_value":0.1581172119,"offensive_value":0.095343453,"defensive_value":0.0627737589,"count":46},"4":{"player_id":25524,"player_name":"Romain Amalfitano","vaep_value":0.0882629885,"offensive_value":0.0835986009,"defensive_value":0.0046643876,"count":60},"5":{"player_id":25605,"player_name":"Valentin Rongier","vaep_value":-0.2916595238,"offensive_value":-0.256674872,"defensive_value":-0.0349846518,"count":22},"6":{"player_id":25704,"player_name":"Rene Krhin","vaep_value":0.0893563384,"offensive_value":0.002282406,"defensive_value":0.0870739324,"count":1},"7":{"player_id":25835,"player_name":"Papiss Mison Djilobodji","vaep_value":0.0855045053,"offensive_value":0.0924500469,"defensive_value":-0.0069455416,"count":34},"8":{"player_id":26311,"player_name":"Baptiste Reynet","vaep_value":0.0418786067,"offensive_value":0.0392190397,"defensive_value":0.0026595669,"count":55},"9":{"player_id":26365,"player_name":"C\u00e9dric Yamber\u00e9","vaep_value":0.2193916559,"offensive_value":0.2494134062,"defensive_value":-0.0300217504,"count":54},"10":{"player_id":27354,"player_name":"Baptiste Reynet","vaep_value":0.9009102373,"offensive_value":0.9296142787,"defensive_value":-0.0287040414,"count":24},"11":{"player_id":30427,"player_name":"Papiss Mison Djilobodji","vaep_value":-0.00187636,"offensive_value":0.011659757,"defensive_value":-0.013536117,"count":60},"12":{"player_id":37714,"player_name":"Baptiste Reynet","vaep_value":0.0627518984,"offensive_value":0.0738902689,"defensive_value":-0.0111383705,"count":25},"13":{"player_id":40301,"player_name":"C\u00e9dric Yamber\u00e9","vaep_value":0.5522352063,"offensive_value":0.5839365449,"defensive_value":-0.0317013386,"count":43},"14":{"player_id":83574,"player_name":"Baptiste Reynet","vaep_value":0.129988126,"offensive_value":0.0616140224,"defensive_value":0.0683741036,"count":28},"15":{"player_id":99453,"player_name":"Miguel \u00c2ngelo da Silva Rocha","vaep_value":-0.041502813,"offensive_value":-0.0275693787,"defensive_value":-0.0139334343,"count":38},"16":{"player_id":120717,"player_name":"Fr\u00e9d\u00e9ric Sammaritano","vaep_value":0.0356217294,"offensive_value":0.0224417113,"defensive_value":0.0131800182,"count":68},"17":{"player_id":209028,"player_name":"Oussama Haddadi","vaep_value":-0.0253540348,"offensive_value":-0.0159742793,"defensive_value":-0.0093797556,"count":38},"18":{"player_id":215036,"player_name":"Miguel \u00c2ngelo da Silva Rocha","vaep_value":0.0396619104,"offensive_value":0.1017816045,"defensive_value":-0.0621196941,"count":54},"19":{"player_id":217872,"player_name":"Papiss Mison Djilobodji","vaep_value":0.3010370945,"offensive_value":0.3020972905,"defensive_value":-0.001060196,"count":11},"20":{"player_id":217874,"player_name":"C\u00e9dric Yamber\u00e9","vaep_value":0.2705836401,"offensive_value":0.2105726768,"defensive_value":0.0600109632,"count":69},"21":{"player_id":242446,"player_name":"C\u00e9dric Yamber\u00e9","vaep_value":-0.0164167349,"offensive_value":-0.069841814,"defensive_value":0.0534250791,"count":75},"22":{"player_id":256084,"player_name":"L\u00e9vy Koffi Djidji","vaep_value":0.0705241486,"offensive_value":-0.0193020998,"defensive_value":0.0898262485,"count":32},"23":{"player_id":260002,"player_name":"Abdoulaye Tour\u00e9","vaep_value":0.0095935864,"offensive_value":-0.0070003986,"defensive_value":0.016593985,"count":26},"24":{"player_id":270866,"player_name":"Abdoulaye Tour\u00e9","vaep_value":0.1003998464,"offensive_value":0.0444263362,"defensive_value":0.0559735103,"count":69},"25":{"player_id":273819,"player_name":"L\u00e9o Dubois","vaep_value":0.2957675255,"offensive_value":0.2010717807,"defensive_value":0.0946957448,"count":58},"26":{"player_id":364772,"player_name":"L\u00e9o Dubois","vaep_value":0.1044872886,"offensive_value":0.0840859506,"defensive_value":0.020401338,"count":42},"27":{"player_id":393214,"player_name":"Abdoulaye Tour\u00e9","vaep_value":0.0497984139,"offensive_value":0.1361777628,"defensive_value":-0.0863793489,"count":78}}