{"0":{"player_id":0,"player_name":"Leonardo Carrilho Baptist\u00e3o","vaep_value":0.0718429858,"offensive_value":0.0985671761,"defensive_value":-0.0267241903,"count":11},"1":{"player_id":3280,"player_name":"David L\u00f3pez Silva","vaep_value":0.0261496201,"offensive_value":0.0365356833,"defensive_value":-0.0103860632,"count":37},"2":{"player_id":3293,"player_name":"Cl\u00e9ment Lenglet","vaep_value":0.1431835917,"offensive_value":0.1537168455,"defensive_value":-0.0105332539,"count":27},"3":{"player_id":3317,"player_name":"Papakouli Diop","vaep_value":0.0068096114,"offensive_value":-0.0389653862,"defensive_value":0.0457749976,"count":28},"4":{"player_id":3458,"player_name":"David Soria Sol\u00eds","vaep_value":0.077623321,"offensive_value":0.0894319562,"defensive_value":-0.0118086352,"count":31},"5":{"player_id":3474,"player_name":"Steven N'Kemboanza Mike Christopher N'Zonzi","vaep_value":0.2043711591,"offensive_value":0.2262717385,"defensive_value":-0.0219005794,"count":73},"6":{"player_id":3539,"player_name":"David Soria Sol\u00eds","vaep_value":0.0509426382,"offensive_value":0.0468081166,"defensive_value":0.0041345216,"count":9},"7":{"player_id":3704,"player_name":"Steven N'Kemboanza Mike Christopher N'Zonzi","vaep_value":0.0466938552,"offensive_value":0.0005328869,"defensive_value":0.0461609683,"count":47},"8":{"player_id":3806,"player_name":"Cl\u00e9ment Lenglet","vaep_value":0.1987219204,"offensive_value":0.1108008137,"defensive_value":0.0879211067,"count":86},"9":{"player_id":4015,"player_name":"Steven N'Kemboanza Mike Christopher N'Zonzi","vaep_value":0.0825518814,"offensive_value":0.0375721964,"defensive_value":0.044979685,"count":86},"10":{"player_id":4303,"player_name":"S\u00e9bastien Corchia","vaep_value":0.1378843566,"offensive_value":0.0976457352,"defensive_value":0.0402386214,"count":49},"11":{"player_id":4332,"player_name":"Simon Thorup Kj\u00e6r","vaep_value":0.2771538591,"offensive_value":0.1487491772,"defensive_value":0.1284046819,"count":51},"12":{"player_id":5400,"player_name":"Cl\u00e9ment Lenglet","vaep_value":-0.0472154164,"offensive_value":-0.0563763488,"defensive_value":0.0091609324,"count":49},"13":{"player_id":7623,"player_name":"David Soria Sol\u00eds","vaep_value":0.914451079,"offensive_value":0.92796202,"defensive_value":-0.0135109411,"count":42},"14":{"player_id":8200,"player_name":"Pablo Daniel Piatti","vaep_value":0.1470557665,"offensive_value":0.1023495209,"defensive_value":0.0447062457,"count":80},"15":{"player_id":14866,"player_name":"Pablo Daniel Piatti","vaep_value":0.1077533799,"offensive_value":0.0844758851,"defensive_value":0.0232774947,"count":40},"16":{"player_id":20433,"player_name":"Leonardo Carrilho Baptist\u00e3o","vaep_value":0.1862580961,"offensive_value":0.1340057513,"defensive_value":0.0522523448,"count":79},"17":{"player_id":20764,"player_name":"Pablo Daniel Piatti","vaep_value":-0.3618795712,"offensive_value":-0.338656574,"defensive_value":-0.0232229972,"count":27},"18":{"player_id":25452,"player_name":"Aar\u00f3n Mart\u00edn Caricol","vaep_value":0.1765581572,"offensive_value":0.1604271915,"defensive_value":0.0161309657,"count":73},"19":{"player_id":40800,"player_name":"S\u00e9bastien Corchia","vaep_value":0.0489144226,"offensive_value":0.0280323739,"defensive_value":0.0208820487,"count":80},"20":{"player_id":41124,"player_name":"Simon Thorup Kj\u00e6r","vaep_value":0.0884732414,"offensive_value":0.0656417169,"defensive_value":0.0228315245,"count":36},"21":{"player_id":70125,"player_name":"Steven N'Kemboanza Mike Christopher N'Zonzi","vaep_value":-0.5435559265,"offensive_value":-0.1214845747,"defensive_value":-0.4220713518,"count":47},"22":{"player_id":86828,"player_name":"Leonardo Carrilho Baptist\u00e3o","vaep_value":0.0147793721,"offensive_value":0.0176615866,"defensive_value":-0.0028822145,"count":19},"23":{"player_id":134503,"player_name":"David Soria Sol\u00eds","vaep_value":1.0848404049,"offensive_value":1.1692138684,"defensive_value":-0.0843734636,"count":97},"24":{"player_id":247206,"player_name":"Leonardo Carrilho Baptist\u00e3o","vaep_value":0.0880381333,"offensive_value":0.1165253288,"defensive_value":-0.0284871955,"count":26},"25":{"player_id":263092,"player_name":"David Soria Sol\u00eds","vaep_value":0.1408536641,"offensive_value":0.1229799567,"defensive_value":0.0178737075,"count":40},"26":{"player_id":278320,"player_name":"Sergio Rico Gonz\u00e1lez","vaep_value":0.0030393733,"offensive_value":-0.0044401104,"defensive_value":0.0074794837,"count":5},"27":{"player_id":282438,"player_name":"Javier Fuego Mart\u00ednez","vaep_value":-0.0616368353,"offensive_value":-0.077851864,"defensive_value":0.0162150287,"count":44}}