{"0":{"player_id":0,"player_name":"Laurent Depoitre","vaep_value":-0.0532558407,"offensive_value":-0.0245679979,"defensive_value":-0.0286878428,"count":9},"1":{"player_id":173,"player_name":"Daniel Williams","vaep_value":-0.0293652557,"offensive_value":0.0167222118,"defensive_value":-0.0460874676,"count":17},"2":{"player_id":8277,"player_name":"Christopher Schindler","vaep_value":0.2052511715,"offensive_value":0.179952736,"defensive_value":0.0252984355,"count":93},"3":{"player_id":8307,"player_name":"Jonas L\u00f6ssl","vaep_value":0.3052381874,"offensive_value":0.2437393294,"defensive_value":0.061498858,"count":88},"4":{"player_id":8317,"player_name":"Jonathan Hogg","vaep_value":0.1821039199,"offensive_value":0.2041457108,"defensive_value":-0.0220417909,"count":122},"5":{"player_id":8325,"player_name":"Jonathan Hogg","vaep_value":-0.1557876771,"offensive_value":-0.1404640492,"defensive_value":-0.0153236279,"count":38},"6":{"player_id":8464,"player_name":"Scott Malone","vaep_value":0.1225085891,"offensive_value":0.0657411264,"defensive_value":0.0567674627,"count":74},"7":{"player_id":8897,"player_name":"Vincent Kompany","vaep_value":0.0708494064,"offensive_value":0.0185189503,"defensive_value":0.0523304561,"count":26},"8":{"player_id":9280,"player_name":"Scott Malone","vaep_value":-0.222585817,"offensive_value":0.064694188,"defensive_value":-0.2872800049,"count":26},"9":{"player_id":9419,"player_name":"Raheem Shaquille Sterling","vaep_value":0.0318757058,"offensive_value":0.0086746566,"defensive_value":0.0232010492,"count":19},"10":{"player_id":11066,"player_name":"Scott Malone","vaep_value":0.7150384953,"offensive_value":0.7166688485,"defensive_value":-0.0016303533,"count":48},"11":{"player_id":11078,"player_name":"Fernando Luiz Rosa","vaep_value":0.1022101067,"offensive_value":0.1932932648,"defensive_value":-0.0910831582,"count":36},"12":{"player_id":14796,"player_name":"Fernando Luiz Rosa","vaep_value":0.0236935266,"offensive_value":0.0272956946,"defensive_value":-0.0036021681,"count":12},"13":{"player_id":14808,"player_name":"Kevin De Bruyne","vaep_value":-0.0058237446,"offensive_value":-0.011048059,"defensive_value":0.0052243144,"count":8},"14":{"player_id":15215,"player_name":"Christopher Schindler","vaep_value":0.0921701014,"offensive_value":-0.0128948734,"defensive_value":0.1050649747,"count":24},"15":{"player_id":15823,"player_name":"Ederson Santana de Moraes","vaep_value":0.0774617413,"offensive_value":0.0273095964,"defensive_value":0.0501521449,"count":28},"16":{"player_id":16436,"player_name":"Fernando Luiz Rosa","vaep_value":-0.0540010908,"offensive_value":-0.0439016018,"defensive_value":-0.010099489,"count":4},"17":{"player_id":38021,"player_name":"Ederson Santana de Moraes","vaep_value":0.3532484455,"offensive_value":0.3685636896,"defensive_value":-0.015315244,"count":91},"18":{"player_id":38377,"player_name":"Fernando Luiz Rosa","vaep_value":0.0961139848,"offensive_value":0.0820351013,"defensive_value":0.0140788836,"count":28},"19":{"player_id":55979,"player_name":"Nicol\u00e1s Hern\u00e1n Otamendi","vaep_value":0.0821437751,"offensive_value":-0.0163029836,"defensive_value":0.0984467587,"count":15},"20":{"player_id":56038,"player_name":"Fernando Luiz Rosa","vaep_value":0.0576002638,"offensive_value":0.1730105067,"defensive_value":-0.1154102429,"count":41},"21":{"player_id":62389,"player_name":"Jonas L\u00f6ssl","vaep_value":0.0871201127,"offensive_value":0.0694334575,"defensive_value":0.0176866552,"count":30},"22":{"player_id":70085,"player_name":"Kyle Walker","vaep_value":0.0102324481,"offensive_value":0.0102426778,"defensive_value":-0.0000102296,"count":4},"23":{"player_id":70086,"player_name":"Kyle Walker","vaep_value":0.2690026171,"offensive_value":0.25072016,"defensive_value":0.0182824571,"count":150},"24":{"player_id":71654,"player_name":"Kyle Walker","vaep_value":0.1725321761,"offensive_value":0.1458553928,"defensive_value":0.0266767833,"count":31},"25":{"player_id":105339,"player_name":"Vincent Kompany","vaep_value":0.434281472,"offensive_value":0.399308762,"defensive_value":0.03497271,"count":122},"26":{"player_id":214654,"player_name":"Nicol\u00e1s Hern\u00e1n Otamendi","vaep_value":-0.0311807452,"offensive_value":-0.0171322611,"defensive_value":-0.0140484842,"count":6},"27":{"player_id":245364,"player_name":"Nicol\u00e1s Hern\u00e1n Otamendi","vaep_value":0.000656088,"offensive_value":-0.0040146197,"defensive_value":0.0046707077,"count":39},"28":{"player_id":340386,"player_name":"Vincent Kompany","vaep_value":-0.2079028278,"offensive_value":-0.2052028389,"defensive_value":-0.002699989,"count":6}}