{"0":{"player_id":0,"player_name":"Christian  Dannemann Eriksen","vaep_value":0.0147304095,"offensive_value":0.0354825056,"defensive_value":-0.0207520961,"count":5},"1":{"player_id":48,"player_name":"Eric  Dier","vaep_value":0.2290496906,"offensive_value":0.159440638,"defensive_value":0.0696090526,"count":82},"2":{"player_id":54,"player_name":"Davinson S\u00e1nchez Mina","vaep_value":0.0112059018,"offensive_value":0.0752448492,"defensive_value":-0.0640389475,"count":65},"3":{"player_id":3319,"player_name":"Eric  Dier","vaep_value":0.3084997705,"offensive_value":0.3020366529,"defensive_value":0.0064631175,"count":47},"4":{"player_id":3361,"player_name":"Moussa Sidi Yaya Demb\u00e9l\u00e9","vaep_value":0.498189076,"offensive_value":0.5385446467,"defensive_value":-0.0403555707,"count":69},"5":{"player_id":3424,"player_name":"Davinson S\u00e1nchez Mina","vaep_value":0.0049036229,"offensive_value":0.0052673011,"defensive_value":-0.0003636782,"count":3},"6":{"player_id":3560,"player_name":"Granit Xhaka","vaep_value":0.1802814907,"offensive_value":0.1723214067,"defensive_value":0.0079600841,"count":51},"7":{"player_id":7855,"player_name":"Davinson S\u00e1nchez Mina","vaep_value":0.2176349584,"offensive_value":0.1420562672,"defensive_value":0.0755786912,"count":62},"8":{"player_id":7864,"player_name":"Eric  Dier","vaep_value":0.1470927837,"offensive_value":0.1247328741,"defensive_value":0.0223599096,"count":8},"9":{"player_id":7870,"player_name":"Jan Vertonghen","vaep_value":0.1101607593,"offensive_value":0.184500684,"defensive_value":-0.0743399247,"count":48},"10":{"player_id":7882,"player_name":"Eric  Dier","vaep_value":0.1139979959,"offensive_value":0.1911914756,"defensive_value":-0.0771934797,"count":33},"11":{"player_id":8717,"player_name":"Kieran Trippier","vaep_value":-0.1979320132,"offensive_value":-0.1460943803,"defensive_value":-0.0518376329,"count":29},"12":{"player_id":8945,"player_name":"Ignacio Monreal Eraso","vaep_value":-0.0550204165,"offensive_value":0.0009049932,"defensive_value":-0.0559254097,"count":75},"13":{"player_id":11152,"player_name":"Ignacio Monreal Eraso","vaep_value":0.2824033205,"offensive_value":0.2223884326,"defensive_value":0.0600148879,"count":61},"14":{"player_id":13484,"player_name":"Jan Vertonghen","vaep_value":-0.2035987608,"offensive_value":-0.1834133834,"defensive_value":-0.0201853773,"count":46},"15":{"player_id":14869,"player_name":"Ben Davies","vaep_value":0.1532607804,"offensive_value":0.1582448434,"defensive_value":-0.0049840629,"count":52},"16":{"player_id":14911,"player_name":"Christian  Dannemann Eriksen","vaep_value":-0.0112225681,"offensive_value":0.0009161178,"defensive_value":-0.0121386859,"count":11},"17":{"player_id":20612,"player_name":"Aaron Ramsey","vaep_value":1.0826934286,"offensive_value":0.9782971437,"defensive_value":0.1043962848,"count":62},"18":{"player_id":25381,"player_name":"Moussa Sidi Yaya Demb\u00e9l\u00e9","vaep_value":0.0513843612,"offensive_value":0.0405156752,"defensive_value":0.010868686,"count":35},"19":{"player_id":25413,"player_name":"Christian  Dannemann Eriksen","vaep_value":0.0301427922,"offensive_value":0.0379850904,"defensive_value":-0.0078422982,"count":23},"20":{"player_id":25804,"player_name":"Moussa Sidi Yaya Demb\u00e9l\u00e9","vaep_value":0.1820214976,"offensive_value":0.151128814,"defensive_value":0.0308926835,"count":73},"21":{"player_id":49876,"player_name":"Eric  Dier","vaep_value":0.0268791472,"offensive_value":-0.0476064949,"defensive_value":0.0744856421,"count":66},"22":{"player_id":136441,"player_name":"Petr \u010cech","vaep_value":0.1908713193,"offensive_value":0.2400204884,"defensive_value":-0.0491491691,"count":76},"23":{"player_id":167145,"player_name":"Granit Xhaka","vaep_value":0.3252177035,"offensive_value":0.2767693249,"defensive_value":0.0484483786,"count":67},"24":{"player_id":210044,"player_name":"Granit Xhaka","vaep_value":0.1072455609,"offensive_value":0.1001528625,"defensive_value":0.0070926984,"count":68},"25":{"player_id":230020,"player_name":"Davinson S\u00e1nchez Mina","vaep_value":-0.0983726508,"offensive_value":-0.1011963096,"defensive_value":0.0028236588,"count":8},"26":{"player_id":240070,"player_name":"Sead Kola\u0161inac","vaep_value":0.1149280951,"offensive_value":0.0930559433,"defensive_value":0.0218721519,"count":49},"27":{"player_id":257762,"player_name":"Sead Kola\u0161inac","vaep_value":0.329962053,"offensive_value":0.1078823602,"defensive_value":0.2220796928,"count":80}}