{"0":{"player_id":0,"player_name":"Jonathan Calleri","vaep_value":0.0387819128,"offensive_value":0.0595312407,"defensive_value":-0.020749328,"count":10},"1":{"player_id":3317,"player_name":"Jos\u00e9 Vicente G\u00f3mez Umpi\u00e9rrez","vaep_value":0.1856864201,"offensive_value":0.2074201367,"defensive_value":-0.0217337166,"count":38},"2":{"player_id":3708,"player_name":"Oghenekaro Etebo","vaep_value":-0.0486405357,"offensive_value":-0.1561311232,"defensive_value":0.1074905875,"count":17},"3":{"player_id":3797,"player_name":"M\u00edchel Macedo Rocha Machado","vaep_value":0.0439782483,"offensive_value":0.0962992485,"defensive_value":-0.0523210003,"count":51},"4":{"player_id":3798,"player_name":"Alejandro G\u00e1lvez Jimena","vaep_value":0.1426153179,"offensive_value":0.1785979822,"defensive_value":-0.0359826642,"count":59},"5":{"player_id":3803,"player_name":"Jos\u00e9 Vicente G\u00f3mez Umpi\u00e9rrez","vaep_value":0.0483946438,"offensive_value":0.0460262705,"defensive_value":0.0023683732,"count":58},"6":{"player_id":3806,"player_name":"Oghenekaro Etebo","vaep_value":0.0834131986,"offensive_value":0.1166232851,"defensive_value":-0.0332100865,"count":63},"7":{"player_id":3816,"player_name":"M\u00edchel Macedo Rocha Machado","vaep_value":0.0654597756,"offensive_value":0.0360541991,"defensive_value":0.0294055765,"count":35},"8":{"player_id":3970,"player_name":"Imoh Ezekiel","vaep_value":0.0261244806,"offensive_value":0.0376580798,"defensive_value":-0.0115335991,"count":61},"9":{"player_id":4238,"player_name":"D\u00eddac Vil\u00e1 Rossell\u00f3","vaep_value":0.0551630338,"offensive_value":-0.0064240786,"defensive_value":0.0615871124,"count":39},"10":{"player_id":4272,"player_name":"Esteban F\u00e9lix Granero Molina","vaep_value":0.1251773108,"offensive_value":0.0957588316,"defensive_value":0.0294184792,"count":34},"11":{"player_id":4303,"player_name":"Sergi Darder Moll","vaep_value":-0.1435609779,"offensive_value":0.1363317502,"defensive_value":-0.2798927281,"count":76},"12":{"player_id":4363,"player_name":"D\u00eddac Vil\u00e1 Rossell\u00f3","vaep_value":-0.3784535509,"offensive_value":-0.3604261829,"defensive_value":-0.018027368,"count":33},"13":{"player_id":4371,"player_name":"Mario Hermoso Canseco","vaep_value":0.2413565475,"offensive_value":0.2816011882,"defensive_value":-0.0402446408,"count":57},"14":{"player_id":4969,"player_name":"David L\u00f3pez Silva","vaep_value":0.1102562573,"offensive_value":0.1100210479,"defensive_value":0.0002352094,"count":12},"15":{"player_id":5400,"player_name":"Mario Hermoso Canseco","vaep_value":1.075258145,"offensive_value":1.0437692063,"defensive_value":0.0314889387,"count":69},"16":{"player_id":7623,"player_name":"David L\u00f3pez Silva","vaep_value":0.0137210987,"offensive_value":0.0070054973,"defensive_value":0.0067156013,"count":20},"17":{"player_id":14866,"player_name":"V\u00edctor S\u00e1nchez Mata","vaep_value":0.1300201523,"offensive_value":0.0010318798,"defensive_value":0.1289882725,"count":8},"18":{"player_id":20401,"player_name":"Sergi Darder Moll","vaep_value":0.194622312,"offensive_value":0.1753333767,"defensive_value":0.0192889352,"count":49},"19":{"player_id":20803,"player_name":"\u00d3scar Melendo Jim\u00e9nez","vaep_value":0.1610699649,"offensive_value":0.1356752915,"defensive_value":0.0253946733,"count":23},"20":{"player_id":38094,"player_name":"Gerard Moreno Balaguero","vaep_value":-0.0485023585,"offensive_value":-0.0415780589,"defensive_value":-0.0069242996,"count":32},"21":{"player_id":86319,"player_name":"Gerard Moreno Balaguero","vaep_value":0.3721669682,"offensive_value":0.2176263763,"defensive_value":0.1545405919,"count":58},"22":{"player_id":228902,"player_name":"Sergi Darder Moll","vaep_value":0.0780583744,"offensive_value":0.0844137339,"defensive_value":-0.0063553595,"count":38},"23":{"player_id":247206,"player_name":"Mario Hermoso Canseco","vaep_value":0.3322650328,"offensive_value":0.0975419799,"defensive_value":0.2347230529,"count":30},"24":{"player_id":279533,"player_name":"Mario Hermoso Canseco","vaep_value":0.0758323709,"offensive_value":0.1381987354,"defensive_value":-0.0623663645,"count":60},"25":{"player_id":293862,"player_name":"Esteban F\u00e9lix Granero Molina","vaep_value":0.345376393,"offensive_value":0.3496565423,"defensive_value":-0.0042801492,"count":45},"26":{"player_id":341752,"player_name":"Mario Hermoso Canseco","vaep_value":0.0113782245,"offensive_value":0.0067667426,"defensive_value":0.0046114819,"count":24},"27":{"player_id":424624,"player_name":"Sergi Darder Moll","vaep_value":-0.0277607598,"offensive_value":-0.0418334433,"defensive_value":0.0140726835,"count":58},"28":{"player_id":450784,"player_name":"Esteban F\u00e9lix Granero Molina","vaep_value":-0.0709780693,"offensive_value":-0.0666168186,"defensive_value":-0.0043612507,"count":41}}