{"0":{"player_id":0,"player_name":"Lebo Mothiba","vaep_value":0.0415006164,"offensive_value":0.0505117318,"defensive_value":-0.0090111154,"count":6},"1":{"player_id":118,"player_name":"Ibrahim Amadou","vaep_value":0.4280646174,"offensive_value":0.4437233774,"defensive_value":-0.01565876,"count":75},"2":{"player_id":5167,"player_name":"Bakary Adama Soumaoro","vaep_value":-0.1991148809,"offensive_value":-0.2523105413,"defensive_value":0.0531956605,"count":23},"3":{"player_id":7920,"player_name":"Thiago Henrique Mendes Ribeiro","vaep_value":0.2680397353,"offensive_value":0.3228650119,"defensive_value":-0.0548252766,"count":56},"4":{"player_id":25382,"player_name":"Ibrahim Amadou","vaep_value":0.0331609902,"offensive_value":0.1040904324,"defensive_value":-0.0709294422,"count":32},"5":{"player_id":25403,"player_name":"J\u00fanior Osmar Ignacio  Alonso Mujica","vaep_value":0.2200486963,"offensive_value":0.1771024037,"defensive_value":0.0429462926,"count":58},"6":{"player_id":25557,"player_name":"Fod\u00e9  Ballo Tour\u00e9","vaep_value":0.2241569473,"offensive_value":0.1258713135,"defensive_value":0.0982856338,"count":85},"7":{"player_id":25710,"player_name":"J\u00fanior Osmar Ignacio  Alonso Mujica","vaep_value":0.1843394056,"offensive_value":0.0324369785,"defensive_value":0.1519024271,"count":56},"8":{"player_id":28115,"player_name":"Lucas Tousart","vaep_value":-0.0216896909,"offensive_value":-0.0177483911,"defensive_value":-0.0039412997,"count":18},"9":{"player_id":28232,"player_name":"Lucas Tousart","vaep_value":0.1247093666,"offensive_value":0.0709130506,"defensive_value":0.053796316,"count":67},"10":{"player_id":41056,"player_name":"Bakary Adama Soumaoro","vaep_value":0.0622509958,"offensive_value":0.0270892961,"defensive_value":0.0351616998,"count":59},"11":{"player_id":70959,"player_name":"Edgar Miguel I\u00e9","vaep_value":0.091144749,"offensive_value":0.1285756418,"defensive_value":-0.0374308928,"count":49},"12":{"player_id":70981,"player_name":"Edgar Miguel I\u00e9","vaep_value":0.503642053,"offensive_value":0.3330618409,"defensive_value":0.1705802121,"count":85},"13":{"player_id":134496,"player_name":"Nicolas P\u00e9p\u00e9","vaep_value":0.2865666714,"offensive_value":0.1488390854,"defensive_value":0.1377275861,"count":59},"14":{"player_id":142755,"player_name":"Nicolas P\u00e9p\u00e9","vaep_value":1.839193764,"offensive_value":1.8336271388,"defensive_value":0.0055666253,"count":47},"15":{"player_id":213308,"player_name":"Bakary Adama Soumaoro","vaep_value":0.0410435559,"offensive_value":0.0467169259,"defensive_value":-0.00567337,"count":76},"16":{"player_id":247671,"player_name":"Bakary Adama Soumaoro","vaep_value":1.1121005777,"offensive_value":1.1085371224,"defensive_value":0.0035634553,"count":45},"17":{"player_id":250134,"player_name":"Ibrahim Amadou","vaep_value":1.0177874687,"offensive_value":0.9256390632,"defensive_value":0.0921484055,"count":43},"18":{"player_id":257750,"player_name":"Lebo Mothiba","vaep_value":0.2810810725,"offensive_value":0.1465965086,"defensive_value":0.134484564,"count":66},"19":{"player_id":276979,"player_name":"Thiago Henrique Mendes Ribeiro","vaep_value":-0.0103340865,"offensive_value":0.0043526808,"defensive_value":-0.0146867672,"count":14},"20":{"player_id":284322,"player_name":"Nicolas P\u00e9p\u00e9","vaep_value":-0.0037617288,"offensive_value":-0.0003040666,"defensive_value":-0.0034576622,"count":4},"21":{"player_id":286553,"player_name":"Thiago Henrique Mendes Ribeiro","vaep_value":0.1681991658,"offensive_value":0.1858664481,"defensive_value":-0.0176672823,"count":20},"22":{"player_id":286917,"player_name":"Thiago Henrique Mendes Ribeiro","vaep_value":0.1289678544,"offensive_value":0.1555461738,"defensive_value":-0.0265783194,"count":64},"23":{"player_id":292654,"player_name":"Thiago Maia Alencar","vaep_value":0.1027840321,"offensive_value":-0.0275548755,"defensive_value":0.1303389076,"count":103},"24":{"player_id":294695,"player_name":"Anwar El Ghazi","vaep_value":0.1123002948,"offensive_value":0.0502710501,"defensive_value":0.0620292447,"count":54},"25":{"player_id":342743,"player_name":"Anwar El Ghazi","vaep_value":0.1979589099,"offensive_value":0.128941359,"defensive_value":0.0690175509,"count":53},"26":{"player_id":366546,"player_name":"Mouctar Diakhaby","vaep_value":0.0045612146,"offensive_value":-0.0529549873,"defensive_value":0.0575162019,"count":21},"27":{"player_id":397033,"player_name":"Mouctar Diakhaby","vaep_value":0.0116064321,"offensive_value":-0.0029826608,"defensive_value":0.0145890929,"count":14},"28":{"player_id":397046,"player_name":"Rafael Pereira da Silva","vaep_value":0.0077538479,"offensive_value":-0.001135707,"defensive_value":0.0088895549,"count":10}}