{"0":{"player_id":0,"player_name":"Luis Fernando Muriel Fruto","vaep_value":0.0151225749,"offensive_value":0.0428076778,"defensive_value":-0.0276851029,"count":5},"1":{"player_id":3280,"player_name":"\u00c9ver Maximiliano David Banega","vaep_value":0.720142909,"offensive_value":0.6434426718,"defensive_value":0.0767002372,"count":108},"2":{"player_id":3286,"player_name":"Sergio Escudero Palomo","vaep_value":0.3331677386,"offensive_value":0.2786725183,"defensive_value":0.0544952203,"count":70},"3":{"player_id":3458,"player_name":"Cl\u00e9ment Lenglet","vaep_value":0.0212442998,"offensive_value":0.0509857887,"defensive_value":-0.0297414889,"count":25},"4":{"player_id":4015,"player_name":"Gabriel Iv\u00e1n Mercado","vaep_value":0.1056586078,"offensive_value":0.1216522831,"defensive_value":-0.0159936752,"count":52},"5":{"player_id":4065,"player_name":"Steven N'Kemboanza Mike Christopher N'Zonzi","vaep_value":0.1490699523,"offensive_value":0.0515062108,"defensive_value":0.0975637415,"count":44},"6":{"player_id":4892,"player_name":"Sergio Rico Gonz\u00e1lez","vaep_value":0.246974526,"offensive_value":0.1432106905,"defensive_value":0.1037638356,"count":44},"7":{"player_id":5911,"player_name":"\u00c9ver Maximiliano David Banega","vaep_value":-0.073051913,"offensive_value":-0.0517887598,"defensive_value":-0.0212631532,"count":10},"8":{"player_id":7864,"player_name":"Gabriel Iv\u00e1n Mercado","vaep_value":-0.1527659434,"offensive_value":-0.1005199898,"defensive_value":-0.0522459536,"count":51},"9":{"player_id":8200,"player_name":"Miguel Arturo Lay\u00fan Prado","vaep_value":0.5039190258,"offensive_value":0.2663263247,"defensive_value":0.2375927012,"count":88},"10":{"player_id":14852,"player_name":"Jeison Fabi\u00e1n Murillo Cer\u00f3n","vaep_value":0.3473185954,"offensive_value":0.1612336515,"defensive_value":0.186084944,"count":86},"11":{"player_id":20764,"player_name":"Miguel Arturo Lay\u00fan Prado","vaep_value":-0.0651778921,"offensive_value":-0.0467086823,"defensive_value":-0.0184692098,"count":51},"12":{"player_id":20823,"player_name":"Gabriel Iv\u00e1n Mercado","vaep_value":0.1686736183,"offensive_value":0.1697481921,"defensive_value":-0.0010745737,"count":82},"13":{"player_id":20922,"player_name":"Steven N'Kemboanza Mike Christopher N'Zonzi","vaep_value":0.3225324414,"offensive_value":0.270522219,"defensive_value":0.0520102223,"count":38},"14":{"player_id":22202,"player_name":"Cl\u00e9ment Lenglet","vaep_value":-0.0612431379,"offensive_value":-0.1294974184,"defensive_value":0.0682542805,"count":26},"15":{"player_id":25623,"player_name":"Franco Dami\u00e1n V\u00e1zquez","vaep_value":0.0053875614,"offensive_value":-0.0311095561,"defensive_value":0.0364971175,"count":49},"16":{"player_id":25795,"player_name":"Gabriel Armando de Abreu","vaep_value":-0.0089772202,"offensive_value":-0.0072619859,"defensive_value":-0.0017152342,"count":4},"17":{"player_id":41363,"player_name":"Francis Coquelin","vaep_value":0.4552548481,"offensive_value":0.1677968944,"defensive_value":0.2874579537,"count":55},"18":{"player_id":70112,"player_name":"Sergio Escudero Palomo","vaep_value":0.3928501781,"offensive_value":0.1963345518,"defensive_value":0.1965156263,"count":40},"19":{"player_id":70125,"player_name":"Franco Dami\u00e1n V\u00e1zquez","vaep_value":0.2127934416,"offensive_value":0.2168847424,"defensive_value":-0.0040913008,"count":32},"20":{"player_id":70129,"player_name":"Franco Dami\u00e1n V\u00e1zquez","vaep_value":2.1570969453,"offensive_value":2.1586805903,"defensive_value":-0.001583645,"count":35},"21":{"player_id":86220,"player_name":"Ezequiel Marcelo Garay","vaep_value":0.1012545032,"offensive_value":0.1204117162,"defensive_value":-0.0191572129,"count":47},"22":{"player_id":112366,"player_name":"Ezequiel Marcelo Garay","vaep_value":0.1920600589,"offensive_value":0.2511586657,"defensive_value":-0.0590986068,"count":70},"23":{"player_id":134503,"player_name":"Francis Coquelin","vaep_value":0.0567758959,"offensive_value":0.0396242143,"defensive_value":0.0171516816,"count":65},"24":{"player_id":207001,"player_name":"Gabriel Iv\u00e1n Mercado","vaep_value":0.0147130735,"offensive_value":0.0112550464,"defensive_value":0.0034580271,"count":25},"25":{"player_id":237034,"player_name":"Gabriel Iv\u00e1n Mercado","vaep_value":-0.0611414876,"offensive_value":-0.0739269233,"defensive_value":0.0127854357,"count":45},"26":{"player_id":326535,"player_name":"\u00c9ver Maximiliano David Banega","vaep_value":-0.0034421901,"offensive_value":-0.0065353848,"defensive_value":0.0030931947,"count":6},"27":{"player_id":372752,"player_name":"Cl\u00e9ment Lenglet","vaep_value":0.0164317263,"offensive_value":-0.0317070924,"defensive_value":0.0481388187,"count":13},"28":{"player_id":397303,"player_name":"Sergio Rico Gonz\u00e1lez","vaep_value":0.0265815358,"offensive_value":0.034162479,"defensive_value":-0.0075809432,"count":5}}