{"0":{"player_id":0,"player_name":"Diego Alejandro Rol\u00e1n Silva","vaep_value":0.0586944312,"offensive_value":0.0598036072,"defensive_value":-0.001109176,"count":10},"1":{"player_id":254,"player_name":"Federico Ricca Rostagnol","vaep_value":0.2421862693,"offensive_value":0.2327574296,"defensive_value":0.0094288397,"count":64},"2":{"player_id":3269,"player_name":"Ignasi Miquel i Pons","vaep_value":-0.0704765652,"offensive_value":-0.0652571029,"defensive_value":-0.0052194622,"count":94},"3":{"player_id":3341,"player_name":"Luis Hern\u00e1ndez Rodr\u00edguez","vaep_value":0.4348291794,"offensive_value":0.3975934833,"defensive_value":0.0372356961,"count":105},"4":{"player_id":3346,"player_name":"Ignasi Miquel i Pons","vaep_value":0.7791033208,"offensive_value":0.6811483623,"defensive_value":0.0979549585,"count":132},"5":{"player_id":3347,"player_name":"Ignasi Miquel i Pons","vaep_value":-0.0324120953,"offensive_value":-0.0179980049,"defensive_value":-0.0144140904,"count":84},"6":{"player_id":3476,"player_name":"Jordi Alba Ramos","vaep_value":0.4078401542,"offensive_value":0.3998467859,"defensive_value":0.0079933683,"count":141},"7":{"player_id":3645,"player_name":"Jordi Alba Ramos","vaep_value":0.0035072508,"offensive_value":0.0082961342,"defensive_value":-0.0047888834,"count":34},"8":{"player_id":3719,"player_name":"Sergio Busquets i Burgos","vaep_value":0.1234054184,"offensive_value":0.2248214388,"defensive_value":-0.1014160204,"count":37},"9":{"player_id":3802,"player_name":"Philippe Coutinho Correia","vaep_value":0.634320833,"offensive_value":0.6642968578,"defensive_value":-0.0299760248,"count":92},"10":{"player_id":3866,"player_name":"Sergio Busquets i Burgos","vaep_value":0.2197558464,"offensive_value":0.1832816243,"defensive_value":0.0364742221,"count":34},"11":{"player_id":4009,"player_name":"Ivan Rakiti\u0107","vaep_value":0.1781307989,"offensive_value":0.1416493136,"defensive_value":0.0364814852,"count":37},"12":{"player_id":4256,"player_name":"Sergio Busquets i Burgos","vaep_value":-0.008215036,"offensive_value":-0.0120879728,"defensive_value":0.0038729369,"count":7},"13":{"player_id":5472,"player_name":"Sergi Roberto Carnicer","vaep_value":0.2512463065,"offensive_value":0.052218238,"defensive_value":0.1990280685,"count":33},"14":{"player_id":7857,"player_name":"Ousmane Demb\u00e9l\u00e9","vaep_value":0.1657106744,"offensive_value":-0.0318704069,"defensive_value":0.1975810813,"count":34},"15":{"player_id":7972,"player_name":"Sergi Roberto Carnicer","vaep_value":1.0986433471,"offensive_value":1.1175723928,"defensive_value":-0.0189290457,"count":44},"16":{"player_id":15008,"player_name":"Gerard Piqu\u00e9 Bernab\u00e9u","vaep_value":0.1591781054,"offensive_value":0.0397800442,"defensive_value":0.1193980612,"count":33},"17":{"player_id":25397,"player_name":"Samuel Yves Umtiti","vaep_value":0.2141001484,"offensive_value":0.1407987593,"defensive_value":0.0733013891,"count":99},"18":{"player_id":25701,"player_name":"Sergio Busquets i Burgos","vaep_value":0.146604352,"offensive_value":0.0747604687,"defensive_value":0.0718438833,"count":23},"19":{"player_id":37836,"player_name":"Philippe Coutinho Correia","vaep_value":-0.0344054294,"offensive_value":-0.0564480586,"defensive_value":0.0220426292,"count":19},"20":{"player_id":40550,"player_name":"Samuel Garc\u00eda S\u00e1nchez","vaep_value":-0.1855117681,"offensive_value":-0.1570594362,"defensive_value":-0.0284523319,"count":70},"21":{"player_id":105616,"player_name":"Roberto Jos\u00e9 Rosales Altuve","vaep_value":0.0073435069,"offensive_value":0.0110364347,"defensive_value":-0.0036929278,"count":5},"22":{"player_id":116283,"player_name":"Samuel Garc\u00eda S\u00e1nchez","vaep_value":0.0238341338,"offensive_value":0.0054371139,"defensive_value":0.0183970198,"count":34},"23":{"player_id":211885,"player_name":"Sergio Busquets i Burgos","vaep_value":-0.0638794098,"offensive_value":-0.0290217788,"defensive_value":-0.034857631,"count":12},"24":{"player_id":275293,"player_name":"Ivan Rakiti\u0107","vaep_value":0.0281854135,"offensive_value":0.0173307699,"defensive_value":0.0108546435,"count":12},"25":{"player_id":278007,"player_name":"Ivan Rakiti\u0107","vaep_value":0.2749852019,"offensive_value":0.0922109429,"defensive_value":0.182774259,"count":48},"26":{"player_id":285509,"player_name":"Sergio Busquets i Burgos","vaep_value":0.045319716,"offensive_value":0.0444400511,"defensive_value":0.0008796649,"count":8},"27":{"player_id":286390,"player_name":"Gerard Piqu\u00e9 Bernab\u00e9u","vaep_value":0.2527054292,"offensive_value":0.2983333933,"defensive_value":-0.0456279642,"count":88},"28":{"player_id":447821,"player_name":"Samuel Yves Umtiti","vaep_value":-0.18145359,"offensive_value":-0.1702784461,"defensive_value":-0.011175144,"count":26}}