{"0":{"player_id":0,"player_name":"Maximiliano G\u00f3mez Gonz\u00e1lez","vaep_value":0.0190286767,"offensive_value":0.0642536965,"defensive_value":-0.0452250198,"count":16},"1":{"player_id":151,"player_name":"Gustavo Daniel Cabral C\u00e1ceres","vaep_value":-0.0552871753,"offensive_value":-0.0519735538,"defensive_value":-0.0033136215,"count":8},"2":{"player_id":3280,"player_name":"Sergi G\u00f3mez Sol\u00e0","vaep_value":-0.0024910728,"offensive_value":-0.0139934325,"defensive_value":0.0115023598,"count":32},"3":{"player_id":3338,"player_name":"Pedro Pablo Hern\u00e1ndez","vaep_value":0.4608910605,"offensive_value":0.3402715954,"defensive_value":0.1206194651,"count":76},"4":{"player_id":3822,"player_name":"Sergi G\u00f3mez Sol\u00e0","vaep_value":0.2333505418,"offensive_value":0.1644953147,"defensive_value":0.0688552271,"count":50},"5":{"player_id":3827,"player_name":"Gustavo Daniel Cabral C\u00e1ceres","vaep_value":0.2851528282,"offensive_value":0.230546655,"defensive_value":0.0546061732,"count":61},"6":{"player_id":3840,"player_name":"Rub\u00e9n Blanco Veiga","vaep_value":-0.0266521093,"offensive_value":-0.0046244417,"defensive_value":-0.0220276676,"count":55},"7":{"player_id":3916,"player_name":"S\u00e9bastien Corchia","vaep_value":0.036021235,"offensive_value":0.0712476773,"defensive_value":-0.0352264423,"count":64},"8":{"player_id":4015,"player_name":"Jonathan Castro Otto","vaep_value":0.1828377383,"offensive_value":0.1196216381,"defensive_value":0.0632161002,"count":52},"9":{"player_id":4424,"player_name":"Rub\u00e9n Blanco Veiga","vaep_value":0.2138641962,"offensive_value":0.223043571,"defensive_value":-0.0091793748,"count":83},"10":{"player_id":8200,"player_name":"Sergi G\u00f3mez Sol\u00e0","vaep_value":0.1814077321,"offensive_value":0.0992133191,"defensive_value":0.0821944129,"count":110},"11":{"player_id":14852,"player_name":"Rub\u00e9n Blanco Veiga","vaep_value":0.2696363712,"offensive_value":0.253115637,"defensive_value":0.0165207342,"count":112},"12":{"player_id":15455,"player_name":"Steven N'Kemboanza Mike Christopher N'Zonzi","vaep_value":0.426406378,"offensive_value":0.4014094408,"defensive_value":0.0249969371,"count":69},"13":{"player_id":20433,"player_name":"Stanislav Lobotka","vaep_value":0.0199112038,"offensive_value":0.009162561,"defensive_value":0.0107486427,"count":7},"14":{"player_id":20764,"player_name":"Stanislav Lobotka","vaep_value":0.8922925238,"offensive_value":0.8553142571,"defensive_value":0.0369782667,"count":38},"15":{"player_id":20823,"player_name":"Pedro Pablo Hern\u00e1ndez","vaep_value":-0.2664666501,"offensive_value":-0.2505785656,"defensive_value":-0.0158880844,"count":56},"16":{"player_id":25452,"player_name":"Iago Aspas Juncal","vaep_value":0.0896987299,"offensive_value":0.0315889991,"defensive_value":0.0581097308,"count":53},"17":{"player_id":26652,"player_name":"Franco Dami\u00e1n V\u00e1zquez","vaep_value":0.2005476603,"offensive_value":0.2294017338,"defensive_value":-0.0288540735,"count":62},"18":{"player_id":56025,"player_name":"Steven N'Kemboanza Mike Christopher N'Zonzi","vaep_value":-0.0022944427,"offensive_value":-0.0032880902,"defensive_value":0.0009936475,"count":9},"19":{"player_id":70125,"player_name":"Manuel Agudo Dur\u00e1n","vaep_value":1.0745824391,"offensive_value":1.0704760943,"defensive_value":0.0041063449,"count":56},"20":{"player_id":86828,"player_name":"Cl\u00e9ment Lenglet","vaep_value":0.0329286269,"offensive_value":0.0373065658,"defensive_value":-0.0043779389,"count":83},"21":{"player_id":134503,"player_name":"Steven N'Kemboanza Mike Christopher N'Zonzi","vaep_value":0.2179528839,"offensive_value":0.1164241312,"defensive_value":0.1015287527,"count":61},"22":{"player_id":140125,"player_name":"Cl\u00e9ment Lenglet","vaep_value":0.0487107071,"offensive_value":0.0426742751,"defensive_value":0.006036432,"count":18},"23":{"player_id":167641,"player_name":"David Soria Sol\u00eds","vaep_value":0.1169566599,"offensive_value":0.0567611651,"defensive_value":0.0601954948,"count":48},"24":{"player_id":241945,"player_name":"Jonathan Castro Otto","vaep_value":0.0015353264,"offensive_value":0.0116057812,"defensive_value":-0.0100704548,"count":52},"25":{"player_id":269060,"player_name":"Jonathan Castro Otto","vaep_value":0.2129474238,"offensive_value":0.1409547401,"defensive_value":0.0719926837,"count":79},"26":{"player_id":278320,"player_name":"S\u00e9bastien Corchia","vaep_value":0.0737965824,"offensive_value":0.0920990175,"defensive_value":-0.0183024351,"count":29},"27":{"player_id":302550,"player_name":"Pablo Sarabia Garc\u00eda","vaep_value":-0.0048013502,"offensive_value":-0.0083079543,"defensive_value":0.0035066041,"count":13},"28":{"player_id":395636,"player_name":"Steven N'Kemboanza Mike Christopher N'Zonzi","vaep_value":0.7530190139,"offensive_value":0.7392139754,"defensive_value":0.0138050385,"count":37}}