{"0":{"player_id":0,"player_name":"Mesut \u00d6zil","vaep_value":0.0302756602,"offensive_value":0.042766745,"defensive_value":-0.0124910848,"count":6},"1":{"player_id":116,"player_name":"Granit Xhaka","vaep_value":0.1128495209,"offensive_value":0.0868683601,"defensive_value":0.0259811608,"count":54},"2":{"player_id":3319,"player_name":"Aaron Ramsey","vaep_value":-0.0897209183,"offensive_value":-0.0582729959,"defensive_value":-0.0314479225,"count":61},"3":{"player_id":3361,"player_name":"Mohamed  Salah Ghaly","vaep_value":0.11780183,"offensive_value":0.1837393942,"defensive_value":-0.0659375642,"count":40},"4":{"player_id":3560,"player_name":"Jordan Brian Henderson","vaep_value":0.1099698037,"offensive_value":0.1223492686,"defensive_value":-0.0123794649,"count":69},"5":{"player_id":4908,"player_name":"Emre Can","vaep_value":-0.0613496883,"offensive_value":0.0222922099,"defensive_value":-0.0836418982,"count":87},"6":{"player_id":7855,"player_name":"Dejan Lovren","vaep_value":0.057771927,"offensive_value":0.0960953595,"defensive_value":-0.0383234326,"count":78},"7":{"player_id":7864,"player_name":"Alberto Moreno P\u00e9rez","vaep_value":0.1589766617,"offensive_value":0.1129645293,"defensive_value":0.0460121324,"count":37},"8":{"player_id":7868,"player_name":"Dejan Lovren","vaep_value":0.0741156754,"offensive_value":0.0801766586,"defensive_value":-0.0060609832,"count":37},"9":{"player_id":7870,"player_name":"Alberto Moreno P\u00e9rez","vaep_value":0.0780008613,"offensive_value":0.0268469511,"defensive_value":0.0511539102,"count":26},"10":{"player_id":7882,"player_name":"Sadio Man\u00e9","vaep_value":0.1822121309,"offensive_value":0.0594473316,"defensive_value":0.1227647993,"count":39},"11":{"player_id":7907,"player_name":"Sadio Man\u00e9","vaep_value":0.780164857,"offensive_value":0.7839978654,"defensive_value":-0.0038330083,"count":8},"12":{"player_id":7945,"player_name":"Alberto Moreno P\u00e9rez","vaep_value":-0.07043252,"offensive_value":-0.0518461028,"defensive_value":-0.0185864172,"count":35},"13":{"player_id":7964,"player_name":"Rob Holding","vaep_value":-0.0319499063,"offensive_value":-0.0084606332,"defensive_value":-0.0234892732,"count":77},"14":{"player_id":8319,"player_name":"Rob Holding","vaep_value":0.1396757438,"offensive_value":0.137989497,"defensive_value":0.0016862467,"count":14},"15":{"player_id":14870,"player_name":"Alberto Moreno P\u00e9rez","vaep_value":0.2553024212,"offensive_value":0.129349621,"defensive_value":0.1259528002,"count":59},"16":{"player_id":15175,"player_name":"Aaron Ramsey","vaep_value":0.1629066298,"offensive_value":0.2127544074,"defensive_value":-0.0498477776,"count":35},"17":{"player_id":15808,"player_name":"Alberto Moreno P\u00e9rez","vaep_value":0.9524513981,"offensive_value":0.9463411858,"defensive_value":0.0061102123,"count":40},"18":{"player_id":18550,"player_name":"Dejan Lovren","vaep_value":-0.042046036,"offensive_value":-0.0554868988,"defensive_value":0.0134408628,"count":70},"19":{"player_id":25393,"player_name":"Jo\u00ebl Andre Job Matip","vaep_value":0.0903275582,"offensive_value":0.1181465286,"defensive_value":-0.0278189704,"count":68},"20":{"player_id":25413,"player_name":"Emre Can","vaep_value":0.080388418,"offensive_value":0.0114396175,"defensive_value":0.0689488004,"count":21},"21":{"player_id":25747,"player_name":"Alberto Moreno P\u00e9rez","vaep_value":0.856038237,"offensive_value":0.8567922026,"defensive_value":-0.0007539656,"count":51},"22":{"player_id":26010,"player_name":"Sadio Man\u00e9","vaep_value":-0.0678462593,"offensive_value":-0.0640667176,"defensive_value":-0.0037795417,"count":9},"23":{"player_id":49876,"player_name":"Jordan Brian Henderson","vaep_value":0.4079355652,"offensive_value":0.1991151276,"defensive_value":0.2088204377,"count":91},"24":{"player_id":120353,"player_name":"Ignacio Monreal Eraso","vaep_value":1.2161376745,"offensive_value":1.1931722456,"defensive_value":0.0229654289,"count":43},"25":{"player_id":167145,"player_name":"Ignacio Monreal Eraso","vaep_value":-0.0744705123,"offensive_value":-0.0374527681,"defensive_value":-0.0370177443,"count":64},"26":{"player_id":237268,"player_name":"Alexis Alejandro S\u00e1nchez S\u00e1nchez","vaep_value":0.0429762966,"offensive_value":0.0326977358,"defensive_value":0.0102785608,"count":11},"27":{"player_id":257899,"player_name":"Laurent Koscielny","vaep_value":0.3968896596,"offensive_value":0.3446675135,"defensive_value":0.0522221461,"count":57},"28":{"player_id":370224,"player_name":"Rob Holding","vaep_value":0.0339897535,"offensive_value":0.0497736601,"defensive_value":-0.0157839067,"count":78}}