{"0":{"player_id":0,"player_name":"Munir El Haddadi Mohamed","vaep_value":-0.0067090081,"offensive_value":0.0364947642,"defensive_value":-0.0432037723,"count":9},"1":{"player_id":151,"player_name":"Rodrigo Ely","vaep_value":0.058857164,"offensive_value":0.0776552353,"defensive_value":-0.0187980713,"count":29},"2":{"player_id":3293,"player_name":"Carlos Alberto S\u00e1nchez Moreno","vaep_value":0.2070154865,"offensive_value":0.2221372794,"defensive_value":-0.0151217929,"count":28},"3":{"player_id":3299,"player_name":"Mart\u00edn Aguirregabiria Padilla","vaep_value":0.1454544935,"offensive_value":0.1302142299,"defensive_value":0.0152402635,"count":40},"4":{"player_id":3317,"player_name":"Esteban F\u00e9lix Granero Molina","vaep_value":0.0143117835,"offensive_value":0.0275918824,"defensive_value":-0.0132800989,"count":45},"5":{"player_id":3538,"player_name":"Sergi Darder Moll","vaep_value":0.0228326351,"offensive_value":0.0204444298,"defensive_value":0.0023882053,"count":7},"6":{"player_id":3539,"player_name":"Gerard Moreno Balaguero","vaep_value":0.0861171541,"offensive_value":0.0664287509,"defensive_value":0.0196884032,"count":7},"7":{"player_id":3650,"player_name":"Aar\u00f3n Mart\u00edn Caricol","vaep_value":0.1820841975,"offensive_value":0.1221078589,"defensive_value":0.0599763386,"count":54},"8":{"player_id":3797,"player_name":"\u00d3scar Esau Duarte Gait\u00e1n","vaep_value":-0.0611360931,"offensive_value":0.0154030954,"defensive_value":-0.0765391885,"count":46},"9":{"player_id":3803,"player_name":"David L\u00f3pez Silva","vaep_value":0.2315521392,"offensive_value":0.1733063401,"defensive_value":0.058245799,"count":92},"10":{"player_id":3816,"player_name":"Carlos Alberto S\u00e1nchez Moreno","vaep_value":-0.0906228465,"offensive_value":-0.0817808274,"defensive_value":-0.0088420191,"count":23},"11":{"player_id":4303,"player_name":"V\u00edctor S\u00e1nchez Mata","vaep_value":0.2211292397,"offensive_value":0.2376700125,"defensive_value":-0.0165407729,"count":94},"12":{"player_id":4358,"player_name":"V\u00edctor S\u00e1nchez Mata","vaep_value":0.1204666796,"offensive_value":0.0888572856,"defensive_value":0.031609394,"count":50},"13":{"player_id":5400,"player_name":"David L\u00f3pez Silva","vaep_value":-0.4598320387,"offensive_value":-0.4184442393,"defensive_value":-0.0413877994,"count":36},"14":{"player_id":14866,"player_name":"\u00d3scar Esau Duarte Gait\u00e1n","vaep_value":0.0998625811,"offensive_value":0.0349727636,"defensive_value":0.0648898175,"count":25},"15":{"player_id":26518,"player_name":"Sergi Darder Moll","vaep_value":0.1245196284,"offensive_value":0.0502352357,"defensive_value":0.0742843926,"count":74},"16":{"player_id":91064,"player_name":"Aar\u00f3n Mart\u00edn Caricol","vaep_value":0.1718564968,"offensive_value":0.0601616163,"defensive_value":0.1116948805,"count":56},"17":{"player_id":125250,"player_name":"Sergi Darder Moll","vaep_value":0.2156168967,"offensive_value":0.12490552,"defensive_value":0.0907113767,"count":64},"18":{"player_id":134249,"player_name":"\u00d3scar Esau Duarte Gait\u00e1n","vaep_value":0.0860693906,"offensive_value":0.0878453318,"defensive_value":-0.0017759411,"count":37},"19":{"player_id":208694,"player_name":"Fernando Pacheco Flores","vaep_value":0.2886459911,"offensive_value":0.1157269886,"defensive_value":0.1729190025,"count":50},"20":{"player_id":225022,"player_name":"Fernando Pacheco Flores","vaep_value":0.2228332841,"offensive_value":0.2049513686,"defensive_value":0.0178819154,"count":50},"21":{"player_id":226005,"player_name":"V\u00edctor Laguardia Cisneros","vaep_value":-0.0877384633,"offensive_value":-0.0637585384,"defensive_value":-0.0239799249,"count":30},"22":{"player_id":247206,"player_name":"Esteban F\u00e9lix Granero Molina","vaep_value":-0.0028671718,"offensive_value":0.0611489557,"defensive_value":-0.0640161275,"count":25},"23":{"player_id":278278,"player_name":"Daniel Alejandro Torres Rojas","vaep_value":-0.1089614685,"offensive_value":-0.0729249928,"defensive_value":-0.0360364757,"count":45},"24":{"player_id":282438,"player_name":"Jorge Franco Alviz","vaep_value":0.0788496421,"offensive_value":0.0898809704,"defensive_value":-0.0110313284,"count":65},"25":{"player_id":341751,"player_name":"Pau L\u00f3pez Sabata","vaep_value":0.1405917401,"offensive_value":0.1377132235,"defensive_value":0.0028785167,"count":18},"26":{"player_id":359847,"player_name":"V\u00edctor S\u00e1nchez Mata","vaep_value":-0.1396344603,"offensive_value":-0.1184562475,"defensive_value":-0.0211782128,"count":17},"27":{"player_id":450784,"player_name":"V\u00edctor S\u00e1nchez Mata","vaep_value":0.0771928192,"offensive_value":0.0622386988,"defensive_value":0.0149541204,"count":27},"28":{"player_id":489488,"player_name":"Jorge Franco Alviz","vaep_value":-0.0043776486,"offensive_value":0.101001384,"defensive_value":-0.1053790326,"count":72}}