{"0":{"player_id":0,"player_name":"Enrique Garc\u00eda Mart\u00ednez","vaep_value":-0.0118312289,"offensive_value":0.0250591622,"defensive_value":-0.036890391,"count":12},"1":{"player_id":3304,"player_name":"Daniel Garc\u00eda Carrillo","vaep_value":0.0874369256,"offensive_value":0.0306508983,"defensive_value":0.0567860273,"count":32},"2":{"player_id":3306,"player_name":"Ander Capa Rodr\u00edguez","vaep_value":-0.0862334806,"offensive_value":-0.0562565878,"defensive_value":-0.0299768928,"count":83},"3":{"player_id":3309,"player_name":"Sergio Ramos Garc\u00eda","vaep_value":0.0417282759,"offensive_value":0.0074618283,"defensive_value":0.0342664476,"count":13},"4":{"player_id":3310,"player_name":"Sergio Ramos Garc\u00eda","vaep_value":0.4071058056,"offensive_value":0.3205573923,"defensive_value":0.0865484133,"count":94},"5":{"player_id":3321,"player_name":"Carlos Henrique Casimiro","vaep_value":0.0849575961,"offensive_value":0.0909852465,"defensive_value":-0.0060276504,"count":11},"6":{"player_id":3322,"player_name":"Anaitz Arbilla Zabala","vaep_value":1.6412546469,"offensive_value":1.6486929168,"defensive_value":-0.0074382699,"count":34},"7":{"player_id":3563,"player_name":"Joan Jord\u00e1n Moreno","vaep_value":0.2367031695,"offensive_value":0.1389419351,"defensive_value":0.0977612344,"count":42},"8":{"player_id":3642,"player_name":"Ander Capa Rodr\u00edguez","vaep_value":1.0686396332,"offensive_value":0.9657121613,"defensive_value":0.102927472,"count":31},"9":{"player_id":3704,"player_name":"Marcelo Vieira da Silva J\u00fanior","vaep_value":0.0741134153,"offensive_value":0.069139218,"defensive_value":0.0049741974,"count":14},"10":{"player_id":3874,"player_name":"Ander Capa Rodr\u00edguez","vaep_value":-0.2338518811,"offensive_value":-0.216735433,"defensive_value":-0.0171164481,"count":32},"11":{"player_id":3915,"player_name":"Pedro Le\u00f3n S\u00e1nchez Gil","vaep_value":0.0910710596,"offensive_value":0.1150658689,"defensive_value":-0.0239948094,"count":38},"12":{"player_id":4014,"player_name":"Ander Capa Rodr\u00edguez","vaep_value":0.1222257361,"offensive_value":0.1520607297,"defensive_value":-0.0298349935,"count":53},"13":{"player_id":4094,"player_name":"Ander Capa Rodr\u00edguez","vaep_value":0.1148524628,"offensive_value":0.2147234973,"defensive_value":-0.0998710345,"count":71},"14":{"player_id":4498,"player_name":"Ander Capa Rodr\u00edguez","vaep_value":-0.0581680534,"offensive_value":-0.0455161813,"defensive_value":-0.0126518721,"count":18},"15":{"player_id":4501,"player_name":"Ander Capa Rodr\u00edguez","vaep_value":0.4230821885,"offensive_value":0.289274897,"defensive_value":0.1338072915,"count":86},"16":{"player_id":4805,"player_name":"Ander Capa Rodr\u00edguez","vaep_value":0.2250947206,"offensive_value":0.152051525,"defensive_value":0.0730431956,"count":64},"17":{"player_id":5542,"player_name":"Takashi Inui","vaep_value":0.1718689647,"offensive_value":0.1592070754,"defensive_value":0.0126618893,"count":78},"18":{"player_id":8278,"player_name":"Jos\u00e9 \u00c1ngel Vald\u00e9s D\u00edaz","vaep_value":-0.1982400921,"offensive_value":-0.1696941043,"defensive_value":-0.0285459878,"count":46},"19":{"player_id":8287,"player_name":"Luka Modri\u0107","vaep_value":0.2332931683,"offensive_value":0.1945921213,"defensive_value":0.038701047,"count":67},"20":{"player_id":14723,"player_name":"Pedro Le\u00f3n S\u00e1nchez Gil","vaep_value":0.0198890312,"offensive_value":0.0457231783,"defensive_value":-0.0258341471,"count":61},"21":{"player_id":14836,"player_name":"Keylor Navas Gamboa","vaep_value":-0.1724065611,"offensive_value":-0.1477174328,"defensive_value":-0.0246891283,"count":41},"22":{"player_id":20436,"player_name":"Ander Capa Rodr\u00edguez","vaep_value":0.2541971742,"offensive_value":0.3165735661,"defensive_value":-0.0623763918,"count":56},"23":{"player_id":40756,"player_name":"Gonzalo Escalante","vaep_value":-0.0259880852,"offensive_value":0.0138587549,"defensive_value":-0.0398468401,"count":58},"24":{"player_id":70507,"player_name":"Gonzalo Escalante","vaep_value":0.121642913,"offensive_value":0.0202667546,"defensive_value":0.1013761584,"count":18},"25":{"player_id":140046,"player_name":"Ander Capa Rodr\u00edguez","vaep_value":0.2976815668,"offensive_value":0.2378574794,"defensive_value":0.0598240874,"count":38},"26":{"player_id":212644,"player_name":"Toni Kroos","vaep_value":-0.0005957813,"offensive_value":-0.0144606668,"defensive_value":0.0138648855,"count":42},"27":{"player_id":247207,"player_name":"Ander Capa Rodr\u00edguez","vaep_value":-0.1367440701,"offensive_value":-0.1454512309,"defensive_value":0.0087071608,"count":64},"28":{"player_id":385273,"player_name":"Daniel Garc\u00eda Carrillo","vaep_value":0.0095078032,"offensive_value":0.0090413247,"defensive_value":0.0004664785,"count":4}}