{"0":{"player_id":0,"player_name":"Amine Harit","vaep_value":0.0319194021,"offensive_value":0.0584000824,"defensive_value":-0.0264806803,"count":8},"1":{"player_id":14689,"player_name":"Max  Meyer","vaep_value":1.0642378511,"offensive_value":0.9897844188,"defensive_value":0.0744534322,"count":59},"2":{"player_id":14754,"player_name":"Leon  Goretzka","vaep_value":0.161874806,"offensive_value":0.0593912816,"defensive_value":0.1024835245,"count":90},"3":{"player_id":14775,"player_name":"Thilo Kehrer","vaep_value":0.2529478696,"offensive_value":0.3309430196,"defensive_value":-0.07799515,"count":74},"4":{"player_id":14847,"player_name":"Benjamin Stambouli","vaep_value":0.0603139731,"offensive_value":0.1410744935,"defensive_value":-0.0807605204,"count":34},"5":{"player_id":14885,"player_name":"Marcin Kami\u0144ski","vaep_value":0.0391264944,"offensive_value":0.0893805455,"defensive_value":-0.0502540511,"count":65},"6":{"player_id":14989,"player_name":"Benjamin Stambouli","vaep_value":0.0749111975,"offensive_value":0.0650593941,"defensive_value":0.0098518034,"count":30},"7":{"player_id":15032,"player_name":"Christian Gentner","vaep_value":0.1016053424,"offensive_value":0.085915838,"defensive_value":0.0156895043,"count":43},"8":{"player_id":15798,"player_name":"Nabil Bentaleb","vaep_value":-0.0306911336,"offensive_value":0.0052855727,"defensive_value":-0.0359767063,"count":70},"9":{"player_id":16094,"player_name":"Matija Nastasi\u0107","vaep_value":-0.1772485883,"offensive_value":-0.1804291215,"defensive_value":0.0031805332,"count":21},"10":{"player_id":20932,"player_name":"Bastian Oczipka","vaep_value":0.0276967117,"offensive_value":0.0109864066,"defensive_value":0.0167103051,"count":57},"11":{"player_id":25995,"player_name":"Matija Nastasi\u0107","vaep_value":0.2024119713,"offensive_value":0.1740733346,"defensive_value":0.0283386367,"count":67},"12":{"player_id":64995,"player_name":"Ronaldo  Aparecido Rodrigues","vaep_value":0.9117416684,"offensive_value":0.9044223521,"defensive_value":0.0073193163,"count":22},"13":{"player_id":99410,"player_name":"Benjamin Stambouli","vaep_value":-0.0276161248,"offensive_value":0.0468848129,"defensive_value":-0.0745009377,"count":102},"14":{"player_id":105378,"player_name":"Benjamin Stambouli","vaep_value":0.1230489906,"offensive_value":0.1360548014,"defensive_value":-0.0130058108,"count":41},"15":{"player_id":134369,"player_name":"Marcin Kami\u0144ski","vaep_value":0.0200194423,"offensive_value":0.0258422871,"defensive_value":-0.0058228448,"count":20},"16":{"player_id":134387,"player_name":"Marcin Kami\u0144ski","vaep_value":0.1515609222,"offensive_value":0.1217108495,"defensive_value":0.0298500727,"count":60},"17":{"player_id":144766,"player_name":"Christian Gentner","vaep_value":0.1675047651,"offensive_value":0.1720415525,"defensive_value":-0.0045367874,"count":34},"18":{"player_id":233910,"player_name":"Dennis Aogo","vaep_value":-0.0152575871,"offensive_value":-0.0221643896,"defensive_value":0.0069068025,"count":26},"19":{"player_id":235597,"player_name":"Christian Gentner","vaep_value":0.2549058218,"offensive_value":0.1985344004,"defensive_value":0.0563714213,"count":121},"20":{"player_id":235606,"player_name":"Christian Gentner","vaep_value":0.1177359869,"offensive_value":0.127809382,"defensive_value":-0.0100733951,"count":43},"21":{"player_id":254649,"player_name":"Timo Baumgartl","vaep_value":0.1098047406,"offensive_value":0.1064846921,"defensive_value":0.0033200486,"count":15},"22":{"player_id":284469,"player_name":"Marcin Kami\u0144ski","vaep_value":0.0082837726,"offensive_value":0.0768118001,"defensive_value":-0.0685280275,"count":60},"23":{"player_id":328131,"player_name":"Benjamin Stambouli","vaep_value":0.9646053775,"offensive_value":0.9404838542,"defensive_value":0.0241215234,"count":30},"24":{"player_id":340646,"player_name":"Benjamin Stambouli","vaep_value":0.1411715464,"offensive_value":0.1018361365,"defensive_value":0.0393354099,"count":110},"25":{"player_id":349099,"player_name":"Ronaldo  Aparecido Rodrigues","vaep_value":-0.1174788225,"offensive_value":0.0790331924,"defensive_value":-0.1965120148,"count":51},"26":{"player_id":372915,"player_name":"Ralf F\u00e4hrmann","vaep_value":0.1509266355,"offensive_value":0.1550283819,"defensive_value":-0.0041017464,"count":35},"27":{"player_id":413737,"player_name":"Andreas Beck","vaep_value":0.0669183731,"offensive_value":-0.0078390732,"defensive_value":0.0747574463,"count":33},"28":{"player_id":471348,"player_name":"Matija Nastasi\u0107","vaep_value":0.036546545,"offensive_value":-0.0003145258,"defensive_value":0.0368610708,"count":24}}