{"0":{"player_id":0,"player_name":"Adama Niane","vaep_value":0.0399833827,"offensive_value":0.0634842247,"defensive_value":-0.023500842,"count":13},"1":{"player_id":25625,"player_name":"Benjamin Nivet","vaep_value":0.2414492223,"offensive_value":0.2958878041,"defensive_value":-0.0544385819,"count":100},"2":{"player_id":25633,"player_name":"Benjamin Bourigeaud","vaep_value":0.0508716914,"offensive_value":0.0522496044,"defensive_value":-0.0013779129,"count":25},"3":{"player_id":25826,"player_name":"Benjamin Andr\u00e9","vaep_value":0.2033058677,"offensive_value":0.1202015064,"defensive_value":0.0831043613,"count":80},"4":{"player_id":25891,"player_name":"Ramy Bensebaini","vaep_value":-0.0952626825,"offensive_value":-0.0870724474,"defensive_value":-0.0081902351,"count":33},"5":{"player_id":25930,"player_name":"Mamadou Samassa","vaep_value":0.1922894442,"offensive_value":0.2433386005,"defensive_value":-0.0510491563,"count":39},"6":{"player_id":25990,"player_name":"Tristan Dingom\u00e9","vaep_value":0.238849092,"offensive_value":0.1275998877,"defensive_value":0.1112492044,"count":59},"7":{"player_id":26006,"player_name":"Tristan Dingom\u00e9","vaep_value":0.0025767107,"offensive_value":0.0068773828,"defensive_value":-0.0043006721,"count":3},"8":{"player_id":28314,"player_name":"Karim Azamoum","vaep_value":0.0900989632,"offensive_value":-0.0170396316,"defensive_value":0.1071385948,"count":55},"9":{"player_id":28866,"player_name":"Christ Emmanuel Faitout Maouassa","vaep_value":-0.0705349369,"offensive_value":-0.0252182096,"defensive_value":-0.0453167272,"count":42},"10":{"player_id":29641,"player_name":"Benjamin Nivet","vaep_value":-0.0196096716,"offensive_value":-0.0129795193,"defensive_value":-0.0066301522,"count":2},"11":{"player_id":93044,"player_name":"Ramy Bensebaini","vaep_value":0.2586993483,"offensive_value":0.0366864294,"defensive_value":0.2220129189,"count":40},"12":{"player_id":112377,"player_name":"Ludovic Baal","vaep_value":-0.0917875322,"offensive_value":-0.0520670131,"defensive_value":-0.0397205191,"count":35},"13":{"player_id":149062,"player_name":"Ludovic Baal","vaep_value":0.1888174752,"offensive_value":0.0687852546,"defensive_value":0.1200322206,"count":42},"14":{"player_id":209207,"player_name":"Abdoulaye Diallo","vaep_value":0.2130291733,"offensive_value":0.2566577725,"defensive_value":-0.0436285991,"count":62},"15":{"player_id":219350,"player_name":"Ludovic Baal","vaep_value":0.0612581989,"offensive_value":0.0599488242,"defensive_value":0.0013093747,"count":37},"16":{"player_id":228963,"player_name":"Benjamin Bourigeaud","vaep_value":0.3476477487,"offensive_value":0.18548451,"defensive_value":0.1621632387,"count":88},"17":{"player_id":228981,"player_name":"Christ Emmanuel Faitout Maouassa","vaep_value":0.3938073076,"offensive_value":0.3912270545,"defensive_value":0.0025802531,"count":74},"18":{"player_id":229124,"player_name":"Benjamin Bourigeaud","vaep_value":-0.0611093944,"offensive_value":-0.0292672627,"defensive_value":-0.0318421317,"count":35},"19":{"player_id":264989,"player_name":"Joris Gnagnon","vaep_value":0.1922023069,"offensive_value":0.1991716432,"defensive_value":-0.0069693363,"count":47},"20":{"player_id":275243,"player_name":"Ramy Bensebaini","vaep_value":-0.0243294353,"offensive_value":-0.0116762721,"defensive_value":-0.0126531632,"count":7},"21":{"player_id":278513,"player_name":"Ludovic Baal","vaep_value":0.5018567351,"offensive_value":0.5016334249,"defensive_value":0.0002233102,"count":16},"22":{"player_id":295761,"player_name":"Karim Azamoum","vaep_value":0.8666475036,"offensive_value":0.8512602503,"defensive_value":0.0153872533,"count":31},"23":{"player_id":325781,"player_name":"Benjamin Andr\u00e9","vaep_value":-0.0047571127,"offensive_value":-0.0095505264,"defensive_value":0.0047934137,"count":23},"24":{"player_id":334720,"player_name":"Adrien Hunou","vaep_value":0.0491512275,"offensive_value":0.1625504511,"defensive_value":-0.1133992237,"count":100},"25":{"player_id":366571,"player_name":"Hamari Traor\u00e9","vaep_value":-0.024085952,"offensive_value":-0.0324624144,"defensive_value":0.0083764624,"count":18},"26":{"player_id":366581,"player_name":"Benjamin Andr\u00e9","vaep_value":-0.1164679248,"offensive_value":-0.0141857525,"defensive_value":-0.1022821723,"count":66},"27":{"player_id":448079,"player_name":"Joris Gnagnon","vaep_value":0.1424168958,"offensive_value":0.1721698432,"defensive_value":-0.0297529474,"count":48}}