{"0":{"player_id":0,"player_name":"Olivier Giroud","vaep_value":0.0569043985,"offensive_value":0.0830821511,"defensive_value":-0.0261777526,"count":10},"1":{"player_id":3324,"player_name":"Francesc F\u00e0bregas i Soler","vaep_value":0.11172158,"offensive_value":0.112570269,"defensive_value":-0.0008486891,"count":19},"2":{"player_id":3350,"player_name":"Andreas Christensen","vaep_value":0.123924138,"offensive_value":0.0447452217,"defensive_value":0.0791789163,"count":114},"3":{"player_id":3360,"player_name":"C\u00e9sar Azpilicueta Tanco","vaep_value":0.2707382115,"offensive_value":0.2905305719,"defensive_value":-0.0197923605,"count":61},"4":{"player_id":3429,"player_name":"N'Golo Kant\u00e9","vaep_value":0.1492044103,"offensive_value":0.1517073894,"defensive_value":-0.0025029791,"count":30},"5":{"player_id":3577,"player_name":"Antonio R\u00fcdiger","vaep_value":-0.0573851613,"offensive_value":-0.0409151888,"defensive_value":-0.0164699724,"count":33},"6":{"player_id":7853,"player_name":"Andreas Christensen","vaep_value":-0.0135663929,"offensive_value":0.037304948,"defensive_value":-0.0508713409,"count":37},"7":{"player_id":7887,"player_name":"C\u00e9sar Azpilicueta Tanco","vaep_value":0.0236150076,"offensive_value":0.0446167791,"defensive_value":-0.0210017714,"count":11},"8":{"player_id":7907,"player_name":"Francesc F\u00e0bregas i Soler","vaep_value":0.0155811454,"offensive_value":0.0150790252,"defensive_value":0.0005021202,"count":2},"9":{"player_id":7914,"player_name":"Olivier Giroud","vaep_value":0.2096550477,"offensive_value":0.1150805989,"defensive_value":0.0945744489,"count":68},"10":{"player_id":8314,"player_name":"Pedro Eliezer Rodr\u00edguez Ledesma","vaep_value":0.1998911271,"offensive_value":0.1117135081,"defensive_value":0.0881776189,"count":49},"11":{"player_id":8358,"player_name":"Francesc F\u00e0bregas i Soler","vaep_value":0.1169654022,"offensive_value":0.0932489774,"defensive_value":0.0237164247,"count":36},"12":{"player_id":8360,"player_name":"Andreas Christensen","vaep_value":0.2438891394,"offensive_value":0.1527218448,"defensive_value":0.0911672945,"count":59},"13":{"player_id":8370,"player_name":"Francesc F\u00e0bregas i Soler","vaep_value":0.0242499908,"offensive_value":-0.0930517939,"defensive_value":0.1173017847,"count":38},"14":{"player_id":8625,"player_name":"Victor Moses","vaep_value":0.9990929547,"offensive_value":0.9795523277,"defensive_value":0.0195406271,"count":61},"15":{"player_id":8958,"player_name":"Francesc F\u00e0bregas i Soler","vaep_value":-0.1563857716,"offensive_value":-0.1412071317,"defensive_value":-0.0151786399,"count":32},"16":{"player_id":9414,"player_name":"Andreas Christensen","vaep_value":0.1942538304,"offensive_value":0.1960182031,"defensive_value":-0.0017643727,"count":64},"17":{"player_id":14748,"player_name":"Olivier Giroud","vaep_value":0.2314183573,"offensive_value":0.1394002315,"defensive_value":0.0920181258,"count":70},"18":{"player_id":22889,"player_name":"N'Golo Kant\u00e9","vaep_value":0.1420571411,"offensive_value":0.0625943159,"defensive_value":0.0794628252,"count":63},"19":{"player_id":25537,"player_name":"N'Golo Kant\u00e9","vaep_value":0.0074048652,"offensive_value":0.0348557315,"defensive_value":-0.0274508663,"count":75},"20":{"player_id":25553,"player_name":"Antonio R\u00fcdiger","vaep_value":0.3067168819,"offensive_value":0.2592273989,"defensive_value":0.047489483,"count":83},"21":{"player_id":25707,"player_name":"Davide Zappacosta","vaep_value":2.2809445932,"offensive_value":2.2952854447,"defensive_value":-0.0143408515,"count":71},"22":{"player_id":26010,"player_name":"Eden Hazard","vaep_value":-0.2551291198,"offensive_value":-0.2567378902,"defensive_value":0.0016087703,"count":42},"23":{"player_id":31528,"player_name":"Antonio R\u00fcdiger","vaep_value":0.0004228706,"offensive_value":-0.0241226675,"defensive_value":0.0245455381,"count":63},"24":{"player_id":86308,"player_name":"N'Golo Kant\u00e9","vaep_value":0.0410837415,"offensive_value":0.0052662864,"defensive_value":0.035817455,"count":9},"25":{"player_id":105333,"player_name":"Chris Brunt","vaep_value":-0.0562890412,"offensive_value":-0.070419092,"defensive_value":0.0141300508,"count":15},"26":{"player_id":119951,"player_name":"Jonny Evans","vaep_value":0.2716393999,"offensive_value":0.1312178439,"defensive_value":0.1404215561,"count":60},"27":{"player_id":135103,"player_name":"Ben Foster","vaep_value":-0.0232269935,"offensive_value":0.0347568837,"defensive_value":-0.0579838773,"count":52},"28":{"player_id":346071,"player_name":"C\u00e9sar Azpilicueta Tanco","vaep_value":-0.0644103971,"offensive_value":-0.0297118255,"defensive_value":-0.0346985715,"count":19}}