{"0":{"player_id":0,"player_name":"Laurent Depoitre","vaep_value":-0.0517747109,"offensive_value":0.0388489871,"defensive_value":-0.090623698,"count":14},"1":{"player_id":132,"player_name":"Aaron Mooy","vaep_value":0.0520042451,"offensive_value":0.0605046558,"defensive_value":-0.0085004107,"count":22},"2":{"player_id":173,"player_name":"Scott Malone","vaep_value":0.2711378797,"offensive_value":0.2791881002,"defensive_value":-0.0080502206,"count":59},"3":{"player_id":3582,"player_name":"Christopher Schindler","vaep_value":0.1073293267,"offensive_value":0.152547511,"defensive_value":-0.0452181843,"count":30},"4":{"player_id":8005,"player_name":"Mathias Jattah-Njie J\u00f8rgensen","vaep_value":-0.0191745565,"offensive_value":0.0342566215,"defensive_value":-0.053431178,"count":39},"5":{"player_id":8290,"player_name":"Jonas L\u00f6ssl","vaep_value":-0.1340653721,"offensive_value":-0.1079247689,"defensive_value":-0.0261406032,"count":14},"6":{"player_id":8313,"player_name":"Jonathan Hogg","vaep_value":0.2035886458,"offensive_value":0.1365340159,"defensive_value":0.0670546299,"count":53},"7":{"player_id":8561,"player_name":"Christopher Schindler","vaep_value":1.0087010731,"offensive_value":0.9705831679,"defensive_value":0.0381179053,"count":53},"8":{"player_id":8582,"player_name":"Jonathan Hogg","vaep_value":0.0168130427,"offensive_value":0.0318654269,"defensive_value":-0.0150523841,"count":30},"9":{"player_id":8897,"player_name":"Mathias Jattah-Njie J\u00f8rgensen","vaep_value":0.2678256064,"offensive_value":0.1913953888,"defensive_value":0.0764302176,"count":102},"10":{"player_id":9280,"player_name":"Jonathan Hogg","vaep_value":0.0909639725,"offensive_value":0.0796293092,"defensive_value":0.0113346633,"count":66},"11":{"player_id":9419,"player_name":"Aaron Mooy","vaep_value":0.1150040639,"offensive_value":0.1412803781,"defensive_value":-0.0262763143,"count":61},"12":{"player_id":11078,"player_name":"Mathias Jattah-Njie J\u00f8rgensen","vaep_value":-0.0711206027,"offensive_value":0.0152554755,"defensive_value":-0.0863760782,"count":35},"13":{"player_id":14703,"player_name":"Aaron Mooy","vaep_value":1.2539239579,"offensive_value":1.2276119457,"defensive_value":0.0263120122,"count":65},"14":{"player_id":15215,"player_name":"Christopher Schindler","vaep_value":-0.1844795165,"offensive_value":-0.1465583857,"defensive_value":-0.0379211308,"count":72},"15":{"player_id":20620,"player_name":"Jonathan Hogg","vaep_value":0.1056237612,"offensive_value":0.1632277395,"defensive_value":-0.0576039783,"count":48},"16":{"player_id":21100,"player_name":"Arthur Masuaku","vaep_value":0.09118539,"offensive_value":0.0578965456,"defensive_value":0.0332888444,"count":26},"17":{"player_id":25572,"player_name":"Manuel Lanzini","vaep_value":-0.0255592084,"offensive_value":-0.024716197,"defensive_value":-0.0008430113,"count":2},"18":{"player_id":26499,"player_name":"Arthur Masuaku","vaep_value":0.2534196434,"offensive_value":0.1084224116,"defensive_value":0.1449972318,"count":53},"19":{"player_id":37725,"player_name":"Tom Smith","vaep_value":0.1087845857,"offensive_value":0.0815181554,"defensive_value":0.0272664303,"count":47},"20":{"player_id":38377,"player_name":"Tom Smith","vaep_value":-0.29724954,"offensive_value":-0.197625808,"defensive_value":-0.099623732,"count":20},"21":{"player_id":41174,"player_name":"Jonathan Hogg","vaep_value":1.6561840111,"offensive_value":1.6438244055,"defensive_value":0.0123596056,"count":58},"22":{"player_id":55979,"player_name":"Christopher Schindler","vaep_value":0.0954741042,"offensive_value":0.2121736502,"defensive_value":-0.116699546,"count":92},"23":{"player_id":56038,"player_name":"Scott Malone","vaep_value":0.1976920482,"offensive_value":0.1722627047,"defensive_value":0.0254293435,"count":43},"24":{"player_id":62389,"player_name":"Christopher Schindler","vaep_value":0.3694864872,"offensive_value":0.1555482359,"defensive_value":0.2139382513,"count":86},"25":{"player_id":274488,"player_name":"Mathias Jattah-Njie J\u00f8rgensen","vaep_value":0.9437481894,"offensive_value":0.9422607885,"defensive_value":0.0014874008,"count":27},"26":{"player_id":379209,"player_name":"Rajiv van La Parra","vaep_value":-0.0003746795,"offensive_value":-0.0011006808,"defensive_value":0.0007260013,"count":2}}