{"0":{"player_id":0,"player_name":"Musa Barrow","vaep_value":0.0608235075,"offensive_value":0.0912691983,"defensive_value":-0.0304456908,"count":10},"1":{"player_id":625,"player_name":"Remo Freuler","vaep_value":0.2066638999,"offensive_value":0.1145557167,"defensive_value":0.0921081832,"count":68},"2":{"player_id":14745,"player_name":"Gianluca Mancini","vaep_value":0.1050432511,"offensive_value":0.0236488468,"defensive_value":0.0813944043,"count":16},"3":{"player_id":14903,"player_name":"Robin Gosens","vaep_value":0.065004734,"offensive_value":0.0457074236,"defensive_value":0.0192973104,"count":61},"4":{"player_id":20404,"player_name":"Kevin Bonifazi","vaep_value":0.0846200901,"offensive_value":0.1063577647,"defensive_value":-0.0217376746,"count":56},"5":{"player_id":20429,"player_name":"Adem Ljaji\u0107","vaep_value":-0.0248479942,"offensive_value":-0.1599527831,"defensive_value":0.1351047889,"count":40},"6":{"player_id":20812,"player_name":"Mattia Caldara","vaep_value":0.1227386602,"offensive_value":0.0905176334,"defensive_value":0.0322210268,"count":41},"7":{"player_id":20941,"player_name":"Adem Ljaji\u0107","vaep_value":1.0667461797,"offensive_value":1.21737163,"defensive_value":-0.1506254503,"count":61},"8":{"player_id":21077,"player_name":"Adem Ljaji\u0107","vaep_value":0.1336325159,"offensive_value":0.1632153637,"defensive_value":-0.0295828478,"count":71},"9":{"player_id":21234,"player_name":"Andrea Belotti","vaep_value":0.1022159371,"offensive_value":0.0986447812,"defensive_value":0.0035711559,"count":31},"10":{"player_id":21279,"player_name":"Kevin Bonifazi","vaep_value":0.137424237,"offensive_value":0.0910412517,"defensive_value":0.0463829853,"count":65},"11":{"player_id":25421,"player_name":"Adem Ljaji\u0107","vaep_value":0.0962718682,"offensive_value":0.1291402511,"defensive_value":-0.0328683829,"count":52},"12":{"player_id":25558,"player_name":"Kevin Bonifazi","vaep_value":0.2823044554,"offensive_value":0.0692570148,"defensive_value":0.2130474406,"count":52},"13":{"player_id":25898,"player_name":"Afriyie Acquah","vaep_value":-0.0023522719,"offensive_value":-0.003263738,"defensive_value":0.0009114661,"count":1},"14":{"player_id":41034,"player_name":"Adem Ljaji\u0107","vaep_value":0.1246301585,"offensive_value":0.0554329912,"defensive_value":0.0691971673,"count":51},"15":{"player_id":49991,"player_name":"Gianluca Mancini","vaep_value":0.6406237647,"offensive_value":0.7663192033,"defensive_value":-0.1256954386,"count":70},"16":{"player_id":50849,"player_name":"Salvatore Sirigu","vaep_value":0.0340944272,"offensive_value":0.0857411246,"defensive_value":-0.0516466973,"count":24},"17":{"player_id":101742,"player_name":"Tom\u00e1s Eduardo Rinc\u00f3n Hern\u00e1ndez","vaep_value":0.1199678362,"offensive_value":0.0648709055,"defensive_value":0.0550969307,"count":63},"18":{"player_id":135150,"player_name":"Tom\u00e1s Eduardo Rinc\u00f3n Hern\u00e1ndez","vaep_value":-0.048043708,"offensive_value":-0.0374044715,"defensive_value":-0.0106392364,"count":5},"19":{"player_id":263803,"player_name":"Afriyie Acquah","vaep_value":0.1731968997,"offensive_value":0.1669107336,"defensive_value":0.0062861661,"count":25},"20":{"player_id":280419,"player_name":"Emiliano Moretti","vaep_value":0.0780927687,"offensive_value":0.093843912,"defensive_value":-0.0157511433,"count":41},"21":{"player_id":288663,"player_name":"Cristian Daniel Ansaldi","vaep_value":0.1022085109,"offensive_value":0.0740615445,"defensive_value":0.0281469664,"count":38},"22":{"player_id":289827,"player_name":"Gianluca Mancini","vaep_value":-0.0163174957,"offensive_value":0.0208732084,"defensive_value":-0.0371907041,"count":40},"23":{"player_id":295176,"player_name":"Nicolas N'Koulou","vaep_value":1.1246355555,"offensive_value":1.0871371255,"defensive_value":0.03749843,"count":66},"24":{"player_id":339791,"player_name":"Alejandro Dar\u00edo G\u00f3mez","vaep_value":0.020320572,"offensive_value":0.0069104097,"defensive_value":0.0134101623,"count":14},"25":{"player_id":346913,"player_name":null,"vaep_value":0.0676537884,"offensive_value":0.0611684979,"defensive_value":0.0064852905,"count":43},"26":{"player_id":354552,"player_name":"Mattia Caldara","vaep_value":0.0659814207,"offensive_value":0.0532018042,"defensive_value":0.0127796165,"count":34},"27":{"player_id":405597,"player_name":"Gianluca Mancini","vaep_value":0.1109179168,"offensive_value":0.0395598197,"defensive_value":0.071358097,"count":7},"28":{"player_id":491409,"player_name":"Etrit Berisha","vaep_value":0.2712254213,"offensive_value":0.2801025785,"defensive_value":-0.0088771571,"count":42}}