{"0":{"player_id":0,"player_name":"Lionel Andr\u00e9s Messi Cuccittini","vaep_value":0.070382822,"offensive_value":0.0851438553,"defensive_value":-0.0147610334,"count":9},"1":{"player_id":3341,"player_name":"Sergio Busquets i Burgos","vaep_value":0.3374672214,"offensive_value":0.1864813806,"defensive_value":0.1509858408,"count":107},"2":{"player_id":3346,"player_name":"Andr\u00e9s Iniesta Luj\u00e1n","vaep_value":0.3137670924,"offensive_value":0.2620529253,"defensive_value":0.0517141671,"count":44},"3":{"player_id":3347,"player_name":"Javier Alejandro Mascherano","vaep_value":0.0145485952,"offensive_value":-0.0133776385,"defensive_value":0.0279262337,"count":19},"4":{"player_id":3348,"player_name":"Gerard Piqu\u00e9 Bernab\u00e9u","vaep_value":-0.4408023275,"offensive_value":-0.4074854255,"defensive_value":-0.033316902,"count":49},"5":{"player_id":3353,"player_name":"N\u00e9lson Cabral Semedo","vaep_value":0.3431881125,"offensive_value":0.3619163404,"defensive_value":-0.0187282279,"count":51},"6":{"player_id":3355,"player_name":"Gerard Piqu\u00e9 Bernab\u00e9u","vaep_value":0.3792806977,"offensive_value":0.2595940334,"defensive_value":0.1196866643,"count":100},"7":{"player_id":3359,"player_name":"Marc-Andr\u00e9 ter Stegen","vaep_value":2.9297080056,"offensive_value":2.9730609405,"defensive_value":-0.0433529348,"count":67},"8":{"player_id":3476,"player_name":"Javier Alejandro Mascherano","vaep_value":0.1803140193,"offensive_value":0.0596987349,"defensive_value":0.1206152844,"count":21},"9":{"player_id":3970,"player_name":"Marc-Andr\u00e9 ter Stegen","vaep_value":-0.4867385649,"offensive_value":0.11000357,"defensive_value":-0.5967421349,"count":52},"10":{"player_id":4048,"player_name":"Gerard Piqu\u00e9 Bernab\u00e9u","vaep_value":0.8070170351,"offensive_value":0.826823262,"defensive_value":-0.0198062269,"count":24},"11":{"player_id":4094,"player_name":"Gerard Piqu\u00e9 Bernab\u00e9u","vaep_value":-0.062118524,"offensive_value":-0.0529210926,"defensive_value":-0.0091974314,"count":22},"12":{"player_id":4256,"player_name":"Javier Alejandro Mascherano","vaep_value":-0.0361121716,"offensive_value":-0.02919377,"defensive_value":-0.0069184016,"count":12},"13":{"player_id":4780,"player_name":"Marc-Andr\u00e9 ter Stegen","vaep_value":0.5783268034,"offensive_value":0.4186857429,"defensive_value":0.1596410605,"count":54},"14":{"player_id":4805,"player_name":"Gerard Piqu\u00e9 Bernab\u00e9u","vaep_value":0.2500332372,"offensive_value":0.3867867284,"defensive_value":-0.1367534912,"count":80},"15":{"player_id":5542,"player_name":"Lionel Andr\u00e9s Messi Cuccittini","vaep_value":0.1940216461,"offensive_value":0.0533452607,"defensive_value":0.1406763854,"count":57},"16":{"player_id":8323,"player_name":"Gonzalo Escalante","vaep_value":1.0527846569,"offensive_value":0.9511900594,"defensive_value":0.1015945975,"count":56},"17":{"player_id":14836,"player_name":"Daniel Garc\u00eda Carrillo","vaep_value":-0.2345572679,"offensive_value":-0.2507630582,"defensive_value":0.0162057903,"count":53},"18":{"player_id":15008,"player_name":"Joan Jord\u00e1n Moreno","vaep_value":0.1022625209,"offensive_value":0.1444641454,"defensive_value":-0.0422016245,"count":57},"19":{"player_id":25701,"player_name":"Daniel Garc\u00eda Carrillo","vaep_value":0.5071005718,"offensive_value":0.0695878217,"defensive_value":0.43751275,"count":79},"20":{"player_id":40550,"player_name":"Anaitz Arbilla Zabala","vaep_value":1.3540702727,"offensive_value":1.3506648443,"defensive_value":0.0034054284,"count":50},"21":{"player_id":70507,"player_name":"Lucas Digne","vaep_value":0.1566736208,"offensive_value":0.180155142,"defensive_value":-0.0234815212,"count":47},"22":{"player_id":140046,"player_name":"Javier Alejandro Mascherano","vaep_value":0.2955601087,"offensive_value":0.2056144937,"defensive_value":0.089945615,"count":33},"23":{"player_id":212644,"player_name":"Gerard Piqu\u00e9 Bernab\u00e9u","vaep_value":0.4502635876,"offensive_value":0.1312625395,"defensive_value":0.3190010481,"count":46},"24":{"player_id":222770,"player_name":"Gerard Piqu\u00e9 Bernab\u00e9u","vaep_value":0.9054532896,"offensive_value":0.7840932995,"defensive_value":0.12135999,"count":83},"25":{"player_id":225948,"player_name":"N\u00e9lson Cabral Semedo","vaep_value":-0.0638254113,"offensive_value":-0.0485233031,"defensive_value":-0.0153021081,"count":19},"26":{"player_id":247207,"player_name":"Gerard Deulofeu L\u00e1zaro","vaep_value":0.6227848219,"offensive_value":0.6349566097,"defensive_value":-0.0121717878,"count":42},"27":{"player_id":373713,"player_name":"Joan Jord\u00e1n Moreno","vaep_value":0.1171554707,"offensive_value":0.08517924,"defensive_value":0.0319762307,"count":17},"28":{"player_id":385273,"player_name":"Gonzalo Escalante","vaep_value":0.0182315365,"offensive_value":-0.0345173273,"defensive_value":0.0527488638,"count":5}}