{"0":{"player_id":0,"player_name":"Tom Carroll","vaep_value":0.0850283311,"offensive_value":0.1148935154,"defensive_value":-0.0298651842,"count":12},"1":{"player_id":262,"player_name":"Alfie Mawson","vaep_value":0.0018303341,"offensive_value":-0.0361402425,"defensive_value":0.0379705766,"count":59},"2":{"player_id":284,"player_name":"Mike van der Hoorn","vaep_value":0.0707670357,"offensive_value":0.0459049236,"defensive_value":0.0248621121,"count":34},"3":{"player_id":471,"player_name":"Leroy Fer","vaep_value":-0.4507089291,"offensive_value":-0.430773366,"defensive_value":-0.0199355631,"count":28},"4":{"player_id":3351,"player_name":"Mike van der Hoorn","vaep_value":0.1281840221,"offensive_value":0.114243076,"defensive_value":0.0139409462,"count":74},"5":{"player_id":4365,"player_name":"Federico Fern\u00e1ndez","vaep_value":0.2895437645,"offensive_value":0.1261795551,"defensive_value":0.1633642095,"count":47},"6":{"player_id":7847,"player_name":"Alfie Mawson","vaep_value":0.0007234812,"offensive_value":0.0459985004,"defensive_value":-0.0452750192,"count":19},"7":{"player_id":7929,"player_name":"Federico Fern\u00e1ndez","vaep_value":-0.0234751768,"offensive_value":-0.0301864105,"defensive_value":0.0067112336,"count":67},"8":{"player_id":8192,"player_name":"Mike van der Hoorn","vaep_value":0.2548063206,"offensive_value":0.2718648809,"defensive_value":-0.0170585603,"count":65},"9":{"player_id":8266,"player_name":"\u0141ukasz Fabia\u0144ski","vaep_value":0.2099386747,"offensive_value":0.154654128,"defensive_value":0.0552845467,"count":27},"10":{"player_id":8336,"player_name":"Alfie Mawson","vaep_value":0.2597913916,"offensive_value":0.2450956474,"defensive_value":0.0146957441,"count":80},"11":{"player_id":8889,"player_name":"Alfie Mawson","vaep_value":0.0706478773,"offensive_value":0.0147909868,"defensive_value":0.0558568905,"count":37},"12":{"player_id":8903,"player_name":"Etienne Capoue","vaep_value":-0.0276295573,"offensive_value":-0.0250403835,"defensive_value":-0.0025891738,"count":7},"13":{"player_id":8976,"player_name":"Abdoulaye Doucour\u00e9","vaep_value":0.3219897647,"offensive_value":0.4292862356,"defensive_value":-0.1072964709,"count":69},"14":{"player_id":10252,"player_name":"Tom Cleverley","vaep_value":-0.064375543,"offensive_value":-0.0068771147,"defensive_value":-0.0574984283,"count":28},"15":{"player_id":10663,"player_name":"Andr\u00e9 Mart\u00edn Carrillo D\u00edaz","vaep_value":0.8879493863,"offensive_value":0.8851300599,"defensive_value":0.0028193264,"count":23},"16":{"player_id":20593,"player_name":"Andr\u00e9 Mart\u00edn Carrillo D\u00edaz","vaep_value":0.2549672176,"offensive_value":0.2152976929,"defensive_value":0.0396695248,"count":20},"17":{"player_id":21164,"player_name":"Federico Fern\u00e1ndez","vaep_value":0.206412783,"offensive_value":0.053805036,"defensive_value":0.152607747,"count":60},"18":{"player_id":25571,"player_name":"Federico Fern\u00e1ndez","vaep_value":0.0599338869,"offensive_value":0.0144112066,"defensive_value":0.0455226803,"count":31},"19":{"player_id":25798,"player_name":"Sam Clucas","vaep_value":-0.0677541235,"offensive_value":-0.0278114391,"defensive_value":-0.0399426844,"count":44},"20":{"player_id":25885,"player_name":"Francisco Femen\u00eda Far","vaep_value":0.021566953,"offensive_value":0.0313687951,"defensive_value":-0.009801842,"count":14},"21":{"player_id":28292,"player_name":"Andr\u00e9 Mart\u00edn Carrillo D\u00edaz","vaep_value":0.1032490432,"offensive_value":0.0430371457,"defensive_value":0.0602118975,"count":78},"22":{"player_id":68085,"player_name":"Etienne Capoue","vaep_value":0.0002999685,"offensive_value":0.0446952868,"defensive_value":-0.0443953183,"count":50},"23":{"player_id":70156,"player_name":"Adrian Mariappa","vaep_value":0.1903047486,"offensive_value":0.1824710667,"defensive_value":0.0078336819,"count":50},"24":{"player_id":92899,"player_name":"Andr\u00e9 Mart\u00edn Carrillo D\u00edaz","vaep_value":0.1845160453,"offensive_value":0.2102083928,"defensive_value":-0.0256923475,"count":78},"25":{"player_id":246866,"player_name":"Francisco Femen\u00eda Far","vaep_value":0.099531195,"offensive_value":0.0657142589,"defensive_value":0.0338169361,"count":52},"26":{"player_id":258162,"player_name":"Tom Cleverley","vaep_value":0.0493779245,"offensive_value":0.0553838923,"defensive_value":-0.0060059677,"count":7},"27":{"player_id":343951,"player_name":"Jordan Ayew","vaep_value":0.9596770923,"offensive_value":0.9615200218,"defensive_value":-0.0018429295,"count":15},"28":{"player_id":377071,"player_name":"Tom Carroll","vaep_value":0.8601664897,"offensive_value":0.902069193,"defensive_value":-0.0419027032,"count":39}}