{"0":{"player_id":97,"player_name":"Kim K\u00e4llstr\u00f6m","vaep_value":0.0674902583,"offensive_value":0.1300517786,"defensive_value":-0.0625615203,"count":29},"1":{"player_id":151,"player_name":"Andreas Granqvist","vaep_value":0.073659784,"offensive_value":0.0275068027,"defensive_value":0.0461529813,"count":15},"2":{"player_id":8004,"player_name":"Mikael Lustig","vaep_value":0.1245872536,"offensive_value":0.0595641558,"defensive_value":0.0650230978,"count":33},"3":{"player_id":8025,"player_name":"Sebastian Larsson","vaep_value":-0.0097571283,"offensive_value":-0.0120570119,"defensive_value":0.0022998837,"count":1},"4":{"player_id":8192,"player_name":"Sebastian Larsson","vaep_value":0.4991402381,"offensive_value":0.4552151809,"defensive_value":0.0439250573,"count":76},"5":{"player_id":8240,"player_name":"Darren Randolph","vaep_value":0.1316853215,"offensive_value":0.1670446347,"defensive_value":-0.0353593132,"count":41},"6":{"player_id":8346,"player_name":"Ciaran Clark","vaep_value":1.193287976,"offensive_value":1.0872391891,"defensive_value":0.106048787,"count":37},"7":{"player_id":8384,"player_name":"Ciaran Clark","vaep_value":-0.009146627,"offensive_value":-0.0143966562,"defensive_value":0.0052500292,"count":13},"8":{"player_id":8522,"player_name":"Emil Forsberg","vaep_value":0.0811786261,"offensive_value":0.0667629686,"defensive_value":0.0144156575,"count":24},"9":{"player_id":8529,"player_name":"Emil Forsberg","vaep_value":-0.0216267706,"offensive_value":0.0468470635,"defensive_value":-0.0684738341,"count":57},"10":{"player_id":8530,"player_name":"Victor Nilsson Lindel\u00f6f","vaep_value":0.0064152957,"offensive_value":0.0030627428,"defensive_value":0.003352553,"count":5},"11":{"player_id":8624,"player_name":"Wesley Hoolahan","vaep_value":-0.0127921709,"offensive_value":-0.0343064835,"defensive_value":0.0215143126,"count":21},"12":{"player_id":8744,"player_name":"Robbie Brady","vaep_value":0.0207740006,"offensive_value":0.1164599778,"defensive_value":-0.0956859772,"count":57},"13":{"player_id":8752,"player_name":"Glenn  Whelan","vaep_value":-0.0195820053,"offensive_value":-0.0252707672,"defensive_value":0.0056887619,"count":9},"14":{"player_id":8980,"player_name":"Wesley Hoolahan","vaep_value":-0.0609537709,"offensive_value":-0.0819549593,"defensive_value":0.0210011884,"count":30},"15":{"player_id":9623,"player_name":"Sebastian Larsson","vaep_value":0.1478556259,"offensive_value":0.1799580466,"defensive_value":-0.0321024207,"count":61},"16":{"player_id":14908,"player_name":"Robbie Brady","vaep_value":-0.0101937585,"offensive_value":-0.00473858,"defensive_value":-0.0054551785,"count":7},"17":{"player_id":20420,"player_name":"Sebastian Larsson","vaep_value":-0.2502939554,"offensive_value":-0.258463775,"defensive_value":0.0081698197,"count":53},"18":{"player_id":20876,"player_name":"Glenn  Whelan","vaep_value":0.0014828704,"offensive_value":-0.0031996632,"defensive_value":0.0046825337,"count":4},"19":{"player_id":21275,"player_name":"Andreas Isaksson","vaep_value":-0.0149856237,"offensive_value":0.0079917845,"defensive_value":-0.0229774082,"count":59},"20":{"player_id":25408,"player_name":"Glenn  Whelan","vaep_value":0.4135889969,"offensive_value":0.4181794298,"defensive_value":-0.0045904329,"count":91},"21":{"player_id":51132,"player_name":"Glenn  Whelan","vaep_value":0.2022627337,"offensive_value":0.049200241,"defensive_value":0.1530624926,"count":45},"22":{"player_id":51343,"player_name":"Oscar Lewicki","vaep_value":0.0287798271,"offensive_value":0.0283555336,"defensive_value":0.0004242935,"count":13},"23":{"player_id":51398,"player_name":"Martin Olsson","vaep_value":0.0826981496,"offensive_value":0.0406836331,"defensive_value":0.0420145165,"count":43},"24":{"player_id":61949,"player_name":"S\u00e9amus Coleman","vaep_value":0.0970557823,"offensive_value":0.1278092374,"defensive_value":-0.0307534551,"count":35},"25":{"player_id":62071,"player_name":"Darren Randolph","vaep_value":0.5043147376,"offensive_value":0.4258928405,"defensive_value":0.0784218971,"count":36},"26":{"player_id":71703,"player_name":"Victor Nilsson Lindel\u00f6f","vaep_value":0.1353305008,"offensive_value":0.1645668565,"defensive_value":-0.0292363557,"count":69},"27":{"player_id":101666,"player_name":"Mikael Lustig","vaep_value":0.0026912224,"offensive_value":0.0043726517,"defensive_value":-0.0016814292,"count":5}}