{"0":{"player_id":0,"player_name":"Nils Petersen","vaep_value":0.0131546458,"offensive_value":0.0394017624,"defensive_value":-0.0262471166,"count":11},"1":{"player_id":14715,"player_name":"Nicolas H\u00f6fler","vaep_value":0.0667428499,"offensive_value":0.0611664155,"defensive_value":0.0055764344,"count":59},"2":{"player_id":14731,"player_name":"Robin Koch","vaep_value":1.596108292,"offensive_value":1.6399098267,"defensive_value":-0.0438015347,"count":41},"3":{"player_id":14734,"player_name":"Manuel Gulde","vaep_value":0.7245579519,"offensive_value":0.7343331614,"defensive_value":-0.0097752095,"count":24},"4":{"player_id":14754,"player_name":"Nicolas H\u00f6fler","vaep_value":0.011649946,"offensive_value":-0.0807355454,"defensive_value":0.0923854914,"count":57},"5":{"player_id":14845,"player_name":"Nicolas H\u00f6fler","vaep_value":-0.0156862652,"offensive_value":-0.0132200588,"defensive_value":-0.0024662064,"count":27},"6":{"player_id":14885,"player_name":"Christian G\u00fcnter","vaep_value":0.2619516185,"offensive_value":0.0450743818,"defensive_value":0.2168772367,"count":64},"7":{"player_id":15032,"player_name":"Erik Thommy","vaep_value":0.2348172828,"offensive_value":0.2450295475,"defensive_value":-0.0102122647,"count":55},"8":{"player_id":15430,"player_name":"Robin Koch","vaep_value":0.3917742652,"offensive_value":0.3588770931,"defensive_value":0.0328971721,"count":95},"9":{"player_id":15487,"player_name":"Mario G\u00f3mez Garc\u00eda","vaep_value":0.01710171,"offensive_value":0.0359749964,"defensive_value":-0.0188732864,"count":55},"10":{"player_id":15533,"player_name":"Erik Thommy","vaep_value":-0.0068279479,"offensive_value":-0.025700894,"defensive_value":0.0188729462,"count":36},"11":{"player_id":15798,"player_name":"Emiliano Adri\u00e1n Ins\u00faa Zapata","vaep_value":0.3424552354,"offensive_value":0.3198094724,"defensive_value":0.022645763,"count":61},"12":{"player_id":18670,"player_name":"Holger Badstuber","vaep_value":0.2512937182,"offensive_value":0.2157920646,"defensive_value":0.0355016537,"count":65},"13":{"player_id":19525,"player_name":"Dennis Aogo","vaep_value":0.1170310556,"offensive_value":0.0852265005,"defensive_value":0.0318045551,"count":35},"14":{"player_id":19720,"player_name":"Benjamin Pavard","vaep_value":0.0489855231,"offensive_value":0.0121762611,"defensive_value":0.036809262,"count":78},"15":{"player_id":70139,"player_name":"Andreas Beck","vaep_value":0.3661353928,"offensive_value":0.2456100462,"defensive_value":0.1205253466,"count":49},"16":{"player_id":99410,"player_name":"Christian G\u00fcnter","vaep_value":-0.0327653545,"offensive_value":0.0041093896,"defensive_value":-0.0368747441,"count":6},"17":{"player_id":216074,"player_name":"Santiago Lionel Ascac\u00edbar","vaep_value":0.3464602799,"offensive_value":0.3525587929,"defensive_value":-0.006098513,"count":94},"18":{"player_id":224971,"player_name":"Benjamin Pavard","vaep_value":0.1755854833,"offensive_value":0.1295648399,"defensive_value":0.0460206434,"count":27},"19":{"player_id":228765,"player_name":"Andreas Beck","vaep_value":-0.0621332445,"offensive_value":-0.0542889894,"defensive_value":-0.0078442551,"count":5},"20":{"player_id":269490,"player_name":"Ron-Robert Zieler","vaep_value":0.0054519997,"offensive_value":0.0206713788,"defensive_value":-0.0152193791,"count":17},"21":{"player_id":271990,"player_name":"Lukas K\u00fcbler","vaep_value":0.0375350504,"offensive_value":0.0503820069,"defensive_value":-0.0128469565,"count":23},"22":{"player_id":272378,"player_name":"Ron-Robert Zieler","vaep_value":0.126201418,"offensive_value":0.1263865898,"defensive_value":-0.0001851718,"count":17},"23":{"player_id":328131,"player_name":"Mario G\u00f3mez Garc\u00eda","vaep_value":0.0344926598,"offensive_value":0.0538929149,"defensive_value":-0.0194002551,"count":26},"24":{"player_id":336829,"player_name":"Robin Koch","vaep_value":0.1877486699,"offensive_value":0.1070286939,"defensive_value":0.080719976,"count":96},"25":{"player_id":340646,"player_name":"Robin Koch","vaep_value":0.0408325052,"offensive_value":0.098200104,"defensive_value":-0.0573675988,"count":67},"26":{"player_id":344864,"player_name":"Janik Haberer","vaep_value":0.3309824456,"offensive_value":0.2088471056,"defensive_value":0.12213534,"count":118},"27":{"player_id":349099,"player_name":"Santiago Lionel Ascac\u00edbar","vaep_value":0.0370281534,"offensive_value":0.0446314365,"defensive_value":-0.007603283,"count":6},"28":{"player_id":413737,"player_name":"Andreas Beck","vaep_value":0.1468884834,"offensive_value":0.0656842268,"defensive_value":0.0812042566,"count":51}}