{"0":{"player_id":0,"player_name":"Iago Falqu\u00e9 Silva","vaep_value":0.0133397381,"offensive_value":0.0668176136,"defensive_value":-0.0534778754,"count":10},"1":{"player_id":8148,"player_name":"Tom\u00e1s Eduardo Rinc\u00f3n Hern\u00e1ndez","vaep_value":0.641546559,"offensive_value":0.6725203597,"defensive_value":-0.0309738007,"count":63},"2":{"player_id":14745,"player_name":"Lucas Torreira Di Pascua","vaep_value":0.1471134698,"offensive_value":0.1425498998,"defensive_value":0.00456357,"count":63},"3":{"player_id":14903,"player_name":"Karol Linetty","vaep_value":0.2581448228,"offensive_value":0.1471997041,"defensive_value":0.1109451187,"count":46},"4":{"player_id":20429,"player_name":"Nicol\u00e1s Andr\u00e9s Burdisso","vaep_value":0.0652534338,"offensive_value":0.1106104654,"defensive_value":-0.0453570316,"count":42},"5":{"player_id":20446,"player_name":"Lorenzo De Silvestri","vaep_value":-0.0211189255,"offensive_value":0.0096572794,"defensive_value":-0.0307762049,"count":12},"6":{"player_id":20479,"player_name":"Iago Falqu\u00e9 Silva","vaep_value":-0.1075306217,"offensive_value":-0.1020016249,"defensive_value":-0.0055289968,"count":31},"7":{"player_id":20525,"player_name":"Lorenzo De Silvestri","vaep_value":0.0485318963,"offensive_value":0.0475757525,"defensive_value":0.0009561438,"count":15},"8":{"player_id":20689,"player_name":"Nicolas N'Koulou","vaep_value":0.1543223738,"offensive_value":0.1320502647,"defensive_value":0.0222721091,"count":41},"9":{"player_id":20802,"player_name":"Nicol\u00e1s Andr\u00e9s Burdisso","vaep_value":-0.3506013295,"offensive_value":0.0599278114,"defensive_value":-0.4105291408,"count":34},"10":{"player_id":20811,"player_name":"Cristian Molinaro","vaep_value":0.4395071473,"offensive_value":0.3147175543,"defensive_value":0.124789593,"count":81},"11":{"player_id":20812,"player_name":"\u00c9dgar Osvaldo Barreto C\u00e1ceres","vaep_value":0.8428063057,"offensive_value":0.8152391438,"defensive_value":0.0275671619,"count":43},"12":{"player_id":20816,"player_name":"Cristian Molinaro","vaep_value":0.1264803476,"offensive_value":0.0441865504,"defensive_value":0.0822937972,"count":63},"13":{"player_id":20869,"player_name":"Nicol\u00e1s Andr\u00e9s Burdisso","vaep_value":0.2065013566,"offensive_value":0.2172399273,"defensive_value":-0.0107385707,"count":59},"14":{"player_id":20927,"player_name":"Salvatore Sirigu","vaep_value":0.2282980529,"offensive_value":0.199612533,"defensive_value":0.0286855199,"count":66},"15":{"player_id":21019,"player_name":"Lorenzo De Silvestri","vaep_value":0.1259067379,"offensive_value":0.0884441942,"defensive_value":0.0374625437,"count":9},"16":{"player_id":21234,"player_name":"Nicolas N'Koulou","vaep_value":-0.0577558147,"offensive_value":-0.0596450721,"defensive_value":0.0018892573,"count":4},"17":{"player_id":21376,"player_name":"Mat\u00edas Agust\u00edn Silvestre","vaep_value":-0.1425667739,"offensive_value":-0.1486390255,"defensive_value":0.0060722516,"count":15},"18":{"player_id":21507,"player_name":"Bartosz Bereszy\u0144ski","vaep_value":0.0404881005,"offensive_value":0.0539026239,"defensive_value":-0.0134145234,"count":32},"19":{"player_id":22270,"player_name":"Tom\u00e1s Eduardo Rinc\u00f3n Hern\u00e1ndez","vaep_value":0.174675583,"offensive_value":0.0663517093,"defensive_value":0.1083238737,"count":61},"20":{"player_id":25421,"player_name":"\u00c9dgar Osvaldo Barreto C\u00e1ceres","vaep_value":0.3227795773,"offensive_value":0.1671398859,"defensive_value":0.1556396914,"count":42},"21":{"player_id":25558,"player_name":"Bartosz Bereszy\u0144ski","vaep_value":-0.1328151091,"offensive_value":0.0915423576,"defensive_value":-0.2243574667,"count":50},"22":{"player_id":25898,"player_name":"Gianmarco Ferrari","vaep_value":-0.3833797656,"offensive_value":-0.3911343621,"defensive_value":0.0077545965,"count":32},"23":{"player_id":86243,"player_name":"Gianmarco Ferrari","vaep_value":-0.242069044,"offensive_value":-0.2483722424,"defensive_value":0.0063031984,"count":18},"24":{"player_id":99833,"player_name":"Karol Linetty","vaep_value":0.2688381295,"offensive_value":0.2396812169,"defensive_value":0.0291569126,"count":92},"25":{"player_id":101742,"player_name":"Bartosz Bereszy\u0144ski","vaep_value":0.0987961144,"offensive_value":-0.0159961863,"defensive_value":0.1147923007,"count":34},"26":{"player_id":138174,"player_name":"Mat\u00edas Agust\u00edn Silvestre","vaep_value":0.0611553463,"offensive_value":0.0045332302,"defensive_value":0.0566221161,"count":52},"27":{"player_id":240042,"player_name":"Nicola Murru","vaep_value":-0.0066217819,"offensive_value":-0.000979682,"defensive_value":-0.0056420999,"count":9},"28":{"player_id":333571,"player_name":"Nicolas N'Koulou","vaep_value":1.2374410999,"offensive_value":1.2319355249,"defensive_value":0.005505575,"count":65}}