{"0":{"player_id":0,"player_name":"Nolan Roux","vaep_value":-0.0075208179,"offensive_value":0.0080087311,"defensive_value":-0.015529549,"count":8},"1":{"player_id":4786,"player_name":"Jonathan Rivierez","vaep_value":0.0152227378,"offensive_value":0.0550697449,"defensive_value":-0.0398470071,"count":42},"2":{"player_id":25423,"player_name":"Carlos Miguel Ribeiro Dias","vaep_value":0.0663063849,"offensive_value":0.0626216372,"defensive_value":0.0036847476,"count":15},"3":{"player_id":25716,"player_name":"K\u00e9vin Malcuit","vaep_value":0.0113699398,"offensive_value":0.0287871626,"defensive_value":-0.0174172228,"count":30},"4":{"player_id":26138,"player_name":"Ibrahim Amadou","vaep_value":-0.1147186399,"offensive_value":0.2591293043,"defensive_value":-0.3738479442,"count":45},"5":{"player_id":26508,"player_name":"Anwar El Ghazi","vaep_value":0.2783940872,"offensive_value":0.2306667039,"defensive_value":0.0477273833,"count":53},"6":{"player_id":26512,"player_name":"K\u00e9vin Malcuit","vaep_value":-0.0796856363,"offensive_value":-0.0204329096,"defensive_value":-0.0592527267,"count":69},"7":{"player_id":28232,"player_name":"Edgar Miguel I\u00e9","vaep_value":0.1840900383,"offensive_value":0.0981266322,"defensive_value":0.0859634061,"count":67},"8":{"player_id":28965,"player_name":"J\u00fanior Osmar Ignacio  Alonso Mujica","vaep_value":0.2106555705,"offensive_value":0.2233895478,"defensive_value":-0.0127339773,"count":34},"9":{"player_id":41056,"player_name":"Edgar Miguel I\u00e9","vaep_value":0.1641498897,"offensive_value":0.1338129961,"defensive_value":0.0303368936,"count":89},"10":{"player_id":70959,"player_name":"Jonathan Rivierez","vaep_value":0.0928741622,"offensive_value":0.1346428804,"defensive_value":-0.0417687182,"count":57},"11":{"player_id":86486,"player_name":"Jonathan Rivierez","vaep_value":0.21407835,"offensive_value":0.116724049,"defensive_value":0.097354301,"count":35},"12":{"player_id":134496,"player_name":"Thiago Henrique Mendes Ribeiro","vaep_value":0.1769529483,"offensive_value":0.1246107572,"defensive_value":0.0523421911,"count":39},"13":{"player_id":135937,"player_name":"Thomas Didillon","vaep_value":-0.1377848866,"offensive_value":-0.1258563322,"defensive_value":-0.0119285544,"count":31},"14":{"player_id":144867,"player_name":"J\u00fanior Osmar Ignacio  Alonso Mujica","vaep_value":0.0824391344,"offensive_value":0.1519797756,"defensive_value":-0.0695406413,"count":62},"15":{"player_id":207002,"player_name":"Ibrahim Amadou","vaep_value":-0.0287644635,"offensive_value":-0.0272099711,"defensive_value":-0.0015544924,"count":2},"16":{"player_id":213308,"player_name":"Fod\u00e9  Ballo Tour\u00e9","vaep_value":0.3141073276,"offensive_value":0.2680999307,"defensive_value":0.0460073969,"count":73},"17":{"player_id":229110,"player_name":"J\u00fanior Osmar Ignacio  Alonso Mujica","vaep_value":0.1072500856,"offensive_value":0.1461444914,"defensive_value":-0.0388944058,"count":23},"18":{"player_id":245807,"player_name":"Ibrahim Amadou","vaep_value":0.9586100654,"offensive_value":0.990507973,"defensive_value":-0.0318979076,"count":52},"19":{"player_id":247671,"player_name":"J\u00fanior Osmar Ignacio  Alonso Mujica","vaep_value":1.1974790572,"offensive_value":1.2013536164,"defensive_value":-0.0038745592,"count":42},"20":{"player_id":250134,"player_name":"Fod\u00e9  Ballo Tour\u00e9","vaep_value":-0.0411152076,"offensive_value":-0.0541189233,"defensive_value":0.0130037157,"count":27},"21":{"player_id":257750,"player_name":"Ibrahim Amadou","vaep_value":0.1756750429,"offensive_value":0.1926332738,"defensive_value":-0.0169582309,"count":55},"22":{"player_id":284322,"player_name":"Ger\u00f3nimo Gast\u00f3n Poblete","vaep_value":-0.0552731464,"offensive_value":-0.0469280626,"defensive_value":-0.0083450838,"count":21},"23":{"player_id":286553,"player_name":"Ger\u00f3nimo Gast\u00f3n Poblete","vaep_value":-0.1228098762,"offensive_value":-0.039296828,"defensive_value":-0.0835130482,"count":54},"24":{"player_id":286917,"player_name":"Mathieu Dossevi","vaep_value":-0.0361034605,"offensive_value":0.0407362368,"defensive_value":-0.0768396973,"count":24},"25":{"player_id":290119,"player_name":"Ibrahim Amadou","vaep_value":0.0477440952,"offensive_value":-0.0269234353,"defensive_value":0.0746675305,"count":34},"26":{"player_id":396628,"player_name":"J\u00fanior Osmar Ignacio  Alonso Mujica","vaep_value":0.061967484,"offensive_value":0.0330764694,"defensive_value":0.0288910145,"count":19},"27":{"player_id":397033,"player_name":"Mike Maignan","vaep_value":0.0491305894,"offensive_value":0.0484112641,"defensive_value":0.0007193253,"count":19},"28":{"player_id":498357,"player_name":"Edgar Miguel I\u00e9","vaep_value":-0.1385645713,"offensive_value":-0.1305088021,"defensive_value":-0.0080557691,"count":20}}