{"0":{"player_id":0,"player_name":"Adrien Sebastian Perruchet Silva","vaep_value":0.0337588538,"offensive_value":0.0631737292,"defensive_value":-0.0294148754,"count":10},"1":{"player_id":383,"player_name":"Harry  Maguire","vaep_value":-0.1067792768,"offensive_value":-0.0642376819,"defensive_value":-0.0425415949,"count":53},"2":{"player_id":703,"player_name":"Jan Bednarek","vaep_value":0.0460777687,"offensive_value":0.0807413771,"defensive_value":-0.0346636084,"count":45},"3":{"player_id":7885,"player_name":"Harry  Maguire","vaep_value":0.1241438717,"offensive_value":0.1722160508,"defensive_value":-0.0480721792,"count":61},"4":{"player_id":7899,"player_name":"C\u00e9dric Ricardo Alves Soares","vaep_value":0.0307534058,"offensive_value":0.0026696785,"defensive_value":0.0280837272,"count":58},"5":{"player_id":8013,"player_name":"James  Ward-Prowse","vaep_value":0.101322216,"offensive_value":0.1689227428,"defensive_value":-0.0676005267,"count":88},"6":{"player_id":8066,"player_name":"Harry  Maguire","vaep_value":-0.0472651403,"offensive_value":0.0268494061,"defensive_value":-0.0741145464,"count":28},"7":{"player_id":8116,"player_name":"C\u00e9dric Ricardo Alves Soares","vaep_value":0.0092748565,"offensive_value":-0.0035951334,"defensive_value":0.01286999,"count":8},"8":{"player_id":8144,"player_name":"James  Ward-Prowse","vaep_value":-0.0917627437,"offensive_value":-0.0813400342,"defensive_value":-0.0104227095,"count":35},"9":{"player_id":8384,"player_name":"C\u00e9dric Ricardo Alves Soares","vaep_value":0.1325212932,"offensive_value":0.107988171,"defensive_value":0.0245331222,"count":29},"10":{"player_id":8580,"player_name":"Pierre-Emile H\u00f8jbjerg","vaep_value":0.0563199676,"offensive_value":0.0848236227,"defensive_value":-0.0285036551,"count":25},"11":{"player_id":8653,"player_name":"Jan Bednarek","vaep_value":0.0543489035,"offensive_value":0.111797732,"defensive_value":-0.0574488285,"count":64},"12":{"player_id":8953,"player_name":"Maya Yoshida","vaep_value":-0.0216327416,"offensive_value":0.0052013143,"defensive_value":-0.0268340559,"count":8},"13":{"player_id":12829,"player_name":"Wesley Hoedt","vaep_value":-0.0726011896,"offensive_value":-0.097043111,"defensive_value":0.0244419214,"count":17},"14":{"player_id":26150,"player_name":"Riyad Mahrez","vaep_value":-0.0378646907,"offensive_value":0.0131953099,"defensive_value":-0.0510600006,"count":77},"15":{"player_id":49859,"player_name":"Wesley Hoedt","vaep_value":0.0680028195,"offensive_value":0.0648103758,"defensive_value":0.0031924437,"count":54},"16":{"player_id":61988,"player_name":"Shane  Long","vaep_value":0.0174104947,"offensive_value":-0.0079917349,"defensive_value":0.0254022296,"count":11},"17":{"player_id":70389,"player_name":"Shane  Long","vaep_value":0.1420249976,"offensive_value":0.1045213564,"defensive_value":0.0375036412,"count":65},"18":{"player_id":70403,"player_name":"Aleksandar Dragovi\u0107","vaep_value":0.0647484733,"offensive_value":0.0573673835,"defensive_value":0.0073810898,"count":65},"19":{"player_id":135114,"player_name":"Aleksandar Dragovi\u0107","vaep_value":0.0289970085,"offensive_value":0.010293553,"defensive_value":0.0187034555,"count":67},"20":{"player_id":240032,"player_name":"Oriol Romeu Vidal","vaep_value":0.15925601,"offensive_value":0.0493090539,"defensive_value":0.109946956,"count":42},"21":{"player_id":265366,"player_name":"Marc Albrighton","vaep_value":0.1766665943,"offensive_value":0.0316867422,"defensive_value":0.1449798521,"count":76},"22":{"player_id":268776,"player_name":"Ryan Bertrand","vaep_value":-0.0160995409,"offensive_value":0.1132012176,"defensive_value":-0.1293007585,"count":61},"23":{"player_id":277002,"player_name":"Ryan Bertrand","vaep_value":0.041008014,"offensive_value":0.0183595151,"defensive_value":0.0226484989,"count":12},"24":{"player_id":283142,"player_name":"Marc Albrighton","vaep_value":0.0376054508,"offensive_value":0.0311326624,"defensive_value":0.0064727884,"count":51},"25":{"player_id":285508,"player_name":"James  Ward-Prowse","vaep_value":-0.1127481366,"offensive_value":-0.0800232197,"defensive_value":-0.0327249169,"count":40},"26":{"player_id":350976,"player_name":"Marc Albrighton","vaep_value":0.1307957449,"offensive_value":0.1328154438,"defensive_value":-0.0020196988,"count":78},"27":{"player_id":419784,"player_name":"Jamie Vardy","vaep_value":-0.0040772087,"offensive_value":0.0024956274,"defensive_value":-0.0065728361,"count":2},"28":{"player_id":448708,"player_name":"C\u00e9dric Ricardo Alves Soares","vaep_value":-0.0436213735,"offensive_value":-0.0457137995,"defensive_value":0.0020924261,"count":3}}