{"0":{"player_id":0,"player_name":"Valentino Lazaro","vaep_value":0.0073537021,"offensive_value":0.0202111995,"defensive_value":-0.0128574974,"count":5},"1":{"player_id":7904,"player_name":"Fabian Lustenberger","vaep_value":1.6800304094,"offensive_value":1.6296892504,"defensive_value":0.050341159,"count":39},"2":{"player_id":8309,"player_name":"Salif San\u00e9","vaep_value":0.0606224735,"offensive_value":0.08169171,"defensive_value":-0.0210692366,"count":44},"3":{"player_id":14705,"player_name":"Niclas F\u00fcllkrug","vaep_value":-0.3230788423,"offensive_value":-0.3318484058,"defensive_value":0.0087695635,"count":48},"4":{"player_id":14760,"player_name":"Arne Maier","vaep_value":-0.0504259946,"offensive_value":-0.0614311874,"defensive_value":0.0110051929,"count":45},"5":{"player_id":14802,"player_name":"Niclas F\u00fcllkrug","vaep_value":0.1637933592,"offensive_value":0.0766145098,"defensive_value":0.0871788494,"count":55},"6":{"player_id":14988,"player_name":"Peter Pekar\u00edk","vaep_value":-0.0166675341,"offensive_value":-0.0010661595,"defensive_value":-0.0156013747,"count":27},"7":{"player_id":15020,"player_name":"Matthias Ostrzolek","vaep_value":0.0451419998,"offensive_value":0.0071837117,"defensive_value":0.0379582881,"count":14},"8":{"player_id":15103,"player_name":"Oliver Sorg","vaep_value":0.2968447497,"offensive_value":0.1951479171,"defensive_value":0.1016968326,"count":57},"9":{"player_id":15125,"player_name":"Matthias Ostrzolek","vaep_value":0.027712553,"offensive_value":0.208680047,"defensive_value":-0.180967494,"count":63},"10":{"player_id":15276,"player_name":"Ihlas Bebou","vaep_value":-0.1697860151,"offensive_value":-0.1279833847,"defensive_value":-0.0418026304,"count":35},"11":{"player_id":15456,"player_name":"Julian Korb","vaep_value":0.2071629197,"offensive_value":0.2341906173,"defensive_value":-0.0270276977,"count":27},"12":{"player_id":15771,"player_name":"Julian Korb","vaep_value":-0.0859709047,"offensive_value":-0.0009666914,"defensive_value":-0.0850042133,"count":3},"13":{"player_id":15772,"player_name":"Felix Klaus","vaep_value":0.1167897158,"offensive_value":0.1958156875,"defensive_value":-0.0790259717,"count":67},"14":{"player_id":16010,"player_name":"Matthias Ostrzolek","vaep_value":0.0833225822,"offensive_value":0.0360905927,"defensive_value":0.0472319894,"count":46},"15":{"player_id":16884,"player_name":"Niclas F\u00fcllkrug","vaep_value":0.2548021887,"offensive_value":0.1676826061,"defensive_value":0.0871195826,"count":70},"16":{"player_id":26115,"player_name":"Felix Klaus","vaep_value":0.0342574699,"offensive_value":0.0821628406,"defensive_value":-0.0479053707,"count":79},"17":{"player_id":32959,"player_name":"Felix Klaus","vaep_value":0.46989358,"offensive_value":0.2995040254,"defensive_value":0.1703895546,"count":49},"18":{"player_id":54579,"player_name":"Davie Selke","vaep_value":0.0554253928,"offensive_value":0.203853721,"defensive_value":-0.1484283282,"count":47},"19":{"player_id":134399,"player_name":"Marvin Bakalorz","vaep_value":0.0085275975,"offensive_value":0.0354062768,"defensive_value":-0.0268786793,"count":32},"20":{"player_id":165431,"player_name":"Marvin Bakalorz","vaep_value":0.0393174214,"offensive_value":0.0360766165,"defensive_value":0.0032408049,"count":4},"21":{"player_id":173212,"player_name":"Karim Rekik","vaep_value":-0.0200795652,"offensive_value":0.0431433315,"defensive_value":-0.0632228967,"count":39},"22":{"player_id":208089,"player_name":"Valentino Lazaro","vaep_value":0.3621247563,"offensive_value":0.3141548306,"defensive_value":0.0479699257,"count":49},"23":{"player_id":208652,"player_name":"Valentino Lazaro","vaep_value":0.1220864628,"offensive_value":0.1416173351,"defensive_value":-0.0195308723,"count":48},"24":{"player_id":224801,"player_name":"Valentino Lazaro","vaep_value":1.026738193,"offensive_value":0.9756963102,"defensive_value":0.0510418828,"count":48},"25":{"player_id":272434,"player_name":"Salomon Armand Magloire Kalou","vaep_value":0.1611662961,"offensive_value":0.1178770202,"defensive_value":0.043289276,"count":85},"26":{"player_id":272436,"player_name":"Valentino Lazaro","vaep_value":-0.1042561308,"offensive_value":-0.1332861937,"defensive_value":0.029030063,"count":25},"27":{"player_id":275121,"player_name":"Salomon Armand Magloire Kalou","vaep_value":0.8846937725,"offensive_value":0.9888903142,"defensive_value":-0.1041965417,"count":13},"28":{"player_id":425926,"player_name":"Matthias Ostrzolek","vaep_value":0.0399881282,"offensive_value":-0.0501289987,"defensive_value":0.0901171269,"count":50}}