{"0":{"player_id":0,"player_name":"Francesco Magnanelli","vaep_value":0.0537656965,"offensive_value":0.0602923706,"defensive_value":-0.0065266741,"count":13},"1":{"player_id":174,"player_name":"Francesco Acerbi","vaep_value":0.2845123796,"offensive_value":0.2474359663,"defensive_value":0.0370764133,"count":78},"2":{"player_id":3710,"player_name":"Alin Dorinel To\u0219ca","vaep_value":0.0438518664,"offensive_value":-0.0041598162,"defensive_value":0.0480116826,"count":24},"3":{"player_id":7858,"player_name":"Khouma El Hadji Babacar","vaep_value":0.2814099997,"offensive_value":0.3011209726,"defensive_value":-0.0197109729,"count":106},"4":{"player_id":8291,"player_name":"Gaetano Letizia","vaep_value":0.0875246004,"offensive_value":0.0939068421,"defensive_value":-0.0063822416,"count":106},"5":{"player_id":20632,"player_name":"Claud Adjapong","vaep_value":0.1511818977,"offensive_value":0.1076778655,"defensive_value":0.0435040322,"count":45},"6":{"player_id":20635,"player_name":"Matteo Politano","vaep_value":0.2583295263,"offensive_value":0.1191752984,"defensive_value":0.1391542279,"count":65},"7":{"player_id":20771,"player_name":"Francesco Acerbi","vaep_value":0.0223695254,"offensive_value":0.0425963332,"defensive_value":-0.0202268078,"count":6},"8":{"player_id":20832,"player_name":"Rog\u00e9rio Oliveira da Silva","vaep_value":0.0999242833,"offensive_value":0.0571581036,"defensive_value":0.0427661798,"count":17},"9":{"player_id":20842,"player_name":"Simone Missiroli","vaep_value":0.1325847942,"offensive_value":0.0980487056,"defensive_value":0.0345360886,"count":31},"10":{"player_id":22135,"player_name":"Rog\u00e9rio Oliveira da Silva","vaep_value":0.041458669,"offensive_value":-0.0387633361,"defensive_value":0.0802220051,"count":47},"11":{"player_id":22162,"player_name":"Guilherme Costa Marques","vaep_value":-0.0199748644,"offensive_value":0.1819089136,"defensive_value":-0.201883778,"count":42},"12":{"player_id":22163,"player_name":"Guilherme Costa Marques","vaep_value":0.1266295448,"offensive_value":0.0959011073,"defensive_value":0.0307284375,"count":48},"13":{"player_id":24838,"player_name":"Bacary Sagna","vaep_value":0.085096046,"offensive_value":0.0084943324,"defensive_value":0.0766017135,"count":59},"14":{"player_id":25601,"player_name":"Francesco Acerbi","vaep_value":1.444787515,"offensive_value":1.4878686328,"defensive_value":-0.0430811178,"count":18},"15":{"player_id":50007,"player_name":"Claud Adjapong","vaep_value":0.4273770858,"offensive_value":0.202384232,"defensive_value":0.2249928538,"count":84},"16":{"player_id":70834,"player_name":"Francesco Cassata","vaep_value":0.0159099575,"offensive_value":0.0126434048,"defensive_value":0.0032665527,"count":13},"17":{"player_id":85113,"player_name":"Berat  Djimsiti","vaep_value":0.2348986091,"offensive_value":0.262225878,"defensive_value":-0.0273272689,"count":83},"18":{"player_id":208696,"player_name":"Francesco Cassata","vaep_value":1.7793071022,"offensive_value":1.7890740826,"defensive_value":-0.0097669804,"count":62},"19":{"player_id":209400,"player_name":"Alin Dorinel To\u0219ca","vaep_value":0.1133165989,"offensive_value":0.1163463459,"defensive_value":-0.0030297471,"count":13},"20":{"player_id":239295,"player_name":"Gaetano Letizia","vaep_value":0.0381513672,"offensive_value":0.0272095363,"defensive_value":0.0109418308,"count":15},"21":{"player_id":256478,"player_name":"Alin Dorinel To\u0219ca","vaep_value":0.4754024317,"offensive_value":0.5480275793,"defensive_value":-0.0726251476,"count":97},"22":{"player_id":267185,"player_name":"Christian Puggioni","vaep_value":0.1095700781,"offensive_value":0.1172493747,"defensive_value":-0.0076792966,"count":56},"23":{"player_id":284960,"player_name":"Danilo Cataldi","vaep_value":0.0145653874,"offensive_value":0.012281626,"defensive_value":0.0022837614,"count":5},"24":{"player_id":292310,"player_name":"Sandro  Ranieri Guimar\u00e3es Cordeiro","vaep_value":-0.0027231337,"offensive_value":-0.0001289571,"defensive_value":-0.0025941766,"count":20},"25":{"player_id":302798,"player_name":"Francesco Magnanelli","vaep_value":0.1849774449,"offensive_value":0.1783204555,"defensive_value":0.0066569894,"count":39},"26":{"player_id":403449,"player_name":"Claud Adjapong","vaep_value":0.1570508546,"offensive_value":0.1233763816,"defensive_value":0.0336744731,"count":64},"27":{"player_id":417231,"player_name":"Claud Adjapong","vaep_value":0.2840103022,"offensive_value":0.1893148029,"defensive_value":0.0946954993,"count":54},"28":{"player_id":454457,"player_name":"Danilo Cataldi","vaep_value":-0.0738223662,"offensive_value":-0.1027450874,"defensive_value":0.0289227212,"count":37}}