{"0":{"player_id":0,"player_name":"Manolo Gabbiadini","vaep_value":0.0295875381,"offensive_value":0.0327329114,"defensive_value":-0.0031453733,"count":2},"1":{"player_id":383,"player_name":"Jack Stephens","vaep_value":-0.1210453813,"offensive_value":-0.0430695507,"defensive_value":-0.0779758306,"count":55},"2":{"player_id":7885,"player_name":"Cheikhou Kouyat\u00e9","vaep_value":0.0878257424,"offensive_value":0.1568442236,"defensive_value":-0.0690184812,"count":71},"3":{"player_id":8116,"player_name":"Michail Antonio","vaep_value":-0.1634371077,"offensive_value":-0.0481405277,"defensive_value":-0.11529658,"count":35},"4":{"player_id":8136,"player_name":"Marko Arnautovi\u0107","vaep_value":0.252655759,"offensive_value":0.1245710375,"defensive_value":0.1280847215,"count":58},"5":{"player_id":8301,"player_name":"Jo\u00e3o M\u00e1rio Naval da Costa Eduardo ","vaep_value":0.185609315,"offensive_value":0.2346660299,"defensive_value":-0.0490567149,"count":27},"6":{"player_id":8313,"player_name":"Pierre-Emile H\u00f8jbjerg","vaep_value":0.1030617155,"offensive_value":0.1822173675,"defensive_value":-0.079155652,"count":51},"7":{"player_id":8384,"player_name":"Marko Arnautovi\u0107","vaep_value":0.0327022152,"offensive_value":0.047547868,"defensive_value":-0.0148456527,"count":23},"8":{"player_id":8561,"player_name":"Ryan Bertrand","vaep_value":0.3995335938,"offensive_value":0.3677936824,"defensive_value":0.0317399114,"count":68},"9":{"player_id":8580,"player_name":"Marko Arnautovi\u0107","vaep_value":-0.0017073672,"offensive_value":0.0492470284,"defensive_value":-0.0509543957,"count":22},"10":{"player_id":8582,"player_name":"Cheikhou Kouyat\u00e9","vaep_value":0.1915279205,"offensive_value":0.1171561853,"defensive_value":0.0743717352,"count":76},"11":{"player_id":8677,"player_name":"Wesley Hoedt","vaep_value":0.0920231239,"offensive_value":0.0976711181,"defensive_value":-0.0056479942,"count":9},"12":{"player_id":8953,"player_name":"Mark Noble","vaep_value":-0.0661496206,"offensive_value":-0.1042553647,"defensive_value":0.0381057442,"count":25},"13":{"player_id":14703,"player_name":"Mark Noble","vaep_value":1.5148481686,"offensive_value":1.5246844869,"defensive_value":-0.0098363183,"count":35},"14":{"player_id":20857,"player_name":"Wesley Hoedt","vaep_value":0.0177974354,"offensive_value":0.0219021556,"defensive_value":-0.0041047202,"count":11},"15":{"player_id":21100,"player_name":"Angelo Obinze Ogbonna","vaep_value":-0.0655265555,"offensive_value":0.0730283281,"defensive_value":-0.1385548837,"count":36},"16":{"player_id":26499,"player_name":"Angelo Obinze Ogbonna","vaep_value":0.1576284651,"offensive_value":0.1411619331,"defensive_value":0.016466532,"count":65},"17":{"player_id":29640,"player_name":"Mark Noble","vaep_value":0.1284953389,"offensive_value":0.0630099988,"defensive_value":0.0654853401,"count":76},"18":{"player_id":37725,"player_name":"Jack Stephens","vaep_value":0.1472630004,"offensive_value":0.1043542305,"defensive_value":0.0429087699,"count":41},"19":{"player_id":70389,"player_name":"C\u00e9dric Ricardo Alves Soares","vaep_value":0.1051322056,"offensive_value":0.0762338031,"defensive_value":0.0288984025,"count":55},"20":{"player_id":70965,"player_name":"Mario Lemina","vaep_value":1.0459961653,"offensive_value":1.0058273189,"defensive_value":0.0401688464,"count":53},"21":{"player_id":135114,"player_name":"Pierre-Emile H\u00f8jbjerg","vaep_value":0.1074877069,"offensive_value":0.1059492606,"defensive_value":0.0015384463,"count":88},"22":{"player_id":215983,"player_name":"Wesley Hoedt","vaep_value":-0.0116797172,"offensive_value":0.0393112853,"defensive_value":-0.0509910025,"count":19},"23":{"player_id":265318,"player_name":"Ryan Bertrand","vaep_value":-0.0001047673,"offensive_value":0.0147403388,"defensive_value":-0.0148451061,"count":29},"24":{"player_id":268776,"player_name":"Declan Rice","vaep_value":0.1020409963,"offensive_value":0.077300917,"defensive_value":0.0247400793,"count":52},"25":{"player_id":280157,"player_name":"Michail Antonio","vaep_value":-0.0615542555,"offensive_value":-0.0434149152,"defensive_value":-0.0181393403,"count":6},"26":{"player_id":365707,"player_name":"Jack Stephens","vaep_value":0.0065667171,"offensive_value":0.0062111253,"defensive_value":0.0003555918,"count":1},"27":{"player_id":379209,"player_name":"Jack Stephens","vaep_value":0.2086067973,"offensive_value":0.1029633082,"defensive_value":0.105643489,"count":49}}